review_id,customer_id,product_id,product_name,rating,review_text,review_date
R000001,C00059,P023,Calm Cream 23,3,Fine overall with a few small drawbacks.,2025-02-16
R000002,C00838,P007,Calm Cream 07,4,Good value and I use it often.,2025-01-01
R000003,C00314,P026,Pure Band 26,4,Easy to use and feels well made. Packaging was simple.,2025-03-13
R000004,C00670,P002,Pure Band 02,2,The quality felt inconsistent. The product looked slightly different online.,2025-06-08
R000005,C00589,P010,Pure Band 10,3,"Useful, but I am not sure I would buy it again.",2025-02-18
R000006,C00379,P028,Essential Bag 28,3,"Useful, but I am not sure I would buy it again. The product looked slightly different online.",2025-07-16
R000007,C00293,P022,Active Mat 22,3,"Useful, but I am not sure I would buy it again.",2025-05-31
R000008,C00608,P018,Pure Band 18,4,Good value and I use it often.,2025-01-04
R000009,C00409,P026,Pure Band 26,3,"Useful, but I am not sure I would buy it again.",2025-05-24
R000010,C00252,P009,Daily Lamp 09,4,Nice design and works reliably.,2025-10-30
R000011,C00302,P020,Essential Bag 20,3,Works as expected but could be improved.,2025-03-21
R000012,C00983,P012,Essential Bag 12,4,Good value and I use it often. Delivery took a little longer than expected.,2025-05-23
R000013,C00434,P004,Essential Bag 04,5,Nice design and works reliably.,2025-02-16
R000014,C00278,P024,Modern Serum 24,5,Very happy with the purchase.,2025-08-31
R000015,C00359,P001,Daily Lamp 01,4,Nice design and works reliably.,2025-10-13
R000016,C00257,P030,Active Mat 30,5,Nice design and works reliably.,2025-11-29
R000017,C00045,P019,Urban Bottle 19,3,Works as expected but could be improved.,2025-08-14
R000018,C00957,P015,Calm Cream 15,3,Pretty average for the price.,2025-02-27
R000019,C00056,P020,Essential Bag 20,3,Pretty average for the price.,2025-09-06
R000020,C00075,P021,Bright Organizer 21,4,Nice design and works reliably.,2025-09-01
R000021,C00314,P029,Bright Organizer 29,4,Very happy with the purchase. I bought it after seeing an ad.,2025-03-09
R000022,C00667,P016,Modern Serum 16,3,Works as expected but could be improved.,2025-09-05
R000023,C00069,P018,Pure Band 18,3,Pretty average for the price.,2025-09-02
R000024,C00222,P027,Urban Bottle 27,4,Good value and I use it often.,2025-07-16
R000025,C00801,P014,Active Mat 14,5,Very happy with the purchase.,2025-09-03
R000026,C00742,P011,Urban Bottle 11,4,Better than I expected overall.,2025-02-13
R000027,C00062,P007,Calm Cream 07,3,Pretty average for the price. A friend recommended it.,2025-03-19
R000028,C00341,P007,Calm Cream 07,3,Pretty average for the price.,2025-07-28
R000029,C00574,P021,Bright Organizer 21,5,Better than I expected overall.,2025-01-05
R000030,C00710,P009,Daily Lamp 09,5,Better than I expected overall.,2025-07-07
R000031,C00876,P003,Urban Bottle 03,4,Better than I expected overall.,2025-02-27
R000032,C00596,P011,Urban Bottle 11,3,Works as expected but could be improved.,2025-04-21
R000033,C00541,P005,Bright Organizer 05,3,"Useful, but I am not sure I would buy it again.",2025-06-28
R000034,C00314,P012,Essential Bag 12,4,Very happy with the purchase.,2025-03-12
R000035,C00413,P013,Bright Organizer 13,5,Better than I expected overall.,2025-04-20
R000036,C00990,P009,Daily Lamp 09,3,"Useful, but I am not sure I would buy it again.",2025-07-30
R000037,C00598,P007,Calm Cream 07,5,Nice design and works reliably.,2025-06-06
R000038,C00710,P017,Daily Lamp 17,3,Pretty average for the price.,2025-08-31
R000039,C00800,P006,Active Mat 06,5,Very happy with the purchase. The product looked slightly different online.,2025-12-10
R000040,C00498,P004,Essential Bag 04,2,Not a great fit for what I needed.,2025-07-07
R000041,C00407,P023,Calm Cream 23,5,Better than I expected overall.,2025-03-15
R000042,C00408,P024,Modern Serum 24,2,I expected more for the price.,2025-04-21
R000043,C00912,P021,Bright Organizer 21,2,I expected more for the price.,2025-09-26
R000044,C00502,P025,Daily Lamp 25,4,Easy to use and feels well made.,2025-10-09
R000045,C00211,P022,Active Mat 22,4,Easy to use and feels well made.,2025-08-11
R000046,C00179,P002,Pure Band 02,2,Did not quite meet my expectations. Delivery took a little longer than expected.,2025-11-23
R000047,C00877,P027,Urban Bottle 27,3,"It does the job, though nothing stood out. Shipping was quick.",2025-11-13
R000048,C00816,P024,Modern Serum 24,4,Better than I expected overall. A friend recommended it.,2025-05-23
R000049,C00139,P009,Daily Lamp 09,4,Easy to use and feels well made.,2025-06-02
R000050,C00234,P014,Active Mat 14,3,"Useful, but I am not sure I would buy it again.",2025-03-08
R000051,C00310,P005,Bright Organizer 05,4,Very happy with the purchase.,2025-06-05
R000052,C00703,P020,Essential Bag 20,4,Better than I expected overall.,2025-01-11
R000053,C00064,P017,Daily Lamp 17,4,Nice design and works reliably.,2025-04-14
R000054,C00177,P021,Bright Organizer 21,3,Pretty average for the price.,2025-05-27
R000055,C00924,P010,Pure Band 10,4,Good value and I use it often. Shipping was quick.,2025-06-22
R000056,C00967,P026,Pure Band 26,4,Easy to use and feels well made.,2025-09-30
R000057,C00459,P025,Daily Lamp 25,3,"It does the job, though nothing stood out.",2025-11-04
R000058,C00825,P003,Urban Bottle 03,4,Easy to use and feels well made.,2025-10-21
R000059,C00860,P027,Urban Bottle 27,4,Better than I expected overall.,2025-05-24
R000060,C00658,P002,Pure Band 02,3,"Useful, but I am not sure I would buy it again.",2025-02-14
R000061,C00530,P028,Essential Bag 28,4,Easy to use and feels well made.,2025-09-17
R000062,C00786,P023,Calm Cream 23,4,Good value and I use it often.,2025-11-30
R000063,C00168,P010,Pure Band 10,5,Better than I expected overall. The product looked slightly different online.,2025-09-17
R000064,C00580,P010,Pure Band 10,3,"Useful, but I am not sure I would buy it again.",2025-07-26
R000065,C00195,P027,Urban Bottle 27,3,"Useful, but I am not sure I would buy it again.",2025-04-28
R000066,C00578,P014,Active Mat 14,5,Good value and I use it often.,2025-11-17
R000067,C00422,P015,Calm Cream 15,2,The quality felt inconsistent. Packaging was simple.,2025-03-01
R000068,C00868,P027,Urban Bottle 27,2,I probably would not purchase this again. Delivery took a little longer than expected.,2025-07-13
R000069,C00458,P016,Modern Serum 16,1,I probably would not purchase this again.,2025-02-01
R000070,C00510,P020,Essential Bag 20,3,Pretty average for the price. Shipping was quick.,2025-06-08
R000071,C00352,P028,Essential Bag 28,3,Pretty average for the price.,2025-03-10
R000072,C00035,P017,Daily Lamp 17,3,Works as expected but could be improved. A friend recommended it.,2025-04-28
R000073,C00733,P012,Essential Bag 12,2,The quality felt inconsistent. Packaging was simple.,2025-11-23
R000074,C00294,P020,Essential Bag 20,3,Works as expected but could be improved.,2025-11-10
R000075,C00879,P012,Essential Bag 12,4,Nice design and works reliably.,2025-12-10
R000076,C00612,P017,Daily Lamp 17,4,Easy to use and feels well made.,2025-09-10
R000077,C00108,P016,Modern Serum 16,3,Fine overall with a few small drawbacks. A friend recommended it.,2025-04-27
R000078,C00895,P030,Active Mat 30,5,Easy to use and feels well made.,2025-04-01
R000079,C00447,P007,Calm Cream 07,2,Did not quite meet my expectations.,2025-06-06
R000080,C00559,P026,Pure Band 26,4,Very happy with the purchase.,2025-06-13
R000081,C00025,P014,Active Mat 14,5,Easy to use and feels well made. Shipping was quick.,2025-08-02
R000082,C00329,P015,Calm Cream 15,2,I probably would not purchase this again.,2025-12-11
R000083,C00891,P012,Essential Bag 12,3,"Useful, but I am not sure I would buy it again.",2025-03-13
R000084,C00484,P024,Modern Serum 24,2,Not a great fit for what I needed. Delivery took a little longer than expected.,2025-02-14
R000085,C00068,P027,Urban Bottle 27,3,Fine overall with a few small drawbacks.,2025-11-17
R000086,C00336,P003,Urban Bottle 03,5,Better than I expected overall.,2025-12-16
R000087,C00039,P001,Daily Lamp 01,3,"Useful, but I am not sure I would buy it again. The product looked slightly different online.",2025-08-31
R000088,C00238,P009,Daily Lamp 09,5,Easy to use and feels well made. I bought it after seeing an ad.,2025-04-09
R000089,C00380,P001,Daily Lamp 01,4,Better than I expected overall.,2025-07-25
R000090,C00883,P026,Pure Band 26,4,Nice design and works reliably.,2025-06-17
R000091,C00156,P029,Bright Organizer 29,5,Better than I expected overall.,2025-01-07
R000092,C00955,P017,Daily Lamp 17,4,Better than I expected overall.,2025-08-10
R000093,C00919,P027,Urban Bottle 27,3,Works as expected but could be improved.,2025-09-24
R000094,C00368,P028,Essential Bag 28,4,Good value and I use it often.,2025-03-12
R000095,C00170,P009,Daily Lamp 09,3,Fine overall with a few small drawbacks. A friend recommended it.,2025-09-04
R000096,C00896,P005,Bright Organizer 05,5,Very happy with the purchase.,2025-11-30
R000097,C00170,P010,Pure Band 10,3,"It does the job, though nothing stood out.",2025-11-16
R000098,C00283,P022,Active Mat 22,4,Nice design and works reliably.,2025-01-17
R000099,C00967,P027,Urban Bottle 27,3,"It does the job, though nothing stood out.",2025-05-20
R000100,C00612,P009,Daily Lamp 09,3,"It does the job, though nothing stood out.",2025-12-24
R000101,C00073,P029,Bright Organizer 29,5,Easy to use and feels well made. Shipping was quick.,2025-03-19
R000102,C00872,P013,Bright Organizer 13,4,Very happy with the purchase. Delivery took a little longer than expected.,2025-03-16
R000103,C00049,P023,Calm Cream 23,4,Very happy with the purchase.,2025-07-10
R000104,C00672,P001,Daily Lamp 01,3,Fine overall with a few small drawbacks.,2025-12-26
R000105,C00672,P025,Daily Lamp 25,4,Very happy with the purchase.,2025-12-13
R000106,C00868,P025,Daily Lamp 25,3,"Useful, but I am not sure I would buy it again.",2025-01-20
R000107,C00178,P003,Urban Bottle 03,2,Did not quite meet my expectations.,2025-06-18
R000108,C00651,P017,Daily Lamp 17,4,Better than I expected overall.,2025-09-04
R000109,C00372,P027,Urban Bottle 27,3,Works as expected but could be improved.,2025-09-06
R000110,C00637,P028,Essential Bag 28,3,"Useful, but I am not sure I would buy it again.",2025-10-31
R000111,C00131,P021,Bright Organizer 21,5,Easy to use and feels well made.,2025-02-20
R000112,C00021,P017,Daily Lamp 17,3,"Useful, but I am not sure I would buy it again.",2025-07-28
R000113,C00329,P001,Daily Lamp 01,4,Very happy with the purchase.,2025-10-19
R000114,C00004,P011,Urban Bottle 11,3,"Useful, but I am not sure I would buy it again.",2025-10-05
R000115,C00411,P006,Active Mat 06,4,Good value and I use it often.,2025-05-23
R000116,C00820,P003,Urban Bottle 03,4,Good value and I use it often.,2025-12-22
R000117,C00315,P025,Daily Lamp 25,2,Did not quite meet my expectations.,2025-04-14
R000118,C00482,P020,Essential Bag 20,4,Good value and I use it often.,2025-09-27
R000119,C00613,P028,Essential Bag 28,3,"Useful, but I am not sure I would buy it again. Delivery took a little longer than expected.",2025-09-09
R000120,C00413,P007,Calm Cream 07,3,"Useful, but I am not sure I would buy it again.",2025-12-21
R000121,C00563,P030,Active Mat 30,3,"Useful, but I am not sure I would buy it again. The product looked slightly different online.",2025-08-24
R000122,C00097,P001,Daily Lamp 01,3,Fine overall with a few small drawbacks.,2025-07-25
R000123,C00069,P013,Bright Organizer 13,3,Fine overall with a few small drawbacks. Packaging was simple.,2025-08-09
R000124,C00556,P014,Active Mat 14,4,Better than I expected overall. Packaging was simple.,2025-03-09
R000125,C00696,P009,Daily Lamp 09,4,Better than I expected overall.,2025-01-25
R000126,C00294,P002,Pure Band 02,4,Very happy with the purchase. Shipping was quick.,2025-05-08
R000127,C00385,P001,Daily Lamp 01,2,I expected more for the price.,2025-03-14
R000128,C00230,P029,Bright Organizer 29,5,Very happy with the purchase.,2025-06-07
R000129,C00355,P013,Bright Organizer 13,4,Very happy with the purchase. Packaging was simple.,2025-09-21
R000130,C00980,P029,Bright Organizer 29,3,"It does the job, though nothing stood out.",2025-09-05
R000131,C00878,P030,Active Mat 30,4,Very happy with the purchase.,2025-08-10
R000132,C00599,P016,Modern Serum 16,4,Very happy with the purchase.,2025-08-07
R000133,C00135,P026,Pure Band 26,4,Nice design and works reliably.,2025-06-22
R000134,C00523,P004,Essential Bag 04,3,"It does the job, though nothing stood out.",2025-07-18
R000135,C00346,P029,Bright Organizer 29,5,Very happy with the purchase.,2025-04-08
R000136,C00839,P029,Bright Organizer 29,3,Pretty average for the price. Delivery took a little longer than expected.,2025-09-22
R000137,C00700,P029,Bright Organizer 29,2,Did not quite meet my expectations. A friend recommended it.,2025-12-29
R000138,C00261,P029,Bright Organizer 29,4,Very happy with the purchase.,2025-10-08
R000139,C00178,P017,Daily Lamp 17,4,Good value and I use it often. Delivery took a little longer than expected.,2025-04-06
R000140,C00822,P018,Pure Band 18,4,Very happy with the purchase.,2025-08-23
R000141,C00813,P003,Urban Bottle 03,4,Better than I expected overall.,2025-05-04
R000142,C00203,P011,Urban Bottle 11,4,Better than I expected overall.,2025-08-18
R000143,C00713,P009,Daily Lamp 09,2,Not a great fit for what I needed. The product looked slightly different online.,2025-07-19
R000144,C00292,P014,Active Mat 14,4,Better than I expected overall.,2025-02-23
R000145,C00233,P020,Essential Bag 20,3,Pretty average for the price. A friend recommended it.,2025-11-09
R000146,C00173,P008,Modern Serum 08,5,Better than I expected overall.,2025-01-03
R000147,C00258,P014,Active Mat 14,3,Fine overall with a few small drawbacks.,2025-03-16
R000148,C00733,P024,Modern Serum 24,3,"It does the job, though nothing stood out.",2025-07-12
R000149,C00222,P009,Daily Lamp 09,3,Pretty average for the price.,2025-06-12
R000150,C00663,P029,Bright Organizer 29,4,Good value and I use it often.,2025-06-24
R000151,C00734,P015,Calm Cream 15,3,Fine overall with a few small drawbacks.,2025-04-26
R000152,C00990,P002,Pure Band 02,1,I expected more for the price.,2025-01-06
R000153,C00396,P005,Bright Organizer 05,4,Better than I expected overall.,2025-01-26
R000154,C00079,P024,Modern Serum 24,3,Pretty average for the price.,2025-03-13
R000155,C00658,P029,Bright Organizer 29,3,"It does the job, though nothing stood out.",2025-03-29
R000156,C00341,P015,Calm Cream 15,4,Easy to use and feels well made.,2025-01-15
R000157,C00879,P024,Modern Serum 24,3,"Useful, but I am not sure I would buy it again.",2025-05-08
R000158,C00934,P017,Daily Lamp 17,4,Better than I expected overall.,2025-12-03
R000159,C00896,P010,Pure Band 10,3,Pretty average for the price.,2025-02-14
R000160,C00617,P003,Urban Bottle 03,4,Very happy with the purchase.,2025-05-30
R000161,C00350,P002,Pure Band 02,4,Nice design and works reliably. Packaging was simple.,2025-07-28
R000162,C00504,P027,Urban Bottle 27,4,Nice design and works reliably. The product looked slightly different online.,2025-05-22
R000163,C00328,P012,Essential Bag 12,2,Not a great fit for what I needed.,2025-01-08
R000164,C00900,P022,Active Mat 22,5,Easy to use and feels well made. Packaging was simple.,2025-11-26
R000165,C00118,P025,Daily Lamp 25,3,"Useful, but I am not sure I would buy it again.",2025-10-25
R000166,C00389,P026,Pure Band 26,3,"Useful, but I am not sure I would buy it again. A friend recommended it.",2025-05-02
R000167,C00082,P004,Essential Bag 04,3,"It does the job, though nothing stood out. Packaging was simple.",2025-04-08
R000168,C00403,P006,Active Mat 06,5,Good value and I use it often. Shipping was quick.,2025-11-01
R000169,C00444,P028,Essential Bag 28,5,Good value and I use it often.,2025-06-27
R000170,C00880,P024,Modern Serum 24,3,Works as expected but could be improved.,2025-01-04
R000171,C00396,P007,Calm Cream 07,4,Very happy with the purchase.,2025-09-29
R000172,C00596,P020,Essential Bag 20,4,Easy to use and feels well made.,2025-08-05
R000173,C00695,P026,Pure Band 26,3,"Useful, but I am not sure I would buy it again.",2025-10-10
R000174,C00584,P002,Pure Band 02,2,I probably would not purchase this again.,2025-10-09
R000175,C00983,P029,Bright Organizer 29,5,Good value and I use it often.,2025-03-06
R000176,C00013,P017,Daily Lamp 17,4,Nice design and works reliably.,2025-03-31
R000177,C00994,P013,Bright Organizer 13,3,Pretty average for the price.,2025-04-13
R000178,C00383,P012,Essential Bag 12,3,"Useful, but I am not sure I would buy it again.",2025-07-16
R000179,C00185,P001,Daily Lamp 01,2,The quality felt inconsistent.,2025-06-17
R000180,C00910,P010,Pure Band 10,3,"Useful, but I am not sure I would buy it again.",2025-11-26
R000181,C00989,P010,Pure Band 10,4,Nice design and works reliably.,2025-07-15
R000182,C00687,P019,Urban Bottle 19,4,Very happy with the purchase.,2025-11-16
R000183,C00820,P022,Active Mat 22,4,Easy to use and feels well made.,2025-07-02
R000184,C00815,P011,Urban Bottle 11,3,Works as expected but could be improved. I bought it after seeing an ad.,2025-06-02
R000185,C00298,P004,Essential Bag 04,4,Better than I expected overall. A friend recommended it.,2025-09-27
R000186,C00226,P020,Essential Bag 20,3,Works as expected but could be improved.,2025-05-21
R000187,C00523,P029,Bright Organizer 29,4,Good value and I use it often.,2025-06-23
R000188,C00145,P008,Modern Serum 08,4,Very happy with the purchase.,2025-12-30
R000189,C00846,P025,Daily Lamp 25,3,"Useful, but I am not sure I would buy it again.",2025-01-05
R000190,C00263,P005,Bright Organizer 05,3,Works as expected but could be improved.,2025-02-11
R000191,C00203,P022,Active Mat 22,4,Easy to use and feels well made.,2025-03-23
R000192,C00906,P029,Bright Organizer 29,5,Better than I expected overall.,2025-08-26
R000193,C00813,P011,Urban Bottle 11,4,Easy to use and feels well made. Delivery took a little longer than expected.,2025-05-17
R000194,C00980,P014,Active Mat 14,2,I probably would not purchase this again.,2025-05-29
R000195,C00049,P005,Bright Organizer 05,3,"Useful, but I am not sure I would buy it again.",2025-11-26
R000196,C00643,P005,Bright Organizer 05,4,Better than I expected overall.,2025-01-31
R000197,C00420,P014,Active Mat 14,4,Good value and I use it often. Shipping was quick.,2025-08-02
R000198,C00386,P010,Pure Band 10,3,Works as expected but could be improved.,2025-10-31
R000199,C00495,P008,Modern Serum 08,4,Easy to use and feels well made.,2025-09-10
R000200,C00632,P014,Active Mat 14,4,Good value and I use it often.,2025-03-22
R000201,C00834,P029,Bright Organizer 29,3,Works as expected but could be improved. A friend recommended it.,2025-12-17
R000202,C00446,P013,Bright Organizer 13,4,Good value and I use it often.,2025-06-13
R000203,C00576,P030,Active Mat 30,5,Very happy with the purchase.,2025-04-25
R000204,C00838,P021,Bright Organizer 21,4,Easy to use and feels well made.,2025-04-16
R000205,C00911,P002,Pure Band 02,4,Good value and I use it often.,2025-12-04
R000206,C00843,P020,Essential Bag 20,3,Fine overall with a few small drawbacks.,2025-08-29
R000207,C00619,P025,Daily Lamp 25,2,Not a great fit for what I needed. Delivery took a little longer than expected.,2025-07-31
R000208,C00975,P004,Essential Bag 04,3,Works as expected but could be improved.,2025-09-21
R000209,C00113,P010,Pure Band 10,4,Easy to use and feels well made.,2025-07-08
R000210,C00930,P017,Daily Lamp 17,4,Very happy with the purchase. The product looked slightly different online.,2025-08-10
R000211,C00524,P015,Calm Cream 15,5,Nice design and works reliably.,2025-06-11
R000212,C00500,P006,Active Mat 06,3,Works as expected but could be improved.,2025-07-11
R000213,C00804,P025,Daily Lamp 25,4,Good value and I use it often.,2025-07-30
R000214,C00380,P028,Essential Bag 28,2,Not a great fit for what I needed.,2025-06-29
R000215,C00785,P013,Bright Organizer 13,5,Better than I expected overall. Packaging was simple.,2025-01-25
R000216,C00338,P023,Calm Cream 23,3,Pretty average for the price.,2025-11-29
R000217,C00159,P016,Modern Serum 16,4,Easy to use and feels well made.,2025-09-18
R000218,C00725,P012,Essential Bag 12,4,Nice design and works reliably.,2025-07-19
R000219,C00645,P015,Calm Cream 15,3,Fine overall with a few small drawbacks.,2025-03-05
R000220,C00650,P023,Calm Cream 23,5,Very happy with the purchase. A friend recommended it.,2025-07-06
R000221,C00945,P019,Urban Bottle 19,4,Very happy with the purchase. Shipping was quick.,2025-08-28
R000222,C00816,P025,Daily Lamp 25,3,Fine overall with a few small drawbacks.,2025-01-10
R000223,C00790,P023,Calm Cream 23,4,Nice design and works reliably.,2025-02-18
R000224,C00073,P030,Active Mat 30,4,Better than I expected overall.,2025-06-15
R000225,C00481,P019,Urban Bottle 19,5,Good value and I use it often.,2025-03-13
R000226,C00645,P002,Pure Band 02,2,Did not quite meet my expectations. The product looked slightly different online.,2025-12-20
R000227,C00951,P030,Active Mat 30,4,Nice design and works reliably.,2025-07-25
R000228,C00897,P013,Bright Organizer 13,5,Better than I expected overall.,2025-10-23
R000229,C00466,P020,Essential Bag 20,3,"It does the job, though nothing stood out.",2025-08-27
R000230,C00040,P006,Active Mat 06,5,Good value and I use it often.,2025-10-14
R000231,C00242,P012,Essential Bag 12,3,"It does the job, though nothing stood out.",2025-12-05
R000232,C00104,P022,Active Mat 22,2,Not a great fit for what I needed. Shipping was quick.,2025-09-03
R000233,C00537,P012,Essential Bag 12,4,Very happy with the purchase.,2025-10-22
R000234,C00565,P022,Active Mat 22,3,Fine overall with a few small drawbacks.,2025-01-29
R000235,C00604,P004,Essential Bag 04,4,Nice design and works reliably.,2025-08-26
R000236,C00819,P011,Urban Bottle 11,3,Pretty average for the price.,2025-03-31
R000237,C00444,P027,Urban Bottle 27,4,Easy to use and feels well made.,2025-10-22
R000238,C00099,P005,Bright Organizer 05,4,Very happy with the purchase.,2025-08-15
R000239,C00105,P028,Essential Bag 28,4,Nice design and works reliably. A friend recommended it.,2025-08-01
R000240,C00959,P029,Bright Organizer 29,3,Works as expected but could be improved.,2025-02-22
R000241,C00878,P026,Pure Band 26,5,Better than I expected overall.,2025-02-19
R000242,C00174,P026,Pure Band 26,4,Better than I expected overall.,2025-09-21
R000243,C00123,P005,Bright Organizer 05,4,Good value and I use it often.,2025-12-27
R000244,C00715,P016,Modern Serum 16,3,Works as expected but could be improved.,2025-06-07
R000245,C00457,P029,Bright Organizer 29,2,I expected more for the price. A friend recommended it.,2025-08-26
R000246,C00488,P018,Pure Band 18,3,Works as expected but could be improved. A friend recommended it.,2025-12-16
R000247,C00562,P009,Daily Lamp 09,4,Very happy with the purchase.,2025-07-28
R000248,C00461,P005,Bright Organizer 05,5,Good value and I use it often.,2025-05-08
R000249,C00396,P026,Pure Band 26,3,"It does the job, though nothing stood out.",2025-02-07
R000250,C00489,P003,Urban Bottle 03,2,The quality felt inconsistent. A friend recommended it.,2025-12-14
R000251,C00548,P013,Bright Organizer 13,4,Better than I expected overall.,2025-02-26
R000252,C00483,P003,Urban Bottle 03,3,Works as expected but could be improved. The product looked slightly different online.,2025-10-16
R000253,C00413,P016,Modern Serum 16,2,The quality felt inconsistent.,2025-10-01
R000254,C00277,P012,Essential Bag 12,4,Nice design and works reliably. A friend recommended it.,2025-10-07
R000255,C00547,P011,Urban Bottle 11,5,Easy to use and feels well made. Delivery took a little longer than expected.,2025-06-29
R000256,C00697,P014,Active Mat 14,5,Better than I expected overall.,2025-02-10
R000257,C00131,P025,Daily Lamp 25,5,Easy to use and feels well made.,2025-10-02
R000258,C00197,P030,Active Mat 30,4,Easy to use and feels well made.,2025-11-24
R000259,C00144,P018,Pure Band 18,3,Pretty average for the price.,2025-02-23
R000260,C00920,P022,Active Mat 22,3,"It does the job, though nothing stood out.",2025-06-24
R000261,C00819,P017,Daily Lamp 17,1,The quality felt inconsistent.,2025-12-23
R000262,C00514,P029,Bright Organizer 29,4,Very happy with the purchase.,2025-11-03
R000263,C00766,P015,Calm Cream 15,4,Better than I expected overall.,2025-02-21
R000264,C00523,P014,Active Mat 14,2,I probably would not purchase this again.,2025-05-15
R000265,C00297,P007,Calm Cream 07,4,Nice design and works reliably.,2025-01-28
R000266,C00067,P012,Essential Bag 12,3,"It does the job, though nothing stood out. The product looked slightly different online.",2025-09-08
R000267,C00537,P017,Daily Lamp 17,5,Very happy with the purchase.,2025-02-22
R000268,C00606,P015,Calm Cream 15,3,Works as expected but could be improved.,2025-07-19
R000269,C00525,P019,Urban Bottle 19,4,Good value and I use it often.,2025-09-11
R000270,C00129,P010,Pure Band 10,2,The quality felt inconsistent.,2025-11-24
R000271,C00478,P028,Essential Bag 28,4,Nice design and works reliably.,2025-03-06
R000272,C00479,P003,Urban Bottle 03,5,Very happy with the purchase.,2025-12-06
R000273,C00944,P028,Essential Bag 28,4,Nice design and works reliably.,2025-04-08
R000274,C00801,P006,Active Mat 06,5,Easy to use and feels well made.,2025-12-07
R000275,C00145,P009,Daily Lamp 09,2,I expected more for the price.,2025-02-09
R000276,C00046,P030,Active Mat 30,3,Pretty average for the price.,2025-08-22
R000277,C00843,P026,Pure Band 26,3,Fine overall with a few small drawbacks.,2025-09-21
R000278,C00888,P025,Daily Lamp 25,4,Nice design and works reliably.,2025-11-27
R000279,C00846,P016,Modern Serum 16,3,Pretty average for the price.,2025-09-20
R000280,C00221,P011,Urban Bottle 11,4,Good value and I use it often. I bought it after seeing an ad.,2025-03-04
R000281,C00418,P020,Essential Bag 20,5,Nice design and works reliably.,2025-03-27
R000282,C00854,P027,Urban Bottle 27,3,"It does the job, though nothing stood out.",2025-08-15
R000283,C00135,P008,Modern Serum 08,5,Easy to use and feels well made. Packaging was simple.,2025-09-08
R000284,C00522,P007,Calm Cream 07,3,Fine overall with a few small drawbacks. Packaging was simple.,2025-04-21
R000285,C00604,P029,Bright Organizer 29,3,"Useful, but I am not sure I would buy it again.",2025-11-07
R000286,C00498,P025,Daily Lamp 25,4,Nice design and works reliably.,2025-11-22
R000287,C00423,P028,Essential Bag 28,4,Good value and I use it often.,2025-12-17
R000288,C00208,P015,Calm Cream 15,5,Good value and I use it often.,2025-07-25
R000289,C00556,P023,Calm Cream 23,4,Nice design and works reliably.,2025-02-15
R000290,C00106,P004,Essential Bag 04,5,Nice design and works reliably.,2025-04-15
R000291,C00568,P017,Daily Lamp 17,4,Nice design and works reliably.,2025-04-25
R000292,C00799,P026,Pure Band 26,4,Better than I expected overall.,2025-12-08
R000293,C00719,P026,Pure Band 26,2,I expected more for the price.,2025-03-19
R000294,C00849,P021,Bright Organizer 21,4,Nice design and works reliably.,2025-02-20
R000295,C00285,P017,Daily Lamp 17,4,Very happy with the purchase.,2025-09-01
R000296,C00799,P029,Bright Organizer 29,4,Very happy with the purchase.,2025-03-25
R000297,C00964,P020,Essential Bag 20,4,Better than I expected overall.,2025-11-14
R000298,C00602,P008,Modern Serum 08,5,Easy to use and feels well made.,2025-03-18
R000299,C00873,P027,Urban Bottle 27,3,"Useful, but I am not sure I would buy it again. The product looked slightly different online.",2025-06-26
R000300,C00731,P021,Bright Organizer 21,4,Better than I expected overall.,2025-09-21
R000301,C00523,P004,Essential Bag 04,4,Easy to use and feels well made. Packaging was simple.,2025-02-02
R000302,C00514,P004,Essential Bag 04,3,"Useful, but I am not sure I would buy it again.",2025-01-12
R000303,C00764,P002,Pure Band 02,3,Fine overall with a few small drawbacks. Packaging was simple.,2025-10-02
R000304,C00687,P030,Active Mat 30,4,Very happy with the purchase. A friend recommended it.,2025-08-01
R000305,C00247,P020,Essential Bag 20,3,"Useful, but I am not sure I would buy it again.",2025-05-11
R000306,C00300,P012,Essential Bag 12,4,Better than I expected overall.,2025-12-25
R000307,C00003,P003,Urban Bottle 03,2,I expected more for the price.,2025-12-06
R000308,C00825,P018,Pure Band 18,3,Pretty average for the price.,2025-09-28
R000309,C00804,P010,Pure Band 10,4,Better than I expected overall. The product looked slightly different online.,2025-09-12
R000310,C00143,P016,Modern Serum 16,5,Easy to use and feels well made. Shipping was quick.,2025-05-25
R000311,C00018,P003,Urban Bottle 03,2,The quality felt inconsistent.,2025-03-26
R000312,C00762,P029,Bright Organizer 29,3,Pretty average for the price.,2025-01-15
R000313,C00669,P028,Essential Bag 28,4,Good value and I use it often. Shipping was quick.,2025-07-12
R000314,C00014,P029,Bright Organizer 29,4,Good value and I use it often. The product looked slightly different online.,2025-11-04
R000315,C00819,P005,Bright Organizer 05,4,Better than I expected overall.,2025-04-01
R000316,C00763,P027,Urban Bottle 27,3,Works as expected but could be improved.,2025-03-08
R000317,C00076,P024,Modern Serum 24,5,Good value and I use it often.,2025-06-21
R000318,C00544,P004,Essential Bag 04,3,"Useful, but I am not sure I would buy it again.",2025-06-22
R000319,C00801,P030,Active Mat 30,3,Works as expected but could be improved.,2025-09-06
R000320,C00206,P023,Calm Cream 23,3,Fine overall with a few small drawbacks.,2025-03-23
R000321,C00363,P018,Pure Band 18,3,"It does the job, though nothing stood out. Shipping was quick.",2025-09-25
R000322,C00287,P021,Bright Organizer 21,3,Fine overall with a few small drawbacks.,2025-09-22
R000323,C00148,P022,Active Mat 22,4,Nice design and works reliably.,2025-02-18
R000324,C00715,P028,Essential Bag 28,3,Fine overall with a few small drawbacks.,2025-04-19
R000325,C00048,P023,Calm Cream 23,4,Very happy with the purchase. The product looked slightly different online.,2025-10-24
R000326,C00901,P021,Bright Organizer 21,4,Better than I expected overall.,2025-07-26
R000327,C00101,P011,Urban Bottle 11,4,Good value and I use it often.,2025-08-18
R000328,C00283,P001,Daily Lamp 01,4,Good value and I use it often.,2025-02-28
R000329,C00949,P024,Modern Serum 24,4,Nice design and works reliably.,2025-11-24
R000330,C00273,P018,Pure Band 18,1,I expected more for the price.,2025-06-12
R000331,C00423,P015,Calm Cream 15,4,Better than I expected overall.,2025-10-27
R000332,C00788,P028,Essential Bag 28,5,Easy to use and feels well made.,2025-03-26
R000333,C00241,P021,Bright Organizer 21,2,Not a great fit for what I needed.,2025-06-27
R000334,C00698,P004,Essential Bag 04,3,Pretty average for the price. Delivery took a little longer than expected.,2025-03-08
R000335,C00384,P024,Modern Serum 24,2,Did not quite meet my expectations. Delivery took a little longer than expected.,2025-04-26
R000336,C00086,P004,Essential Bag 04,2,The quality felt inconsistent.,2025-03-12
R000337,C00968,P028,Essential Bag 28,5,Easy to use and feels well made.,2025-11-03
R000338,C00855,P016,Modern Serum 16,4,Good value and I use it often.,2025-03-21
R000339,C00639,P016,Modern Serum 16,3,Pretty average for the price.,2025-06-22
R000340,C00275,P004,Essential Bag 04,2,I expected more for the price. Packaging was simple.,2025-03-07
R000341,C00545,P008,Modern Serum 08,5,Very happy with the purchase.,2025-09-28
R000342,C00850,P011,Urban Bottle 11,3,"It does the job, though nothing stood out. The product looked slightly different online.",2025-12-07
R000343,C00671,P024,Modern Serum 24,4,Better than I expected overall. I bought it after seeing an ad.,2025-09-01
R000344,C00578,P026,Pure Band 26,3,"Useful, but I am not sure I would buy it again.",2025-04-23
R000345,C00822,P007,Calm Cream 07,3,Works as expected but could be improved.,2025-04-20
R000346,C00493,P001,Daily Lamp 01,4,Nice design and works reliably.,2025-02-06
R000347,C00673,P028,Essential Bag 28,2,Did not quite meet my expectations.,2025-10-19
R000348,C00606,P020,Essential Bag 20,4,Easy to use and feels well made.,2025-12-15
R000349,C00712,P020,Essential Bag 20,3,Pretty average for the price.,2025-08-23
R000350,C00384,P011,Urban Bottle 11,3,"It does the job, though nothing stood out. Delivery took a little longer than expected.",2025-08-25
R000351,C00891,P020,Essential Bag 20,1,The quality felt inconsistent.,2025-02-08
R000352,C00157,P029,Bright Organizer 29,5,Easy to use and feels well made.,2025-03-07
R000353,C00414,P007,Calm Cream 07,2,I expected more for the price.,2025-08-12
R000354,C00995,P016,Modern Serum 16,3,Works as expected but could be improved.,2025-05-28
R000355,C00158,P016,Modern Serum 16,3,"Useful, but I am not sure I would buy it again. A friend recommended it.",2025-07-12
R000356,C00432,P007,Calm Cream 07,5,Very happy with the purchase.,2025-06-22
R000357,C00660,P007,Calm Cream 07,2,Did not quite meet my expectations.,2025-03-26
R000358,C00508,P027,Urban Bottle 27,3,"Useful, but I am not sure I would buy it again.",2025-08-10
R000359,C00658,P028,Essential Bag 28,4,Better than I expected overall.,2025-05-02
R000360,C00089,P015,Calm Cream 15,5,Better than I expected overall.,2025-06-25
R000361,C00638,P010,Pure Band 10,4,Nice design and works reliably.,2025-09-13
R000362,C00387,P012,Essential Bag 12,3,Works as expected but could be improved.,2025-01-28
R000363,C00668,P029,Bright Organizer 29,4,Better than I expected overall.,2025-07-01
R000364,C00905,P013,Bright Organizer 13,3,Pretty average for the price.,2025-10-02
R000365,C00232,P006,Active Mat 06,4,Easy to use and feels well made.,2025-10-10
R000366,C00074,P030,Active Mat 30,5,Better than I expected overall.,2025-10-20
R000367,C00006,P028,Essential Bag 28,2,Not a great fit for what I needed.,2025-05-21
R000368,C00055,P007,Calm Cream 07,2,The quality felt inconsistent.,2025-08-07
R000369,C00696,P017,Daily Lamp 17,3,Pretty average for the price.,2025-03-20
R000370,C00089,P015,Calm Cream 15,4,Nice design and works reliably. Delivery took a little longer than expected.,2025-05-27
R000371,C00626,P011,Urban Bottle 11,3,Pretty average for the price.,2025-05-23
R000372,C00668,P005,Bright Organizer 05,3,Pretty average for the price.,2025-04-15
R000373,C00922,P012,Essential Bag 12,5,Easy to use and feels well made.,2025-12-12
R000374,C00189,P008,Modern Serum 08,4,Nice design and works reliably. I bought it after seeing an ad.,2025-11-23
R000375,C00765,P027,Urban Bottle 27,4,Better than I expected overall.,2025-08-07
R000376,C00283,P016,Modern Serum 16,2,I probably would not purchase this again.,2025-11-06
R000377,C00804,P017,Daily Lamp 17,2,I probably would not purchase this again.,2025-10-17
R000378,C00776,P023,Calm Cream 23,5,Very happy with the purchase. Shipping was quick.,2025-02-27
R000379,C00861,P003,Urban Bottle 03,3,"It does the job, though nothing stood out.",2025-03-04
R000380,C00108,P026,Pure Band 26,5,Very happy with the purchase.,2025-08-13
R000381,C00255,P007,Calm Cream 07,4,Very happy with the purchase.,2025-05-24
R000382,C00318,P014,Active Mat 14,4,Good value and I use it often.,2025-10-30
R000383,C00169,P019,Urban Bottle 19,4,Easy to use and feels well made.,2025-09-11
R000384,C00941,P022,Active Mat 22,4,Easy to use and feels well made.,2025-11-13
R000385,C00586,P005,Bright Organizer 05,3,Fine overall with a few small drawbacks.,2025-04-03
R000386,C00771,P030,Active Mat 30,2,I probably would not purchase this again.,2025-10-27
R000387,C00730,P024,Modern Serum 24,4,Better than I expected overall.,2025-02-01
R000388,C00166,P015,Calm Cream 15,2,Not a great fit for what I needed.,2025-12-15
R000389,C00366,P012,Essential Bag 12,5,Nice design and works reliably. The product looked slightly different online.,2025-01-26
R000390,C00078,P024,Modern Serum 24,3,Works as expected but could be improved.,2025-11-19
R000391,C00316,P027,Urban Bottle 27,2,I probably would not purchase this again. Packaging was simple.,2025-08-31
R000392,C00274,P024,Modern Serum 24,4,Nice design and works reliably.,2025-11-30
R000393,C00450,P007,Calm Cream 07,4,Better than I expected overall.,2025-06-17
R000394,C00258,P010,Pure Band 10,4,Better than I expected overall.,2025-06-28
R000395,C00863,P013,Bright Organizer 13,4,Very happy with the purchase. Delivery took a little longer than expected.,2025-04-20
R000396,C00998,P021,Bright Organizer 21,4,Easy to use and feels well made.,2025-01-07
R000397,C00663,P012,Essential Bag 12,3,"It does the job, though nothing stood out.",2025-04-08
R000398,C00511,P001,Daily Lamp 01,3,Works as expected but could be improved.,2025-03-16
R000399,C00789,P005,Bright Organizer 05,5,Good value and I use it often.,2025-03-13
R000400,C00368,P027,Urban Bottle 27,4,Better than I expected overall.,2025-12-16
R000401,C00768,P014,Active Mat 14,4,Better than I expected overall.,2025-08-09
R000402,C00952,P019,Urban Bottle 19,4,Nice design and works reliably.,2025-02-21
R000403,C00507,P005,Bright Organizer 05,3,Fine overall with a few small drawbacks.,2025-01-26
R000404,C00422,P028,Essential Bag 28,3,"Useful, but I am not sure I would buy it again.",2025-05-25
R000405,C00357,P028,Essential Bag 28,5,Nice design and works reliably. I bought it after seeing an ad.,2025-07-05
R000406,C00138,P021,Bright Organizer 21,4,Good value and I use it often.,2025-09-17
R000407,C00627,P005,Bright Organizer 05,3,Pretty average for the price.,2025-07-29
R000408,C00735,P025,Daily Lamp 25,4,Nice design and works reliably.,2025-04-12
R000409,C00718,P016,Modern Serum 16,2,The quality felt inconsistent.,2025-03-20
R000410,C00323,P028,Essential Bag 28,4,Good value and I use it often.,2025-05-24
R000411,C00252,P023,Calm Cream 23,2,I probably would not purchase this again. The product looked slightly different online.,2025-10-18
R000412,C00002,P027,Urban Bottle 27,2,I probably would not purchase this again.,2025-05-11
R000413,C00825,P020,Essential Bag 20,2,The quality felt inconsistent.,2025-05-21
R000414,C00557,P014,Active Mat 14,4,Very happy with the purchase.,2025-05-15
R000415,C00196,P010,Pure Band 10,4,Nice design and works reliably.,2025-10-29
R000416,C00591,P030,Active Mat 30,4,Good value and I use it often.,2025-04-27
R000417,C00681,P029,Bright Organizer 29,4,Good value and I use it often. A friend recommended it.,2025-04-07
R000418,C00981,P018,Pure Band 18,3,"Useful, but I am not sure I would buy it again.",2025-11-09
R000419,C00877,P013,Bright Organizer 13,4,Better than I expected overall. Delivery took a little longer than expected.,2025-10-04
R000420,C00701,P003,Urban Bottle 03,3,"It does the job, though nothing stood out.",2025-05-17
R000421,C00881,P005,Bright Organizer 05,3,"It does the job, though nothing stood out.",2025-06-15
R000422,C00645,P017,Daily Lamp 17,1,I probably would not purchase this again.,2025-11-06
R000423,C00807,P027,Urban Bottle 27,4,Better than I expected overall.,2025-10-28
R000424,C00617,P029,Bright Organizer 29,3,Works as expected but could be improved.,2025-03-26
R000425,C00842,P029,Bright Organizer 29,4,Better than I expected overall.,2025-09-16
R000426,C00635,P008,Modern Serum 08,4,Very happy with the purchase.,2025-11-09
R000427,C00406,P015,Calm Cream 15,4,Good value and I use it often. A friend recommended it.,2025-10-21
R000428,C00069,P016,Modern Serum 16,3,"It does the job, though nothing stood out. Shipping was quick.",2025-04-06
R000429,C00141,P018,Pure Band 18,4,Very happy with the purchase.,2025-08-28
R000430,C00595,P024,Modern Serum 24,4,Nice design and works reliably.,2025-05-16
R000431,C00353,P001,Daily Lamp 01,2,I expected more for the price.,2025-09-07
R000432,C00074,P022,Active Mat 22,5,Good value and I use it often.,2025-12-12
R000433,C00112,P009,Daily Lamp 09,3,Works as expected but could be improved.,2025-02-09
R000434,C00707,P013,Bright Organizer 13,4,Better than I expected overall. A friend recommended it.,2025-06-06
R000435,C00857,P013,Bright Organizer 13,5,Easy to use and feels well made.,2025-06-07
R000436,C00466,P024,Modern Serum 24,4,Very happy with the purchase.,2025-07-14
R000437,C00216,P019,Urban Bottle 19,5,Very happy with the purchase.,2025-02-27
R000438,C00558,P006,Active Mat 06,4,Very happy with the purchase.,2025-11-18
R000439,C00891,P023,Calm Cream 23,3,Pretty average for the price.,2025-10-18
R000440,C00099,P006,Active Mat 06,5,Better than I expected overall. I bought it after seeing an ad.,2025-05-19
R000441,C00466,P007,Calm Cream 07,4,Better than I expected overall. Packaging was simple.,2025-05-21
R000442,C00891,P014,Active Mat 14,5,Very happy with the purchase. Delivery took a little longer than expected.,2025-05-03
R000443,C00733,P001,Daily Lamp 01,5,Nice design and works reliably.,2025-09-08
R000444,C00793,P025,Daily Lamp 25,4,Easy to use and feels well made.,2025-10-25
R000445,C00983,P028,Essential Bag 28,4,Better than I expected overall.,2025-08-10
R000446,C00447,P027,Urban Bottle 27,4,Better than I expected overall.,2025-12-28
R000447,C00958,P004,Essential Bag 04,4,Good value and I use it often.,2025-08-30
R000448,C00906,P024,Modern Serum 24,3,"Useful, but I am not sure I would buy it again.",2025-11-08
R000449,C00053,P014,Active Mat 14,4,Better than I expected overall.,2025-06-18
R000450,C00008,P005,Bright Organizer 05,2,I probably would not purchase this again.,2025-12-14
R000451,C00705,P020,Essential Bag 20,4,Nice design and works reliably. The product looked slightly different online.,2025-03-16
R000452,C00637,P020,Essential Bag 20,3,Works as expected but could be improved. I bought it after seeing an ad.,2025-10-19
R000453,C00179,P017,Daily Lamp 17,5,Easy to use and feels well made.,2025-04-12
R000454,C00729,P024,Modern Serum 24,3,"Useful, but I am not sure I would buy it again.",2025-09-20
R000455,C00970,P004,Essential Bag 04,3,"Useful, but I am not sure I would buy it again.",2025-06-28
R000456,C00223,P016,Modern Serum 16,3,Pretty average for the price.,2025-11-17
R000457,C00524,P016,Modern Serum 16,4,Good value and I use it often.,2025-09-25
R000458,C00531,P017,Daily Lamp 17,3,Pretty average for the price.,2025-07-21
R000459,C00810,P005,Bright Organizer 05,5,Better than I expected overall.,2025-08-13
R000460,C00682,P028,Essential Bag 28,5,Easy to use and feels well made.,2025-09-15
R000461,C00256,P028,Essential Bag 28,5,Better than I expected overall.,2025-10-04
R000462,C00606,P003,Urban Bottle 03,4,Good value and I use it often.,2025-04-16
R000463,C00969,P005,Bright Organizer 05,4,Very happy with the purchase. The product looked slightly different online.,2025-11-22
R000464,C00398,P005,Bright Organizer 05,3,Fine overall with a few small drawbacks.,2025-12-30
R000465,C00715,P027,Urban Bottle 27,4,Good value and I use it often.,2025-02-18
R000466,C00679,P012,Essential Bag 12,4,Good value and I use it often.,2025-01-24
R000467,C00398,P020,Essential Bag 20,3,"Useful, but I am not sure I would buy it again.",2025-07-14
R000468,C00348,P003,Urban Bottle 03,4,Good value and I use it often.,2025-05-13
R000469,C00786,P020,Essential Bag 20,3,Pretty average for the price.,2025-02-13
R000470,C00424,P007,Calm Cream 07,3,Fine overall with a few small drawbacks. The product looked slightly different online.,2025-12-31
R000471,C00113,P027,Urban Bottle 27,3,Fine overall with a few small drawbacks.,2025-01-03
R000472,C00489,P022,Active Mat 22,3,Works as expected but could be improved.,2025-10-26
R000473,C00992,P002,Pure Band 02,4,Very happy with the purchase.,2025-07-05
R000474,C00723,P005,Bright Organizer 05,2,I probably would not purchase this again.,2025-05-10
R000475,C00687,P012,Essential Bag 12,5,Good value and I use it often. I bought it after seeing an ad.,2025-08-25
R000476,C00702,P016,Modern Serum 16,3,Fine overall with a few small drawbacks.,2025-10-17
R000477,C00481,P024,Modern Serum 24,5,Good value and I use it often. The product looked slightly different online.,2025-06-28
R000478,C00681,P007,Calm Cream 07,2,The quality felt inconsistent. The product looked slightly different online.,2025-09-06
R000479,C00484,P025,Daily Lamp 25,3,"Useful, but I am not sure I would buy it again. Packaging was simple.",2025-03-27
R000480,C00684,P005,Bright Organizer 05,3,"It does the job, though nothing stood out.",2025-09-17
R000481,C00296,P025,Daily Lamp 25,4,Easy to use and feels well made.,2025-05-07
R000482,C00666,P027,Urban Bottle 27,3,"Useful, but I am not sure I would buy it again.",2025-08-06
R000483,C00832,P025,Daily Lamp 25,5,Nice design and works reliably.,2025-10-29
R000484,C00028,P010,Pure Band 10,5,Easy to use and feels well made. Packaging was simple.,2025-11-18
R000485,C00842,P005,Bright Organizer 05,3,Fine overall with a few small drawbacks.,2025-08-16
R000486,C00435,P028,Essential Bag 28,3,"Useful, but I am not sure I would buy it again.",2025-03-26
R000487,C00218,P006,Active Mat 06,4,Very happy with the purchase.,2025-02-04
R000488,C00358,P025,Daily Lamp 25,2,I expected more for the price.,2025-07-20
R000489,C00054,P024,Modern Serum 24,4,Nice design and works reliably.,2025-04-11
R000490,C00754,P006,Active Mat 06,4,Easy to use and feels well made.,2025-08-28
R000491,C00842,P018,Pure Band 18,5,Nice design and works reliably. A friend recommended it.,2025-05-24
R000492,C00855,P027,Urban Bottle 27,3,"It does the job, though nothing stood out.",2025-09-12
R000493,C00060,P003,Urban Bottle 03,3,Fine overall with a few small drawbacks.,2025-05-10
R000494,C00761,P020,Essential Bag 20,3,"It does the job, though nothing stood out.",2025-03-13
R000495,C00627,P005,Bright Organizer 05,4,Nice design and works reliably.,2025-03-13
R000496,C00773,P026,Pure Band 26,3,Works as expected but could be improved.,2025-03-30
R000497,C00768,P026,Pure Band 26,3,"It does the job, though nothing stood out. Packaging was simple.",2025-09-08
R000498,C00582,P006,Active Mat 06,4,Very happy with the purchase.,2025-01-01
R000499,C00554,P025,Daily Lamp 25,4,Nice design and works reliably. The product looked slightly different online.,2025-02-16
R000500,C00758,P016,Modern Serum 16,3,Fine overall with a few small drawbacks.,2025-11-27
R000501,C00119,P013,Bright Organizer 13,3,Fine overall with a few small drawbacks.,2025-11-09
R000502,C00536,P002,Pure Band 02,4,Good value and I use it often. Packaging was simple.,2025-12-20
R000503,C00320,P009,Daily Lamp 09,5,Nice design and works reliably.,2025-06-27
R000504,C00438,P017,Daily Lamp 17,4,Better than I expected overall.,2025-02-11
R000505,C00918,P027,Urban Bottle 27,1,Did not quite meet my expectations.,2025-06-20
R000506,C00137,P028,Essential Bag 28,5,Good value and I use it often.,2025-02-08
R000507,C00866,P009,Daily Lamp 09,4,Better than I expected overall.,2025-06-06
R000508,C00934,P027,Urban Bottle 27,3,Works as expected but could be improved.,2025-04-07
R000509,C00548,P018,Pure Band 18,3,"Useful, but I am not sure I would buy it again. I bought it after seeing an ad.",2025-09-08
R000510,C00578,P018,Pure Band 18,3,Pretty average for the price.,2025-04-11
R000511,C00423,P018,Pure Band 18,5,Easy to use and feels well made.,2025-07-08
R000512,C00192,P029,Bright Organizer 29,5,Better than I expected overall.,2025-01-08
R000513,C00219,P024,Modern Serum 24,3,Works as expected but could be improved.,2025-09-09
R000514,C00051,P008,Modern Serum 08,5,Nice design and works reliably.,2025-04-02
R000515,C00294,P005,Bright Organizer 05,3,Fine overall with a few small drawbacks.,2025-04-11
R000516,C00856,P018,Pure Band 18,2,Not a great fit for what I needed. Shipping was quick.,2025-06-03
R000517,C00574,P026,Pure Band 26,4,Good value and I use it often.,2025-11-14
R000518,C00548,P005,Bright Organizer 05,4,Better than I expected overall.,2025-01-24
R000519,C00742,P029,Bright Organizer 29,4,Easy to use and feels well made.,2025-12-22
R000520,C00340,P004,Essential Bag 04,5,Nice design and works reliably. Delivery took a little longer than expected.,2025-07-30
R000521,C00855,P012,Essential Bag 12,3,"Useful, but I am not sure I would buy it again.",2025-04-14
R000522,C00062,P004,Essential Bag 04,4,Nice design and works reliably. Packaging was simple.,2025-08-06
R000523,C00766,P008,Modern Serum 08,3,"Useful, but I am not sure I would buy it again. I bought it after seeing an ad.",2025-06-10
R000524,C00592,P019,Urban Bottle 19,5,Easy to use and feels well made. Delivery took a little longer than expected.,2025-09-04
R000525,C00525,P024,Modern Serum 24,3,Works as expected but could be improved.,2025-09-04
R000526,C00931,P026,Pure Band 26,3,"Useful, but I am not sure I would buy it again.",2025-01-20
R000527,C00679,P024,Modern Serum 24,3,Works as expected but could be improved.,2025-07-29
R000528,C00866,P013,Bright Organizer 13,4,Very happy with the purchase.,2025-06-03
R000529,C00746,P001,Daily Lamp 01,3,Fine overall with a few small drawbacks.,2025-03-02
R000530,C00978,P001,Daily Lamp 01,3,Fine overall with a few small drawbacks.,2025-04-22
R000531,C00953,P003,Urban Bottle 03,3,Pretty average for the price. A friend recommended it.,2025-07-02
R000532,C00030,P025,Daily Lamp 25,2,The quality felt inconsistent.,2025-01-01
R000533,C00975,P011,Urban Bottle 11,4,Easy to use and feels well made.,2025-02-13
R000534,C00305,P018,Pure Band 18,3,Fine overall with a few small drawbacks.,2025-06-12
R000535,C00242,P023,Calm Cream 23,3,Works as expected but could be improved.,2025-02-09
R000536,C00012,P003,Urban Bottle 03,5,Easy to use and feels well made.,2025-12-09
R000537,C00563,P004,Essential Bag 04,3,Works as expected but could be improved.,2025-08-14
R000538,C00333,P026,Pure Band 26,3,Pretty average for the price.,2025-12-09
R000539,C00478,P027,Urban Bottle 27,3,Fine overall with a few small drawbacks. Packaging was simple.,2025-12-06
R000540,C00826,P010,Pure Band 10,4,Good value and I use it often. I bought it after seeing an ad.,2025-01-12
R000541,C00979,P012,Essential Bag 12,2,Not a great fit for what I needed.,2025-09-02
R000542,C00757,P023,Calm Cream 23,4,Good value and I use it often. A friend recommended it.,2025-12-28
R000543,C00377,P015,Calm Cream 15,3,Fine overall with a few small drawbacks.,2025-02-10
R000544,C00767,P026,Pure Band 26,5,Nice design and works reliably.,2025-09-11
R000545,C00315,P005,Bright Organizer 05,3,"Useful, but I am not sure I would buy it again.",2025-06-11
R000546,C00794,P005,Bright Organizer 05,3,Pretty average for the price.,2025-02-05
R000547,C00101,P021,Bright Organizer 21,4,Good value and I use it often. The product looked slightly different online.,2025-02-27
R000548,C00072,P017,Daily Lamp 17,4,Nice design and works reliably. A friend recommended it.,2025-11-28
R000549,C00062,P023,Calm Cream 23,4,Good value and I use it often.,2025-04-30
R000550,C00954,P027,Urban Bottle 27,2,Not a great fit for what I needed.,2025-03-05
R000551,C00003,P006,Active Mat 06,4,Very happy with the purchase.,2025-07-26
R000552,C00435,P025,Daily Lamp 25,3,Works as expected but could be improved.,2025-08-11
R000553,C00623,P004,Essential Bag 04,2,Did not quite meet my expectations. A friend recommended it.,2025-08-14
R000554,C00749,P008,Modern Serum 08,4,Very happy with the purchase.,2025-04-14
R000555,C00250,P004,Essential Bag 04,2,Did not quite meet my expectations. Packaging was simple.,2025-02-17
R000556,C00250,P003,Urban Bottle 03,2,The quality felt inconsistent. I bought it after seeing an ad.,2025-05-18
R000557,C00974,P022,Active Mat 22,4,Easy to use and feels well made.,2025-01-31
R000558,C00163,P029,Bright Organizer 29,4,Easy to use and feels well made.,2025-11-19
R000559,C00187,P010,Pure Band 10,3,"It does the job, though nothing stood out.",2025-05-08
R000560,C00293,P013,Bright Organizer 13,3,Pretty average for the price.,2025-10-19
R000561,C00617,P011,Urban Bottle 11,3,Pretty average for the price.,2025-11-21
R000562,C00406,P010,Pure Band 10,5,Better than I expected overall.,2025-06-30
R000563,C00172,P024,Modern Serum 24,3,Works as expected but could be improved.,2025-09-29
R000564,C00322,P027,Urban Bottle 27,2,I expected more for the price.,2025-06-23
R000565,C00535,P013,Bright Organizer 13,3,Fine overall with a few small drawbacks. I bought it after seeing an ad.,2025-06-02
R000566,C00823,P001,Daily Lamp 01,4,Easy to use and feels well made.,2025-12-04
R000567,C00720,P003,Urban Bottle 03,5,Better than I expected overall.,2025-01-25
R000568,C00886,P010,Pure Band 10,4,Nice design and works reliably.,2025-12-23
R000569,C00619,P023,Calm Cream 23,3,Fine overall with a few small drawbacks.,2025-10-05
R000570,C00837,P005,Bright Organizer 05,3,"Useful, but I am not sure I would buy it again.",2025-09-05
R000571,C00081,P023,Calm Cream 23,4,Better than I expected overall.,2025-05-16
R000572,C00813,P008,Modern Serum 08,4,Better than I expected overall.,2025-02-26
R000573,C00238,P018,Pure Band 18,4,Very happy with the purchase.,2025-07-23
R000574,C00174,P030,Active Mat 30,4,Good value and I use it often.,2025-11-13
R000575,C00229,P028,Essential Bag 28,5,Nice design and works reliably.,2025-09-07
R000576,C00019,P013,Bright Organizer 13,5,Better than I expected overall.,2025-10-10
R000577,C00732,P012,Essential Bag 12,3,"It does the job, though nothing stood out.",2025-12-10
R000578,C00648,P009,Daily Lamp 09,3,"Useful, but I am not sure I would buy it again.",2025-12-31
R000579,C00871,P019,Urban Bottle 19,4,Nice design and works reliably.,2025-08-13
R000580,C00136,P017,Daily Lamp 17,4,Very happy with the purchase. I bought it after seeing an ad.,2025-09-13
R000581,C00526,P019,Urban Bottle 19,2,I expected more for the price.,2025-02-16
R000582,C00982,P011,Urban Bottle 11,3,Fine overall with a few small drawbacks.,2025-08-16
R000583,C00158,P002,Pure Band 02,2,I probably would not purchase this again.,2025-01-29
R000584,C00424,P020,Essential Bag 20,2,I probably would not purchase this again.,2025-12-04
R000585,C00552,P001,Daily Lamp 01,3,Pretty average for the price. The product looked slightly different online.,2025-01-20
R000586,C00095,P010,Pure Band 10,4,Very happy with the purchase.,2025-06-11
R000587,C00728,P005,Bright Organizer 05,3,Pretty average for the price. I bought it after seeing an ad.,2025-08-24
R000588,C00367,P018,Pure Band 18,3,"Useful, but I am not sure I would buy it again.",2025-08-04
R000589,C00197,P008,Modern Serum 08,4,Nice design and works reliably.,2025-07-28
R000590,C00623,P006,Active Mat 06,4,Easy to use and feels well made.,2025-10-21
R000591,C00782,P029,Bright Organizer 29,4,Easy to use and feels well made. Shipping was quick.,2025-03-19
R000592,C00832,P003,Urban Bottle 03,3,Works as expected but could be improved.,2025-12-11
R000593,C00042,P011,Urban Bottle 11,4,Nice design and works reliably. I bought it after seeing an ad.,2025-03-14
R000594,C00254,P009,Daily Lamp 09,3,"Useful, but I am not sure I would buy it again.",2025-01-17
R000595,C00550,P017,Daily Lamp 17,4,Nice design and works reliably. A friend recommended it.,2025-04-02
R000596,C00290,P026,Pure Band 26,3,Fine overall with a few small drawbacks.,2025-09-05
R000597,C00757,P029,Bright Organizer 29,3,Works as expected but could be improved. A friend recommended it.,2025-08-31
R000598,C00185,P005,Bright Organizer 05,4,Nice design and works reliably.,2025-04-29
R000599,C00593,P029,Bright Organizer 29,4,Very happy with the purchase.,2025-12-24
R000600,C00009,P024,Modern Serum 24,3,Works as expected but could be improved.,2025-05-11
R000601,C00356,P019,Urban Bottle 19,3,Pretty average for the price. A friend recommended it.,2025-09-27
R000602,C00108,P019,Urban Bottle 19,4,Very happy with the purchase.,2025-08-10
R000603,C00760,P030,Active Mat 30,3,Pretty average for the price.,2025-07-24
R000604,C00272,P029,Bright Organizer 29,4,Easy to use and feels well made.,2025-03-02
R000605,C00766,P025,Daily Lamp 25,4,Better than I expected overall.,2025-07-22
R000606,C00258,P019,Urban Bottle 19,5,Easy to use and feels well made.,2025-11-09
R000607,C00120,P015,Calm Cream 15,3,Pretty average for the price.,2025-02-10
R000608,C00831,P029,Bright Organizer 29,4,Easy to use and feels well made.,2025-05-06
R000609,C00052,P003,Urban Bottle 03,4,Easy to use and feels well made.,2025-11-19
R000610,C00152,P006,Active Mat 06,3,Works as expected but could be improved. I bought it after seeing an ad.,2025-02-12
R000611,C00679,P006,Active Mat 06,3,Pretty average for the price.,2025-09-07
R000612,C00868,P015,Calm Cream 15,5,Nice design and works reliably.,2025-07-12
R000613,C00827,P009,Daily Lamp 09,4,Nice design and works reliably.,2025-02-01
R000614,C00292,P011,Urban Bottle 11,3,Pretty average for the price. Packaging was simple.,2025-01-31
R000615,C00117,P030,Active Mat 30,3,Fine overall with a few small drawbacks. Packaging was simple.,2025-02-02
R000616,C00689,P001,Daily Lamp 01,5,Easy to use and feels well made.,2025-01-20
R000617,C00295,P025,Daily Lamp 25,4,Very happy with the purchase.,2025-06-06
R000618,C00204,P016,Modern Serum 16,5,Good value and I use it often.,2025-09-20
R000619,C00442,P016,Modern Serum 16,4,Good value and I use it often.,2025-10-12
R000620,C00992,P016,Modern Serum 16,3,Fine overall with a few small drawbacks.,2025-02-15
R000621,C00794,P004,Essential Bag 04,2,Not a great fit for what I needed.,2025-05-10
R000622,C00042,P006,Active Mat 06,4,Nice design and works reliably.,2025-12-13
R000623,C00460,P002,Pure Band 02,4,Good value and I use it often.,2025-06-19
R000624,C00842,P027,Urban Bottle 27,3,Pretty average for the price.,2025-10-25
R000625,C00607,P003,Urban Bottle 03,2,The quality felt inconsistent.,2025-01-09
R000626,C00010,P017,Daily Lamp 17,2,I probably would not purchase this again.,2025-07-21
R000627,C00814,P023,Calm Cream 23,3,"Useful, but I am not sure I would buy it again.",2025-11-19
R000628,C00273,P011,Urban Bottle 11,4,Good value and I use it often.,2025-10-20
R000629,C00756,P009,Daily Lamp 09,3,"It does the job, though nothing stood out. The product looked slightly different online.",2025-01-05
R000630,C00322,P004,Essential Bag 04,4,Easy to use and feels well made.,2025-07-30
R000631,C00774,P013,Bright Organizer 13,3,Works as expected but could be improved.,2025-05-04
R000632,C00152,P027,Urban Bottle 27,4,Nice design and works reliably.,2025-05-08
R000633,C00561,P030,Active Mat 30,3,Fine overall with a few small drawbacks. Shipping was quick.,2025-08-05
R000634,C00275,P025,Daily Lamp 25,2,The quality felt inconsistent.,2025-11-06
R000635,C00146,P022,Active Mat 22,4,Nice design and works reliably.,2025-01-30
R000636,C00541,P025,Daily Lamp 25,2,I expected more for the price.,2025-11-04
R000637,C00283,P001,Daily Lamp 01,3,Works as expected but could be improved.,2025-05-07
R000638,C00319,P023,Calm Cream 23,4,Better than I expected overall.,2025-11-22
R000639,C00708,P007,Calm Cream 07,4,Very happy with the purchase.,2025-10-13
R000640,C00753,P013,Bright Organizer 13,5,Better than I expected overall. The product looked slightly different online.,2025-12-26
R000641,C00121,P004,Essential Bag 04,3,Pretty average for the price.,2025-09-28
R000642,C00720,P028,Essential Bag 28,5,Better than I expected overall.,2025-01-17
R000643,C00014,P014,Active Mat 14,4,Easy to use and feels well made.,2025-04-01
R000644,C00002,P023,Calm Cream 23,4,Easy to use and feels well made.,2025-04-13
R000645,C00179,P011,Urban Bottle 11,5,Nice design and works reliably.,2025-05-02
R000646,C00955,P028,Essential Bag 28,3,"Useful, but I am not sure I would buy it again. Packaging was simple.",2025-12-11
R000647,C00757,P016,Modern Serum 16,4,Nice design and works reliably. A friend recommended it.,2025-04-29
R000648,C00294,P028,Essential Bag 28,2,The quality felt inconsistent.,2025-07-04
R000649,C00453,P012,Essential Bag 12,2,I probably would not purchase this again.,2025-10-19
R000650,C00421,P009,Daily Lamp 09,3,Fine overall with a few small drawbacks. Packaging was simple.,2025-04-17
R000651,C00321,P008,Modern Serum 08,4,Easy to use and feels well made. The product looked slightly different online.,2025-12-12
R000652,C00230,P021,Bright Organizer 21,3,Fine overall with a few small drawbacks. Shipping was quick.,2025-07-22
R000653,C00315,P028,Essential Bag 28,3,"It does the job, though nothing stood out.",2025-02-07
R000654,C00151,P010,Pure Band 10,3,Works as expected but could be improved.,2025-09-10
R000655,C00193,P013,Bright Organizer 13,5,Better than I expected overall. Packaging was simple.,2025-12-31
R000656,C00787,P001,Daily Lamp 01,4,Good value and I use it often.,2025-09-02
R000657,C00687,P017,Daily Lamp 17,5,Better than I expected overall.,2025-03-09
R000658,C00398,P024,Modern Serum 24,3,Pretty average for the price. The product looked slightly different online.,2025-07-13
R000659,C00540,P007,Calm Cream 07,3,Pretty average for the price.,2025-07-23
R000660,C00844,P020,Essential Bag 20,4,Nice design and works reliably.,2025-09-17
R000661,C00795,P030,Active Mat 30,4,Better than I expected overall.,2025-09-17
R000662,C00920,P015,Calm Cream 15,3,"It does the job, though nothing stood out.",2025-08-02
R000663,C00139,P008,Modern Serum 08,5,Nice design and works reliably.,2025-02-18
R000664,C00023,P005,Bright Organizer 05,3,Pretty average for the price.,2025-11-04
R000665,C00090,P013,Bright Organizer 13,4,Better than I expected overall.,2025-06-04
R000666,C00059,P028,Essential Bag 28,3,"It does the job, though nothing stood out. Packaging was simple.",2025-12-25
R000667,C00025,P021,Bright Organizer 21,2,The quality felt inconsistent.,2025-10-14
R000668,C00165,P020,Essential Bag 20,3,Pretty average for the price.,2025-08-07
R000669,C00089,P010,Pure Band 10,2,The quality felt inconsistent.,2025-12-20
R000670,C00136,P016,Modern Serum 16,3,"It does the job, though nothing stood out.",2025-11-02
R000671,C00765,P004,Essential Bag 04,5,Good value and I use it often.,2025-05-24
R000672,C00186,P022,Active Mat 22,3,Fine overall with a few small drawbacks.,2025-06-04
R000673,C00438,P006,Active Mat 06,4,Good value and I use it often.,2025-04-05
R000674,C00991,P015,Calm Cream 15,3,"Useful, but I am not sure I would buy it again.",2025-01-30
R000675,C00050,P014,Active Mat 14,3,"Useful, but I am not sure I would buy it again.",2025-06-20
R000676,C00578,P020,Essential Bag 20,4,Better than I expected overall. A friend recommended it.,2025-10-30
R000677,C00274,P004,Essential Bag 04,3,"Useful, but I am not sure I would buy it again.",2025-09-25
R000678,C00242,P005,Bright Organizer 05,4,Nice design and works reliably.,2025-09-21
R000679,C00612,P002,Pure Band 02,2,Did not quite meet my expectations.,2025-08-01
R000680,C00723,P008,Modern Serum 08,4,Good value and I use it often. Shipping was quick.,2025-07-14
R000681,C00267,P024,Modern Serum 24,4,Very happy with the purchase.,2025-08-21
R000682,C00419,P024,Modern Serum 24,3,Fine overall with a few small drawbacks.,2025-06-28
R000683,C00402,P025,Daily Lamp 25,4,Better than I expected overall.,2025-08-20
R000684,C00263,P015,Calm Cream 15,2,I expected more for the price.,2025-06-20
R000685,C00529,P021,Bright Organizer 21,4,Nice design and works reliably.,2025-06-17
R000686,C00497,P027,Urban Bottle 27,3,Works as expected but could be improved.,2025-03-05
R000687,C00667,P010,Pure Band 10,3,Pretty average for the price. Shipping was quick.,2025-08-09
R000688,C00827,P017,Daily Lamp 17,3,"Useful, but I am not sure I would buy it again.",2025-10-07
R000689,C00301,P028,Essential Bag 28,3,Pretty average for the price.,2025-09-22
R000690,C00435,P004,Essential Bag 04,3,Pretty average for the price.,2025-06-27
R000691,C00057,P010,Pure Band 10,4,Good value and I use it often.,2025-09-10
R000692,C00194,P030,Active Mat 30,4,Easy to use and feels well made.,2025-07-20
R000693,C00543,P004,Essential Bag 04,3,Fine overall with a few small drawbacks. Shipping was quick.,2025-08-16
R000694,C00746,P005,Bright Organizer 05,3,Works as expected but could be improved. Packaging was simple.,2025-07-25
R000695,C00439,P019,Urban Bottle 19,4,Nice design and works reliably.,2025-03-08
R000696,C00686,P007,Calm Cream 07,4,Good value and I use it often.,2025-09-10
R000697,C00764,P015,Calm Cream 15,3,"It does the job, though nothing stood out.",2025-03-20
R000698,C00306,P030,Active Mat 30,4,Better than I expected overall. I bought it after seeing an ad.,2025-03-21
R000699,C00038,P022,Active Mat 22,3,Works as expected but could be improved. The product looked slightly different online.,2025-05-17
R000700,C00976,P002,Pure Band 02,3,"It does the job, though nothing stood out.",2025-10-12
R000701,C00485,P029,Bright Organizer 29,3,Fine overall with a few small drawbacks.,2025-08-27
R000702,C00986,P025,Daily Lamp 25,2,Not a great fit for what I needed.,2025-02-05
R000703,C00963,P004,Essential Bag 04,5,Better than I expected overall.,2025-07-31
R000704,C00352,P004,Essential Bag 04,3,"It does the job, though nothing stood out. Packaging was simple.",2025-01-28
R000705,C00065,P023,Calm Cream 23,4,Better than I expected overall.,2025-02-28
R000706,C00462,P016,Modern Serum 16,2,The quality felt inconsistent.,2025-05-16
R000707,C00784,P029,Bright Organizer 29,4,Very happy with the purchase. I bought it after seeing an ad.,2025-05-07
R000708,C00526,P015,Calm Cream 15,4,Good value and I use it often.,2025-07-06
R000709,C00680,P010,Pure Band 10,5,Nice design and works reliably.,2025-11-13
R000710,C00748,P018,Pure Band 18,3,Fine overall with a few small drawbacks. Packaging was simple.,2025-08-12
R000711,C00535,P026,Pure Band 26,4,Nice design and works reliably.,2025-08-07
R000712,C00268,P019,Urban Bottle 19,4,Better than I expected overall.,2025-03-21
R000713,C00886,P027,Urban Bottle 27,4,Very happy with the purchase.,2025-08-16
R000714,C00435,P026,Pure Band 26,4,Better than I expected overall.,2025-08-27
R000715,C00976,P029,Bright Organizer 29,4,Nice design and works reliably.,2025-03-03
R000716,C00344,P017,Daily Lamp 17,3,"It does the job, though nothing stood out.",2025-02-02
R000717,C00710,P018,Pure Band 18,3,Pretty average for the price.,2025-03-18
R000718,C00868,P019,Urban Bottle 19,5,Nice design and works reliably.,2025-01-03
R000719,C00496,P002,Pure Band 02,3,"Useful, but I am not sure I would buy it again.",2025-02-04
R000720,C00871,P010,Pure Band 10,5,Easy to use and feels well made.,2025-01-18
R000721,C00760,P017,Daily Lamp 17,4,Nice design and works reliably.,2025-03-13
R000722,C00578,P007,Calm Cream 07,4,Better than I expected overall.,2025-10-01
R000723,C00682,P022,Active Mat 22,4,Easy to use and feels well made.,2025-06-16
R000724,C00508,P024,Modern Serum 24,4,Nice design and works reliably.,2025-04-11
R000725,C00955,P013,Bright Organizer 13,3,Works as expected but could be improved.,2025-01-09
R000726,C00754,P023,Calm Cream 23,3,Works as expected but could be improved.,2025-10-22
R000727,C00814,P004,Essential Bag 04,2,I probably would not purchase this again. Packaging was simple.,2025-09-22
R000728,C00663,P019,Urban Bottle 19,5,Easy to use and feels well made.,2025-01-19
R000729,C00227,P002,Pure Band 02,1,I expected more for the price. The product looked slightly different online.,2025-11-29
R000730,C00147,P005,Bright Organizer 05,4,Better than I expected overall. Delivery took a little longer than expected.,2025-03-26
R000731,C00815,P026,Pure Band 26,4,Nice design and works reliably. A friend recommended it.,2025-08-12
R000732,C00259,P002,Pure Band 02,2,I expected more for the price.,2025-07-12
R000733,C00478,P016,Modern Serum 16,3,"It does the job, though nothing stood out. Packaging was simple.",2025-12-30
R000734,C00107,P006,Active Mat 06,4,Better than I expected overall.,2025-08-30
R000735,C00469,P016,Modern Serum 16,2,I expected more for the price.,2025-08-25
R000736,C00113,P006,Active Mat 06,4,Easy to use and feels well made. A friend recommended it.,2025-12-16
R000737,C00523,P011,Urban Bottle 11,4,Better than I expected overall.,2025-06-21
R000738,C00632,P020,Essential Bag 20,4,Very happy with the purchase.,2025-10-29
R000739,C00705,P022,Active Mat 22,5,Easy to use and feels well made.,2025-07-28
R000740,C00604,P011,Urban Bottle 11,3,Fine overall with a few small drawbacks.,2025-05-20
R000741,C00333,P008,Modern Serum 08,4,Good value and I use it often.,2025-12-04
R000742,C00369,P022,Active Mat 22,3,Works as expected but could be improved.,2025-01-29
R000743,C00074,P030,Active Mat 30,5,Very happy with the purchase.,2025-09-11
R000744,C00931,P021,Bright Organizer 21,3,Works as expected but could be improved.,2025-10-08
R000745,C00468,P024,Modern Serum 24,4,Easy to use and feels well made. Packaging was simple.,2025-08-10
R000746,C00363,P030,Active Mat 30,4,Very happy with the purchase.,2025-07-02
R000747,C00969,P030,Active Mat 30,4,Easy to use and feels well made. The product looked slightly different online.,2025-11-11
R000748,C00444,P006,Active Mat 06,4,Easy to use and feels well made.,2025-09-27
R000749,C00033,P018,Pure Band 18,3,"It does the job, though nothing stood out.",2025-11-22
R000750,C00400,P025,Daily Lamp 25,4,Very happy with the purchase.,2025-06-27
R000751,C00464,P007,Calm Cream 07,3,Fine overall with a few small drawbacks.,2025-06-12
R000752,C00012,P012,Essential Bag 12,4,Very happy with the purchase.,2025-12-20
R000753,C00780,P021,Bright Organizer 21,5,Better than I expected overall.,2025-04-13
R000754,C00893,P004,Essential Bag 04,3,Works as expected but could be improved. I bought it after seeing an ad.,2025-10-13
R000755,C00546,P005,Bright Organizer 05,5,Better than I expected overall.,2025-03-30
R000756,C00334,P022,Active Mat 22,4,Easy to use and feels well made.,2025-06-13
R000757,C00649,P005,Bright Organizer 05,4,Very happy with the purchase.,2025-09-20
R000758,C00632,P016,Modern Serum 16,3,"It does the job, though nothing stood out.",2025-02-17
R000759,C00972,P028,Essential Bag 28,5,Easy to use and feels well made. Packaging was simple.,2025-11-21
R000760,C00535,P013,Bright Organizer 13,3,"It does the job, though nothing stood out.",2025-07-22
R000761,C00662,P003,Urban Bottle 03,2,I probably would not purchase this again.,2025-12-23
R000762,C00329,P005,Bright Organizer 05,3,"It does the job, though nothing stood out. Delivery took a little longer than expected.",2025-09-09
R000763,C00985,P030,Active Mat 30,4,Very happy with the purchase.,2025-01-05
R000764,C00510,P009,Daily Lamp 09,4,Very happy with the purchase.,2025-02-23
R000765,C00435,P025,Daily Lamp 25,4,Good value and I use it often. Shipping was quick.,2025-06-02
R000766,C00035,P018,Pure Band 18,4,Good value and I use it often.,2025-07-24
R000767,C00976,P023,Calm Cream 23,4,Easy to use and feels well made.,2025-02-12
R000768,C00014,P020,Essential Bag 20,3,"It does the job, though nothing stood out.",2025-05-24
R000769,C00223,P004,Essential Bag 04,4,Easy to use and feels well made. The product looked slightly different online.,2025-08-27
R000770,C00107,P012,Essential Bag 12,3,"It does the job, though nothing stood out.",2025-07-15
R000771,C00737,P030,Active Mat 30,3,Fine overall with a few small drawbacks.,2025-02-08
R000772,C00532,P019,Urban Bottle 19,5,Better than I expected overall.,2025-08-27
R000773,C00080,P025,Daily Lamp 25,3,Fine overall with a few small drawbacks.,2025-10-22
R000774,C00132,P030,Active Mat 30,5,Easy to use and feels well made. A friend recommended it.,2025-11-08
R000775,C00077,P023,Calm Cream 23,4,Better than I expected overall. Delivery took a little longer than expected.,2025-06-21
R000776,C00133,P013,Bright Organizer 13,5,Nice design and works reliably. A friend recommended it.,2025-03-25
R000777,C00642,P029,Bright Organizer 29,4,Very happy with the purchase.,2025-08-02
R000778,C00168,P026,Pure Band 26,4,Good value and I use it often.,2025-08-10
R000779,C00873,P019,Urban Bottle 19,4,Good value and I use it often.,2025-12-15
R000780,C00470,P008,Modern Serum 08,5,Easy to use and feels well made.,2025-09-27
R000781,C00406,P013,Bright Organizer 13,5,Very happy with the purchase.,2025-01-24
R000782,C00327,P027,Urban Bottle 27,3,Works as expected but could be improved. Delivery took a little longer than expected.,2025-07-01
R000783,C00326,P008,Modern Serum 08,3,Pretty average for the price.,2025-10-22
R000784,C00305,P005,Bright Organizer 05,5,Very happy with the purchase.,2025-06-02
R000785,C00492,P007,Calm Cream 07,1,Not a great fit for what I needed.,2025-05-12
R000786,C00007,P027,Urban Bottle 27,3,"Useful, but I am not sure I would buy it again.",2025-12-03
R000787,C00857,P017,Daily Lamp 17,5,Easy to use and feels well made.,2025-03-14
R000788,C00612,P029,Bright Organizer 29,3,Pretty average for the price.,2025-10-11
R000789,C00982,P006,Active Mat 06,2,I probably would not purchase this again.,2025-11-11
R000790,C00949,P002,Pure Band 02,4,Very happy with the purchase. Delivery took a little longer than expected.,2025-01-01
R000791,C00676,P021,Bright Organizer 21,3,Fine overall with a few small drawbacks.,2025-05-30
R000792,C00532,P021,Bright Organizer 21,4,Nice design and works reliably.,2025-04-11
R000793,C00497,P016,Modern Serum 16,3,Works as expected but could be improved. Packaging was simple.,2025-01-20
R000794,C00636,P007,Calm Cream 07,2,I probably would not purchase this again.,2025-11-09
R000795,C00697,P027,Urban Bottle 27,4,Very happy with the purchase.,2025-12-01
R000796,C00342,P025,Daily Lamp 25,3,"Useful, but I am not sure I would buy it again.",2025-06-02
R000797,C00277,P020,Essential Bag 20,3,Fine overall with a few small drawbacks.,2025-04-18
R000798,C00967,P014,Active Mat 14,3,"It does the job, though nothing stood out.",2025-09-20
R000799,C00192,P017,Daily Lamp 17,3,Works as expected but could be improved.,2025-03-22
R000800,C00593,P024,Modern Serum 24,2,I probably would not purchase this again.,2025-10-01
R000801,C00966,P018,Pure Band 18,2,Not a great fit for what I needed.,2025-04-26
R000802,C00027,P009,Daily Lamp 09,3,"Useful, but I am not sure I would buy it again.",2025-12-29
R000803,C00038,P022,Active Mat 22,4,Very happy with the purchase.,2025-10-02
R000804,C00615,P029,Bright Organizer 29,3,Pretty average for the price. I bought it after seeing an ad.,2025-09-20
R000805,C00896,P028,Essential Bag 28,3,Pretty average for the price.,2025-03-13
R000806,C00627,P002,Pure Band 02,4,Better than I expected overall.,2025-12-16
R000807,C00504,P014,Active Mat 14,4,Better than I expected overall.,2025-10-04
R000808,C00677,P001,Daily Lamp 01,5,Easy to use and feels well made.,2025-11-07
R000809,C00297,P019,Urban Bottle 19,5,Easy to use and feels well made.,2025-09-28
R000810,C00174,P013,Bright Organizer 13,3,Fine overall with a few small drawbacks.,2025-06-30
R000811,C00893,P015,Calm Cream 15,5,Nice design and works reliably.,2025-01-19
R000812,C00762,P021,Bright Organizer 21,2,Not a great fit for what I needed.,2025-12-23
R000813,C00500,P029,Bright Organizer 29,5,Easy to use and feels well made.,2025-02-26
R000814,C00381,P013,Bright Organizer 13,4,Easy to use and feels well made. Packaging was simple.,2025-05-19
R000815,C00101,P013,Bright Organizer 13,3,Fine overall with a few small drawbacks. Delivery took a little longer than expected.,2025-10-27
R000816,C00822,P023,Calm Cream 23,3,Fine overall with a few small drawbacks. Shipping was quick.,2025-10-21
R000817,C00412,P011,Urban Bottle 11,5,Good value and I use it often. I bought it after seeing an ad.,2025-05-13
R000818,C00984,P028,Essential Bag 28,3,Works as expected but could be improved. Delivery took a little longer than expected.,2025-03-23
R000819,C00795,P009,Daily Lamp 09,3,Fine overall with a few small drawbacks.,2025-01-05
R000820,C00369,P005,Bright Organizer 05,4,Nice design and works reliably.,2025-06-03
R000821,C00622,P024,Modern Serum 24,4,Nice design and works reliably.,2025-11-24
R000822,C00955,P014,Active Mat 14,3,Works as expected but could be improved.,2025-10-02
R000823,C00933,P005,Bright Organizer 05,3,Fine overall with a few small drawbacks.,2025-09-23
R000824,C00808,P027,Urban Bottle 27,4,Very happy with the purchase.,2025-02-22
R000825,C00162,P003,Urban Bottle 03,3,Works as expected but could be improved.,2025-12-22
R000826,C00555,P020,Essential Bag 20,5,Easy to use and feels well made.,2025-09-06
R000827,C00319,P024,Modern Serum 24,3,Works as expected but could be improved. A friend recommended it.,2025-07-17
R000828,C00112,P030,Active Mat 30,4,Better than I expected overall.,2025-04-21
R000829,C00389,P021,Bright Organizer 21,5,Easy to use and feels well made.,2025-05-07
R000830,C00242,P006,Active Mat 06,2,Did not quite meet my expectations. I bought it after seeing an ad.,2025-02-06
R000831,C00016,P016,Modern Serum 16,3,"Useful, but I am not sure I would buy it again.",2025-04-06
R000832,C00891,P016,Modern Serum 16,2,Did not quite meet my expectations.,2025-11-27
R000833,C00305,P003,Urban Bottle 03,3,"Useful, but I am not sure I would buy it again.",2025-04-22
R000834,C00538,P008,Modern Serum 08,5,Better than I expected overall.,2025-02-14
R000835,C00815,P024,Modern Serum 24,4,Better than I expected overall.,2025-08-22
R000836,C00468,P016,Modern Serum 16,4,Better than I expected overall.,2025-11-25
R000837,C00491,P024,Modern Serum 24,4,Good value and I use it often.,2025-07-17
R000838,C00862,P008,Modern Serum 08,3,Works as expected but could be improved.,2025-08-24
R000839,C00241,P006,Active Mat 06,2,Not a great fit for what I needed.,2025-02-12
R000840,C00378,P007,Calm Cream 07,2,I expected more for the price.,2025-11-29
R000841,C00205,P014,Active Mat 14,4,Nice design and works reliably.,2025-01-27
R000842,C00218,P003,Urban Bottle 03,3,Works as expected but could be improved.,2025-04-22
R000843,C00155,P026,Pure Band 26,3,Fine overall with a few small drawbacks.,2025-02-13
R000844,C00677,P028,Essential Bag 28,3,Works as expected but could be improved.,2025-11-21
R000845,C00238,P002,Pure Band 02,3,"Useful, but I am not sure I would buy it again.",2025-12-08
R000846,C00062,P024,Modern Serum 24,4,Nice design and works reliably.,2025-11-24
R000847,C00825,P026,Pure Band 26,4,Better than I expected overall. Delivery took a little longer than expected.,2025-05-15
R000848,C00846,P020,Essential Bag 20,3,"It does the job, though nothing stood out.",2025-12-17
R000849,C00342,P018,Pure Band 18,3,Works as expected but could be improved.,2025-11-10
R000850,C00925,P024,Modern Serum 24,3,Works as expected but could be improved.,2025-02-07
R000851,C00328,P025,Daily Lamp 25,3,Pretty average for the price.,2025-07-25
R000852,C00894,P027,Urban Bottle 27,5,Better than I expected overall.,2025-10-21
R000853,C00955,P006,Active Mat 06,4,Easy to use and feels well made.,2025-08-25
R000854,C00734,P029,Bright Organizer 29,3,Works as expected but could be improved.,2025-09-21
R000855,C00806,P030,Active Mat 30,5,Better than I expected overall.,2025-09-07
R000856,C00987,P022,Active Mat 22,3,"It does the job, though nothing stood out.",2025-03-27
R000857,C01000,P026,Pure Band 26,3,Works as expected but could be improved.,2025-10-15
R000858,C00670,P024,Modern Serum 24,3,"It does the job, though nothing stood out.",2025-06-20
R000859,C00013,P009,Daily Lamp 09,4,Nice design and works reliably.,2025-08-16
R000860,C00535,P011,Urban Bottle 11,4,Nice design and works reliably. Packaging was simple.,2025-11-18
R000861,C00231,P019,Urban Bottle 19,4,Easy to use and feels well made.,2025-04-03
R000862,C00291,P021,Bright Organizer 21,5,Nice design and works reliably.,2025-02-12
R000863,C00683,P021,Bright Organizer 21,4,Better than I expected overall. I bought it after seeing an ad.,2025-02-22
R000864,C00760,P027,Urban Bottle 27,4,Easy to use and feels well made.,2025-05-18
R000865,C00960,P010,Pure Band 10,5,Nice design and works reliably.,2025-09-25
R000866,C00492,P022,Active Mat 22,3,Fine overall with a few small drawbacks.,2025-08-31
R000867,C00488,P020,Essential Bag 20,3,Fine overall with a few small drawbacks.,2025-07-14
R000868,C00661,P011,Urban Bottle 11,4,Good value and I use it often.,2025-12-23
R000869,C00697,P014,Active Mat 14,4,Better than I expected overall.,2025-05-31
R000870,C00337,P014,Active Mat 14,4,Nice design and works reliably.,2025-11-22
R000871,C00871,P026,Pure Band 26,5,Easy to use and feels well made.,2025-08-14
R000872,C00465,P024,Modern Serum 24,3,Pretty average for the price. Delivery took a little longer than expected.,2025-11-25
R000873,C00238,P001,Daily Lamp 01,4,Very happy with the purchase.,2025-01-03
R000874,C00800,P003,Urban Bottle 03,3,"It does the job, though nothing stood out.",2025-04-01
R000875,C00195,P016,Modern Serum 16,2,I expected more for the price.,2025-10-24
R000876,C00903,P007,Calm Cream 07,4,Very happy with the purchase.,2025-06-20
R000877,C00561,P028,Essential Bag 28,5,Good value and I use it often. Delivery took a little longer than expected.,2025-09-12
R000878,C00965,P008,Modern Serum 08,4,Nice design and works reliably.,2025-05-11
R000879,C00795,P024,Modern Serum 24,4,Easy to use and feels well made.,2025-06-09
R000880,C00391,P019,Urban Bottle 19,4,Better than I expected overall.,2025-12-05
R000881,C00320,P016,Modern Serum 16,3,Works as expected but could be improved.,2025-01-16
R000882,C00121,P022,Active Mat 22,4,Better than I expected overall.,2025-12-18
R000883,C00780,P004,Essential Bag 04,3,"Useful, but I am not sure I would buy it again.",2025-09-19
R000884,C00940,P005,Bright Organizer 05,3,"It does the job, though nothing stood out. Delivery took a little longer than expected.",2025-08-06
R000885,C00451,P004,Essential Bag 04,3,Works as expected but could be improved. The product looked slightly different online.,2025-05-02
R000886,C00606,P004,Essential Bag 04,3,Pretty average for the price.,2025-08-11
R000887,C00726,P024,Modern Serum 24,3,"Useful, but I am not sure I would buy it again. A friend recommended it.",2025-03-08
R000888,C00381,P012,Essential Bag 12,2,The quality felt inconsistent.,2025-09-01
R000889,C00960,P020,Essential Bag 20,3,Pretty average for the price. A friend recommended it.,2025-08-08
R000890,C00169,P004,Essential Bag 04,3,"Useful, but I am not sure I would buy it again.",2025-12-17
R000891,C00438,P018,Pure Band 18,4,Good value and I use it often.,2025-03-17
R000892,C00253,P002,Pure Band 02,5,Nice design and works reliably.,2025-06-06
R000893,C00385,P026,Pure Band 26,4,Nice design and works reliably.,2025-09-12
R000894,C00551,P017,Daily Lamp 17,3,"It does the job, though nothing stood out.",2025-10-30
R000895,C00682,P027,Urban Bottle 27,3,"Useful, but I am not sure I would buy it again.",2025-06-05
R000896,C00121,P011,Urban Bottle 11,3,Pretty average for the price.,2025-11-08
R000897,C00810,P017,Daily Lamp 17,4,Easy to use and feels well made. The product looked slightly different online.,2025-02-22
R000898,C00370,P008,Modern Serum 08,4,Good value and I use it often.,2025-12-11
R000899,C00026,P006,Active Mat 06,4,Better than I expected overall.,2025-06-21
R000900,C00536,P021,Bright Organizer 21,4,Easy to use and feels well made.,2025-06-26
R000901,C00977,P016,Modern Serum 16,3,Pretty average for the price.,2025-06-19
R000902,C00802,P024,Modern Serum 24,2,I expected more for the price. I bought it after seeing an ad.,2025-04-23
R000903,C00875,P022,Active Mat 22,3,Pretty average for the price.,2025-08-03
R000904,C00672,P023,Calm Cream 23,4,Very happy with the purchase. The product looked slightly different online.,2025-05-06
R000905,C00183,P007,Calm Cream 07,3,Pretty average for the price.,2025-07-31
R000906,C00709,P003,Urban Bottle 03,4,Nice design and works reliably. A friend recommended it.,2025-03-23
R000907,C00453,P013,Bright Organizer 13,3,"It does the job, though nothing stood out.",2025-05-28
R000908,C00345,P013,Bright Organizer 13,4,Easy to use and feels well made.,2025-07-14
R000909,C00280,P027,Urban Bottle 27,2,I expected more for the price. I bought it after seeing an ad.,2025-11-10
R000910,C00960,P026,Pure Band 26,4,Very happy with the purchase.,2025-09-01
R000911,C00156,P013,Bright Organizer 13,1,I probably would not purchase this again.,2025-07-06
R000912,C00124,P020,Essential Bag 20,4,Very happy with the purchase. A friend recommended it.,2025-11-27
R000913,C00575,P019,Urban Bottle 19,4,Very happy with the purchase.,2025-12-05
R000914,C00145,P017,Daily Lamp 17,2,I probably would not purchase this again.,2025-01-02
R000915,C00110,P015,Calm Cream 15,3,"It does the job, though nothing stood out.",2025-07-23
R000916,C00406,P025,Daily Lamp 25,3,Works as expected but could be improved.,2025-06-14
R000917,C00564,P001,Daily Lamp 01,4,Nice design and works reliably.,2025-03-29
R000918,C00945,P030,Active Mat 30,4,Easy to use and feels well made.,2025-12-04
R000919,C00675,P007,Calm Cream 07,4,Nice design and works reliably. A friend recommended it.,2025-05-05
R000920,C00006,P003,Urban Bottle 03,4,Good value and I use it often.,2025-09-24
R000921,C00488,P029,Bright Organizer 29,4,Nice design and works reliably. The product looked slightly different online.,2025-10-15
R000922,C00494,P002,Pure Band 02,4,Better than I expected overall. A friend recommended it.,2025-05-13
R000923,C00889,P027,Urban Bottle 27,4,Very happy with the purchase.,2025-10-13
R000924,C00915,P015,Calm Cream 15,3,"Useful, but I am not sure I would buy it again.",2025-06-18
R000925,C00184,P012,Essential Bag 12,3,"It does the job, though nothing stood out.",2025-08-12
R000926,C00962,P028,Essential Bag 28,4,Easy to use and feels well made.,2025-08-23
R000927,C00609,P019,Urban Bottle 19,5,Very happy with the purchase.,2025-11-13
R000928,C00287,P011,Urban Bottle 11,4,Nice design and works reliably.,2025-02-09
R000929,C00685,P030,Active Mat 30,4,Very happy with the purchase.,2025-09-25
R000930,C00259,P022,Active Mat 22,4,Very happy with the purchase.,2025-01-07
R000931,C00800,P006,Active Mat 06,2,I expected more for the price.,2025-11-18
R000932,C00669,P005,Bright Organizer 05,3,Pretty average for the price.,2025-02-14
R000933,C00536,P008,Modern Serum 08,3,Pretty average for the price.,2025-02-15
R000934,C00866,P003,Urban Bottle 03,4,Better than I expected overall.,2025-09-08
R000935,C00927,P006,Active Mat 06,3,"Useful, but I am not sure I would buy it again.",2025-02-13
R000936,C00673,P018,Pure Band 18,2,The quality felt inconsistent.,2025-07-22
R000937,C00654,P019,Urban Bottle 19,4,Very happy with the purchase.,2025-09-10
R000938,C00870,P025,Daily Lamp 25,4,Good value and I use it often.,2025-04-29
R000939,C00129,P014,Active Mat 14,4,Good value and I use it often. I bought it after seeing an ad.,2025-11-22
R000940,C00337,P009,Daily Lamp 09,4,Easy to use and feels well made.,2025-09-24
R000941,C00541,P018,Pure Band 18,3,"It does the job, though nothing stood out.",2025-07-25
R000942,C00183,P002,Pure Band 02,2,Not a great fit for what I needed.,2025-07-14
R000943,C00276,P004,Essential Bag 04,3,"It does the job, though nothing stood out. The product looked slightly different online.",2025-02-07
R000944,C00807,P016,Modern Serum 16,3,"Useful, but I am not sure I would buy it again.",2025-10-17
R000945,C00788,P025,Daily Lamp 25,4,Easy to use and feels well made.,2025-08-19
R000946,C00861,P020,Essential Bag 20,3,"It does the job, though nothing stood out.",2025-09-28
R000947,C00419,P007,Calm Cream 07,3,Pretty average for the price. The product looked slightly different online.,2025-07-21
R000948,C00433,P017,Daily Lamp 17,4,Nice design and works reliably. I bought it after seeing an ad.,2025-12-29
R000949,C00844,P008,Modern Serum 08,3,Pretty average for the price.,2025-11-05
R000950,C00783,P014,Active Mat 14,2,Not a great fit for what I needed. The product looked slightly different online.,2025-02-01
R000951,C00384,P003,Urban Bottle 03,2,The quality felt inconsistent. Packaging was simple.,2025-09-19
R000952,C00655,P014,Active Mat 14,4,Easy to use and feels well made.,2025-09-21
R000953,C00821,P010,Pure Band 10,3,Works as expected but could be improved.,2025-02-18
R000954,C00191,P029,Bright Organizer 29,5,Good value and I use it often.,2025-06-14
R000955,C00371,P014,Active Mat 14,4,Easy to use and feels well made.,2025-12-03
R000956,C00690,P005,Bright Organizer 05,3,"Useful, but I am not sure I would buy it again.",2025-10-19
R000957,C00871,P026,Pure Band 26,5,Better than I expected overall.,2025-12-18
R000958,C00217,P008,Modern Serum 08,5,Nice design and works reliably.,2025-06-11
R000959,C00477,P019,Urban Bottle 19,4,Good value and I use it often.,2025-09-26
R000960,C00897,P008,Modern Serum 08,3,"Useful, but I am not sure I would buy it again. I bought it after seeing an ad.",2025-04-13
R000961,C00184,P001,Daily Lamp 01,3,Works as expected but could be improved. Packaging was simple.,2025-10-08
R000962,C00995,P027,Urban Bottle 27,3,Fine overall with a few small drawbacks.,2025-10-11
R000963,C00794,P013,Bright Organizer 13,2,Not a great fit for what I needed.,2025-03-27
R000964,C00859,P006,Active Mat 06,3,Pretty average for the price.,2025-12-10
R000965,C00386,P024,Modern Serum 24,4,Easy to use and feels well made. The product looked slightly different online.,2025-05-21
R000966,C00239,P022,Active Mat 22,4,Very happy with the purchase.,2025-05-20
R000967,C00064,P020,Essential Bag 20,3,"It does the job, though nothing stood out.",2025-11-18
R000968,C00711,P015,Calm Cream 15,3,Works as expected but could be improved.,2025-01-11
R000969,C00007,P010,Pure Band 10,3,Works as expected but could be improved.,2025-04-17
R000970,C00328,P029,Bright Organizer 29,4,Nice design and works reliably.,2025-11-09
R000971,C00157,P017,Daily Lamp 17,3,Pretty average for the price.,2025-06-08
R000972,C00854,P026,Pure Band 26,5,Nice design and works reliably.,2025-09-08
R000973,C00624,P014,Active Mat 14,5,Easy to use and feels well made.,2025-10-29
R000974,C00745,P007,Calm Cream 07,2,I probably would not purchase this again.,2025-12-26
R000975,C00118,P018,Pure Band 18,4,Better than I expected overall.,2025-01-08
R000976,C00583,P023,Calm Cream 23,4,Very happy with the purchase.,2025-07-18
R000977,C00694,P011,Urban Bottle 11,3,Fine overall with a few small drawbacks.,2025-02-12
R000978,C00909,P018,Pure Band 18,3,Works as expected but could be improved.,2025-10-23
R000979,C00779,P010,Pure Band 10,4,Nice design and works reliably. Delivery took a little longer than expected.,2025-06-17
R000980,C00266,P029,Bright Organizer 29,4,Nice design and works reliably.,2025-08-18
R000981,C00076,P030,Active Mat 30,4,Very happy with the purchase.,2025-08-22
R000982,C00714,P002,Pure Band 02,2,Not a great fit for what I needed. A friend recommended it.,2025-09-28
R000983,C00138,P023,Calm Cream 23,2,I probably would not purchase this again.,2025-08-27
R000984,C00690,P029,Bright Organizer 29,4,Better than I expected overall.,2025-02-08
R000985,C00949,P014,Active Mat 14,5,Better than I expected overall.,2025-12-22
R000986,C00400,P018,Pure Band 18,3,Fine overall with a few small drawbacks.,2025-05-03
R000987,C00482,P006,Active Mat 06,4,Very happy with the purchase.,2025-01-26
R000988,C00640,P004,Essential Bag 04,4,Good value and I use it often.,2025-12-12
R000989,C00130,P016,Modern Serum 16,2,I probably would not purchase this again.,2025-04-28
R000990,C00800,P030,Active Mat 30,3,"Useful, but I am not sure I would buy it again.",2025-03-21
R000991,C00939,P011,Urban Bottle 11,5,Better than I expected overall.,2025-05-08
R000992,C00770,P021,Bright Organizer 21,3,"Useful, but I am not sure I would buy it again.",2025-03-17
R000993,C00993,P015,Calm Cream 15,2,The quality felt inconsistent.,2025-10-04
R000994,C00367,P013,Bright Organizer 13,4,Easy to use and feels well made.,2025-07-06
R000995,C00706,P004,Essential Bag 04,3,"Useful, but I am not sure I would buy it again.",2025-05-24
R000996,C00841,P009,Daily Lamp 09,4,Nice design and works reliably.,2025-05-21
R000997,C00369,P005,Bright Organizer 05,4,Easy to use and feels well made.,2025-01-21
R000998,C00929,P029,Bright Organizer 29,5,Easy to use and feels well made.,2025-05-07
R000999,C00809,P016,Modern Serum 16,5,Very happy with the purchase.,2025-05-31
R001000,C00855,P020,Essential Bag 20,3,Fine overall with a few small drawbacks.,2025-11-24
R001001,C00665,P017,Daily Lamp 17,2,The quality felt inconsistent.,2025-06-25
R001002,C00856,P019,Urban Bottle 19,4,Good value and I use it often. The product looked slightly different online.,2025-06-20
R001003,C00359,P014,Active Mat 14,4,Nice design and works reliably.,2025-12-11
R001004,C00025,P029,Bright Organizer 29,3,"Useful, but I am not sure I would buy it again. Shipping was quick.",2025-05-26
R001005,C00110,P028,Essential Bag 28,4,Better than I expected overall.,2025-05-28
R001006,C00278,P016,Modern Serum 16,5,Good value and I use it often.,2025-01-03
R001007,C00169,P029,Bright Organizer 29,3,Pretty average for the price.,2025-02-23
R001008,C00305,P003,Urban Bottle 03,4,Easy to use and feels well made.,2025-06-29
R001009,C00572,P023,Calm Cream 23,2,Did not quite meet my expectations.,2025-03-12
R001010,C00487,P007,Calm Cream 07,2,The quality felt inconsistent.,2025-06-19
R001011,C00385,P014,Active Mat 14,4,Very happy with the purchase.,2025-07-07
R001012,C00581,P005,Bright Organizer 05,4,Good value and I use it often.,2025-09-07
R001013,C00654,P019,Urban Bottle 19,4,Good value and I use it often.,2025-01-11
R001014,C00376,P021,Bright Organizer 21,3,"Useful, but I am not sure I would buy it again.",2025-03-11
R001015,C00229,P018,Pure Band 18,4,Good value and I use it often.,2025-06-08
R001016,C00971,P014,Active Mat 14,5,Easy to use and feels well made.,2025-02-22
R001017,C00851,P028,Essential Bag 28,4,Easy to use and feels well made. A friend recommended it.,2025-02-25
R001018,C00207,P014,Active Mat 14,5,Very happy with the purchase.,2025-12-08
R001019,C00895,P029,Bright Organizer 29,4,Easy to use and feels well made.,2025-11-19
R001020,C00798,P028,Essential Bag 28,3,Fine overall with a few small drawbacks.,2025-03-08
R001021,C00623,P007,Calm Cream 07,3,"Useful, but I am not sure I would buy it again.",2025-11-25
R001022,C00846,P006,Active Mat 06,5,Easy to use and feels well made. A friend recommended it.,2025-05-24
R001023,C00671,P024,Modern Serum 24,3,"It does the job, though nothing stood out.",2025-01-09
R001024,C00145,P005,Bright Organizer 05,4,Easy to use and feels well made.,2025-06-22
R001025,C00639,P010,Pure Band 10,4,Good value and I use it often. I bought it after seeing an ad.,2025-11-28
R001026,C00692,P020,Essential Bag 20,3,"Useful, but I am not sure I would buy it again. A friend recommended it.",2025-02-25
R001027,C00586,P013,Bright Organizer 13,4,Very happy with the purchase.,2025-09-03
R001028,C00411,P008,Modern Serum 08,5,Good value and I use it often.,2025-02-16
R001029,C00965,P011,Urban Bottle 11,2,I probably would not purchase this again.,2025-10-03
R001030,C00126,P003,Urban Bottle 03,3,Works as expected but could be improved. A friend recommended it.,2025-03-13
R001031,C00843,P025,Daily Lamp 25,3,"It does the job, though nothing stood out.",2025-03-16
R001032,C00091,P014,Active Mat 14,4,Good value and I use it often.,2025-03-11
R001033,C00671,P013,Bright Organizer 13,4,Easy to use and feels well made. Shipping was quick.,2025-01-09
R001034,C00507,P003,Urban Bottle 03,4,Easy to use and feels well made.,2025-09-02
R001035,C00237,P013,Bright Organizer 13,4,Better than I expected overall.,2025-04-17
R001036,C00157,P003,Urban Bottle 03,3,"It does the job, though nothing stood out.",2025-10-20
R001037,C00149,P023,Calm Cream 23,3,Pretty average for the price.,2025-12-14
R001038,C00083,P016,Modern Serum 16,3,"It does the job, though nothing stood out.",2025-07-19
R001039,C00734,P014,Active Mat 14,3,Works as expected but could be improved.,2025-05-21
R001040,C00069,P011,Urban Bottle 11,3,Fine overall with a few small drawbacks. Delivery took a little longer than expected.,2025-12-27
R001041,C00105,P001,Daily Lamp 01,3,"Useful, but I am not sure I would buy it again.",2025-08-29
R001042,C00527,P006,Active Mat 06,3,"It does the job, though nothing stood out.",2025-02-09
R001043,C00905,P003,Urban Bottle 03,4,Easy to use and feels well made.,2025-09-20
R001044,C00606,P009,Daily Lamp 09,2,I probably would not purchase this again.,2025-05-09
R001045,C00247,P023,Calm Cream 23,4,Very happy with the purchase.,2025-06-20
R001046,C00636,P001,Daily Lamp 01,4,Easy to use and feels well made.,2025-02-20
R001047,C00010,P027,Urban Bottle 27,4,Nice design and works reliably.,2025-11-06
R001048,C00396,P013,Bright Organizer 13,4,Easy to use and feels well made.,2025-11-25
R001049,C00375,P012,Essential Bag 12,4,Better than I expected overall. Shipping was quick.,2025-03-14
R001050,C00699,P002,Pure Band 02,5,Better than I expected overall. The product looked slightly different online.,2025-01-19
R001051,C00372,P012,Essential Bag 12,2,Not a great fit for what I needed.,2025-10-09
R001052,C00884,P019,Urban Bottle 19,5,Nice design and works reliably.,2025-03-24
R001053,C00260,P025,Daily Lamp 25,4,Easy to use and feels well made.,2025-09-26
R001054,C00150,P006,Active Mat 06,3,"Useful, but I am not sure I would buy it again.",2025-05-27
R001055,C00607,P017,Daily Lamp 17,2,Not a great fit for what I needed.,2025-03-21
R001056,C00754,P013,Bright Organizer 13,4,Easy to use and feels well made.,2025-12-08
R001057,C00713,P015,Calm Cream 15,4,Nice design and works reliably.,2025-06-12
R001058,C00006,P010,Pure Band 10,4,Very happy with the purchase.,2025-08-31
R001059,C00119,P014,Active Mat 14,4,Very happy with the purchase.,2025-04-20
R001060,C00035,P028,Essential Bag 28,4,Easy to use and feels well made.,2025-03-06
R001061,C00587,P011,Urban Bottle 11,4,Nice design and works reliably.,2025-10-01
R001062,C00800,P029,Bright Organizer 29,3,Works as expected but could be improved.,2025-06-21
R001063,C00844,P026,Pure Band 26,4,Very happy with the purchase.,2025-08-08
R001064,C00118,P019,Urban Bottle 19,5,Very happy with the purchase.,2025-08-31
R001065,C00524,P030,Active Mat 30,5,Easy to use and feels well made.,2025-11-28
R001066,C00989,P023,Calm Cream 23,5,Better than I expected overall.,2025-10-19
R001067,C00928,P002,Pure Band 02,5,Very happy with the purchase. Delivery took a little longer than expected.,2025-12-12
R001068,C00468,P018,Pure Band 18,3,"It does the job, though nothing stood out. I bought it after seeing an ad.",2025-12-15
R001069,C00118,P010,Pure Band 10,4,Very happy with the purchase. I bought it after seeing an ad.,2025-06-24
R001070,C00553,P022,Active Mat 22,4,Very happy with the purchase. Packaging was simple.,2025-05-19
R001071,C00541,P018,Pure Band 18,3,"It does the job, though nothing stood out.",2025-02-18
R001072,C00874,P002,Pure Band 02,3,Works as expected but could be improved.,2025-08-27
R001073,C00683,P030,Active Mat 30,4,Good value and I use it often.,2025-10-28
R001074,C00307,P027,Urban Bottle 27,4,Better than I expected overall. The product looked slightly different online.,2025-01-17
R001075,C00208,P026,Pure Band 26,4,Good value and I use it often.,2025-08-14
R001076,C00570,P025,Daily Lamp 25,5,Very happy with the purchase. A friend recommended it.,2025-01-06
R001077,C00957,P006,Active Mat 06,3,"Useful, but I am not sure I would buy it again.",2025-04-14
R001078,C00377,P009,Daily Lamp 09,3,Pretty average for the price.,2025-09-29
R001079,C00061,P004,Essential Bag 04,2,Not a great fit for what I needed.,2025-12-03
R001080,C00345,P016,Modern Serum 16,4,Easy to use and feels well made.,2025-01-07
R001081,C00259,P017,Daily Lamp 17,4,Better than I expected overall.,2025-11-03
R001082,C00718,P010,Pure Band 10,3,"Useful, but I am not sure I would buy it again.",2025-08-01
R001083,C00668,P028,Essential Bag 28,2,The quality felt inconsistent.,2025-02-12
R001084,C00636,P006,Active Mat 06,4,Nice design and works reliably.,2025-10-16
R001085,C00763,P007,Calm Cream 07,3,Works as expected but could be improved.,2025-12-04
R001086,C00639,P015,Calm Cream 15,2,Did not quite meet my expectations.,2025-08-15
R001087,C00192,P011,Urban Bottle 11,4,Good value and I use it often.,2025-12-01
R001088,C00244,P001,Daily Lamp 01,5,Better than I expected overall.,2025-11-07
R001089,C00304,P022,Active Mat 22,2,Did not quite meet my expectations.,2025-11-04
R001090,C00109,P016,Modern Serum 16,3,Pretty average for the price.,2025-04-22
R001091,C00856,P012,Essential Bag 12,3,Fine overall with a few small drawbacks.,2025-09-20
R001092,C00598,P005,Bright Organizer 05,4,Easy to use and feels well made.,2025-03-20
R001093,C00898,P017,Daily Lamp 17,4,Good value and I use it often.,2025-01-29
R001094,C00244,P006,Active Mat 06,5,Good value and I use it often.,2025-01-30
R001095,C00479,P021,Bright Organizer 21,4,Easy to use and feels well made. Packaging was simple.,2025-06-15
R001096,C00781,P014,Active Mat 14,5,Nice design and works reliably.,2025-02-07
R001097,C00370,P016,Modern Serum 16,2,I probably would not purchase this again.,2025-06-25
R001098,C00991,P008,Modern Serum 08,4,Easy to use and feels well made.,2025-04-18
R001099,C00425,P008,Modern Serum 08,2,Did not quite meet my expectations.,2025-10-02
R001100,C00739,P013,Bright Organizer 13,2,Not a great fit for what I needed.,2025-01-11
R001101,C00195,P028,Essential Bag 28,2,I probably would not purchase this again.,2025-10-23
R001102,C00633,P001,Daily Lamp 01,3,"It does the job, though nothing stood out.",2025-06-26
R001103,C00244,P023,Calm Cream 23,3,Works as expected but could be improved.,2025-02-19
R001104,C00935,P027,Urban Bottle 27,4,Nice design and works reliably. A friend recommended it.,2025-09-14
R001105,C00131,P027,Urban Bottle 27,3,Fine overall with a few small drawbacks.,2025-02-04
R001106,C00387,P016,Modern Serum 16,4,Good value and I use it often. Delivery took a little longer than expected.,2025-12-24
R001107,C00111,P030,Active Mat 30,4,Better than I expected overall. A friend recommended it.,2025-07-30
R001108,C00523,P025,Daily Lamp 25,2,The quality felt inconsistent.,2025-12-06
R001109,C00742,P029,Bright Organizer 29,3,"It does the job, though nothing stood out.",2025-09-08
R001110,C00582,P024,Modern Serum 24,2,The quality felt inconsistent.,2025-10-29
R001111,C00952,P004,Essential Bag 04,4,Nice design and works reliably. The product looked slightly different online.,2025-05-07
R001112,C00478,P009,Daily Lamp 09,3,"Useful, but I am not sure I would buy it again. Delivery took a little longer than expected.",2025-05-04
R001113,C00462,P017,Daily Lamp 17,4,Very happy with the purchase.,2025-08-07
R001114,C00467,P014,Active Mat 14,5,Nice design and works reliably.,2025-03-13
R001115,C00354,P026,Pure Band 26,3,Works as expected but could be improved.,2025-04-22
R001116,C00989,P002,Pure Band 02,4,Good value and I use it often. I bought it after seeing an ad.,2025-06-22
R001117,C00342,P015,Calm Cream 15,4,Very happy with the purchase.,2025-11-08
R001118,C00846,P017,Daily Lamp 17,3,Works as expected but could be improved.,2025-07-20
R001119,C00045,P009,Daily Lamp 09,4,Better than I expected overall.,2025-04-02
R001120,C00679,P016,Modern Serum 16,3,Fine overall with a few small drawbacks.,2025-01-28
R001121,C00732,P029,Bright Organizer 29,4,Better than I expected overall. I bought it after seeing an ad.,2025-01-18
R001122,C00664,P030,Active Mat 30,3,Pretty average for the price.,2025-09-18
R001123,C00496,P016,Modern Serum 16,4,Very happy with the purchase.,2025-10-29
R001124,C00747,P028,Essential Bag 28,4,Very happy with the purchase.,2025-07-19
R001125,C00506,P024,Modern Serum 24,4,Nice design and works reliably.,2025-02-28
R001126,C00571,P029,Bright Organizer 29,5,Easy to use and feels well made.,2025-01-08
R001127,C00664,P018,Pure Band 18,3,"It does the job, though nothing stood out.",2025-10-13
R001128,C00547,P030,Active Mat 30,4,Good value and I use it often.,2025-05-19
R001129,C00190,P013,Bright Organizer 13,3,Works as expected but could be improved.,2025-01-10
R001130,C00577,P004,Essential Bag 04,4,Easy to use and feels well made.,2025-11-09
R001131,C00376,P018,Pure Band 18,4,Nice design and works reliably. Shipping was quick.,2025-03-17
R001132,C00623,P015,Calm Cream 15,3,Works as expected but could be improved. A friend recommended it.,2025-06-25
R001133,C00858,P015,Calm Cream 15,3,"It does the job, though nothing stood out.",2025-08-04
R001134,C00032,P006,Active Mat 06,5,Good value and I use it often.,2025-03-27
R001135,C00797,P025,Daily Lamp 25,2,The quality felt inconsistent.,2025-12-30
R001136,C00161,P016,Modern Serum 16,4,Very happy with the purchase.,2025-12-01
R001137,C00145,P004,Essential Bag 04,3,"Useful, but I am not sure I would buy it again.",2025-08-29
R001138,C00563,P002,Pure Band 02,3,Works as expected but could be improved.,2025-11-12
R001139,C00769,P022,Active Mat 22,3,"It does the job, though nothing stood out.",2025-01-13
R001140,C00593,P028,Essential Bag 28,3,Pretty average for the price.,2025-02-06
R001141,C00395,P014,Active Mat 14,4,Nice design and works reliably.,2025-11-05
R001142,C00961,P024,Modern Serum 24,4,Easy to use and feels well made.,2025-05-02
R001143,C00029,P012,Essential Bag 12,3,Works as expected but could be improved.,2025-11-22
R001144,C00314,P008,Modern Serum 08,4,Nice design and works reliably.,2025-02-14
R001145,C00038,P007,Calm Cream 07,2,Not a great fit for what I needed.,2025-04-14
R001146,C00834,P007,Calm Cream 07,4,Easy to use and feels well made. The product looked slightly different online.,2025-11-02
R001147,C00800,P007,Calm Cream 07,4,Easy to use and feels well made.,2025-12-30
R001148,C00567,P015,Calm Cream 15,3,Fine overall with a few small drawbacks.,2025-05-27
R001149,C00992,P015,Calm Cream 15,4,Better than I expected overall. Delivery took a little longer than expected.,2025-10-26
R001150,C00120,P009,Daily Lamp 09,2,I probably would not purchase this again.,2025-10-29
R001151,C00020,P004,Essential Bag 04,4,Easy to use and feels well made.,2025-06-06
R001152,C00276,P016,Modern Serum 16,3,"It does the job, though nothing stood out.",2025-01-29
R001153,C00933,P014,Active Mat 14,3,Works as expected but could be improved.,2025-04-29
R001154,C00912,P017,Daily Lamp 17,4,Good value and I use it often.,2025-12-31
R001155,C00030,P020,Essential Bag 20,2,I expected more for the price. Delivery took a little longer than expected.,2025-11-18
R001156,C00698,P030,Active Mat 30,2,I expected more for the price. The product looked slightly different online.,2025-06-06
R001157,C00906,P027,Urban Bottle 27,2,I probably would not purchase this again. Packaging was simple.,2025-10-19
R001158,C00990,P030,Active Mat 30,3,"Useful, but I am not sure I would buy it again.",2025-01-31
R001159,C00418,P006,Active Mat 06,4,Very happy with the purchase.,2025-09-25
R001160,C00977,P016,Modern Serum 16,2,Not a great fit for what I needed.,2025-06-07
R001161,C00351,P003,Urban Bottle 03,2,Did not quite meet my expectations.,2025-07-21
R001162,C00853,P024,Modern Serum 24,5,Better than I expected overall.,2025-06-17
R001163,C00026,P025,Daily Lamp 25,4,Good value and I use it often. The product looked slightly different online.,2025-07-27
R001164,C00782,P028,Essential Bag 28,4,Nice design and works reliably.,2025-10-30
R001165,C00550,P025,Daily Lamp 25,3,"It does the job, though nothing stood out.",2025-11-16
R001166,C00926,P023,Calm Cream 23,4,Better than I expected overall.,2025-04-18
R001167,C00251,P018,Pure Band 18,5,Good value and I use it often.,2025-08-13
R001168,C00087,P006,Active Mat 06,3,Pretty average for the price. Delivery took a little longer than expected.,2025-11-20
R001169,C00249,P009,Daily Lamp 09,4,Easy to use and feels well made. Packaging was simple.,2025-09-02
R001170,C00336,P023,Calm Cream 23,4,Very happy with the purchase.,2025-03-16
R001171,C00461,P021,Bright Organizer 21,1,The quality felt inconsistent.,2025-10-15
R001172,C00075,P025,Daily Lamp 25,4,Good value and I use it often.,2025-12-17
R001173,C00730,P001,Daily Lamp 01,4,Nice design and works reliably.,2025-01-21
R001174,C00560,P008,Modern Serum 08,5,Nice design and works reliably. A friend recommended it.,2025-07-20
R001175,C00106,P006,Active Mat 06,4,Good value and I use it often.,2025-03-11
R001176,C00188,P012,Essential Bag 12,3,Pretty average for the price.,2025-05-06
R001177,C00952,P007,Calm Cream 07,4,Easy to use and feels well made.,2025-10-17
R001178,C00450,P027,Urban Bottle 27,2,The quality felt inconsistent.,2025-04-03
R001179,C00381,P025,Daily Lamp 25,3,Fine overall with a few small drawbacks. A friend recommended it.,2025-12-02
R001180,C00475,P022,Active Mat 22,5,Easy to use and feels well made.,2025-01-18
R001181,C00201,P020,Essential Bag 20,3,"Useful, but I am not sure I would buy it again.",2025-06-05
R001182,C00992,P003,Urban Bottle 03,5,Good value and I use it often. A friend recommended it.,2025-06-16
R001183,C00920,P030,Active Mat 30,3,Works as expected but could be improved.,2025-04-15
R001184,C00080,P008,Modern Serum 08,4,Good value and I use it often.,2025-03-10
R001185,C00055,P008,Modern Serum 08,4,Easy to use and feels well made.,2025-09-15
R001186,C00991,P007,Calm Cream 07,3,"Useful, but I am not sure I would buy it again.",2025-09-28
R001187,C00980,P028,Essential Bag 28,4,Easy to use and feels well made. Delivery took a little longer than expected.,2025-12-29
R001188,C00522,P027,Urban Bottle 27,3,Works as expected but could be improved.,2025-11-19
R001189,C00367,P015,Calm Cream 15,3,Fine overall with a few small drawbacks.,2025-08-27
R001190,C00465,P026,Pure Band 26,3,Works as expected but could be improved.,2025-12-09
R001191,C00774,P026,Pure Band 26,4,Easy to use and feels well made. Shipping was quick.,2025-01-04
R001192,C00586,P010,Pure Band 10,4,Better than I expected overall. I bought it after seeing an ad.,2025-01-15
R001193,C00951,P017,Daily Lamp 17,4,Very happy with the purchase. Shipping was quick.,2025-10-28
R001194,C00449,P018,Pure Band 18,5,Easy to use and feels well made.,2025-12-17
R001195,C00490,P030,Active Mat 30,3,"It does the job, though nothing stood out.",2025-09-10
R001196,C00512,P009,Daily Lamp 09,3,Fine overall with a few small drawbacks.,2025-07-28
R001197,C00647,P020,Essential Bag 20,2,I probably would not purchase this again.,2025-05-03
R001198,C00038,P018,Pure Band 18,4,Nice design and works reliably.,2025-01-20
R001199,C00572,P012,Essential Bag 12,4,Good value and I use it often. I bought it after seeing an ad.,2025-11-18
R001200,C00683,P005,Bright Organizer 05,4,Nice design and works reliably.,2025-02-15
R001201,C00682,P006,Active Mat 06,3,"It does the job, though nothing stood out.",2025-08-28
R001202,C00712,P001,Daily Lamp 01,4,Easy to use and feels well made.,2025-12-03
R001203,C00570,P024,Modern Serum 24,3,Fine overall with a few small drawbacks. Delivery took a little longer than expected.,2025-03-28
R001204,C00695,P017,Daily Lamp 17,4,Very happy with the purchase.,2025-01-25
R001205,C00637,P027,Urban Bottle 27,4,Good value and I use it often.,2025-04-20
R001206,C00258,P004,Essential Bag 04,3,"It does the job, though nothing stood out.",2025-01-06
R001207,C00108,P025,Daily Lamp 25,4,Easy to use and feels well made.,2025-05-23
R001208,C00269,P029,Bright Organizer 29,3,Works as expected but could be improved.,2025-05-03
R001209,C00228,P027,Urban Bottle 27,2,Not a great fit for what I needed.,2025-04-19
R001210,C00752,P029,Bright Organizer 29,5,Easy to use and feels well made.,2025-09-22
R001211,C00780,P029,Bright Organizer 29,3,"It does the job, though nothing stood out.",2025-12-15
R001212,C00874,P025,Daily Lamp 25,3,"Useful, but I am not sure I would buy it again. Delivery took a little longer than expected.",2025-11-21
R001213,C00303,P015,Calm Cream 15,4,Easy to use and feels well made. A friend recommended it.,2025-08-15
R001214,C00349,P023,Calm Cream 23,3,Works as expected but could be improved.,2025-10-13
R001215,C00424,P028,Essential Bag 28,3,"It does the job, though nothing stood out.",2025-09-04
R001216,C00635,P002,Pure Band 02,2,I probably would not purchase this again. The product looked slightly different online.,2025-06-06
R001217,C00943,P017,Daily Lamp 17,3,Pretty average for the price.,2025-07-14
R001218,C00997,P027,Urban Bottle 27,4,Easy to use and feels well made.,2025-04-21
R001219,C00732,P017,Daily Lamp 17,2,Not a great fit for what I needed.,2025-03-08
R001220,C00110,P025,Daily Lamp 25,4,Good value and I use it often.,2025-10-13
R001221,C00634,P003,Urban Bottle 03,4,Very happy with the purchase.,2025-04-12
R001222,C00062,P014,Active Mat 14,4,Nice design and works reliably.,2025-03-22
R001223,C00414,P030,Active Mat 30,5,Good value and I use it often.,2025-03-12
R001224,C00309,P012,Essential Bag 12,5,Good value and I use it often.,2025-11-29
R001225,C00894,P020,Essential Bag 20,5,Nice design and works reliably.,2025-12-10
R001226,C00106,P018,Pure Band 18,3,Works as expected but could be improved.,2025-07-18
R001227,C00991,P006,Active Mat 06,5,Better than I expected overall.,2025-04-04
R001228,C00636,P017,Daily Lamp 17,1,I probably would not purchase this again.,2025-05-19
R001229,C00707,P018,Pure Band 18,2,Not a great fit for what I needed. Delivery took a little longer than expected.,2025-10-01
R001230,C00869,P012,Essential Bag 12,2,Not a great fit for what I needed.,2025-07-10
R001231,C00294,P024,Modern Serum 24,3,Works as expected but could be improved.,2025-07-05
R001232,C00746,P001,Daily Lamp 01,3,Works as expected but could be improved.,2025-09-17
R001233,C00056,P017,Daily Lamp 17,3,"Useful, but I am not sure I would buy it again. Packaging was simple.",2025-06-17
R001234,C00221,P020,Essential Bag 20,5,Nice design and works reliably.,2025-07-01
R001235,C00438,P029,Bright Organizer 29,4,Better than I expected overall.,2025-05-25
R001236,C00584,P010,Pure Band 10,4,Easy to use and feels well made.,2025-06-13
R001237,C00773,P018,Pure Band 18,4,Good value and I use it often.,2025-08-21
R001238,C00388,P030,Active Mat 30,5,Very happy with the purchase.,2025-06-16
R001239,C00047,P010,Pure Band 10,2,I probably would not purchase this again.,2025-07-16
R001240,C00566,P023,Calm Cream 23,4,Very happy with the purchase.,2025-02-06
R001241,C00467,P023,Calm Cream 23,4,Very happy with the purchase. I bought it after seeing an ad.,2025-12-15
R001242,C00809,P015,Calm Cream 15,3,"Useful, but I am not sure I would buy it again.",2025-10-30
R001243,C00437,P002,Pure Band 02,4,Easy to use and feels well made.,2025-12-10
R001244,C00345,P002,Pure Band 02,2,The quality felt inconsistent.,2025-08-20
R001245,C00185,P007,Calm Cream 07,4,Very happy with the purchase.,2025-12-12
R001246,C00360,P007,Calm Cream 07,4,Nice design and works reliably.,2025-03-19
R001247,C00807,P012,Essential Bag 12,3,"It does the job, though nothing stood out.",2025-10-13
R001248,C00217,P012,Essential Bag 12,5,Nice design and works reliably.,2025-06-26
R001249,C00379,P009,Daily Lamp 09,2,Did not quite meet my expectations. Delivery took a little longer than expected.,2025-02-23
R001250,C00111,P015,Calm Cream 15,2,I probably would not purchase this again.,2025-08-31
R001251,C00690,P003,Urban Bottle 03,4,Good value and I use it often.,2025-02-24
R001252,C00849,P022,Active Mat 22,4,Nice design and works reliably. A friend recommended it.,2025-10-31
R001253,C00366,P004,Essential Bag 04,3,Pretty average for the price.,2025-08-26
R001254,C00072,P005,Bright Organizer 05,3,Fine overall with a few small drawbacks.,2025-08-17
R001255,C00756,P017,Daily Lamp 17,4,Good value and I use it often.,2025-02-24
R001256,C00527,P015,Calm Cream 15,5,Good value and I use it often.,2025-05-09
R001257,C00898,P018,Pure Band 18,3,"It does the job, though nothing stood out.",2025-01-12
R001258,C00978,P005,Bright Organizer 05,4,Better than I expected overall.,2025-10-16
R001259,C00041,P010,Pure Band 10,4,Easy to use and feels well made.,2025-05-23
R001260,C00195,P027,Urban Bottle 27,4,Easy to use and feels well made.,2025-01-23
R001261,C00741,P010,Pure Band 10,3,"It does the job, though nothing stood out.",2025-09-05
R001262,C00777,P010,Pure Band 10,4,Good value and I use it often.,2025-05-10
R001263,C00272,P030,Active Mat 30,5,Very happy with the purchase.,2025-03-17
R001264,C00926,P020,Essential Bag 20,5,Very happy with the purchase. A friend recommended it.,2025-03-16
R001265,C00217,P002,Pure Band 02,3,Fine overall with a few small drawbacks.,2025-09-05
R001266,C00961,P001,Daily Lamp 01,5,Good value and I use it often.,2025-09-05
R001267,C00332,P024,Modern Serum 24,3,Works as expected but could be improved.,2025-08-03
R001268,C00655,P002,Pure Band 02,3,Works as expected but could be improved.,2025-12-10
R001269,C00606,P018,Pure Band 18,2,The quality felt inconsistent.,2025-08-14
R001270,C00059,P022,Active Mat 22,5,Better than I expected overall. Shipping was quick.,2025-07-11
R001271,C00390,P012,Essential Bag 12,5,Better than I expected overall.,2025-06-28
R001272,C00553,P009,Daily Lamp 09,4,Easy to use and feels well made.,2025-08-12
R001273,C00456,P025,Daily Lamp 25,3,Fine overall with a few small drawbacks.,2025-02-15
R001274,C00523,P030,Active Mat 30,4,Very happy with the purchase.,2025-10-21
R001275,C00865,P026,Pure Band 26,3,Fine overall with a few small drawbacks.,2025-04-19
R001276,C00151,P028,Essential Bag 28,3,Pretty average for the price.,2025-07-02
R001277,C00186,P012,Essential Bag 12,3,Fine overall with a few small drawbacks. Packaging was simple.,2025-04-01
R001278,C00733,P004,Essential Bag 04,4,Easy to use and feels well made.,2025-04-21
R001279,C00113,P003,Urban Bottle 03,2,Did not quite meet my expectations.,2025-11-04
R001280,C00358,P026,Pure Band 26,5,Better than I expected overall.,2025-10-08
R001281,C00667,P003,Urban Bottle 03,3,Works as expected but could be improved.,2025-05-29
R001282,C00705,P002,Pure Band 02,2,Not a great fit for what I needed.,2025-06-23
R001283,C00274,P006,Active Mat 06,4,Good value and I use it often.,2025-08-25
R001284,C00607,P005,Bright Organizer 05,4,Better than I expected overall.,2025-01-08
R001285,C00414,P006,Active Mat 06,3,"It does the job, though nothing stood out.",2025-10-02
R001286,C00126,P015,Calm Cream 15,4,Very happy with the purchase.,2025-11-04
R001287,C00057,P014,Active Mat 14,3,Fine overall with a few small drawbacks.,2025-01-20
R001288,C00481,P012,Essential Bag 12,5,Good value and I use it often.,2025-04-23
R001289,C00340,P013,Bright Organizer 13,4,Better than I expected overall.,2025-08-20
R001290,C00125,P030,Active Mat 30,4,Very happy with the purchase.,2025-09-20
R001291,C00267,P010,Pure Band 10,3,Fine overall with a few small drawbacks.,2025-10-30
R001292,C00629,P008,Modern Serum 08,5,Nice design and works reliably.,2025-04-03
R001293,C00764,P015,Calm Cream 15,5,Nice design and works reliably.,2025-08-31
R001294,C00560,P015,Calm Cream 15,3,Fine overall with a few small drawbacks.,2025-04-16
R001295,C00086,P023,Calm Cream 23,3,Pretty average for the price.,2025-11-07
R001296,C00710,P016,Modern Serum 16,3,"Useful, but I am not sure I would buy it again.",2025-08-03
R001297,C00574,P019,Urban Bottle 19,3,"Useful, but I am not sure I would buy it again.",2025-02-28
R001298,C00414,P020,Essential Bag 20,2,The quality felt inconsistent.,2025-03-17
R001299,C00471,P028,Essential Bag 28,3,Pretty average for the price.,2025-04-25
R001300,C00435,P002,Pure Band 02,2,The quality felt inconsistent.,2025-01-25
R001301,C00348,P012,Essential Bag 12,4,Very happy with the purchase.,2025-11-30
R001302,C00450,P022,Active Mat 22,3,Works as expected but could be improved.,2025-10-20
R001303,C00794,P003,Urban Bottle 03,2,I probably would not purchase this again.,2025-08-11
R001304,C00822,P030,Active Mat 30,4,Good value and I use it often.,2025-04-11
R001305,C00474,P010,Pure Band 10,5,Better than I expected overall.,2025-05-19
R001306,C00041,P030,Active Mat 30,3,Fine overall with a few small drawbacks.,2025-10-06
R001307,C00948,P017,Daily Lamp 17,4,Very happy with the purchase.,2025-01-02
R001308,C00333,P010,Pure Band 10,5,Better than I expected overall.,2025-06-09
R001309,C00852,P004,Essential Bag 04,2,Not a great fit for what I needed.,2025-11-03
R001310,C00951,P016,Modern Serum 16,3,Fine overall with a few small drawbacks.,2025-03-05
R001311,C00103,P022,Active Mat 22,3,Fine overall with a few small drawbacks.,2025-06-12
R001312,C00617,P020,Essential Bag 20,3,Fine overall with a few small drawbacks.,2025-12-21
R001313,C00379,P013,Bright Organizer 13,4,Better than I expected overall.,2025-10-05
R001314,C00841,P026,Pure Band 26,3,Fine overall with a few small drawbacks.,2025-06-26
R001315,C00403,P027,Urban Bottle 27,3,"It does the job, though nothing stood out. Delivery took a little longer than expected.",2025-01-31
R001316,C00561,P030,Active Mat 30,4,Nice design and works reliably.,2025-01-13
R001317,C00113,P005,Bright Organizer 05,4,Very happy with the purchase. Packaging was simple.,2025-11-30
R001318,C00076,P004,Essential Bag 04,3,Pretty average for the price.,2025-01-24
R001319,C00146,P018,Pure Band 18,3,"Useful, but I am not sure I would buy it again.",2025-11-09
R001320,C00261,P012,Essential Bag 12,3,Fine overall with a few small drawbacks.,2025-03-24
R001321,C00803,P019,Urban Bottle 19,5,Very happy with the purchase.,2025-05-26
R001322,C00645,P003,Urban Bottle 03,4,Good value and I use it often.,2025-07-24
R001323,C00736,P011,Urban Bottle 11,4,Easy to use and feels well made.,2025-06-05
R001324,C00513,P002,Pure Band 02,3,"It does the job, though nothing stood out.",2025-06-09
R001325,C00964,P005,Bright Organizer 05,3,Pretty average for the price.,2025-09-25
R001326,C00112,P003,Urban Bottle 03,3,Pretty average for the price. I bought it after seeing an ad.,2025-12-31
R001327,C00980,P016,Modern Serum 16,3,"It does the job, though nothing stood out.",2025-08-29
R001328,C00238,P023,Calm Cream 23,4,Better than I expected overall. I bought it after seeing an ad.,2025-02-25
R001329,C00174,P021,Bright Organizer 21,4,Easy to use and feels well made.,2025-06-15
R001330,C00691,P003,Urban Bottle 03,4,Nice design and works reliably.,2025-12-16
R001331,C00837,P023,Calm Cream 23,3,Works as expected but could be improved. Shipping was quick.,2025-11-07
R001332,C00756,P028,Essential Bag 28,3,"It does the job, though nothing stood out. I bought it after seeing an ad.",2025-02-19
R001333,C00771,P002,Pure Band 02,4,Good value and I use it often.,2025-02-20
R001334,C00721,P008,Modern Serum 08,3,Pretty average for the price.,2025-09-13
R001335,C00717,P019,Urban Bottle 19,4,Nice design and works reliably.,2025-10-21
R001336,C00776,P029,Bright Organizer 29,3,Works as expected but could be improved.,2025-01-23
R001337,C00161,P030,Active Mat 30,4,Better than I expected overall.,2025-07-26
R001338,C00244,P017,Daily Lamp 17,3,"It does the job, though nothing stood out.",2025-10-26
R001339,C00624,P028,Essential Bag 28,4,Easy to use and feels well made.,2025-10-08
R001340,C00666,P029,Bright Organizer 29,4,Easy to use and feels well made.,2025-09-05
R001341,C00120,P029,Bright Organizer 29,2,Not a great fit for what I needed.,2025-07-11
R001342,C00799,P014,Active Mat 14,3,Fine overall with a few small drawbacks.,2025-05-19
R001343,C00684,P029,Bright Organizer 29,3,Fine overall with a few small drawbacks. A friend recommended it.,2025-08-31
R001344,C00692,P023,Calm Cream 23,3,Works as expected but could be improved. I bought it after seeing an ad.,2025-10-12
R001345,C00375,P001,Daily Lamp 01,3,Fine overall with a few small drawbacks. I bought it after seeing an ad.,2025-07-30
R001346,C00275,P013,Bright Organizer 13,3,Works as expected but could be improved.,2025-03-21
R001347,C00351,P018,Pure Band 18,4,Very happy with the purchase. I bought it after seeing an ad.,2025-07-09
R001348,C00999,P004,Essential Bag 04,4,Very happy with the purchase. Packaging was simple.,2025-01-27
R001349,C00680,P020,Essential Bag 20,5,Good value and I use it often. The product looked slightly different online.,2025-09-30
R001350,C00585,P003,Urban Bottle 03,3,Works as expected but could be improved. A friend recommended it.,2025-09-02
R001351,C00138,P005,Bright Organizer 05,5,Nice design and works reliably.,2025-05-09
R001352,C00193,P006,Active Mat 06,5,Very happy with the purchase.,2025-08-26
R001353,C00722,P029,Bright Organizer 29,3,"It does the job, though nothing stood out.",2025-05-25
R001354,C00448,P019,Urban Bottle 19,5,Very happy with the purchase.,2025-10-29
R001355,C00543,P023,Calm Cream 23,5,Good value and I use it often.,2025-03-19
R001356,C00610,P005,Bright Organizer 05,3,Works as expected but could be improved.,2025-07-10
R001357,C00481,P013,Bright Organizer 13,4,Nice design and works reliably.,2025-01-11
R001358,C00263,P013,Bright Organizer 13,3,"It does the job, though nothing stood out.",2025-01-13
R001359,C00419,P009,Daily Lamp 09,4,Nice design and works reliably. Delivery took a little longer than expected.,2025-12-07
R001360,C00298,P002,Pure Band 02,4,Easy to use and feels well made.,2025-07-07
R001361,C00779,P011,Urban Bottle 11,4,Better than I expected overall.,2025-02-26
R001362,C00877,P016,Modern Serum 16,3,"It does the job, though nothing stood out.",2025-07-13
R001363,C00244,P025,Daily Lamp 25,3,Pretty average for the price.,2025-11-26
R001364,C00163,P012,Essential Bag 12,2,I probably would not purchase this again. The product looked slightly different online.,2025-01-26
R001365,C00921,P013,Bright Organizer 13,4,Good value and I use it often.,2025-03-26
R001366,C00450,P016,Modern Serum 16,5,Easy to use and feels well made.,2025-04-19
R001367,C00063,P004,Essential Bag 04,4,Easy to use and feels well made.,2025-11-17
R001368,C00795,P024,Modern Serum 24,5,Very happy with the purchase.,2025-10-13
R001369,C00457,P016,Modern Serum 16,3,Fine overall with a few small drawbacks.,2025-05-06
R001370,C00435,P009,Daily Lamp 09,5,Very happy with the purchase.,2025-06-22
R001371,C00922,P024,Modern Serum 24,4,Easy to use and feels well made.,2025-02-09
R001372,C00810,P001,Daily Lamp 01,2,Not a great fit for what I needed.,2025-01-29
R001373,C00741,P009,Daily Lamp 09,3,Works as expected but could be improved.,2025-08-03
R001374,C00485,P005,Bright Organizer 05,4,Easy to use and feels well made.,2025-06-01
R001375,C00644,P003,Urban Bottle 03,4,Good value and I use it often. Packaging was simple.,2025-05-05
R001376,C00836,P028,Essential Bag 28,3,"Useful, but I am not sure I would buy it again.",2025-02-01
R001377,C00805,P018,Pure Band 18,4,Nice design and works reliably.,2025-10-01
R001378,C00995,P022,Active Mat 22,4,Easy to use and feels well made.,2025-02-28
R001379,C00732,P028,Essential Bag 28,4,Good value and I use it often.,2025-05-15
R001380,C00212,P003,Urban Bottle 03,5,Better than I expected overall.,2025-04-06
R001381,C00552,P005,Bright Organizer 05,4,Good value and I use it often.,2025-03-18
R001382,C00344,P003,Urban Bottle 03,4,Good value and I use it often.,2025-07-11
R001383,C00098,P002,Pure Band 02,3,"Useful, but I am not sure I would buy it again. Delivery took a little longer than expected.",2025-04-01
R001384,C00405,P001,Daily Lamp 01,5,Nice design and works reliably.,2025-07-23
R001385,C00708,P008,Modern Serum 08,4,Easy to use and feels well made.,2025-04-21
R001386,C00945,P007,Calm Cream 07,3,"Useful, but I am not sure I would buy it again. Delivery took a little longer than expected.",2025-09-03
R001387,C00642,P026,Pure Band 26,3,Fine overall with a few small drawbacks.,2025-02-12
R001388,C00134,P005,Bright Organizer 05,3,Fine overall with a few small drawbacks.,2025-06-09
R001389,C00009,P020,Essential Bag 20,4,Better than I expected overall. I bought it after seeing an ad.,2025-07-18
R001390,C00927,P014,Active Mat 14,3,Pretty average for the price.,2025-03-13
R001391,C00315,P023,Calm Cream 23,3,"Useful, but I am not sure I would buy it again.",2025-08-26
R001392,C00324,P005,Bright Organizer 05,2,Not a great fit for what I needed.,2025-08-10
R001393,C00688,P010,Pure Band 10,3,"Useful, but I am not sure I would buy it again.",2025-11-03
R001394,C00093,P019,Urban Bottle 19,4,Nice design and works reliably.,2025-03-05
R001395,C00253,P014,Active Mat 14,3,"Useful, but I am not sure I would buy it again.",2025-08-09
R001396,C00800,P014,Active Mat 14,4,Better than I expected overall.,2025-03-23
R001397,C00835,P009,Daily Lamp 09,4,Very happy with the purchase.,2025-03-02
R001398,C00406,P028,Essential Bag 28,3,Pretty average for the price. I bought it after seeing an ad.,2025-09-27
R001399,C00523,P018,Pure Band 18,4,Better than I expected overall. I bought it after seeing an ad.,2025-05-11
R001400,C00799,P018,Pure Band 18,3,Pretty average for the price. A friend recommended it.,2025-10-07
R001401,C00557,P026,Pure Band 26,3,"It does the job, though nothing stood out.",2025-12-26
R001402,C00685,P030,Active Mat 30,3,Fine overall with a few small drawbacks.,2025-02-02
R001403,C00747,P006,Active Mat 06,4,Better than I expected overall.,2025-02-17
R001404,C00032,P020,Essential Bag 20,2,Did not quite meet my expectations.,2025-12-04
R001405,C00627,P006,Active Mat 06,3,Pretty average for the price. The product looked slightly different online.,2025-10-06
R001406,C00958,P014,Active Mat 14,4,Nice design and works reliably.,2025-07-24
R001407,C00684,P016,Modern Serum 16,3,Works as expected but could be improved.,2025-10-13
R001408,C00934,P005,Bright Organizer 05,2,Did not quite meet my expectations.,2025-04-15
R001409,C00985,P003,Urban Bottle 03,4,Better than I expected overall.,2025-12-06
R001410,C00278,P027,Urban Bottle 27,3,"Useful, but I am not sure I would buy it again.",2025-05-21
R001411,C00301,P001,Daily Lamp 01,5,Easy to use and feels well made.,2025-08-23
R001412,C00753,P004,Essential Bag 04,2,I expected more for the price.,2025-03-31
R001413,C00914,P024,Modern Serum 24,5,Better than I expected overall.,2025-08-20
R001414,C00127,P006,Active Mat 06,3,"Useful, but I am not sure I would buy it again.",2025-04-08
R001415,C00073,P018,Pure Band 18,4,Very happy with the purchase.,2025-07-26
R001416,C00499,P028,Essential Bag 28,3,Pretty average for the price.,2025-07-06
R001417,C00616,P023,Calm Cream 23,2,Did not quite meet my expectations. A friend recommended it.,2025-12-16
R001418,C00369,P004,Essential Bag 04,3,Works as expected but could be improved. Delivery took a little longer than expected.,2025-05-12
R001419,C00833,P025,Daily Lamp 25,5,Nice design and works reliably.,2025-02-25
R001420,C00020,P026,Pure Band 26,4,Very happy with the purchase.,2025-02-13
R001421,C00818,P019,Urban Bottle 19,4,Nice design and works reliably.,2025-07-31
R001422,C00437,P003,Urban Bottle 03,4,Easy to use and feels well made. Delivery took a little longer than expected.,2025-03-28
R001423,C00462,P008,Modern Serum 08,3,Works as expected but could be improved.,2025-02-28
R001424,C00770,P018,Pure Band 18,2,Not a great fit for what I needed.,2025-05-16
R001425,C00073,P002,Pure Band 02,3,"It does the job, though nothing stood out.",2025-02-10
R001426,C00768,P030,Active Mat 30,3,Works as expected but could be improved.,2025-06-20
R001427,C00495,P002,Pure Band 02,4,Better than I expected overall.,2025-02-28
R001428,C00594,P011,Urban Bottle 11,4,Good value and I use it often.,2025-02-02
R001429,C00943,P023,Calm Cream 23,3,"Useful, but I am not sure I would buy it again. The product looked slightly different online.",2025-03-25
R001430,C00027,P004,Essential Bag 04,3,"It does the job, though nothing stood out.",2025-11-21
R001431,C00706,P011,Urban Bottle 11,4,Easy to use and feels well made.,2025-10-19
R001432,C00453,P025,Daily Lamp 25,3,"Useful, but I am not sure I would buy it again.",2025-10-10
R001433,C00265,P019,Urban Bottle 19,4,Better than I expected overall.,2025-07-01
R001434,C00353,P022,Active Mat 22,4,Better than I expected overall.,2025-03-05
R001435,C00761,P017,Daily Lamp 17,4,Very happy with the purchase.,2025-04-24
R001436,C00739,P017,Daily Lamp 17,3,Works as expected but could be improved.,2025-07-18
R001437,C00644,P008,Modern Serum 08,5,Very happy with the purchase.,2025-04-28
R001438,C00080,P014,Active Mat 14,4,Better than I expected overall.,2025-06-07
R001439,C00111,P019,Urban Bottle 19,4,Better than I expected overall. The product looked slightly different online.,2025-06-20
R001440,C00203,P024,Modern Serum 24,4,Nice design and works reliably.,2025-06-29
R001441,C00959,P024,Modern Serum 24,4,Easy to use and feels well made.,2025-03-09
R001442,C00904,P028,Essential Bag 28,3,Fine overall with a few small drawbacks. Delivery took a little longer than expected.,2025-12-29
R001443,C00439,P002,Pure Band 02,2,Did not quite meet my expectations.,2025-09-02
R001444,C00862,P023,Calm Cream 23,4,Very happy with the purchase.,2025-04-15
R001445,C00631,P026,Pure Band 26,3,"Useful, but I am not sure I would buy it again.",2025-11-28
R001446,C00888,P011,Urban Bottle 11,4,Better than I expected overall.,2025-06-24
R001447,C00508,P008,Modern Serum 08,4,Good value and I use it often.,2025-05-17
R001448,C00513,P024,Modern Serum 24,3,Works as expected but could be improved. A friend recommended it.,2025-09-03
R001449,C00183,P028,Essential Bag 28,5,Better than I expected overall.,2025-09-11
R001450,C00953,P005,Bright Organizer 05,4,Nice design and works reliably.,2025-04-14
R001451,C00041,P010,Pure Band 10,1,Not a great fit for what I needed.,2025-02-16
R001452,C00669,P026,Pure Band 26,4,Good value and I use it often.,2025-03-22
R001453,C00444,P003,Urban Bottle 03,4,Easy to use and feels well made. A friend recommended it.,2025-09-24
R001454,C00673,P029,Bright Organizer 29,4,Better than I expected overall.,2025-12-18
R001455,C00961,P006,Active Mat 06,3,Fine overall with a few small drawbacks.,2025-04-03
R001456,C00155,P004,Essential Bag 04,3,Fine overall with a few small drawbacks.,2025-05-31
R001457,C00149,P013,Bright Organizer 13,3,"It does the job, though nothing stood out.",2025-05-13
R001458,C00434,P021,Bright Organizer 21,2,Not a great fit for what I needed.,2025-01-14
R001459,C00866,P026,Pure Band 26,4,Good value and I use it often. Shipping was quick.,2025-09-21
R001460,C00448,P001,Daily Lamp 01,3,Fine overall with a few small drawbacks.,2025-02-10
R001461,C00989,P023,Calm Cream 23,3,"It does the job, though nothing stood out.",2025-04-08
R001462,C00482,P016,Modern Serum 16,4,Nice design and works reliably.,2025-06-29
R001463,C00715,P016,Modern Serum 16,2,I expected more for the price.,2025-10-26
R001464,C00831,P020,Essential Bag 20,3,"It does the job, though nothing stood out.",2025-09-25
R001465,C00674,P027,Urban Bottle 27,4,Good value and I use it often.,2025-10-26
R001466,C00412,P007,Calm Cream 07,4,Good value and I use it often.,2025-07-10
R001467,C00234,P007,Calm Cream 07,2,Not a great fit for what I needed.,2025-06-19
R001468,C00355,P001,Daily Lamp 01,4,Better than I expected overall.,2025-10-03
R001469,C00010,P027,Urban Bottle 27,4,Nice design and works reliably.,2025-05-18
R001470,C00109,P002,Pure Band 02,2,The quality felt inconsistent. Shipping was quick.,2025-07-27
R001471,C00002,P002,Pure Band 02,3,Works as expected but could be improved.,2025-12-15
R001472,C00643,P030,Active Mat 30,4,Good value and I use it often.,2025-10-19
R001473,C00397,P022,Active Mat 22,3,Fine overall with a few small drawbacks.,2025-01-21
R001474,C00713,P023,Calm Cream 23,4,Better than I expected overall.,2025-02-06
R001475,C00045,P012,Essential Bag 12,4,Better than I expected overall.,2025-02-27
R001476,C00680,P016,Modern Serum 16,3,Works as expected but could be improved.,2025-10-07
R001477,C00668,P009,Daily Lamp 09,4,Easy to use and feels well made.,2025-03-06
R001478,C00329,P004,Essential Bag 04,4,Easy to use and feels well made. Delivery took a little longer than expected.,2025-04-11
R001479,C00847,P024,Modern Serum 24,4,Good value and I use it often.,2025-02-16
R001480,C00385,P011,Urban Bottle 11,3,"Useful, but I am not sure I would buy it again.",2025-12-13
R001481,C00833,P006,Active Mat 06,4,Better than I expected overall. I bought it after seeing an ad.,2025-07-04
R001482,C00712,P024,Modern Serum 24,4,Very happy with the purchase.,2025-07-02
R001483,C00399,P005,Bright Organizer 05,4,Very happy with the purchase.,2025-10-24
R001484,C00675,P003,Urban Bottle 03,5,Better than I expected overall. The product looked slightly different online.,2025-08-23
R001485,C00689,P027,Urban Bottle 27,2,The quality felt inconsistent.,2025-04-03
R001486,C00136,P008,Modern Serum 08,4,Better than I expected overall. I bought it after seeing an ad.,2025-10-06
R001487,C00844,P021,Bright Organizer 21,3,"It does the job, though nothing stood out.",2025-02-11
R001488,C00741,P017,Daily Lamp 17,4,Better than I expected overall.,2025-09-23
R001489,C00994,P013,Bright Organizer 13,4,Good value and I use it often.,2025-12-07
R001490,C00671,P026,Pure Band 26,4,Easy to use and feels well made.,2025-11-08
R001491,C00013,P024,Modern Serum 24,5,Better than I expected overall. Shipping was quick.,2025-08-01
R001492,C00871,P011,Urban Bottle 11,3,Fine overall with a few small drawbacks.,2025-07-14
R001493,C00989,P010,Pure Band 10,4,Better than I expected overall. Delivery took a little longer than expected.,2025-10-29
R001494,C00446,P005,Bright Organizer 05,4,Very happy with the purchase.,2025-11-08
R001495,C00703,P023,Calm Cream 23,4,Good value and I use it often.,2025-11-17
R001496,C00526,P009,Daily Lamp 09,4,Very happy with the purchase.,2025-08-10
R001497,C00358,P026,Pure Band 26,3,Fine overall with a few small drawbacks.,2025-05-03
R001498,C00350,P017,Daily Lamp 17,4,Nice design and works reliably.,2025-03-29
R001499,C00442,P029,Bright Organizer 29,4,Nice design and works reliably.,2025-03-04
R001500,C00900,P004,Essential Bag 04,3,Works as expected but could be improved.,2025-06-18
R001501,C00375,P023,Calm Cream 23,5,Very happy with the purchase.,2025-01-02
R001502,C00059,P028,Essential Bag 28,3,Pretty average for the price.,2025-10-12
R001503,C00929,P016,Modern Serum 16,4,Nice design and works reliably.,2025-05-27
R001504,C00721,P012,Essential Bag 12,4,Better than I expected overall.,2025-11-19
R001505,C00035,P011,Urban Bottle 11,4,Easy to use and feels well made.,2025-01-23
R001506,C00685,P028,Essential Bag 28,3,Pretty average for the price.,2025-09-26
R001507,C00915,P017,Daily Lamp 17,4,Very happy with the purchase.,2025-06-20
R001508,C00656,P028,Essential Bag 28,3,"It does the job, though nothing stood out.",2025-11-08
R001509,C00837,P019,Urban Bottle 19,5,Better than I expected overall.,2025-09-20
R001510,C00030,P029,Bright Organizer 29,4,Good value and I use it often.,2025-04-14
R001511,C00025,P026,Pure Band 26,5,Good value and I use it often. The product looked slightly different online.,2025-04-16
R001512,C00823,P021,Bright Organizer 21,4,Better than I expected overall.,2025-11-26
R001513,C00190,P007,Calm Cream 07,3,Works as expected but could be improved.,2025-11-22
R001514,C00483,P028,Essential Bag 28,5,Good value and I use it often.,2025-07-31
R001515,C00337,P020,Essential Bag 20,2,Not a great fit for what I needed.,2025-01-26
R001516,C00193,P023,Calm Cream 23,4,Better than I expected overall.,2025-07-23
R001517,C00501,P014,Active Mat 14,4,Easy to use and feels well made.,2025-07-31
R001518,C00573,P008,Modern Serum 08,4,Very happy with the purchase.,2025-04-07
R001519,C00953,P018,Pure Band 18,2,The quality felt inconsistent.,2025-02-13
R001520,C00510,P011,Urban Bottle 11,4,Nice design and works reliably. Shipping was quick.,2025-05-12
R001521,C00144,P010,Pure Band 10,5,Better than I expected overall.,2025-01-10
R001522,C00651,P016,Modern Serum 16,3,"It does the job, though nothing stood out.",2025-05-26
R001523,C00737,P008,Modern Serum 08,4,Very happy with the purchase.,2025-11-14
R001524,C00820,P022,Active Mat 22,4,Easy to use and feels well made. A friend recommended it.,2025-05-12
R001525,C00473,P009,Daily Lamp 09,3,"Useful, but I am not sure I would buy it again.",2025-11-11
R001526,C00626,P030,Active Mat 30,4,Better than I expected overall.,2025-03-06
R001527,C00229,P023,Calm Cream 23,4,Easy to use and feels well made. I bought it after seeing an ad.,2025-06-12
R001528,C00114,P028,Essential Bag 28,2,Not a great fit for what I needed.,2025-12-03
R001529,C00283,P001,Daily Lamp 01,3,Pretty average for the price.,2025-10-15
R001530,C00639,P030,Active Mat 30,3,Pretty average for the price.,2025-10-08
R001531,C00864,P002,Pure Band 02,2,The quality felt inconsistent. A friend recommended it.,2025-12-15
R001532,C00199,P016,Modern Serum 16,4,Easy to use and feels well made. The product looked slightly different online.,2025-06-10
R001533,C00450,P020,Essential Bag 20,4,Easy to use and feels well made.,2025-04-09
R001534,C00523,P002,Pure Band 02,3,"Useful, but I am not sure I would buy it again.",2025-08-23
R001535,C00852,P016,Modern Serum 16,3,"It does the job, though nothing stood out. A friend recommended it.",2025-10-14
R001536,C00108,P015,Calm Cream 15,2,I expected more for the price.,2025-11-29
R001537,C00505,P009,Daily Lamp 09,4,Easy to use and feels well made.,2025-04-06
R001538,C00101,P011,Urban Bottle 11,2,I probably would not purchase this again.,2025-01-01
R001539,C00971,P029,Bright Organizer 29,4,Easy to use and feels well made.,2025-02-25
R001540,C00660,P024,Modern Serum 24,3,Works as expected but could be improved. Shipping was quick.,2025-05-26
R001541,C00627,P029,Bright Organizer 29,5,Easy to use and feels well made.,2025-07-26
R001542,C00523,P029,Bright Organizer 29,5,Very happy with the purchase.,2025-03-30
R001543,C00122,P026,Pure Band 26,3,Fine overall with a few small drawbacks. I bought it after seeing an ad.,2025-10-15
R001544,C00874,P002,Pure Band 02,3,Pretty average for the price.,2025-01-29
R001545,C00143,P013,Bright Organizer 13,3,"It does the job, though nothing stood out.",2025-12-07
R001546,C00175,P025,Daily Lamp 25,3,"It does the job, though nothing stood out.",2025-05-13
R001547,C00813,P003,Urban Bottle 03,5,Good value and I use it often.,2025-11-23
R001548,C00602,P022,Active Mat 22,4,Good value and I use it often.,2025-08-02
R001549,C00717,P029,Bright Organizer 29,4,Good value and I use it often.,2025-06-22
R001550,C00020,P012,Essential Bag 12,5,Very happy with the purchase.,2025-10-05
R001551,C00073,P019,Urban Bottle 19,5,Good value and I use it often. Delivery took a little longer than expected.,2025-04-30
R001552,C00366,P005,Bright Organizer 05,5,Easy to use and feels well made.,2025-08-20
R001553,C00262,P023,Calm Cream 23,3,"It does the job, though nothing stood out.",2025-10-01
R001554,C00216,P016,Modern Serum 16,3,Pretty average for the price.,2025-01-04
R001555,C00907,P011,Urban Bottle 11,5,Better than I expected overall.,2025-05-20
R001556,C00798,P024,Modern Serum 24,3,"Useful, but I am not sure I would buy it again.",2025-11-24
R001557,C00326,P017,Daily Lamp 17,3,"Useful, but I am not sure I would buy it again.",2025-06-05
R001558,C00025,P015,Calm Cream 15,4,Good value and I use it often. Delivery took a little longer than expected.,2025-12-28
R001559,C00256,P027,Urban Bottle 27,2,The quality felt inconsistent.,2025-02-25
R001560,C00528,P009,Daily Lamp 09,2,The quality felt inconsistent.,2025-10-03
R001561,C00974,P015,Calm Cream 15,3,"Useful, but I am not sure I would buy it again.",2025-06-22
R001562,C00852,P030,Active Mat 30,4,Very happy with the purchase. Packaging was simple.,2025-01-03
R001563,C00809,P012,Essential Bag 12,4,Good value and I use it often.,2025-04-30
R001564,C00419,P030,Active Mat 30,4,Good value and I use it often.,2025-10-31
R001565,C00010,P004,Essential Bag 04,3,"Useful, but I am not sure I would buy it again.",2025-08-17
R001566,C00870,P019,Urban Bottle 19,4,Very happy with the purchase. Delivery took a little longer than expected.,2025-06-13
R001567,C00558,P023,Calm Cream 23,5,Nice design and works reliably.,2025-12-16
R001568,C00073,P023,Calm Cream 23,5,Easy to use and feels well made.,2025-08-27
R001569,C00161,P023,Calm Cream 23,5,Very happy with the purchase.,2025-01-13
R001570,C00611,P009,Daily Lamp 09,3,Pretty average for the price. The product looked slightly different online.,2025-07-27
R001571,C00075,P018,Pure Band 18,2,I expected more for the price.,2025-11-01
R001572,C00788,P008,Modern Serum 08,4,Easy to use and feels well made.,2025-05-22
R001573,C00444,P024,Modern Serum 24,4,Very happy with the purchase. Packaging was simple.,2025-02-01
R001574,C00022,P011,Urban Bottle 11,4,Good value and I use it often.,2025-03-03
R001575,C00617,P016,Modern Serum 16,4,Very happy with the purchase.,2025-01-31
R001576,C00805,P028,Essential Bag 28,3,Pretty average for the price.,2025-05-16
R001577,C00139,P009,Daily Lamp 09,2,The quality felt inconsistent.,2025-09-28
R001578,C00219,P002,Pure Band 02,3,Pretty average for the price.,2025-01-22
R001579,C00131,P011,Urban Bottle 11,4,Very happy with the purchase.,2025-12-12
R001580,C00015,P006,Active Mat 06,4,Better than I expected overall.,2025-03-23
R001581,C00683,P026,Pure Band 26,4,Very happy with the purchase.,2025-07-08
R001582,C00534,P002,Pure Band 02,4,Better than I expected overall.,2025-10-05
R001583,C00920,P001,Daily Lamp 01,5,Very happy with the purchase.,2025-03-25
R001584,C00176,P003,Urban Bottle 03,4,Nice design and works reliably.,2025-02-04
R001585,C00274,P015,Calm Cream 15,4,Better than I expected overall.,2025-03-02
R001586,C00537,P007,Calm Cream 07,2,I probably would not purchase this again.,2025-11-22
R001587,C00628,P021,Bright Organizer 21,2,Did not quite meet my expectations.,2025-04-19
R001588,C00417,P020,Essential Bag 20,2,I probably would not purchase this again.,2025-02-15
R001589,C00011,P003,Urban Bottle 03,4,Easy to use and feels well made.,2025-11-25
R001590,C00985,P009,Daily Lamp 09,4,Very happy with the purchase.,2025-11-01
R001591,C00008,P021,Bright Organizer 21,2,I probably would not purchase this again.,2025-07-30
R001592,C00517,P027,Urban Bottle 27,4,Very happy with the purchase. The product looked slightly different online.,2025-05-13
R001593,C00400,P004,Essential Bag 04,3,Fine overall with a few small drawbacks.,2025-06-08
R001594,C00836,P003,Urban Bottle 03,3,Fine overall with a few small drawbacks.,2025-04-18
R001595,C00061,P004,Essential Bag 04,3,Fine overall with a few small drawbacks.,2025-07-24
R001596,C00226,P024,Modern Serum 24,5,Nice design and works reliably. The product looked slightly different online.,2025-04-10
R001597,C00560,P009,Daily Lamp 09,2,I probably would not purchase this again.,2025-11-24
R001598,C00381,P017,Daily Lamp 17,3,"Useful, but I am not sure I would buy it again.",2025-09-08
R001599,C00540,P010,Pure Band 10,4,Easy to use and feels well made.,2025-03-03
R001600,C00749,P012,Essential Bag 12,3,Pretty average for the price.,2025-02-24
R001601,C00780,P029,Bright Organizer 29,5,Very happy with the purchase.,2025-10-15
R001602,C00774,P014,Active Mat 14,3,"Useful, but I am not sure I would buy it again.",2025-01-13
R001603,C00794,P009,Daily Lamp 09,4,Better than I expected overall.,2025-01-10
R001604,C00604,P003,Urban Bottle 03,3,Pretty average for the price. Delivery took a little longer than expected.,2025-05-08
R001605,C00275,P014,Active Mat 14,4,Nice design and works reliably.,2025-03-26
R001606,C00070,P010,Pure Band 10,4,Nice design and works reliably. A friend recommended it.,2025-08-25
R001607,C00296,P030,Active Mat 30,3,Fine overall with a few small drawbacks.,2025-04-24
R001608,C00806,P018,Pure Band 18,4,Easy to use and feels well made.,2025-11-18
R001609,C00992,P026,Pure Band 26,3,Fine overall with a few small drawbacks.,2025-11-15
R001610,C00875,P019,Urban Bottle 19,3,Fine overall with a few small drawbacks.,2025-08-14
R001611,C00243,P009,Daily Lamp 09,3,"Useful, but I am not sure I would buy it again.",2025-09-09
R001612,C00461,P018,Pure Band 18,3,Fine overall with a few small drawbacks.,2025-01-26
R001613,C00632,P026,Pure Band 26,4,Good value and I use it often.,2025-09-13
R001614,C00852,P001,Daily Lamp 01,2,I probably would not purchase this again. A friend recommended it.,2025-07-23
R001615,C00246,P026,Pure Band 26,4,Better than I expected overall.,2025-08-11
R001616,C00963,P014,Active Mat 14,4,Nice design and works reliably.,2025-11-08
R001617,C00639,P015,Calm Cream 15,2,I expected more for the price.,2025-08-22
R001618,C00047,P012,Essential Bag 12,2,Did not quite meet my expectations. Delivery took a little longer than expected.,2025-12-04
R001619,C00955,P003,Urban Bottle 03,3,"Useful, but I am not sure I would buy it again. The product looked slightly different online.",2025-12-13
R001620,C00835,P003,Urban Bottle 03,3,"It does the job, though nothing stood out.",2025-01-19
R001621,C00992,P005,Bright Organizer 05,2,The quality felt inconsistent.,2025-11-25
R001622,C00226,P012,Essential Bag 12,5,Better than I expected overall.,2025-11-10
R001623,C00183,P017,Daily Lamp 17,2,Not a great fit for what I needed.,2025-11-26
R001624,C00582,P023,Calm Cream 23,4,Nice design and works reliably.,2025-08-06
R001625,C00588,P026,Pure Band 26,3,Pretty average for the price.,2025-02-02
R001626,C00984,P023,Calm Cream 23,5,Better than I expected overall.,2025-08-19
R001627,C00996,P009,Daily Lamp 09,1,The quality felt inconsistent.,2025-03-25
R001628,C00966,P002,Pure Band 02,3,Fine overall with a few small drawbacks.,2025-10-07
R001629,C00985,P029,Bright Organizer 29,4,Very happy with the purchase.,2025-07-23
R001630,C00170,P026,Pure Band 26,4,Better than I expected overall.,2025-04-09
R001631,C00466,P018,Pure Band 18,4,Very happy with the purchase.,2025-08-17
R001632,C00155,P010,Pure Band 10,5,Good value and I use it often.,2025-10-26
R001633,C00720,P015,Calm Cream 15,2,I probably would not purchase this again.,2025-07-31
R001634,C00725,P016,Modern Serum 16,3,"It does the job, though nothing stood out.",2025-11-21
R001635,C00216,P015,Calm Cream 15,3,Fine overall with a few small drawbacks.,2025-09-15
R001636,C00936,P007,Calm Cream 07,4,Good value and I use it often.,2025-01-01
R001637,C00954,P012,Essential Bag 12,3,Pretty average for the price. Shipping was quick.,2025-08-31
R001638,C00399,P003,Urban Bottle 03,2,I probably would not purchase this again. A friend recommended it.,2025-11-28
R001639,C00945,P030,Active Mat 30,5,Good value and I use it often.,2025-11-02
R001640,C00537,P019,Urban Bottle 19,4,Good value and I use it often. Packaging was simple.,2025-09-10
R001641,C00922,P029,Bright Organizer 29,4,Nice design and works reliably.,2025-12-29
R001642,C00757,P030,Active Mat 30,4,Easy to use and feels well made. A friend recommended it.,2025-08-05
R001643,C00381,P005,Bright Organizer 05,4,Good value and I use it often.,2025-11-16
R001644,C00684,P010,Pure Band 10,5,Nice design and works reliably.,2025-06-13
R001645,C00920,P009,Daily Lamp 09,4,Nice design and works reliably.,2025-10-04
R001646,C00176,P007,Calm Cream 07,4,Good value and I use it often. Packaging was simple.,2025-08-20
R001647,C00584,P007,Calm Cream 07,3,"Useful, but I am not sure I would buy it again. I bought it after seeing an ad.",2025-06-18
R001648,C00400,P028,Essential Bag 28,4,Very happy with the purchase.,2025-08-31
R001649,C00705,P004,Essential Bag 04,2,The quality felt inconsistent.,2025-05-04
R001650,C00695,P016,Modern Serum 16,2,I expected more for the price.,2025-07-07
R001651,C00435,P012,Essential Bag 12,5,Very happy with the purchase.,2025-09-22
R001652,C00176,P023,Calm Cream 23,4,Very happy with the purchase.,2025-01-01
R001653,C00465,P027,Urban Bottle 27,4,Better than I expected overall.,2025-04-03
R001654,C00976,P017,Daily Lamp 17,3,Pretty average for the price.,2025-06-24
R001655,C00264,P006,Active Mat 06,3,Works as expected but could be improved.,2025-08-23
R001656,C00522,P020,Essential Bag 20,4,Easy to use and feels well made.,2025-02-02
R001657,C00478,P005,Bright Organizer 05,3,Fine overall with a few small drawbacks.,2025-12-01
R001658,C00699,P027,Urban Bottle 27,2,Not a great fit for what I needed.,2025-05-12
R001659,C00333,P018,Pure Band 18,3,"It does the job, though nothing stood out.",2025-06-14
R001660,C00003,P013,Bright Organizer 13,4,Very happy with the purchase.,2025-08-02
R001661,C00945,P019,Urban Bottle 19,4,Good value and I use it often. I bought it after seeing an ad.,2025-08-13
R001662,C00365,P028,Essential Bag 28,5,Very happy with the purchase.,2025-10-17
R001663,C00680,P023,Calm Cream 23,4,Easy to use and feels well made.,2025-11-08
R001664,C00628,P020,Essential Bag 20,3,"It does the job, though nothing stood out.",2025-05-07
R001665,C00756,P011,Urban Bottle 11,5,Easy to use and feels well made.,2025-05-06
R001666,C00086,P013,Bright Organizer 13,3,"Useful, but I am not sure I would buy it again. Packaging was simple.",2025-07-30
R001667,C00952,P009,Daily Lamp 09,4,Better than I expected overall.,2025-04-30
R001668,C00467,P009,Daily Lamp 09,4,Very happy with the purchase.,2025-11-15
R001669,C00530,P002,Pure Band 02,3,Pretty average for the price.,2025-05-30
R001670,C00276,P023,Calm Cream 23,3,"It does the job, though nothing stood out.",2025-04-23
R001671,C00205,P010,Pure Band 10,4,Better than I expected overall.,2025-01-08
R001672,C00361,P027,Urban Bottle 27,4,Better than I expected overall.,2025-10-21
R001673,C00105,P005,Bright Organizer 05,5,Better than I expected overall.,2025-09-14
R001674,C00202,P001,Daily Lamp 01,4,Better than I expected overall.,2025-12-13
R001675,C00999,P002,Pure Band 02,2,I expected more for the price.,2025-01-16
R001676,C00953,P008,Modern Serum 08,3,"Useful, but I am not sure I would buy it again.",2025-02-15
R001677,C00378,P025,Daily Lamp 25,2,I expected more for the price.,2025-04-24
R001678,C00277,P024,Modern Serum 24,3,Pretty average for the price.,2025-01-09
R001679,C00476,P027,Urban Bottle 27,4,Good value and I use it often.,2025-01-14
R001680,C00951,P026,Pure Band 26,3,Fine overall with a few small drawbacks.,2025-07-03
R001681,C00499,P023,Calm Cream 23,4,Very happy with the purchase.,2025-03-20
R001682,C00344,P030,Active Mat 30,3,"Useful, but I am not sure I would buy it again.",2025-02-05
R001683,C00176,P028,Essential Bag 28,5,Very happy with the purchase.,2025-04-30
R001684,C00646,P010,Pure Band 10,5,Very happy with the purchase.,2025-07-07
R001685,C00267,P029,Bright Organizer 29,3,Works as expected but could be improved.,2025-04-07
R001686,C00477,P010,Pure Band 10,3,Works as expected but could be improved.,2025-10-31
R001687,C00927,P017,Daily Lamp 17,4,Very happy with the purchase.,2025-06-10
R001688,C00905,P004,Essential Bag 04,2,I probably would not purchase this again.,2025-03-20
R001689,C00783,P006,Active Mat 06,4,Nice design and works reliably.,2025-03-10
R001690,C00391,P029,Bright Organizer 29,3,Fine overall with a few small drawbacks.,2025-08-30
R001691,C00379,P019,Urban Bottle 19,4,Easy to use and feels well made.,2025-10-06
R001692,C00817,P014,Active Mat 14,3,Works as expected but could be improved.,2025-07-15
R001693,C00613,P027,Urban Bottle 27,2,I expected more for the price. Packaging was simple.,2025-12-31
R001694,C00027,P026,Pure Band 26,3,"Useful, but I am not sure I would buy it again. The product looked slightly different online.",2025-04-19
R001695,C00226,P024,Modern Serum 24,3,Works as expected but could be improved.,2025-09-27
R001696,C00602,P023,Calm Cream 23,4,Easy to use and feels well made. Packaging was simple.,2025-05-14
R001697,C00376,P020,Essential Bag 20,2,The quality felt inconsistent.,2025-09-29
R001698,C00673,P015,Calm Cream 15,2,Did not quite meet my expectations.,2025-01-04
R001699,C00611,P017,Daily Lamp 17,4,Easy to use and feels well made. I bought it after seeing an ad.,2025-03-18
R001700,C00325,P001,Daily Lamp 01,4,Good value and I use it often.,2025-07-15
R001701,C00414,P008,Modern Serum 08,4,Very happy with the purchase. I bought it after seeing an ad.,2025-10-22
R001702,C00601,P021,Bright Organizer 21,2,Did not quite meet my expectations.,2025-06-24
R001703,C00469,P015,Calm Cream 15,3,Works as expected but could be improved.,2025-05-06
R001704,C00064,P027,Urban Bottle 27,4,Nice design and works reliably.,2025-01-10
R001705,C00917,P008,Modern Serum 08,4,Very happy with the purchase.,2025-04-15
R001706,C00272,P028,Essential Bag 28,4,Good value and I use it often. The product looked slightly different online.,2025-07-07
R001707,C00754,P013,Bright Organizer 13,3,"It does the job, though nothing stood out.",2025-11-23
R001708,C00528,P011,Urban Bottle 11,4,Easy to use and feels well made.,2025-11-13
R001709,C00069,P007,Calm Cream 07,3,Works as expected but could be improved.,2025-10-15
R001710,C00568,P012,Essential Bag 12,5,Good value and I use it often.,2025-08-09
R001711,C00870,P016,Modern Serum 16,4,Very happy with the purchase.,2025-04-23
R001712,C00792,P007,Calm Cream 07,1,Did not quite meet my expectations.,2025-04-29
R001713,C00874,P025,Daily Lamp 25,3,Works as expected but could be improved.,2025-05-27
R001714,C00825,P010,Pure Band 10,3,"It does the job, though nothing stood out.",2025-09-22
R001715,C00146,P006,Active Mat 06,3,Pretty average for the price.,2025-11-23
R001716,C00966,P018,Pure Band 18,3,Pretty average for the price. The product looked slightly different online.,2025-11-03
R001717,C00428,P023,Calm Cream 23,4,Very happy with the purchase.,2025-12-02
R001718,C00037,P007,Calm Cream 07,3,Pretty average for the price. Packaging was simple.,2025-03-25
R001719,C00816,P027,Urban Bottle 27,5,Nice design and works reliably.,2025-06-20
R001720,C00612,P016,Modern Serum 16,2,Not a great fit for what I needed.,2025-12-10
R001721,C00681,P004,Essential Bag 04,2,I probably would not purchase this again.,2025-05-03
R001722,C00683,P002,Pure Band 02,2,I expected more for the price. Shipping was quick.,2025-06-16
R001723,C00123,P027,Urban Bottle 27,4,Better than I expected overall.,2025-09-16
R001724,C00090,P026,Pure Band 26,4,Very happy with the purchase.,2025-07-02
R001725,C00053,P012,Essential Bag 12,4,Better than I expected overall.,2025-08-25
R001726,C00376,P005,Bright Organizer 05,3,Works as expected but could be improved. The product looked slightly different online.,2025-10-26
R001727,C00120,P017,Daily Lamp 17,3,"Useful, but I am not sure I would buy it again.",2025-07-10
R001728,C00049,P028,Essential Bag 28,4,Very happy with the purchase.,2025-11-13
R001729,C00965,P013,Bright Organizer 13,4,Very happy with the purchase.,2025-07-11
R001730,C00262,P004,Essential Bag 04,3,Fine overall with a few small drawbacks.,2025-08-21
R001731,C00154,P002,Pure Band 02,4,Better than I expected overall.,2025-09-18
R001732,C00321,P020,Essential Bag 20,4,Better than I expected overall.,2025-05-23
R001733,C00442,P006,Active Mat 06,4,Nice design and works reliably.,2025-12-02
R001734,C00167,P007,Calm Cream 07,2,Not a great fit for what I needed. A friend recommended it.,2025-01-13
R001735,C00952,P029,Bright Organizer 29,3,Fine overall with a few small drawbacks.,2025-11-28
R001736,C00440,P002,Pure Band 02,4,Very happy with the purchase.,2025-09-15
R001737,C00850,P007,Calm Cream 07,3,Works as expected but could be improved.,2025-03-01
R001738,C00014,P014,Active Mat 14,5,Good value and I use it often.,2025-09-27
R001739,C00850,P017,Daily Lamp 17,3,"It does the job, though nothing stood out. A friend recommended it.",2025-02-11
R001740,C00770,P022,Active Mat 22,4,Nice design and works reliably.,2025-10-17
R001741,C00866,P018,Pure Band 18,3,Pretty average for the price.,2025-05-24
R001742,C00043,P018,Pure Band 18,2,I probably would not purchase this again.,2025-06-05
R001743,C00266,P012,Essential Bag 12,4,Very happy with the purchase. Packaging was simple.,2025-01-28
R001744,C00377,P002,Pure Band 02,3,"Useful, but I am not sure I would buy it again.",2025-02-17
R001745,C00224,P008,Modern Serum 08,5,Very happy with the purchase. I bought it after seeing an ad.,2025-05-26
R001746,C00576,P018,Pure Band 18,4,Good value and I use it often.,2025-09-26
R001747,C00027,P019,Urban Bottle 19,4,Easy to use and feels well made. Shipping was quick.,2025-10-25
R001748,C00182,P023,Calm Cream 23,4,Easy to use and feels well made.,2025-09-21
R001749,C00118,P007,Calm Cream 07,4,Easy to use and feels well made.,2025-05-05
R001750,C00090,P027,Urban Bottle 27,2,I expected more for the price.,2025-02-25
R001751,C00194,P014,Active Mat 14,4,Nice design and works reliably.,2025-04-15
R001752,C00942,P022,Active Mat 22,3,Works as expected but could be improved.,2025-02-06
R001753,C00620,P025,Daily Lamp 25,4,Good value and I use it often. Delivery took a little longer than expected.,2025-06-23
R001754,C00001,P013,Bright Organizer 13,3,Works as expected but could be improved.,2025-01-27
R001755,C00907,P025,Daily Lamp 25,1,The quality felt inconsistent.,2025-04-12
R001756,C00861,P018,Pure Band 18,3,Fine overall with a few small drawbacks. I bought it after seeing an ad.,2025-07-13
R001757,C00313,P012,Essential Bag 12,3,Works as expected but could be improved.,2025-11-10
R001758,C00510,P018,Pure Band 18,4,Better than I expected overall.,2025-10-18
R001759,C00038,P024,Modern Serum 24,2,Not a great fit for what I needed.,2025-08-18
R001760,C00819,P001,Daily Lamp 01,3,Works as expected but could be improved.,2025-03-17
R001761,C00377,P022,Active Mat 22,4,Very happy with the purchase. Packaging was simple.,2025-10-29
R001762,C00911,P024,Modern Serum 24,2,Not a great fit for what I needed. Shipping was quick.,2025-05-11
R001763,C00150,P004,Essential Bag 04,3,Works as expected but could be improved.,2025-06-23
R001764,C00858,P017,Daily Lamp 17,3,"It does the job, though nothing stood out. I bought it after seeing an ad.",2025-02-28
R001765,C00597,P012,Essential Bag 12,5,Very happy with the purchase.,2025-09-07
R001766,C00265,P003,Urban Bottle 03,3,"Useful, but I am not sure I would buy it again.",2025-09-29
R001767,C00803,P021,Bright Organizer 21,2,The quality felt inconsistent.,2025-09-29
R001768,C00397,P005,Bright Organizer 05,4,Good value and I use it often.,2025-10-27
R001769,C00660,P026,Pure Band 26,4,Better than I expected overall.,2025-04-05
R001770,C00195,P016,Modern Serum 16,1,Not a great fit for what I needed.,2025-08-15
R001771,C00268,P006,Active Mat 06,2,Did not quite meet my expectations.,2025-05-31
R001772,C00690,P014,Active Mat 14,3,Pretty average for the price.,2025-05-13
R001773,C00419,P009,Daily Lamp 09,5,Nice design and works reliably.,2025-11-29
R001774,C00338,P028,Essential Bag 28,5,Better than I expected overall. A friend recommended it.,2025-09-24
R001775,C00992,P027,Urban Bottle 27,3,Works as expected but could be improved.,2025-03-08
R001776,C00095,P013,Bright Organizer 13,4,Better than I expected overall.,2025-12-19
R001777,C00263,P005,Bright Organizer 05,4,Very happy with the purchase.,2025-11-21
R001778,C00243,P010,Pure Band 10,5,Better than I expected overall.,2025-09-22
R001779,C00105,P024,Modern Serum 24,3,"It does the job, though nothing stood out.",2025-04-12
R001780,C00194,P027,Urban Bottle 27,3,Fine overall with a few small drawbacks.,2025-01-03
R001781,C00632,P024,Modern Serum 24,4,Nice design and works reliably. The product looked slightly different online.,2025-01-15
R001782,C00374,P013,Bright Organizer 13,4,Better than I expected overall.,2025-03-22
R001783,C00877,P011,Urban Bottle 11,3,Works as expected but could be improved.,2025-07-07
R001784,C00265,P026,Pure Band 26,3,"It does the job, though nothing stood out.",2025-02-02
R001785,C00818,P013,Bright Organizer 13,3,Pretty average for the price. A friend recommended it.,2025-07-19
R001786,C00400,P024,Modern Serum 24,4,Nice design and works reliably.,2025-01-09
R001787,C00300,P004,Essential Bag 04,4,Good value and I use it often.,2025-12-21
R001788,C00354,P024,Modern Serum 24,5,Better than I expected overall.,2025-09-27
R001789,C00641,P007,Calm Cream 07,3,"Useful, but I am not sure I would buy it again.",2025-10-12
R001790,C00460,P018,Pure Band 18,4,Better than I expected overall.,2025-11-29
R001791,C00263,P001,Daily Lamp 01,5,Easy to use and feels well made.,2025-10-13
R001792,C00020,P022,Active Mat 22,4,Easy to use and feels well made.,2025-02-05
R001793,C00399,P021,Bright Organizer 21,2,I expected more for the price.,2025-05-15
R001794,C00902,P019,Urban Bottle 19,3,Pretty average for the price. Delivery took a little longer than expected.,2025-04-08
R001795,C00436,P014,Active Mat 14,2,The quality felt inconsistent. Delivery took a little longer than expected.,2025-05-14
R001796,C00220,P008,Modern Serum 08,4,Easy to use and feels well made.,2025-02-18
R001797,C00871,P002,Pure Band 02,4,Good value and I use it often.,2025-08-28
R001798,C00359,P018,Pure Band 18,4,Good value and I use it often.,2025-05-05
R001799,C00519,P024,Modern Serum 24,4,Nice design and works reliably.,2025-10-09
R001800,C00059,P006,Active Mat 06,3,Works as expected but could be improved. The product looked slightly different online.,2025-05-18
R001801,C00119,P004,Essential Bag 04,3,"Useful, but I am not sure I would buy it again.",2025-07-24
R001802,C00530,P018,Pure Band 18,2,I probably would not purchase this again.,2025-04-06
R001803,C00751,P024,Modern Serum 24,5,Good value and I use it often.,2025-07-01
R001804,C00885,P026,Pure Band 26,3,"Useful, but I am not sure I would buy it again.",2025-07-13
R001805,C00356,P003,Urban Bottle 03,4,Good value and I use it often.,2025-06-11
R001806,C00338,P024,Modern Serum 24,4,Easy to use and feels well made.,2025-05-24
R001807,C00432,P015,Calm Cream 15,2,I probably would not purchase this again.,2025-09-21
R001808,C00282,P012,Essential Bag 12,5,Very happy with the purchase. Shipping was quick.,2025-06-17
R001809,C00598,P024,Modern Serum 24,5,Very happy with the purchase.,2025-02-06
R001810,C00002,P006,Active Mat 06,4,Easy to use and feels well made. The product looked slightly different online.,2025-09-15
R001811,C00363,P008,Modern Serum 08,5,Better than I expected overall.,2025-07-04
R001812,C00435,P021,Bright Organizer 21,4,Better than I expected overall.,2025-01-12
R001813,C00737,P026,Pure Band 26,4,Easy to use and feels well made.,2025-05-28
R001814,C00263,P026,Pure Band 26,3,Pretty average for the price.,2025-06-05
R001815,C00206,P009,Daily Lamp 09,4,Nice design and works reliably. I bought it after seeing an ad.,2025-05-02
R001816,C00796,P027,Urban Bottle 27,4,Nice design and works reliably.,2025-04-29
R001817,C00746,P029,Bright Organizer 29,4,Good value and I use it often. I bought it after seeing an ad.,2025-03-10
R001818,C00012,P006,Active Mat 06,5,Easy to use and feels well made. The product looked slightly different online.,2025-10-02
R001819,C00789,P019,Urban Bottle 19,4,Good value and I use it often.,2025-08-08
R001820,C00814,P028,Essential Bag 28,3,Pretty average for the price.,2025-04-29
R001821,C00546,P019,Urban Bottle 19,3,Pretty average for the price.,2025-01-10
R001822,C00120,P019,Urban Bottle 19,3,"Useful, but I am not sure I would buy it again.",2025-07-18
R001823,C00821,P024,Modern Serum 24,4,Nice design and works reliably.,2025-08-07
R001824,C00791,P006,Active Mat 06,2,The quality felt inconsistent.,2025-03-24
R001825,C00494,P023,Calm Cream 23,4,Good value and I use it often.,2025-03-25
R001826,C00902,P001,Daily Lamp 01,4,Very happy with the purchase. Delivery took a little longer than expected.,2025-02-21
R001827,C00231,P023,Calm Cream 23,4,Good value and I use it often.,2025-08-16
R001828,C00926,P006,Active Mat 06,5,Easy to use and feels well made. The product looked slightly different online.,2025-12-15
R001829,C00178,P005,Bright Organizer 05,5,Nice design and works reliably.,2025-12-04
R001830,C00483,P026,Pure Band 26,3,"It does the job, though nothing stood out.",2025-11-27
R001831,C00013,P010,Pure Band 10,4,Very happy with the purchase. The product looked slightly different online.,2025-04-14
R001832,C00542,P005,Bright Organizer 05,3,Fine overall with a few small drawbacks.,2025-06-10
R001833,C00963,P014,Active Mat 14,4,Easy to use and feels well made. I bought it after seeing an ad.,2025-12-13
R001834,C00851,P014,Active Mat 14,3,"Useful, but I am not sure I would buy it again.",2025-11-01
R001835,C00085,P011,Urban Bottle 11,4,Better than I expected overall.,2025-11-17
R001836,C00751,P009,Daily Lamp 09,4,Easy to use and feels well made.,2025-06-23
R001837,C00690,P008,Modern Serum 08,3,Fine overall with a few small drawbacks. I bought it after seeing an ad.,2025-02-08
R001838,C00932,P014,Active Mat 14,4,Better than I expected overall.,2025-03-29
R001839,C00950,P021,Bright Organizer 21,3,Fine overall with a few small drawbacks.,2025-04-08
R001840,C00620,P029,Bright Organizer 29,4,Very happy with the purchase. A friend recommended it.,2025-07-26
R001841,C00671,P007,Calm Cream 07,5,Good value and I use it often. Packaging was simple.,2025-01-09
R001842,C00778,P012,Essential Bag 12,3,Fine overall with a few small drawbacks.,2025-06-26
R001843,C00344,P026,Pure Band 26,3,Works as expected but could be improved. The product looked slightly different online.,2025-04-27
R001844,C00970,P030,Active Mat 30,4,Better than I expected overall.,2025-07-29
R001845,C00633,P027,Urban Bottle 27,3,"Useful, but I am not sure I would buy it again.",2025-12-08
R001846,C00593,P007,Calm Cream 07,3,"Useful, but I am not sure I would buy it again.",2025-06-17
R001847,C00119,P001,Daily Lamp 01,4,Nice design and works reliably.,2025-09-11
R001848,C00790,P015,Calm Cream 15,2,Not a great fit for what I needed.,2025-12-20
R001849,C00539,P030,Active Mat 30,4,Nice design and works reliably.,2025-10-21
R001850,C00626,P018,Pure Band 18,3,"Useful, but I am not sure I would buy it again.",2025-04-15
R001851,C00166,P014,Active Mat 14,5,Easy to use and feels well made.,2025-08-06
R001852,C00906,P020,Essential Bag 20,3,Pretty average for the price.,2025-01-19
R001853,C00134,P024,Modern Serum 24,3,Works as expected but could be improved.,2025-05-04
R001854,C00821,P013,Bright Organizer 13,3,"Useful, but I am not sure I would buy it again. Packaging was simple.",2025-10-25
R001855,C00038,P007,Calm Cream 07,3,Pretty average for the price. I bought it after seeing an ad.,2025-07-01
R001856,C00966,P025,Daily Lamp 25,3,"Useful, but I am not sure I would buy it again.",2025-01-16
R001857,C00118,P012,Essential Bag 12,5,Good value and I use it often.,2025-07-05
R001858,C00782,P016,Modern Serum 16,3,Works as expected but could be improved.,2025-04-15
R001859,C00043,P009,Daily Lamp 09,4,Very happy with the purchase. Delivery took a little longer than expected.,2025-01-10
R001860,C00146,P017,Daily Lamp 17,4,Good value and I use it often.,2025-05-05
R001861,C00569,P020,Essential Bag 20,4,Better than I expected overall.,2025-12-08
R001862,C00172,P008,Modern Serum 08,4,Easy to use and feels well made.,2025-09-29
R001863,C00164,P027,Urban Bottle 27,2,I expected more for the price. Packaging was simple.,2025-10-16
R001864,C00662,P023,Calm Cream 23,4,Easy to use and feels well made.,2025-08-12
R001865,C00243,P007,Calm Cream 07,4,Very happy with the purchase.,2025-07-30
R001866,C00325,P005,Bright Organizer 05,4,Very happy with the purchase.,2025-05-31
R001867,C00655,P010,Pure Band 10,4,Good value and I use it often. A friend recommended it.,2025-05-30
R001868,C00094,P011,Urban Bottle 11,2,Not a great fit for what I needed.,2025-07-08
R001869,C00236,P019,Urban Bottle 19,4,Better than I expected overall.,2025-06-02
R001870,C00130,P017,Daily Lamp 17,3,"Useful, but I am not sure I would buy it again.",2025-02-25
R001871,C00970,P023,Calm Cream 23,4,Nice design and works reliably.,2025-02-22
R001872,C00247,P012,Essential Bag 12,1,The quality felt inconsistent. Packaging was simple.,2025-07-07
R001873,C00201,P012,Essential Bag 12,4,Better than I expected overall.,2025-06-23
R001874,C00416,P003,Urban Bottle 03,3,"It does the job, though nothing stood out.",2025-09-21
R001875,C00313,P026,Pure Band 26,3,Fine overall with a few small drawbacks.,2025-10-22
R001876,C00138,P005,Bright Organizer 05,2,I expected more for the price.,2025-11-18
R001877,C00715,P024,Modern Serum 24,4,Easy to use and feels well made.,2025-01-16
R001878,C00350,P009,Daily Lamp 09,3,Fine overall with a few small drawbacks.,2025-10-13
R001879,C00282,P026,Pure Band 26,4,Good value and I use it often.,2025-08-25
R001880,C00137,P007,Calm Cream 07,5,Very happy with the purchase.,2025-10-19
R001881,C00717,P029,Bright Organizer 29,4,Easy to use and feels well made.,2025-10-13
R001882,C00751,P029,Bright Organizer 29,3,Fine overall with a few small drawbacks.,2025-07-21
R001883,C00615,P024,Modern Serum 24,4,Easy to use and feels well made.,2025-02-07
R001884,C00197,P003,Urban Bottle 03,4,Better than I expected overall.,2025-03-16
R001885,C00033,P004,Essential Bag 04,3,"It does the job, though nothing stood out.",2025-02-07
R001886,C00814,P018,Pure Band 18,4,Easy to use and feels well made.,2025-03-20
R001887,C00880,P013,Bright Organizer 13,3,"Useful, but I am not sure I would buy it again.",2025-01-12
R001888,C00169,P027,Urban Bottle 27,2,I probably would not purchase this again.,2025-05-20
R001889,C00425,P007,Calm Cream 07,3,Works as expected but could be improved.,2025-01-06
R001890,C00437,P006,Active Mat 06,5,Good value and I use it often. Shipping was quick.,2025-12-08
R001891,C00736,P006,Active Mat 06,4,Easy to use and feels well made. Packaging was simple.,2025-09-20
R001892,C00986,P008,Modern Serum 08,5,Good value and I use it often.,2025-06-20
R001893,C00117,P001,Daily Lamp 01,5,Easy to use and feels well made.,2025-05-05
R001894,C00088,P026,Pure Band 26,2,I expected more for the price.,2025-12-16
R001895,C00883,P028,Essential Bag 28,3,Pretty average for the price.,2025-07-26
R001896,C00406,P003,Urban Bottle 03,5,Nice design and works reliably. Shipping was quick.,2025-11-09
R001897,C00492,P029,Bright Organizer 29,4,Better than I expected overall.,2025-11-20
R001898,C00299,P001,Daily Lamp 01,2,Not a great fit for what I needed. Delivery took a little longer than expected.,2025-05-03
R001899,C00538,P008,Modern Serum 08,5,Very happy with the purchase.,2025-07-25
R001900,C00325,P029,Bright Organizer 29,5,Nice design and works reliably.,2025-05-20
R001901,C00034,P025,Daily Lamp 25,5,Easy to use and feels well made.,2025-09-20
R001902,C00411,P026,Pure Band 26,5,Good value and I use it often.,2025-01-04
R001903,C00974,P025,Daily Lamp 25,3,Pretty average for the price.,2025-01-13
R001904,C00416,P025,Daily Lamp 25,2,I expected more for the price.,2025-02-16
R001905,C00560,P008,Modern Serum 08,4,Better than I expected overall.,2025-04-28
R001906,C00415,P016,Modern Serum 16,3,Pretty average for the price.,2025-05-24
R001907,C00802,P017,Daily Lamp 17,3,Pretty average for the price.,2025-04-28
R001908,C00889,P006,Active Mat 06,5,Easy to use and feels well made.,2025-01-15
R001909,C00566,P009,Daily Lamp 09,5,Easy to use and feels well made.,2025-06-20
R001910,C00375,P024,Modern Serum 24,2,I expected more for the price.,2025-10-15
R001911,C00156,P024,Modern Serum 24,3,Fine overall with a few small drawbacks.,2025-10-17
R001912,C00752,P002,Pure Band 02,4,Better than I expected overall. The product looked slightly different online.,2025-05-03
R001913,C00967,P027,Urban Bottle 27,4,Very happy with the purchase. A friend recommended it.,2025-08-19
R001914,C00457,P006,Active Mat 06,5,Good value and I use it often.,2025-12-11
R001915,C00174,P026,Pure Band 26,4,Good value and I use it often.,2025-05-12
R001916,C00784,P003,Urban Bottle 03,5,Good value and I use it often. A friend recommended it.,2025-02-14
R001917,C00216,P008,Modern Serum 08,5,Very happy with the purchase.,2025-03-03
R001918,C00579,P027,Urban Bottle 27,3,Works as expected but could be improved.,2025-01-27
R001919,C00570,P020,Essential Bag 20,4,Easy to use and feels well made.,2025-07-06
R001920,C00729,P015,Calm Cream 15,5,Very happy with the purchase.,2025-11-03
R001921,C00545,P029,Bright Organizer 29,4,Better than I expected overall. A friend recommended it.,2025-12-10
R001922,C00741,P007,Calm Cream 07,2,I probably would not purchase this again. Packaging was simple.,2025-06-27
R001923,C00738,P019,Urban Bottle 19,4,Very happy with the purchase.,2025-01-05
R001924,C00183,P027,Urban Bottle 27,3,"Useful, but I am not sure I would buy it again.",2025-03-02
R001925,C00470,P005,Bright Organizer 05,4,Very happy with the purchase.,2025-08-17
R001926,C00836,P017,Daily Lamp 17,2,Not a great fit for what I needed.,2025-08-26
R001927,C00350,P019,Urban Bottle 19,3,Pretty average for the price.,2025-03-11
R001928,C00513,P017,Daily Lamp 17,3,Pretty average for the price. The product looked slightly different online.,2025-05-10
R001929,C00991,P021,Bright Organizer 21,3,"It does the job, though nothing stood out. The product looked slightly different online.",2025-12-26
R001930,C00340,P029,Bright Organizer 29,3,"Useful, but I am not sure I would buy it again.",2025-07-18
R001931,C00398,P017,Daily Lamp 17,3,Works as expected but could be improved.,2025-03-01
R001932,C00176,P013,Bright Organizer 13,4,Very happy with the purchase.,2025-10-06
R001933,C00085,P011,Urban Bottle 11,4,Nice design and works reliably.,2025-11-20
R001934,C00572,P003,Urban Bottle 03,4,Very happy with the purchase. A friend recommended it.,2025-11-27
R001935,C00918,P005,Bright Organizer 05,5,Better than I expected overall. Packaging was simple.,2025-04-10
R001936,C00359,P009,Daily Lamp 09,4,Easy to use and feels well made. Shipping was quick.,2025-09-23
R001937,C00186,P013,Bright Organizer 13,5,Good value and I use it often. Shipping was quick.,2025-09-21
R001938,C00887,P010,Pure Band 10,4,Easy to use and feels well made.,2025-03-27
R001939,C00887,P011,Urban Bottle 11,4,Easy to use and feels well made.,2025-05-30
R001940,C00293,P028,Essential Bag 28,3,"Useful, but I am not sure I would buy it again.",2025-10-31
R001941,C00047,P027,Urban Bottle 27,3,"Useful, but I am not sure I would buy it again.",2025-02-03
R001942,C00056,P025,Daily Lamp 25,3,Pretty average for the price.,2025-05-11
R001943,C00135,P003,Urban Bottle 03,2,I probably would not purchase this again.,2025-10-10
R001944,C00548,P008,Modern Serum 08,5,Very happy with the purchase.,2025-06-19
R001945,C00788,P027,Urban Bottle 27,4,Nice design and works reliably.,2025-12-07
R001946,C00072,P013,Bright Organizer 13,3,Works as expected but could be improved.,2025-11-03
R001947,C00004,P015,Calm Cream 15,2,I expected more for the price.,2025-09-11
R001948,C00030,P007,Calm Cream 07,2,Did not quite meet my expectations.,2025-12-12
R001949,C00619,P021,Bright Organizer 21,4,Easy to use and feels well made.,2025-05-05
R001950,C00369,P016,Modern Serum 16,4,Good value and I use it often.,2025-05-15
R001951,C00463,P004,Essential Bag 04,2,I expected more for the price.,2025-10-28
R001952,C00835,P008,Modern Serum 08,5,Better than I expected overall.,2025-08-22
R001953,C00189,P010,Pure Band 10,4,Nice design and works reliably.,2025-08-13
R001954,C00542,P028,Essential Bag 28,4,Good value and I use it often.,2025-01-31
R001955,C00146,P013,Bright Organizer 13,4,Easy to use and feels well made.,2025-02-07
R001956,C00314,P008,Modern Serum 08,4,Easy to use and feels well made. Packaging was simple.,2025-08-30
R001957,C00096,P024,Modern Serum 24,4,Easy to use and feels well made.,2025-06-13
R001958,C00925,P008,Modern Serum 08,4,Easy to use and feels well made.,2025-10-08
R001959,C00803,P014,Active Mat 14,5,Very happy with the purchase.,2025-04-24
R001960,C00314,P027,Urban Bottle 27,4,Good value and I use it often. Packaging was simple.,2025-02-12
R001961,C00122,P027,Urban Bottle 27,3,Fine overall with a few small drawbacks.,2025-05-06
R001962,C00677,P007,Calm Cream 07,3,Pretty average for the price.,2025-09-19
R001963,C00489,P002,Pure Band 02,4,Nice design and works reliably. The product looked slightly different online.,2025-02-24
R001964,C00275,P002,Pure Band 02,4,Very happy with the purchase. The product looked slightly different online.,2025-03-07
R001965,C00548,P007,Calm Cream 07,3,Fine overall with a few small drawbacks.,2025-06-07
R001966,C00930,P021,Bright Organizer 21,4,Better than I expected overall.,2025-01-31
R001967,C00084,P027,Urban Bottle 27,4,Better than I expected overall.,2025-10-07
R001968,C00522,P001,Daily Lamp 01,4,Nice design and works reliably.,2025-01-08
R001969,C00384,P007,Calm Cream 07,3,"Useful, but I am not sure I would buy it again.",2025-05-10
R001970,C00396,P027,Urban Bottle 27,2,The quality felt inconsistent.,2025-02-06
R001971,C00053,P003,Urban Bottle 03,4,Nice design and works reliably.,2025-02-18
R001972,C00757,P026,Pure Band 26,4,Better than I expected overall.,2025-03-29
R001973,C00905,P014,Active Mat 14,4,Better than I expected overall.,2025-03-01
R001974,C00975,P007,Calm Cream 07,2,I expected more for the price.,2025-10-30
R001975,C00088,P017,Daily Lamp 17,2,The quality felt inconsistent.,2025-10-17
R001976,C00150,P016,Modern Serum 16,3,"Useful, but I am not sure I would buy it again. I bought it after seeing an ad.",2025-12-13
R001977,C00447,P016,Modern Serum 16,3,Fine overall with a few small drawbacks.,2025-08-22
R001978,C00890,P028,Essential Bag 28,4,Very happy with the purchase.,2025-12-23
R001979,C00390,P013,Bright Organizer 13,3,"It does the job, though nothing stood out. A friend recommended it.",2025-11-04
R001980,C00875,P014,Active Mat 14,4,Very happy with the purchase. Shipping was quick.,2025-06-28
R001981,C00021,P014,Active Mat 14,4,Very happy with the purchase.,2025-03-27
R001982,C00109,P023,Calm Cream 23,3,Pretty average for the price.,2025-08-01
R001983,C00108,P001,Daily Lamp 01,3,Pretty average for the price.,2025-12-14
R001984,C00769,P013,Bright Organizer 13,3,"Useful, but I am not sure I would buy it again.",2025-11-16
R001985,C00872,P023,Calm Cream 23,2,I probably would not purchase this again.,2025-07-25
R001986,C00661,P023,Calm Cream 23,4,Good value and I use it often.,2025-06-24
R001987,C00109,P018,Pure Band 18,3,"Useful, but I am not sure I would buy it again.",2025-08-06
R001988,C00873,P002,Pure Band 02,4,Very happy with the purchase.,2025-02-14
R001989,C00884,P027,Urban Bottle 27,3,"It does the job, though nothing stood out. Packaging was simple.",2025-02-01
R001990,C00285,P012,Essential Bag 12,4,Better than I expected overall.,2025-10-26
R001991,C00730,P012,Essential Bag 12,4,Easy to use and feels well made.,2025-09-17
R001992,C00646,P018,Pure Band 18,3,Fine overall with a few small drawbacks.,2025-08-22
R001993,C00811,P018,Pure Band 18,4,Nice design and works reliably.,2025-05-29
R001994,C00122,P028,Essential Bag 28,3,Works as expected but could be improved.,2025-08-10
R001995,C00075,P009,Daily Lamp 09,3,"It does the job, though nothing stood out. Packaging was simple.",2025-12-26
R001996,C00824,P014,Active Mat 14,2,Not a great fit for what I needed.,2025-08-08
R001997,C00030,P011,Urban Bottle 11,5,Better than I expected overall.,2025-08-16
R001998,C00624,P030,Active Mat 30,5,Good value and I use it often.,2025-04-02
R001999,C00830,P017,Daily Lamp 17,3,"It does the job, though nothing stood out. A friend recommended it.",2025-09-07
R002000,C00071,P022,Active Mat 22,3,"Useful, but I am not sure I would buy it again.",2025-03-26
R002001,C00325,P022,Active Mat 22,5,Easy to use and feels well made.,2025-11-02
R002002,C00233,P026,Pure Band 26,5,Good value and I use it often.,2025-05-18
R002003,C00393,P002,Pure Band 02,4,Nice design and works reliably.,2025-07-04
R002004,C00209,P007,Calm Cream 07,4,Very happy with the purchase.,2025-02-23
R002005,C00667,P027,Urban Bottle 27,2,Did not quite meet my expectations.,2025-09-27
R002006,C00659,P001,Daily Lamp 01,5,Better than I expected overall.,2025-09-26
R002007,C00491,P010,Pure Band 10,2,Did not quite meet my expectations.,2025-04-17
R002008,C00166,P023,Calm Cream 23,2,I probably would not purchase this again.,2025-01-31
R002009,C00620,P003,Urban Bottle 03,3,Pretty average for the price.,2025-01-30
R002010,C00186,P009,Daily Lamp 09,2,Did not quite meet my expectations.,2025-05-26
R002011,C00874,P030,Active Mat 30,4,Good value and I use it often.,2025-06-15
R002012,C00988,P014,Active Mat 14,3,"Useful, but I am not sure I would buy it again.",2025-02-26
R002013,C00459,P009,Daily Lamp 09,4,Better than I expected overall.,2025-11-21
R002014,C00796,P025,Daily Lamp 25,4,Better than I expected overall.,2025-07-24
R002015,C00930,P007,Calm Cream 07,3,"It does the job, though nothing stood out.",2025-08-11
R002016,C00074,P008,Modern Serum 08,4,Good value and I use it often.,2025-01-08
R002017,C00625,P021,Bright Organizer 21,3,"Useful, but I am not sure I would buy it again.",2025-05-13
R002018,C00538,P021,Bright Organizer 21,2,Did not quite meet my expectations. A friend recommended it.,2025-07-18
R002019,C00173,P008,Modern Serum 08,3,Works as expected but could be improved.,2025-08-19
R002020,C00631,P004,Essential Bag 04,2,Not a great fit for what I needed.,2025-12-07
R002021,C00755,P008,Modern Serum 08,5,Good value and I use it often.,2025-07-14
R002022,C00036,P029,Bright Organizer 29,4,Good value and I use it often. The product looked slightly different online.,2025-02-16
R002023,C00515,P018,Pure Band 18,3,Works as expected but could be improved.,2025-06-29
R002024,C00125,P025,Daily Lamp 25,4,Nice design and works reliably.,2025-03-31
R002025,C00973,P028,Essential Bag 28,4,Very happy with the purchase.,2025-04-27
R002026,C00044,P007,Calm Cream 07,3,"It does the job, though nothing stood out. I bought it after seeing an ad.",2025-03-26
R002027,C00380,P020,Essential Bag 20,5,Good value and I use it often.,2025-12-02
R002028,C00815,P014,Active Mat 14,3,"Useful, but I am not sure I would buy it again. Packaging was simple.",2025-02-04
R002029,C00026,P023,Calm Cream 23,3,Pretty average for the price.,2025-11-13
R002030,C00900,P017,Daily Lamp 17,4,Very happy with the purchase.,2025-05-10
R002031,C00462,P003,Urban Bottle 03,3,"It does the job, though nothing stood out.",2025-05-10
R002032,C00003,P029,Bright Organizer 29,5,Nice design and works reliably.,2025-09-21
R002033,C00001,P021,Bright Organizer 21,5,Good value and I use it often.,2025-01-16
R002034,C00196,P009,Daily Lamp 09,3,"It does the job, though nothing stood out. A friend recommended it.",2025-11-11
R002035,C00345,P029,Bright Organizer 29,3,"It does the job, though nothing stood out.",2025-01-31
R002036,C00671,P006,Active Mat 06,3,"It does the job, though nothing stood out.",2025-11-08
R002037,C00687,P011,Urban Bottle 11,3,Pretty average for the price. The product looked slightly different online.,2025-01-12
R002038,C00680,P010,Pure Band 10,5,Easy to use and feels well made.,2025-07-11
R002039,C00336,P006,Active Mat 06,4,Better than I expected overall.,2025-10-05
R002040,C00429,P018,Pure Band 18,3,Works as expected but could be improved.,2025-01-05
R002041,C00346,P016,Modern Serum 16,4,Very happy with the purchase. I bought it after seeing an ad.,2025-04-25
R002042,C00509,P024,Modern Serum 24,4,Easy to use and feels well made.,2025-10-26
R002043,C00679,P005,Bright Organizer 05,4,Very happy with the purchase.,2025-10-08
R002044,C00704,P004,Essential Bag 04,3,"Useful, but I am not sure I would buy it again.",2025-12-08
R002045,C00798,P030,Active Mat 30,2,Not a great fit for what I needed.,2025-09-23
R002046,C00715,P029,Bright Organizer 29,4,Easy to use and feels well made. Shipping was quick.,2025-06-03
R002047,C00818,P001,Daily Lamp 01,3,"It does the job, though nothing stood out.",2025-09-13
R002048,C00392,P021,Bright Organizer 21,2,Not a great fit for what I needed.,2025-03-26
R002049,C00414,P014,Active Mat 14,2,Not a great fit for what I needed.,2025-05-03
R002050,C00030,P009,Daily Lamp 09,3,"Useful, but I am not sure I would buy it again.",2025-05-07
R002051,C00067,P001,Daily Lamp 01,5,Better than I expected overall.,2025-07-23
R002052,C00619,P005,Bright Organizer 05,4,Nice design and works reliably.,2025-02-13
R002053,C00765,P022,Active Mat 22,4,Better than I expected overall.,2025-02-11
R002054,C00862,P020,Essential Bag 20,2,The quality felt inconsistent.,2025-09-21
R002055,C00264,P017,Daily Lamp 17,4,Good value and I use it often.,2025-06-17
R002056,C00864,P006,Active Mat 06,3,Pretty average for the price.,2025-12-09
R002057,C00954,P011,Urban Bottle 11,3,Pretty average for the price. Shipping was quick.,2025-02-25
R002058,C00863,P009,Daily Lamp 09,4,Very happy with the purchase.,2025-09-21
R002059,C00076,P028,Essential Bag 28,3,"Useful, but I am not sure I would buy it again.",2025-10-20
R002060,C00253,P028,Essential Bag 28,5,Good value and I use it often.,2025-03-01
R002061,C00933,P025,Daily Lamp 25,5,Good value and I use it often. A friend recommended it.,2025-10-11
R002062,C00407,P013,Bright Organizer 13,2,Not a great fit for what I needed.,2025-03-10
R002063,C00254,P001,Daily Lamp 01,4,Easy to use and feels well made.,2025-06-01
R002064,C00727,P006,Active Mat 06,3,"Useful, but I am not sure I would buy it again.",2025-08-05
R002065,C00749,P028,Essential Bag 28,4,Nice design and works reliably.,2025-10-19
R002066,C00963,P023,Calm Cream 23,4,Better than I expected overall. The product looked slightly different online.,2025-05-23
R002067,C00577,P014,Active Mat 14,3,Works as expected but could be improved.,2025-09-17
R002068,C00896,P020,Essential Bag 20,3,Fine overall with a few small drawbacks.,2025-03-06
R002069,C00169,P028,Essential Bag 28,2,Not a great fit for what I needed.,2025-05-12
R002070,C00627,P021,Bright Organizer 21,3,Fine overall with a few small drawbacks. Packaging was simple.,2025-07-26
R002071,C00582,P002,Pure Band 02,4,Good value and I use it often. Packaging was simple.,2025-06-21
R002072,C00310,P007,Calm Cream 07,4,Very happy with the purchase. The product looked slightly different online.,2025-01-28
R002073,C00687,P014,Active Mat 14,5,Good value and I use it often.,2025-04-07
R002074,C00625,P003,Urban Bottle 03,5,Better than I expected overall.,2025-10-30
R002075,C00587,P028,Essential Bag 28,3,Fine overall with a few small drawbacks.,2025-10-07
R002076,C00525,P024,Modern Serum 24,3,Pretty average for the price. Shipping was quick.,2025-03-28
R002077,C00531,P015,Calm Cream 15,4,Better than I expected overall. The product looked slightly different online.,2025-01-11
R002078,C00953,P010,Pure Band 10,2,The quality felt inconsistent.,2025-12-21
R002079,C00626,P001,Daily Lamp 01,5,Good value and I use it often.,2025-08-26
R002080,C00287,P019,Urban Bottle 19,5,Very happy with the purchase. I bought it after seeing an ad.,2025-06-13
R002081,C00245,P010,Pure Band 10,4,Good value and I use it often.,2025-10-14
R002082,C00943,P015,Calm Cream 15,4,Easy to use and feels well made.,2025-10-23
R002083,C00365,P026,Pure Band 26,3,Fine overall with a few small drawbacks.,2025-10-23
R002084,C00405,P015,Calm Cream 15,4,Better than I expected overall.,2025-05-16
R002085,C00883,P015,Calm Cream 15,5,Nice design and works reliably.,2025-11-14
R002086,C00453,P012,Essential Bag 12,1,I probably would not purchase this again.,2025-12-25
R002087,C00761,P023,Calm Cream 23,5,Good value and I use it often.,2025-05-17
R002088,C00627,P028,Essential Bag 28,4,Nice design and works reliably. I bought it after seeing an ad.,2025-11-09
R002089,C00654,P013,Bright Organizer 13,4,Good value and I use it often.,2025-09-24
R002090,C00369,P018,Pure Band 18,4,Nice design and works reliably. Delivery took a little longer than expected.,2025-05-26
R002091,C00367,P023,Calm Cream 23,3,"It does the job, though nothing stood out. The product looked slightly different online.",2025-05-03
R002092,C00590,P017,Daily Lamp 17,3,Pretty average for the price.,2025-07-21
R002093,C00765,P028,Essential Bag 28,1,Did not quite meet my expectations.,2025-08-16
R002094,C00466,P022,Active Mat 22,3,"It does the job, though nothing stood out.",2025-08-29
R002095,C00455,P023,Calm Cream 23,4,Nice design and works reliably.,2025-05-20
R002096,C00925,P002,Pure Band 02,3,Works as expected but could be improved.,2025-04-02
R002097,C00054,P030,Active Mat 30,2,I probably would not purchase this again. Packaging was simple.,2025-11-04
R002098,C00740,P002,Pure Band 02,4,Very happy with the purchase.,2025-07-16
R002099,C00907,P025,Daily Lamp 25,3,"It does the job, though nothing stood out.",2025-04-11
R002100,C00474,P027,Urban Bottle 27,4,Very happy with the purchase.,2025-02-23
R002101,C00420,P003,Urban Bottle 03,3,Fine overall with a few small drawbacks.,2025-06-05
R002102,C00560,P025,Daily Lamp 25,4,Easy to use and feels well made.,2025-03-09
R002103,C00126,P028,Essential Bag 28,3,Works as expected but could be improved.,2025-11-03
R002104,C00166,P008,Modern Serum 08,4,Nice design and works reliably.,2025-12-23
R002105,C00882,P024,Modern Serum 24,5,Very happy with the purchase.,2025-02-04
R002106,C00057,P023,Calm Cream 23,2,I expected more for the price.,2025-09-02
R002107,C00923,P015,Calm Cream 15,5,Good value and I use it often. A friend recommended it.,2025-02-14
R002108,C00609,P026,Pure Band 26,3,Pretty average for the price. I bought it after seeing an ad.,2025-05-05
R002109,C00281,P007,Calm Cream 07,4,Very happy with the purchase.,2025-03-08
R002110,C00496,P008,Modern Serum 08,4,Good value and I use it often.,2025-10-28
R002111,C00794,P005,Bright Organizer 05,4,Good value and I use it often.,2025-08-23
R002112,C00439,P002,Pure Band 02,3,Pretty average for the price.,2025-02-22
R002113,C00527,P024,Modern Serum 24,4,Good value and I use it often.,2025-07-10
R002114,C00620,P022,Active Mat 22,4,Easy to use and feels well made.,2025-11-25
R002115,C00322,P026,Pure Band 26,3,Pretty average for the price. The product looked slightly different online.,2025-02-06
R002116,C00564,P028,Essential Bag 28,2,I expected more for the price.,2025-08-22
R002117,C00266,P027,Urban Bottle 27,4,Easy to use and feels well made. Shipping was quick.,2025-04-01
R002118,C00668,P028,Essential Bag 28,5,Good value and I use it often. The product looked slightly different online.,2025-09-05
R002119,C00103,P022,Active Mat 22,2,Not a great fit for what I needed.,2025-12-11
R002120,C00989,P030,Active Mat 30,3,Fine overall with a few small drawbacks. A friend recommended it.,2025-09-27
R002121,C00017,P008,Modern Serum 08,4,Very happy with the purchase.,2025-06-26
R002122,C00893,P013,Bright Organizer 13,3,Works as expected but could be improved.,2025-06-01
R002123,C00405,P010,Pure Band 10,4,Good value and I use it often. Shipping was quick.,2025-08-25
R002124,C00197,P001,Daily Lamp 01,2,I expected more for the price.,2025-09-24
R002125,C00230,P017,Daily Lamp 17,3,Pretty average for the price.,2025-10-11
R002126,C00527,P002,Pure Band 02,3,Fine overall with a few small drawbacks.,2025-01-10
R002127,C00929,P021,Bright Organizer 21,4,Easy to use and feels well made. A friend recommended it.,2025-03-31
R002128,C00904,P017,Daily Lamp 17,3,"It does the job, though nothing stood out. The product looked slightly different online.",2025-09-20
R002129,C00518,P030,Active Mat 30,4,Better than I expected overall.,2025-08-25
R002130,C00534,P020,Essential Bag 20,3,Pretty average for the price.,2025-01-21
R002131,C00200,P024,Modern Serum 24,4,Good value and I use it often.,2025-12-26
R002132,C00965,P007,Calm Cream 07,4,Nice design and works reliably.,2025-10-31
R002133,C00325,P022,Active Mat 22,3,Works as expected but could be improved. Shipping was quick.,2025-12-07
R002134,C00328,P005,Bright Organizer 05,4,Very happy with the purchase.,2025-07-24
R002135,C00811,P015,Calm Cream 15,3,"It does the job, though nothing stood out. The product looked slightly different online.",2025-07-08
R002136,C00216,P001,Daily Lamp 01,4,Better than I expected overall.,2025-08-28
R002137,C00771,P002,Pure Band 02,2,Not a great fit for what I needed.,2025-01-16
R002138,C00229,P019,Urban Bottle 19,3,Works as expected but could be improved.,2025-05-18
R002139,C00852,P017,Daily Lamp 17,5,Good value and I use it often.,2025-05-17
R002140,C00534,P006,Active Mat 06,5,Nice design and works reliably.,2025-12-05
R002141,C00565,P029,Bright Organizer 29,4,Better than I expected overall. Delivery took a little longer than expected.,2025-05-18
R002142,C00507,P027,Urban Bottle 27,4,Better than I expected overall.,2025-08-08
R002143,C00340,P017,Daily Lamp 17,3,"It does the job, though nothing stood out.",2025-12-25
R002144,C00398,P010,Pure Band 10,5,Nice design and works reliably.,2025-05-14
R002145,C00526,P023,Calm Cream 23,4,Very happy with the purchase.,2025-07-02
R002146,C00094,P013,Bright Organizer 13,4,Better than I expected overall.,2025-07-12
R002147,C00155,P024,Modern Serum 24,3,"Useful, but I am not sure I would buy it again.",2025-09-12
R002148,C00755,P030,Active Mat 30,5,Nice design and works reliably.,2025-04-03
R002149,C00180,P013,Bright Organizer 13,5,Nice design and works reliably.,2025-06-19
R002150,C00097,P030,Active Mat 30,4,Good value and I use it often.,2025-12-30
R002151,C00426,P027,Urban Bottle 27,5,Nice design and works reliably. The product looked slightly different online.,2025-06-10
R002152,C00777,P003,Urban Bottle 03,3,Works as expected but could be improved.,2025-09-01
R002153,C00419,P012,Essential Bag 12,3,Fine overall with a few small drawbacks.,2025-04-20
R002154,C00213,P023,Calm Cream 23,5,Very happy with the purchase.,2025-12-14
R002155,C00448,P005,Bright Organizer 05,4,Very happy with the purchase. The product looked slightly different online.,2025-12-30
R002156,C00697,P005,Bright Organizer 05,4,Nice design and works reliably. I bought it after seeing an ad.,2025-01-03
R002157,C00306,P025,Daily Lamp 25,3,Works as expected but could be improved. Packaging was simple.,2025-11-06
R002158,C00668,P023,Calm Cream 23,4,Easy to use and feels well made.,2025-02-01
R002159,C00213,P009,Daily Lamp 09,2,Did not quite meet my expectations. Delivery took a little longer than expected.,2025-03-29
R002160,C00452,P017,Daily Lamp 17,4,Better than I expected overall.,2025-04-09
R002161,C00073,P020,Essential Bag 20,3,Pretty average for the price.,2025-06-23
R002162,C00488,P001,Daily Lamp 01,4,Good value and I use it often.,2025-01-07
R002163,C00962,P024,Modern Serum 24,4,Very happy with the purchase.,2025-06-28
R002164,C00055,P018,Pure Band 18,3,"It does the job, though nothing stood out. A friend recommended it.",2025-06-19
R002165,C00155,P015,Calm Cream 15,3,Works as expected but could be improved.,2025-04-19
R002166,C00665,P013,Bright Organizer 13,3,"It does the job, though nothing stood out.",2025-11-15
R002167,C00982,P027,Urban Bottle 27,2,The quality felt inconsistent.,2025-02-18
R002168,C00729,P017,Daily Lamp 17,3,Fine overall with a few small drawbacks.,2025-05-22
R002169,C00522,P029,Bright Organizer 29,5,Better than I expected overall.,2025-10-13
R002170,C00481,P012,Essential Bag 12,4,Better than I expected overall. Delivery took a little longer than expected.,2025-02-26
R002171,C00057,P003,Urban Bottle 03,1,I expected more for the price.,2025-05-03
R002172,C00512,P003,Urban Bottle 03,4,Nice design and works reliably. Delivery took a little longer than expected.,2025-07-31
R002173,C00134,P005,Bright Organizer 05,3,Works as expected but could be improved.,2025-08-18
R002174,C00632,P014,Active Mat 14,4,Very happy with the purchase.,2025-07-29
R002175,C00732,P009,Daily Lamp 09,3,"It does the job, though nothing stood out. The product looked slightly different online.",2025-01-13
R002176,C00278,P008,Modern Serum 08,5,Very happy with the purchase.,2025-06-05
R002177,C00881,P008,Modern Serum 08,4,Very happy with the purchase.,2025-01-15
R002178,C00436,P027,Urban Bottle 27,2,Not a great fit for what I needed.,2025-10-20
R002179,C00716,P021,Bright Organizer 21,3,Fine overall with a few small drawbacks.,2025-04-09
R002180,C00161,P020,Essential Bag 20,3,"It does the job, though nothing stood out. Delivery took a little longer than expected.",2025-09-21
R002181,C00193,P019,Urban Bottle 19,3,Works as expected but could be improved.,2025-03-23
R002182,C00989,P005,Bright Organizer 05,3,Pretty average for the price.,2025-09-29
R002183,C00554,P023,Calm Cream 23,4,Better than I expected overall.,2025-09-12
R002184,C00237,P011,Urban Bottle 11,5,Better than I expected overall.,2025-09-02
R002185,C00957,P018,Pure Band 18,3,Fine overall with a few small drawbacks.,2025-06-25
R002186,C00452,P016,Modern Serum 16,3,Pretty average for the price.,2025-09-19
R002187,C00972,P008,Modern Serum 08,4,Very happy with the purchase.,2025-01-14
R002188,C00537,P027,Urban Bottle 27,3,Pretty average for the price.,2025-07-22
R002189,C00877,P023,Calm Cream 23,3,Fine overall with a few small drawbacks.,2025-04-15
R002190,C00817,P021,Bright Organizer 21,4,Better than I expected overall.,2025-05-07
R002191,C00278,P012,Essential Bag 12,5,Nice design and works reliably.,2025-01-22
R002192,C00010,P020,Essential Bag 20,3,"It does the job, though nothing stood out.",2025-08-29
R002193,C00050,P006,Active Mat 06,3,"It does the job, though nothing stood out.",2025-04-17
R002194,C00916,P029,Bright Organizer 29,5,Better than I expected overall.,2025-05-07
R002195,C00364,P012,Essential Bag 12,2,Did not quite meet my expectations.,2025-02-09
R002196,C00445,P017,Daily Lamp 17,5,Good value and I use it often.,2025-03-17
R002197,C00574,P019,Urban Bottle 19,4,Good value and I use it often. Shipping was quick.,2025-01-10
R002198,C00870,P027,Urban Bottle 27,4,Very happy with the purchase.,2025-05-08
R002199,C00574,P021,Bright Organizer 21,2,Not a great fit for what I needed.,2025-03-24
R002200,C00176,P019,Urban Bottle 19,3,"It does the job, though nothing stood out.",2025-04-10
R002201,C00655,P005,Bright Organizer 05,3,"Useful, but I am not sure I would buy it again.",2025-07-25
R002202,C00555,P006,Active Mat 06,4,Good value and I use it often.,2025-12-02
R002203,C00330,P015,Calm Cream 15,2,The quality felt inconsistent.,2025-12-28
R002204,C00827,P012,Essential Bag 12,3,Works as expected but could be improved.,2025-12-29
R002205,C00802,P026,Pure Band 26,3,"Useful, but I am not sure I would buy it again.",2025-05-03
R002206,C00142,P004,Essential Bag 04,3,"Useful, but I am not sure I would buy it again.",2025-12-22
R002207,C00580,P024,Modern Serum 24,3,Works as expected but could be improved.,2025-11-07
R002208,C00211,P026,Pure Band 26,3,Fine overall with a few small drawbacks.,2025-01-19
R002209,C00823,P017,Daily Lamp 17,3,Works as expected but could be improved.,2025-05-14
R002210,C00630,P021,Bright Organizer 21,4,Good value and I use it often. I bought it after seeing an ad.,2025-05-09
R002211,C00753,P011,Urban Bottle 11,3,Pretty average for the price.,2025-09-21
R002212,C00523,P001,Daily Lamp 01,4,Very happy with the purchase.,2025-05-31
R002213,C00806,P016,Modern Serum 16,3,"It does the job, though nothing stood out. Shipping was quick.",2025-11-25
R002214,C00100,P016,Modern Serum 16,2,I probably would not purchase this again. I bought it after seeing an ad.,2025-02-11
R002215,C00037,P014,Active Mat 14,3,Works as expected but could be improved.,2025-03-11
R002216,C00210,P002,Pure Band 02,3,"It does the job, though nothing stood out. A friend recommended it.",2025-02-03
R002217,C00688,P001,Daily Lamp 01,3,Pretty average for the price.,2025-07-04
R002218,C00492,P007,Calm Cream 07,1,I probably would not purchase this again.,2025-04-14
R002219,C00933,P016,Modern Serum 16,5,Very happy with the purchase.,2025-08-17
R002220,C00074,P018,Pure Band 18,4,Good value and I use it often.,2025-05-28
R002221,C00800,P022,Active Mat 22,4,Better than I expected overall.,2025-03-31
R002222,C00290,P002,Pure Band 02,3,Fine overall with a few small drawbacks.,2025-03-03
R002223,C00170,P022,Active Mat 22,2,Did not quite meet my expectations.,2025-12-29
R002224,C00700,P010,Pure Band 10,4,Nice design and works reliably.,2025-05-08
R002225,C00374,P003,Urban Bottle 03,4,Nice design and works reliably.,2025-12-20
R002226,C00083,P025,Daily Lamp 25,3,Works as expected but could be improved.,2025-04-27
R002227,C00234,P022,Active Mat 22,4,Better than I expected overall.,2025-07-22
R002228,C00114,P028,Essential Bag 28,4,Easy to use and feels well made.,2025-06-08
R002229,C00919,P028,Essential Bag 28,3,Works as expected but could be improved.,2025-11-03
R002230,C00991,P009,Daily Lamp 09,2,Not a great fit for what I needed.,2025-05-19
R002231,C00504,P028,Essential Bag 28,2,Did not quite meet my expectations.,2025-09-04
R002232,C00136,P017,Daily Lamp 17,3,"It does the job, though nothing stood out.",2025-06-05
R002233,C00572,P028,Essential Bag 28,4,Very happy with the purchase.,2025-05-22
R002234,C00275,P015,Calm Cream 15,2,Not a great fit for what I needed.,2025-04-16
R002235,C00432,P008,Modern Serum 08,4,Good value and I use it often.,2025-11-23
R002236,C00759,P003,Urban Bottle 03,5,Easy to use and feels well made.,2025-04-22
R002237,C00326,P005,Bright Organizer 05,3,Works as expected but could be improved.,2025-02-10
R002238,C00073,P025,Daily Lamp 25,4,Better than I expected overall. Delivery took a little longer than expected.,2025-04-27
R002239,C00840,P020,Essential Bag 20,2,Not a great fit for what I needed.,2025-03-26
R002240,C00425,P010,Pure Band 10,5,Good value and I use it often. The product looked slightly different online.,2025-01-27
R002241,C00346,P001,Daily Lamp 01,4,Better than I expected overall.,2025-11-23
R002242,C00625,P023,Calm Cream 23,4,Easy to use and feels well made.,2025-08-18
R002243,C00644,P028,Essential Bag 28,4,Easy to use and feels well made.,2025-11-27
R002244,C00069,P010,Pure Band 10,3,"It does the job, though nothing stood out.",2025-12-10
R002245,C00059,P009,Daily Lamp 09,3,Fine overall with a few small drawbacks.,2025-07-14
R002246,C00070,P006,Active Mat 06,4,Very happy with the purchase.,2025-12-12
R002247,C00312,P013,Bright Organizer 13,2,I expected more for the price.,2025-07-27
R002248,C00796,P009,Daily Lamp 09,2,I expected more for the price.,2025-01-31
R002249,C00322,P005,Bright Organizer 05,5,Very happy with the purchase.,2025-08-21
R002250,C00426,P006,Active Mat 06,3,"It does the job, though nothing stood out.",2025-12-06
R002251,C00207,P007,Calm Cream 07,3,"It does the job, though nothing stood out.",2025-11-23
R002252,C00441,P001,Daily Lamp 01,4,Good value and I use it often.,2025-07-15
R002253,C00031,P013,Bright Organizer 13,4,Better than I expected overall. A friend recommended it.,2025-01-15
R002254,C00817,P018,Pure Band 18,4,Good value and I use it often.,2025-03-24
R002255,C00474,P006,Active Mat 06,4,Nice design and works reliably. A friend recommended it.,2025-11-25
R002256,C00788,P025,Daily Lamp 25,4,Good value and I use it often.,2025-06-06
R002257,C00502,P006,Active Mat 06,3,Works as expected but could be improved.,2025-02-02
R002258,C00268,P014,Active Mat 14,5,Nice design and works reliably.,2025-02-13
R002259,C00215,P011,Urban Bottle 11,4,Very happy with the purchase.,2025-05-03
R002260,C00733,P016,Modern Serum 16,2,Not a great fit for what I needed. The product looked slightly different online.,2025-06-16
R002261,C00089,P028,Essential Bag 28,3,Pretty average for the price.,2025-09-13
R002262,C00036,P019,Urban Bottle 19,4,Good value and I use it often. Delivery took a little longer than expected.,2025-07-21
R002263,C00153,P006,Active Mat 06,5,Better than I expected overall. I bought it after seeing an ad.,2025-04-09
R002264,C00798,P005,Bright Organizer 05,5,Better than I expected overall.,2025-04-28
R002265,C00939,P009,Daily Lamp 09,3,Works as expected but could be improved.,2025-12-21
R002266,C00250,P004,Essential Bag 04,4,Easy to use and feels well made.,2025-04-13
R002267,C00770,P005,Bright Organizer 05,3,Fine overall with a few small drawbacks.,2025-12-13
R002268,C00003,P030,Active Mat 30,5,Nice design and works reliably.,2025-09-20
R002269,C00837,P020,Essential Bag 20,3,Fine overall with a few small drawbacks.,2025-01-22
R002270,C00514,P002,Pure Band 02,3,"It does the job, though nothing stood out.",2025-07-18
R002271,C00229,P025,Daily Lamp 25,3,Fine overall with a few small drawbacks.,2025-02-10
R002272,C00266,P009,Daily Lamp 09,2,I probably would not purchase this again.,2025-10-31
R002273,C00122,P012,Essential Bag 12,3,"Useful, but I am not sure I would buy it again.",2025-12-28
R002274,C00730,P009,Daily Lamp 09,3,Fine overall with a few small drawbacks.,2025-08-02
R002275,C00737,P001,Daily Lamp 01,5,Better than I expected overall.,2025-02-09
R002276,C00490,P013,Bright Organizer 13,5,Very happy with the purchase.,2025-01-12
R002277,C00534,P025,Daily Lamp 25,4,Very happy with the purchase. The product looked slightly different online.,2025-05-01
R002278,C00354,P010,Pure Band 10,5,Nice design and works reliably.,2025-07-02
R002279,C00205,P025,Daily Lamp 25,5,Nice design and works reliably. The product looked slightly different online.,2025-06-13
R002280,C00562,P023,Calm Cream 23,5,Very happy with the purchase.,2025-07-15
R002281,C00708,P002,Pure Band 02,2,The quality felt inconsistent.,2025-06-12
R002282,C00439,P012,Essential Bag 12,2,The quality felt inconsistent.,2025-01-22
R002283,C00933,P002,Pure Band 02,3,Pretty average for the price.,2025-07-29
R002284,C00660,P006,Active Mat 06,5,Good value and I use it often.,2025-04-09
R002285,C00300,P006,Active Mat 06,4,Better than I expected overall.,2025-11-08
R002286,C00770,P012,Essential Bag 12,4,Better than I expected overall.,2025-11-11
R002287,C00617,P025,Daily Lamp 25,2,Not a great fit for what I needed.,2025-08-10
R002288,C00826,P007,Calm Cream 07,3,"It does the job, though nothing stood out.",2025-10-20
R002289,C00335,P005,Bright Organizer 05,3,"Useful, but I am not sure I would buy it again.",2025-04-23
R002290,C00648,P013,Bright Organizer 13,5,Better than I expected overall. Delivery took a little longer than expected.,2025-02-13
R002291,C00355,P012,Essential Bag 12,5,Nice design and works reliably.,2025-06-15
R002292,C00502,P015,Calm Cream 15,4,Nice design and works reliably.,2025-02-11
R002293,C00782,P023,Calm Cream 23,4,Easy to use and feels well made.,2025-09-14
R002294,C00020,P019,Urban Bottle 19,4,Nice design and works reliably.,2025-01-05
R002295,C00127,P022,Active Mat 22,5,Very happy with the purchase.,2025-10-08
R002296,C00406,P007,Calm Cream 07,5,Nice design and works reliably.,2025-10-06
R002297,C00209,P003,Urban Bottle 03,3,Works as expected but could be improved. I bought it after seeing an ad.,2025-05-18
R002298,C00581,P024,Modern Serum 24,2,Not a great fit for what I needed.,2025-04-04
R002299,C00400,P026,Pure Band 26,2,The quality felt inconsistent.,2025-07-07
R002300,C00812,P013,Bright Organizer 13,4,Very happy with the purchase. I bought it after seeing an ad.,2025-12-04
R002301,C00917,P029,Bright Organizer 29,4,Better than I expected overall. A friend recommended it.,2025-12-15
R002302,C00228,P006,Active Mat 06,4,Easy to use and feels well made.,2025-07-07
R002303,C00710,P011,Urban Bottle 11,3,Works as expected but could be improved.,2025-07-15
R002304,C00489,P027,Urban Bottle 27,2,The quality felt inconsistent.,2025-08-01
R002305,C00145,P005,Bright Organizer 05,5,Nice design and works reliably.,2025-09-20
R002306,C00476,P004,Essential Bag 04,4,Nice design and works reliably.,2025-06-12
R002307,C00870,P012,Essential Bag 12,5,Good value and I use it often.,2025-11-04
R002308,C00620,P024,Modern Serum 24,4,Easy to use and feels well made.,2025-12-20
R002309,C00600,P009,Daily Lamp 09,3,Works as expected but could be improved.,2025-06-14
R002310,C00463,P014,Active Mat 14,4,Nice design and works reliably.,2025-10-15
R002311,C00468,P002,Pure Band 02,4,Good value and I use it often.,2025-07-06
R002312,C00058,P020,Essential Bag 20,5,Nice design and works reliably. A friend recommended it.,2025-01-27
R002313,C00966,P014,Active Mat 14,3,Fine overall with a few small drawbacks.,2025-11-21
R002314,C00410,P018,Pure Band 18,3,Pretty average for the price.,2025-05-22
R002315,C00069,P005,Bright Organizer 05,4,Nice design and works reliably.,2025-09-06
R002316,C00903,P007,Calm Cream 07,4,Better than I expected overall.,2025-12-13
R002317,C00487,P008,Modern Serum 08,5,Good value and I use it often.,2025-01-05
R002318,C00045,P028,Essential Bag 28,4,Easy to use and feels well made.,2025-12-06
R002319,C00172,P007,Calm Cream 07,4,Easy to use and feels well made. The product looked slightly different online.,2025-10-26
R002320,C00559,P011,Urban Bottle 11,3,"It does the job, though nothing stood out.",2025-04-19
R002321,C00884,P010,Pure Band 10,4,Better than I expected overall.,2025-12-10
R002322,C00391,P016,Modern Serum 16,3,Fine overall with a few small drawbacks. Packaging was simple.,2025-07-07
R002323,C00681,P008,Modern Serum 08,4,Better than I expected overall.,2025-12-25
R002324,C00225,P013,Bright Organizer 13,3,Fine overall with a few small drawbacks. A friend recommended it.,2025-01-02
R002325,C00504,P010,Pure Band 10,4,Easy to use and feels well made.,2025-11-13
R002326,C00932,P017,Daily Lamp 17,1,I expected more for the price.,2025-08-20
R002327,C00327,P010,Pure Band 10,3,"It does the job, though nothing stood out.",2025-06-08
R002328,C00393,P024,Modern Serum 24,2,The quality felt inconsistent.,2025-08-10
R002329,C00368,P022,Active Mat 22,4,Good value and I use it often.,2025-06-28
R002330,C00380,P018,Pure Band 18,4,Good value and I use it often.,2025-05-23
R002331,C00136,P030,Active Mat 30,3,Pretty average for the price.,2025-08-26
R002332,C00252,P001,Daily Lamp 01,5,Nice design and works reliably.,2025-01-09
R002333,C00109,P018,Pure Band 18,3,Works as expected but could be improved.,2025-07-17
R002334,C00148,P024,Modern Serum 24,4,Nice design and works reliably.,2025-05-17
R002335,C00203,P002,Pure Band 02,4,Very happy with the purchase. I bought it after seeing an ad.,2025-10-16
R002336,C00918,P023,Calm Cream 23,4,Good value and I use it often.,2025-05-31
R002337,C00161,P017,Daily Lamp 17,3,"Useful, but I am not sure I would buy it again.",2025-07-02
R002338,C00553,P002,Pure Band 02,3,Fine overall with a few small drawbacks.,2025-01-08
R002339,C00099,P022,Active Mat 22,5,Good value and I use it often.,2025-07-27
R002340,C00950,P010,Pure Band 10,3,Works as expected but could be improved.,2025-06-14
R002341,C00702,P027,Urban Bottle 27,2,Did not quite meet my expectations. A friend recommended it.,2025-06-10
R002342,C00280,P009,Daily Lamp 09,3,Works as expected but could be improved.,2025-04-21
R002343,C00263,P015,Calm Cream 15,4,Very happy with the purchase.,2025-11-16
R002344,C00931,P013,Bright Organizer 13,3,"Useful, but I am not sure I would buy it again.",2025-12-26
R002345,C00962,P003,Urban Bottle 03,3,"Useful, but I am not sure I would buy it again.",2025-12-22
R002346,C00461,P018,Pure Band 18,2,The quality felt inconsistent.,2025-11-05
R002347,C00186,P011,Urban Bottle 11,2,Did not quite meet my expectations. Delivery took a little longer than expected.,2025-09-15
R002348,C00057,P007,Calm Cream 07,2,Not a great fit for what I needed.,2025-02-13
R002349,C00986,P020,Essential Bag 20,4,Very happy with the purchase.,2025-09-08
R002350,C00937,P030,Active Mat 30,4,Very happy with the purchase.,2025-08-14
R002351,C00996,P007,Calm Cream 07,3,"It does the job, though nothing stood out.",2025-01-10
R002352,C00974,P029,Bright Organizer 29,4,Good value and I use it often.,2025-08-22
R002353,C00543,P024,Modern Serum 24,3,Works as expected but could be improved.,2025-06-04
R002354,C00714,P022,Active Mat 22,3,"It does the job, though nothing stood out. I bought it after seeing an ad.",2025-06-27
R002355,C00821,P005,Bright Organizer 05,3,Works as expected but could be improved. I bought it after seeing an ad.,2025-02-15
R002356,C00556,P019,Urban Bottle 19,5,Good value and I use it often.,2025-06-12
R002357,C00026,P028,Essential Bag 28,5,Nice design and works reliably.,2025-03-14
R002358,C00657,P016,Modern Serum 16,5,Good value and I use it often.,2025-11-20
R002359,C00931,P026,Pure Band 26,4,Very happy with the purchase. The product looked slightly different online.,2025-02-27
R002360,C00619,P024,Modern Serum 24,3,Pretty average for the price.,2025-06-23
R002361,C00529,P021,Bright Organizer 21,4,Very happy with the purchase.,2025-06-18
R002362,C00664,P004,Essential Bag 04,4,Good value and I use it often. The product looked slightly different online.,2025-03-27
R002363,C00375,P020,Essential Bag 20,4,Better than I expected overall.,2025-04-22
R002364,C00014,P026,Pure Band 26,2,Did not quite meet my expectations.,2025-08-10
R002365,C00091,P025,Daily Lamp 25,4,Very happy with the purchase.,2025-01-24
R002366,C00594,P012,Essential Bag 12,2,Did not quite meet my expectations.,2025-08-13
R002367,C00430,P027,Urban Bottle 27,3,Works as expected but could be improved.,2025-05-21
R002368,C00229,P001,Daily Lamp 01,3,Fine overall with a few small drawbacks.,2025-03-05
R002369,C00694,P003,Urban Bottle 03,2,I probably would not purchase this again.,2025-08-10
R002370,C00995,P025,Daily Lamp 25,4,Nice design and works reliably.,2025-11-18
R002371,C00917,P021,Bright Organizer 21,3,"It does the job, though nothing stood out.",2025-04-05
R002372,C00534,P011,Urban Bottle 11,4,Nice design and works reliably. I bought it after seeing an ad.,2025-11-28
R002373,C00811,P003,Urban Bottle 03,4,Easy to use and feels well made.,2025-07-26
R002374,C00926,P012,Essential Bag 12,4,Good value and I use it often.,2025-01-16
R002375,C00908,P014,Active Mat 14,5,Good value and I use it often.,2025-10-14
R002376,C00605,P013,Bright Organizer 13,2,The quality felt inconsistent.,2025-11-09
R002377,C00527,P003,Urban Bottle 03,2,I probably would not purchase this again.,2025-01-23
R002378,C00466,P019,Urban Bottle 19,4,Easy to use and feels well made.,2025-12-25
R002379,C00749,P001,Daily Lamp 01,3,Pretty average for the price. Packaging was simple.,2025-12-07
R002380,C00163,P003,Urban Bottle 03,4,Very happy with the purchase.,2025-02-27
R002381,C00692,P017,Daily Lamp 17,4,Very happy with the purchase. A friend recommended it.,2025-04-28
R002382,C00733,P009,Daily Lamp 09,2,The quality felt inconsistent.,2025-01-12
R002383,C00454,P029,Bright Organizer 29,4,Easy to use and feels well made.,2025-04-06
R002384,C00327,P009,Daily Lamp 09,4,Easy to use and feels well made. A friend recommended it.,2025-10-05
R002385,C00133,P025,Daily Lamp 25,4,Good value and I use it often.,2025-12-09
R002386,C00713,P027,Urban Bottle 27,2,I probably would not purchase this again.,2025-11-05
R002387,C00291,P013,Bright Organizer 13,3,Fine overall with a few small drawbacks. Shipping was quick.,2025-06-22
R002388,C00258,P005,Bright Organizer 05,4,Good value and I use it often.,2025-09-04
R002389,C00284,P023,Calm Cream 23,5,Nice design and works reliably. Packaging was simple.,2025-01-19
R002390,C00451,P003,Urban Bottle 03,5,Very happy with the purchase. Packaging was simple.,2025-05-01
R002391,C00423,P004,Essential Bag 04,2,Did not quite meet my expectations.,2025-02-06
R002392,C00964,P010,Pure Band 10,4,Very happy with the purchase.,2025-09-23
R002393,C00582,P012,Essential Bag 12,5,Better than I expected overall.,2025-11-20
R002394,C00401,P018,Pure Band 18,3,Works as expected but could be improved. I bought it after seeing an ad.,2025-03-19
R002395,C00009,P010,Pure Band 10,5,Nice design and works reliably.,2025-12-06
R002396,C00433,P028,Essential Bag 28,2,Not a great fit for what I needed. The product looked slightly different online.,2025-07-01
R002397,C00660,P026,Pure Band 26,4,Better than I expected overall.,2025-05-13
R002398,C00699,P002,Pure Band 02,4,Better than I expected overall.,2025-03-02
R002399,C00203,P019,Urban Bottle 19,3,Pretty average for the price. I bought it after seeing an ad.,2025-03-05
R002400,C00918,P007,Calm Cream 07,4,Easy to use and feels well made.,2025-06-17
R002401,C00048,P023,Calm Cream 23,4,Very happy with the purchase.,2025-11-18
R002402,C00656,P011,Urban Bottle 11,3,Works as expected but could be improved.,2025-01-21
R002403,C00809,P012,Essential Bag 12,4,Nice design and works reliably.,2025-01-04
R002404,C00291,P019,Urban Bottle 19,4,Good value and I use it often.,2025-11-14
R002405,C00717,P016,Modern Serum 16,5,Good value and I use it often. The product looked slightly different online.,2025-06-27
R002406,C00328,P030,Active Mat 30,4,Easy to use and feels well made.,2025-03-06
R002407,C00657,P012,Essential Bag 12,3,Fine overall with a few small drawbacks.,2025-03-16
R002408,C00341,P013,Bright Organizer 13,4,Nice design and works reliably.,2025-05-05
R002409,C00659,P005,Bright Organizer 05,3,"Useful, but I am not sure I would buy it again.",2025-08-17
R002410,C00251,P009,Daily Lamp 09,4,Very happy with the purchase.,2025-12-22
R002411,C00727,P023,Calm Cream 23,5,Very happy with the purchase.,2025-05-24
R002412,C00976,P002,Pure Band 02,4,Nice design and works reliably. I bought it after seeing an ad.,2025-12-04
R002413,C00444,P001,Daily Lamp 01,4,Better than I expected overall. Delivery took a little longer than expected.,2025-09-07
R002414,C00122,P027,Urban Bottle 27,4,Better than I expected overall. Shipping was quick.,2025-01-04
R002415,C00777,P024,Modern Serum 24,3,Works as expected but could be improved.,2025-03-01
R002416,C00988,P006,Active Mat 06,3,"Useful, but I am not sure I would buy it again.",2025-12-29
R002417,C00319,P004,Essential Bag 04,2,The quality felt inconsistent.,2025-11-19
R002418,C00321,P016,Modern Serum 16,4,Nice design and works reliably.,2025-08-27
R002419,C00172,P017,Daily Lamp 17,5,Easy to use and feels well made.,2025-11-23
R002420,C00656,P011,Urban Bottle 11,4,Better than I expected overall.,2025-01-15
R002421,C00136,P016,Modern Serum 16,4,Nice design and works reliably. I bought it after seeing an ad.,2025-07-04
R002422,C00658,P016,Modern Serum 16,3,Fine overall with a few small drawbacks.,2025-12-24
R002423,C00950,P012,Essential Bag 12,4,Easy to use and feels well made. Delivery took a little longer than expected.,2025-02-13
R002424,C00803,P021,Bright Organizer 21,1,I expected more for the price.,2025-03-21
R002425,C00878,P025,Daily Lamp 25,3,"It does the job, though nothing stood out.",2025-11-06
R002426,C00869,P026,Pure Band 26,4,Better than I expected overall.,2025-02-23
R002427,C00699,P006,Active Mat 06,4,Easy to use and feels well made.,2025-12-10
R002428,C00699,P013,Bright Organizer 13,4,Nice design and works reliably.,2025-05-15
R002429,C00467,P010,Pure Band 10,4,Better than I expected overall. Packaging was simple.,2025-08-12
R002430,C00661,P030,Active Mat 30,5,Nice design and works reliably. A friend recommended it.,2025-03-16
R002431,C00821,P018,Pure Band 18,3,"Useful, but I am not sure I would buy it again.",2025-09-04
R002432,C00254,P025,Daily Lamp 25,4,Easy to use and feels well made.,2025-02-10
R002433,C00108,P005,Bright Organizer 05,5,Good value and I use it often.,2025-05-18
R002434,C00299,P020,Essential Bag 20,3,"It does the job, though nothing stood out.",2025-02-16
R002435,C00443,P010,Pure Band 10,3,Pretty average for the price.,2025-09-25
R002436,C00567,P023,Calm Cream 23,3,Pretty average for the price.,2025-01-25
R002437,C00856,P026,Pure Band 26,5,Good value and I use it often. Shipping was quick.,2025-07-30
R002438,C00746,P007,Calm Cream 07,3,Pretty average for the price. Delivery took a little longer than expected.,2025-06-27
R002439,C00181,P003,Urban Bottle 03,4,Nice design and works reliably.,2025-06-23
R002440,C00691,P001,Daily Lamp 01,4,Very happy with the purchase.,2025-11-20
R002441,C00481,P012,Essential Bag 12,5,Good value and I use it often.,2025-12-13
R002442,C00758,P003,Urban Bottle 03,4,Good value and I use it often. I bought it after seeing an ad.,2025-12-19
R002443,C00479,P021,Bright Organizer 21,5,Very happy with the purchase.,2025-07-04
R002444,C00491,P027,Urban Bottle 27,4,Easy to use and feels well made.,2025-07-08
R002445,C00232,P016,Modern Serum 16,2,I expected more for the price.,2025-04-20
R002446,C00157,P022,Active Mat 22,3,"Useful, but I am not sure I would buy it again.",2025-09-17
R002447,C00124,P004,Essential Bag 04,4,Easy to use and feels well made.,2025-08-18
R002448,C00322,P006,Active Mat 06,5,Very happy with the purchase.,2025-10-16
R002449,C00009,P024,Modern Serum 24,3,Pretty average for the price.,2025-03-29
R002450,C00340,P001,Daily Lamp 01,4,Good value and I use it often.,2025-10-17
R002451,C00206,P029,Bright Organizer 29,5,Very happy with the purchase.,2025-01-23
R002452,C00073,P015,Calm Cream 15,4,Good value and I use it often. Shipping was quick.,2025-03-09
R002453,C00011,P019,Urban Bottle 19,4,Good value and I use it often. Shipping was quick.,2025-04-07
R002454,C00974,P001,Daily Lamp 01,3,Works as expected but could be improved.,2025-04-07
R002455,C00300,P015,Calm Cream 15,4,Better than I expected overall.,2025-12-31
R002456,C00773,P009,Daily Lamp 09,2,I probably would not purchase this again.,2025-08-05
R002457,C00304,P015,Calm Cream 15,3,Pretty average for the price.,2025-02-07
R002458,C00147,P028,Essential Bag 28,4,Easy to use and feels well made. The product looked slightly different online.,2025-08-04
R002459,C00814,P007,Calm Cream 07,3,Pretty average for the price.,2025-10-21
R002460,C00673,P003,Urban Bottle 03,3,Works as expected but could be improved.,2025-05-22
R002461,C00191,P006,Active Mat 06,3,"Useful, but I am not sure I would buy it again.",2025-07-23
R002462,C00914,P015,Calm Cream 15,3,"It does the job, though nothing stood out.",2025-02-27
R002463,C00816,P004,Essential Bag 04,2,Did not quite meet my expectations. A friend recommended it.,2025-04-01
R002464,C00854,P002,Pure Band 02,3,"It does the job, though nothing stood out.",2025-08-03
R002465,C00178,P007,Calm Cream 07,3,"Useful, but I am not sure I would buy it again.",2025-10-09
R002466,C00524,P006,Active Mat 06,4,Good value and I use it often.,2025-02-02
R002467,C00551,P024,Modern Serum 24,3,Fine overall with a few small drawbacks.,2025-03-26
R002468,C00023,P014,Active Mat 14,3,Pretty average for the price.,2025-04-15
R002469,C00219,P010,Pure Band 10,2,I expected more for the price. Packaging was simple.,2025-05-19
R002470,C00968,P001,Daily Lamp 01,4,Better than I expected overall.,2025-07-01
R002471,C00132,P004,Essential Bag 04,4,Good value and I use it often.,2025-06-07
R002472,C00654,P018,Pure Band 18,3,Pretty average for the price.,2025-05-11
R002473,C00061,P020,Essential Bag 20,5,Easy to use and feels well made.,2025-01-07
R002474,C00051,P007,Calm Cream 07,2,Not a great fit for what I needed.,2025-07-17
R002475,C00729,P003,Urban Bottle 03,3,Works as expected but could be improved. Shipping was quick.,2025-04-24
R002476,C00011,P020,Essential Bag 20,5,Easy to use and feels well made.,2025-04-11
R002477,C00464,P022,Active Mat 22,5,Very happy with the purchase. Packaging was simple.,2025-07-10
R002478,C00035,P015,Calm Cream 15,2,I probably would not purchase this again.,2025-01-05
R002479,C00538,P012,Essential Bag 12,3,Fine overall with a few small drawbacks.,2025-12-15
R002480,C00065,P012,Essential Bag 12,4,Very happy with the purchase.,2025-07-11
R002481,C00755,P028,Essential Bag 28,4,Better than I expected overall.,2025-09-10
R002482,C00282,P029,Bright Organizer 29,3,Pretty average for the price.,2025-03-04
R002483,C00687,P013,Bright Organizer 13,4,Nice design and works reliably.,2025-09-09
R002484,C00603,P028,Essential Bag 28,4,Nice design and works reliably.,2025-04-02
R002485,C00370,P008,Modern Serum 08,4,Easy to use and feels well made.,2025-11-16
R002486,C00759,P025,Daily Lamp 25,4,Nice design and works reliably. Packaging was simple.,2025-10-14
R002487,C00484,P023,Calm Cream 23,3,Works as expected but could be improved.,2025-05-18
R002488,C00824,P021,Bright Organizer 21,3,"It does the job, though nothing stood out. A friend recommended it.",2025-05-20
R002489,C00667,P008,Modern Serum 08,4,Good value and I use it often.,2025-11-10
R002490,C00421,P026,Pure Band 26,4,Better than I expected overall.,2025-08-24
R002491,C00120,P003,Urban Bottle 03,4,Easy to use and feels well made. Packaging was simple.,2025-01-15
R002492,C00762,P028,Essential Bag 28,2,The quality felt inconsistent.,2025-10-03
R002493,C00040,P005,Bright Organizer 05,4,Very happy with the purchase.,2025-07-28
R002494,C00832,P011,Urban Bottle 11,3,"It does the job, though nothing stood out.",2025-03-07
R002495,C00727,P016,Modern Serum 16,3,"Useful, but I am not sure I would buy it again. Shipping was quick.",2025-11-24
R002496,C00399,P010,Pure Band 10,4,Easy to use and feels well made. I bought it after seeing an ad.,2025-08-26
R002497,C00055,P003,Urban Bottle 03,3,Pretty average for the price. Packaging was simple.,2025-03-17
R002498,C00156,P001,Daily Lamp 01,2,I expected more for the price.,2025-02-01
R002499,C00395,P021,Bright Organizer 21,4,Good value and I use it often. Shipping was quick.,2025-03-02
R002500,C00952,P011,Urban Bottle 11,4,Nice design and works reliably. Delivery took a little longer than expected.,2025-10-22
