transaction_id,customer_id,product_id,product_name,quantity,unit_price,transaction_total,date
T000001,C00996,P006,Active Mat 06,1,20.63,20.63,2025-03-27
T000002,C00446,P006,Active Mat 06,2,21.6,43.2,2025-12-16
T000003,C00933,P023,Calm Cream 23,2,45.45,90.9,2025-06-13
T000004,C00334,P026,Pure Band 26,1,86.24,86.24,2025-10-10
T000005,C00639,P018,Pure Band 18,2,77.08,154.16,2025-12-25
T000006,C00603,P018,Pure Band 18,3,76.21,228.63,2025-10-18
T000007,C00805,P009,Daily Lamp 09,1,21.79,21.79,2025-02-21
T000008,C00671,P015,Calm Cream 15,1,31.18,31.18,2025-07-16
T000009,C00634,P019,Urban Bottle 19,1,30.43,30.43,2025-03-15
T000010,C00708,P007,Calm Cream 07,2,53.86,107.72,2025-06-19
T000011,C00346,P025,Daily Lamp 25,1,92.53,92.53,2025-01-11
T000012,C00702,P003,Urban Bottle 03,2,42.44,84.88,2025-12-23
T000013,C00793,P026,Pure Band 26,1,97.63,97.63,2025-08-15
T000014,C00453,P006,Active Mat 06,2,20.12,40.24,2025-04-07
T000015,C00841,P002,Pure Band 02,2,28.06,56.12,2025-07-11
T000016,C00139,P024,Modern Serum 24,1,68.74,68.74,2025-07-26
T000017,C00858,P002,Pure Band 02,1,27.56,27.56,2025-04-13
T000018,C00281,P011,Urban Bottle 11,1,38.33,38.33,2025-04-12
T000019,C00032,P007,Calm Cream 07,1,61.56,61.56,2025-12-15
T000020,C00601,P017,Daily Lamp 17,1,37.76,37.76,2025-08-31
T000021,C00093,P009,Daily Lamp 09,1,22.4,22.4,2025-12-19
T000022,C00878,P007,Calm Cream 07,1,59.16,59.16,2025-04-20
T000023,C00021,P027,Urban Bottle 27,3,56.02,168.06,2025-09-20
T000024,C00663,P005,Bright Organizer 05,2,83.71,167.42,2025-03-09
T000025,C00730,P029,Bright Organizer 29,1,89.28,89.28,2025-06-06
T000026,C00471,P007,Calm Cream 07,1,56.74,56.74,2025-06-28
T000027,C00599,P003,Urban Bottle 03,1,41.36,41.36,2025-07-23
T000028,C00575,P020,Essential Bag 20,1,54.59,54.59,2025-07-11
T000029,C00345,P030,Active Mat 30,1,21.22,21.22,2025-02-02
T000030,C00976,P027,Urban Bottle 27,1,60.33,60.33,2025-12-31
T000031,C00825,P026,Pure Band 26,2,96.37,192.74,2025-01-30
T000032,C00739,P001,Daily Lamp 01,1,97.76,97.76,2025-03-13
T000033,C00398,P023,Calm Cream 23,1,39.25,39.25,2025-07-27
T000034,C00744,P022,Active Mat 22,1,85.11,85.11,2025-06-25
T000035,C00368,P016,Modern Serum 16,2,37.82,75.64,2025-12-10
T000036,C00301,P003,Urban Bottle 03,1,41.1,41.1,2025-04-03
T000037,C00970,P021,Bright Organizer 21,1,33.72,33.72,2025-04-04
T000038,C00431,P024,Modern Serum 24,1,68.67,68.67,2025-06-07
T000039,C00482,P002,Pure Band 02,1,27.98,27.98,2025-03-02
T000040,C00911,P006,Active Mat 06,1,20.15,20.15,2025-08-30
T000041,C00056,P027,Urban Bottle 27,1,49.49,49.49,2025-07-31
T000042,C00915,P028,Essential Bag 28,1,83.41,83.41,2025-10-19
T000043,C00500,P010,Pure Band 10,4,78.85,315.4,2025-02-11
T000044,C00281,P006,Active Mat 06,2,20.87,41.74,2025-08-20
T000045,C00133,P019,Urban Bottle 19,1,30.64,30.64,2025-02-15
T000046,C00005,P002,Pure Band 02,1,27.3,27.3,2025-07-16
T000047,C00776,P026,Pure Band 26,1,91.9,91.9,2025-06-14
T000048,C00232,P022,Active Mat 22,1,84.55,84.55,2025-05-08
T000049,C00314,P005,Bright Organizer 05,2,83.77,167.54,2025-10-29
T000050,C00611,P016,Modern Serum 16,1,38.25,38.25,2025-09-24
T000051,C00368,P023,Calm Cream 23,1,41.82,41.82,2025-09-08
T000052,C00234,P007,Calm Cream 07,4,58.41,233.64,2025-01-10
T000053,C00174,P004,Essential Bag 04,2,18.32,36.64,2025-09-16
T000054,C00262,P024,Modern Serum 24,1,69.94,69.94,2025-11-24
T000055,C00670,P026,Pure Band 26,1,96.47,96.47,2025-02-25
T000056,C00561,P007,Calm Cream 07,2,59.51,119.02,2025-03-05
T000057,C00309,P013,Bright Organizer 13,1,27.31,27.31,2025-01-05
T000058,C00141,P013,Bright Organizer 13,2,27.67,55.34,2025-12-25
T000059,C00117,P024,Modern Serum 24,1,69.96,69.96,2025-05-25
T000060,C00997,P006,Active Mat 06,2,20.87,41.74,2025-09-25
T000061,C00933,P006,Active Mat 06,3,20.81,62.43,2025-09-12
T000062,C00092,P028,Essential Bag 28,2,82.43,164.86,2025-12-10
T000063,C00799,P016,Modern Serum 16,2,40.14,80.28,2025-02-16
T000064,C00468,P030,Active Mat 30,1,23.2,23.2,2025-04-29
T000065,C00896,P002,Pure Band 02,1,26.16,26.16,2025-03-31
T000066,C00098,P026,Pure Band 26,2,95.23,190.46,2025-03-01
T000067,C00175,P010,Pure Band 10,2,69.03,138.06,2025-11-28
T000068,C00382,P025,Daily Lamp 25,1,93.75,93.75,2025-02-17
T000069,C00856,P012,Essential Bag 12,2,15.97,31.94,2025-05-20
T000070,C00116,P004,Essential Bag 04,2,16.49,32.98,2025-03-27
T000071,C00427,P028,Essential Bag 28,1,81.59,81.59,2025-02-23
T000072,C00389,P024,Modern Serum 24,1,65.1,65.1,2025-11-09
T000073,C00495,P028,Essential Bag 28,1,80.16,80.16,2025-03-08
T000074,C00671,P010,Pure Band 10,2,76.44,152.88,2025-05-14
T000075,C00742,P017,Daily Lamp 17,3,42.31,126.93,2025-10-23
T000076,C00705,P022,Active Mat 22,1,85.42,85.42,2025-09-25
T000077,C00680,P021,Bright Organizer 21,1,30.64,30.64,2025-06-27
T000078,C00056,P001,Daily Lamp 01,3,98.59,295.77,2025-11-10
T000079,C00891,P005,Bright Organizer 05,2,83.58,167.16,2025-09-11
T000080,C00052,P016,Modern Serum 16,1,40.76,40.76,2025-05-23
T000081,C00471,P014,Active Mat 14,1,40.85,40.85,2025-02-10
T000082,C00122,P030,Active Mat 30,2,23.52,47.04,2025-06-11
T000083,C00571,P017,Daily Lamp 17,2,40.97,81.94,2025-01-19
T000084,C00312,P027,Urban Bottle 27,1,59.78,59.78,2025-11-23
T000085,C00373,P026,Pure Band 26,2,86.13,172.26,2025-06-24
T000086,C00615,P015,Calm Cream 15,1,30.15,30.15,2025-11-14
T000087,C00228,P001,Daily Lamp 01,1,99.8,99.8,2025-12-04
T000088,C00535,P012,Essential Bag 12,1,15.29,15.29,2025-10-08
T000089,C00110,P008,Modern Serum 08,1,28.52,28.52,2025-07-29
T000090,C00469,P026,Pure Band 26,1,97.12,97.12,2025-04-21
T000091,C00949,P020,Essential Bag 20,1,56.68,56.68,2025-01-24
T000092,C00675,P018,Pure Band 18,1,64.12,64.12,2025-08-23
T000093,C00567,P028,Essential Bag 28,2,82.18,164.36,2025-01-25
T000094,C00709,P018,Pure Band 18,2,75.89,151.78,2025-04-01
T000095,C00621,P027,Urban Bottle 27,1,61.05,61.05,2025-11-04
T000096,C00781,P007,Calm Cream 07,1,59.91,59.91,2025-12-21
T000097,C00142,P013,Bright Organizer 13,2,25.37,50.74,2025-03-10
T000098,C00561,P026,Pure Band 26,2,89.31,178.62,2025-12-26
T000099,C00215,P019,Urban Bottle 19,1,30.08,30.08,2025-04-13
T000100,C00666,P030,Active Mat 30,1,24.34,24.34,2025-12-30
T000101,C00119,P024,Modern Serum 24,1,72.27,72.27,2025-12-30
T000102,C00428,P021,Bright Organizer 21,2,35.29,70.58,2025-12-30
T000103,C00828,P001,Daily Lamp 01,1,94.91,94.91,2025-08-05
T000104,C00205,P008,Modern Serum 08,2,24.15,48.3,2025-01-29
T000105,C00860,P002,Pure Band 02,2,27.83,55.66,2025-03-16
T000106,C00834,P014,Active Mat 14,1,38.72,38.72,2025-07-03
T000107,C00761,P020,Essential Bag 20,1,55.86,55.86,2025-04-25
T000108,C00295,P022,Active Mat 22,1,87.0,87.0,2025-12-23
T000109,C00321,P029,Bright Organizer 29,1,86.51,86.51,2025-12-17
T000110,C00850,P007,Calm Cream 07,1,56.11,56.11,2025-08-15
T000111,C00560,P023,Calm Cream 23,1,43.25,43.25,2025-10-29
T000112,C00182,P030,Active Mat 30,1,20.44,20.44,2025-08-18
T000113,C00387,P002,Pure Band 02,1,27.46,27.46,2025-03-03
T000114,C00006,P010,Pure Band 10,2,78.5,157.0,2025-05-11
T000115,C00612,P002,Pure Band 02,3,27.92,83.76,2025-06-15
T000116,C00809,P018,Pure Band 18,1,72.75,72.75,2025-09-09
T000117,C00980,P006,Active Mat 06,1,20.87,20.87,2025-04-23
T000118,C00414,P003,Urban Bottle 03,1,40.92,40.92,2025-10-02
T000119,C00301,P007,Calm Cream 07,2,60.18,120.36,2025-07-04
T000120,C00010,P004,Essential Bag 04,1,19.77,19.77,2025-11-29
T000121,C00250,P029,Bright Organizer 29,1,93.87,93.87,2025-11-15
T000122,C00396,P008,Modern Serum 08,2,28.1,56.2,2025-02-28
T000123,C00527,P025,Daily Lamp 25,1,93.28,93.28,2025-07-11
T000124,C00329,P016,Modern Serum 16,3,41.02,123.06,2025-04-09
T000125,C00547,P001,Daily Lamp 01,1,93.54,93.54,2025-10-03
T000126,C00435,P026,Pure Band 26,1,95.28,95.28,2025-12-17
T000127,C00663,P025,Daily Lamp 25,1,85.96,85.96,2025-08-11
T000128,C00039,P003,Urban Bottle 03,1,38.68,38.68,2025-06-19
T000129,C00842,P007,Calm Cream 07,1,60.13,60.13,2025-10-22
T000130,C00324,P001,Daily Lamp 01,2,97.26,194.52,2025-08-10
T000131,C00065,P024,Modern Serum 24,1,66.53,66.53,2025-11-13
T000132,C00109,P009,Daily Lamp 09,1,21.85,21.85,2025-09-15
T000133,C00391,P012,Essential Bag 12,1,16.9,16.9,2025-08-13
T000134,C00765,P012,Essential Bag 12,2,17.09,34.18,2025-03-11
T000135,C00306,P021,Bright Organizer 21,3,32.59,97.77,2025-03-15
T000136,C00981,P029,Bright Organizer 29,1,88.71,88.71,2025-07-11
T000137,C00587,P018,Pure Band 18,1,68.91,68.91,2025-01-03
T000138,C00217,P013,Bright Organizer 13,1,26.52,26.52,2025-06-26
T000139,C00632,P026,Pure Band 26,1,97.27,97.27,2025-04-24
T000140,C00872,P023,Calm Cream 23,4,46.02,184.08,2025-01-28
T000141,C00298,P021,Bright Organizer 21,1,34.28,34.28,2025-02-07
T000142,C00366,P004,Essential Bag 04,1,19.23,19.23,2025-06-19
T000143,C00326,P015,Calm Cream 15,1,31.56,31.56,2025-04-10
T000144,C00580,P017,Daily Lamp 17,2,35.2,70.4,2025-03-20
T000145,C00253,P024,Modern Serum 24,2,68.64,137.28,2025-06-10
T000146,C00138,P021,Bright Organizer 21,1,33.92,33.92,2025-07-04
T000147,C00499,P017,Daily Lamp 17,1,42.46,42.46,2025-06-06
T000148,C00913,P017,Daily Lamp 17,1,37.17,37.17,2025-03-13
T000149,C00914,P001,Daily Lamp 01,1,96.97,96.97,2025-02-08
T000150,C00788,P018,Pure Band 18,2,76.77,153.54,2025-07-27
T000151,C00484,P020,Essential Bag 20,1,56.99,56.99,2025-10-04
T000152,C00751,P026,Pure Band 26,1,96.22,96.22,2025-10-29
T000153,C00515,P001,Daily Lamp 01,1,83.36,83.36,2025-07-06
T000154,C00170,P024,Modern Serum 24,1,71.3,71.3,2025-12-17
T000155,C00676,P027,Urban Bottle 27,1,57.19,57.19,2025-10-17
T000156,C00225,P024,Modern Serum 24,1,69.22,69.22,2025-01-21
T000157,C00212,P016,Modern Serum 16,2,42.09,84.18,2025-12-09
T000158,C00041,P030,Active Mat 30,1,22.67,22.67,2025-01-24
T000159,C00855,P023,Calm Cream 23,1,45.06,45.06,2025-05-21
T000160,C00375,P018,Pure Band 18,2,75.72,151.44,2025-07-13
T000161,C00529,P012,Essential Bag 12,2,16.91,33.82,2025-04-25
T000162,C00007,P016,Modern Serum 16,1,40.75,40.75,2025-11-06
T000163,C00288,P006,Active Mat 06,1,21.74,21.74,2025-11-26
T000164,C00677,P007,Calm Cream 07,2,56.1,112.2,2025-03-02
T000165,C00491,P006,Active Mat 06,1,18.72,18.72,2025-09-03
T000166,C00131,P018,Pure Band 18,1,75.53,75.53,2025-01-23
T000167,C00151,P002,Pure Band 02,1,28.7,28.7,2025-10-21
T000168,C00993,P017,Daily Lamp 17,1,41.22,41.22,2025-11-03
T000169,C00970,P003,Urban Bottle 03,1,34.97,34.97,2025-05-26
T000170,C00225,P026,Pure Band 26,1,92.65,92.65,2025-03-29
T000171,C00639,P020,Essential Bag 20,1,52.18,52.18,2025-04-04
T000172,C00611,P018,Pure Band 18,1,75.73,75.73,2025-08-21
T000173,C00536,P026,Pure Band 26,1,94.82,94.82,2025-04-14
T000174,C00182,P015,Calm Cream 15,1,31.87,31.87,2025-02-19
T000175,C00771,P004,Essential Bag 04,1,19.46,19.46,2025-09-15
T000176,C00919,P028,Essential Bag 28,2,82.17,164.34,2025-01-01
T000177,C00715,P016,Modern Serum 16,1,39.1,39.1,2025-01-23
T000178,C00359,P018,Pure Band 18,2,73.25,146.5,2025-07-15
T000179,C00436,P004,Essential Bag 04,1,19.51,19.51,2025-02-20
T000180,C00613,P027,Urban Bottle 27,1,58.65,58.65,2025-05-26
T000181,C00592,P016,Modern Serum 16,1,40.32,40.32,2025-01-04
T000182,C00419,P011,Urban Bottle 11,1,37.34,37.34,2025-06-11
T000183,C00434,P017,Daily Lamp 17,1,36.0,36.0,2025-10-02
T000184,C00424,P017,Daily Lamp 17,1,41.97,41.97,2025-04-15
T000185,C00260,P030,Active Mat 30,1,22.6,22.6,2025-09-05
T000186,C00876,P027,Urban Bottle 27,1,59.04,59.04,2025-03-12
T000187,C00103,P006,Active Mat 06,1,21.03,21.03,2025-03-24
T000188,C00701,P022,Active Mat 22,1,72.73,72.73,2025-12-23
T000189,C00844,P005,Bright Organizer 05,3,82.15,246.45,2025-02-16
T000190,C00380,P003,Urban Bottle 03,1,41.33,41.33,2025-04-24
T000191,C00672,P016,Modern Serum 16,2,42.19,84.38,2025-11-11
T000192,C00656,P015,Calm Cream 15,1,28.7,28.7,2025-03-31
T000193,C00293,P006,Active Mat 06,2,21.42,42.84,2025-09-23
T000194,C00174,P021,Bright Organizer 21,1,35.55,35.55,2025-11-11
T000195,C00283,P024,Modern Serum 24,1,69.95,69.95,2025-02-14
T000196,C00016,P023,Calm Cream 23,1,45.59,45.59,2025-09-23
T000197,C00937,P018,Pure Band 18,1,72.74,72.74,2025-10-14
T000198,C00466,P028,Essential Bag 28,1,81.05,81.05,2025-04-10
T000199,C00573,P002,Pure Band 02,1,25.38,25.38,2025-02-24
T000200,C00898,P017,Daily Lamp 17,2,41.74,83.48,2025-05-12
T000201,C00577,P015,Calm Cream 15,1,31.79,31.79,2025-07-13
T000202,C00472,P027,Urban Bottle 27,2,59.22,118.44,2025-12-15
T000203,C00649,P024,Modern Serum 24,1,66.85,66.85,2025-07-15
T000204,C00979,P011,Urban Bottle 11,1,35.71,35.71,2025-07-31
T000205,C00096,P012,Essential Bag 12,2,16.75,33.5,2025-05-28
T000206,C00488,P010,Pure Band 10,1,78.74,78.74,2025-04-02
T000207,C00953,P028,Essential Bag 28,1,84.35,84.35,2025-12-16
T000208,C00212,P007,Calm Cream 07,2,52.6,105.2,2025-05-16
T000209,C00123,P028,Essential Bag 28,1,82.15,82.15,2025-02-24
T000210,C00981,P002,Pure Band 02,1,28.14,28.14,2025-10-05
T000211,C00890,P008,Modern Serum 08,1,27.01,27.01,2025-10-22
T000212,C00228,P023,Calm Cream 23,1,45.44,45.44,2025-07-23
T000213,C00034,P016,Modern Serum 16,1,38.35,38.35,2025-10-04
T000214,C00716,P016,Modern Serum 16,1,40.73,40.73,2025-03-03
T000215,C00595,P003,Urban Bottle 03,1,36.21,36.21,2025-07-14
T000216,C00243,P008,Modern Serum 08,3,27.56,82.68,2025-05-15
T000217,C00216,P013,Bright Organizer 13,2,26.93,53.86,2025-08-06
T000218,C00185,P018,Pure Band 18,3,73.98,221.94,2025-08-19
T000219,C00824,P007,Calm Cream 07,1,57.95,57.95,2025-05-19
T000220,C00485,P025,Daily Lamp 25,1,93.5,93.5,2025-03-18
T000221,C00530,P016,Modern Serum 16,1,41.03,41.03,2025-11-19
T000222,C00049,P012,Essential Bag 12,1,17.22,17.22,2025-10-18
T000223,C00860,P019,Urban Bottle 19,1,30.06,30.06,2025-09-01
T000224,C00571,P028,Essential Bag 28,1,81.42,81.42,2025-10-14
T000225,C00987,P019,Urban Bottle 19,1,30.75,30.75,2025-12-14
T000226,C00364,P010,Pure Band 10,1,75.5,75.5,2025-05-26
T000227,C00391,P019,Urban Bottle 19,1,25.97,25.97,2025-02-10
T000228,C00828,P028,Essential Bag 28,1,83.37,83.37,2025-11-24
T000229,C00082,P005,Bright Organizer 05,1,83.04,83.04,2025-02-06
T000230,C00620,P020,Essential Bag 20,1,55.99,55.99,2025-05-17
T000231,C00766,P018,Pure Band 18,3,75.43,226.29,2025-07-05
T000232,C00129,P023,Calm Cream 23,1,41.61,41.61,2025-01-12
T000233,C00216,P005,Bright Organizer 05,1,84.95,84.95,2025-02-10
T000234,C00056,P001,Daily Lamp 01,1,91.02,91.02,2025-10-08
T000235,C00633,P005,Bright Organizer 05,1,74.11,74.11,2025-05-15
T000236,C00756,P009,Daily Lamp 09,1,22.02,22.02,2025-05-07
T000237,C00036,P020,Essential Bag 20,2,55.83,111.66,2025-01-15
T000238,C00958,P008,Modern Serum 08,1,24.31,24.31,2025-10-04
T000239,C00606,P018,Pure Band 18,1,76.42,76.42,2025-04-01
T000240,C00656,P020,Essential Bag 20,1,56.15,56.15,2025-09-26
T000241,C00453,P010,Pure Band 10,1,78.65,78.65,2025-02-15
T000242,C00835,P024,Modern Serum 24,1,70.35,70.35,2025-09-25
T000243,C00945,P015,Calm Cream 15,2,32.5,65.0,2025-12-19
T000244,C00612,P007,Calm Cream 07,1,58.6,58.6,2025-05-30
T000245,C00448,P012,Essential Bag 12,1,16.08,16.08,2025-10-15
T000246,C00226,P008,Modern Serum 08,1,28.36,28.36,2025-07-13
T000247,C00827,P022,Active Mat 22,1,87.63,87.63,2025-11-10
T000248,C00423,P006,Active Mat 06,1,20.61,20.61,2025-05-18
T000249,C00633,P014,Active Mat 14,2,40.66,81.32,2025-08-22
T000250,C00051,P029,Bright Organizer 29,1,75.76,75.76,2025-03-19
T000251,C00733,P013,Bright Organizer 13,1,26.42,26.42,2025-03-06
T000252,C00351,P013,Bright Organizer 13,2,26.68,53.36,2025-04-22
T000253,C00811,P001,Daily Lamp 01,1,92.21,92.21,2025-12-23
T000254,C00795,P012,Essential Bag 12,1,16.97,16.97,2025-05-17
T000255,C00837,P012,Essential Bag 12,1,14.32,14.32,2025-05-09
T000256,C00790,P030,Active Mat 30,1,19.91,19.91,2025-07-17
T000257,C00534,P021,Bright Organizer 21,1,34.74,34.74,2025-02-18
T000258,C00163,P019,Urban Bottle 19,1,26.94,26.94,2025-06-15
T000259,C00493,P020,Essential Bag 20,1,50.39,50.39,2025-05-10
T000260,C00997,P004,Essential Bag 04,1,18.85,18.85,2025-04-22
T000261,C00599,P004,Essential Bag 04,2,18.75,37.5,2025-05-22
T000262,C00487,P021,Bright Organizer 21,1,32.74,32.74,2025-12-20
T000263,C00094,P021,Bright Organizer 21,1,29.5,29.5,2025-09-13
T000264,C00062,P011,Urban Bottle 11,1,37.44,37.44,2025-01-31
T000265,C00239,P010,Pure Band 10,1,80.19,80.19,2025-09-07
T000266,C00751,P006,Active Mat 06,1,20.83,20.83,2025-08-13
T000267,C00497,P022,Active Mat 22,1,85.9,85.9,2025-01-21
T000268,C00192,P017,Daily Lamp 17,1,43.2,43.2,2025-10-18
T000269,C00937,P026,Pure Band 26,1,98.79,98.79,2025-11-03
T000270,C00555,P011,Urban Bottle 11,1,37.48,37.48,2025-05-15
T000271,C00905,P001,Daily Lamp 01,2,90.2,180.4,2025-04-05
T000272,C00675,P029,Bright Organizer 29,2,91.17,182.34,2025-02-02
T000273,C00158,P019,Urban Bottle 19,1,29.89,29.89,2025-10-10
T000274,C00675,P002,Pure Band 02,2,28.55,57.1,2025-09-25
T000275,C00110,P015,Calm Cream 15,1,31.73,31.73,2025-04-14
T000276,C00502,P016,Modern Serum 16,2,41.2,82.4,2025-12-03
T000277,C00736,P002,Pure Band 02,3,28.52,85.56,2025-11-07
T000278,C00480,P025,Daily Lamp 25,1,93.77,93.77,2025-02-10
T000279,C00842,P011,Urban Bottle 11,2,35.72,71.44,2025-08-01
T000280,C00752,P002,Pure Band 02,1,25.67,25.67,2025-01-21
T000281,C00104,P023,Calm Cream 23,1,45.65,45.65,2025-02-19
T000282,C00584,P019,Urban Bottle 19,1,28.26,28.26,2025-05-08
T000283,C00785,P020,Essential Bag 20,1,55.91,55.91,2025-02-24
T000284,C00171,P025,Daily Lamp 25,1,92.55,92.55,2025-02-23
T000285,C00615,P014,Active Mat 14,1,41.97,41.97,2025-10-01
T000286,C00866,P012,Essential Bag 12,2,16.89,33.78,2025-06-16
T000287,C00247,P017,Daily Lamp 17,1,41.65,41.65,2025-11-08
T000288,C00369,P029,Bright Organizer 29,1,90.44,90.44,2025-05-11
T000289,C00611,P001,Daily Lamp 01,1,84.56,84.56,2025-05-26
T000290,C00220,P026,Pure Band 26,1,92.0,92.0,2025-04-24
T000291,C00942,P017,Daily Lamp 17,1,37.14,37.14,2025-05-22
T000292,C00472,P011,Urban Bottle 11,1,38.23,38.23,2025-01-20
T000293,C00263,P025,Daily Lamp 25,1,92.91,92.91,2025-04-30
T000294,C00741,P010,Pure Band 10,1,81.58,81.58,2025-02-09
T000295,C00591,P025,Daily Lamp 25,1,92.12,92.12,2025-12-26
T000296,C00391,P003,Urban Bottle 03,1,38.95,38.95,2025-10-23
T000297,C00427,P028,Essential Bag 28,1,78.71,78.71,2025-08-11
T000298,C00951,P001,Daily Lamp 01,2,97.94,195.88,2025-11-05
T000299,C00327,P017,Daily Lamp 17,1,41.85,41.85,2025-01-22
T000300,C00690,P023,Calm Cream 23,1,45.95,45.95,2025-01-26
T000301,C00093,P007,Calm Cream 07,1,58.76,58.76,2025-09-16
T000302,C00488,P018,Pure Band 18,1,75.44,75.44,2025-02-12
T000303,C00445,P024,Modern Serum 24,1,70.33,70.33,2025-09-14
T000304,C00405,P020,Essential Bag 20,1,56.46,56.46,2025-09-07
T000305,C00249,P002,Pure Band 02,2,28.16,56.32,2025-05-07
T000306,C00116,P021,Bright Organizer 21,1,33.88,33.88,2025-02-15
T000307,C00672,P001,Daily Lamp 01,1,84.29,84.29,2025-11-01
T000308,C00639,P005,Bright Organizer 05,1,78.67,78.67,2025-08-15
T000309,C00160,P024,Modern Serum 24,2,68.26,136.52,2025-07-11
T000310,C00949,P005,Bright Organizer 05,2,84.95,169.9,2025-11-14
T000311,C00313,P014,Active Mat 14,1,40.81,40.81,2025-02-26
T000312,C00560,P016,Modern Serum 16,1,40.64,40.64,2025-04-15
T000313,C00712,P022,Active Mat 22,1,85.84,85.84,2025-03-14
T000314,C00262,P005,Bright Organizer 05,1,80.1,80.1,2025-01-23
T000315,C00477,P020,Essential Bag 20,1,55.26,55.26,2025-01-28
T000316,C00369,P027,Urban Bottle 27,1,54.18,54.18,2025-12-04
T000317,C00390,P016,Modern Serum 16,2,36.19,72.38,2025-04-29
T000318,C00545,P003,Urban Bottle 03,1,35.58,35.58,2025-11-02
T000319,C00023,P002,Pure Band 02,3,28.42,85.26,2025-12-31
T000320,C00019,P011,Urban Bottle 11,1,37.37,37.37,2025-03-22
T000321,C00283,P025,Daily Lamp 25,1,84.73,84.73,2025-09-14
T000322,C00967,P017,Daily Lamp 17,1,43.03,43.03,2025-01-16
T000323,C00141,P003,Urban Bottle 03,1,35.62,35.62,2025-12-03
T000324,C00703,P007,Calm Cream 07,1,61.69,61.69,2025-11-17
T000325,C00338,P014,Active Mat 14,1,41.86,41.86,2025-11-06
T000326,C00820,P006,Active Mat 06,1,20.77,20.77,2025-12-17
T000327,C00441,P030,Active Mat 30,4,24.09,96.36,2025-03-11
T000328,C00326,P002,Pure Band 02,1,26.05,26.05,2025-03-22
T000329,C00745,P001,Daily Lamp 01,1,83.24,83.24,2025-03-16
T000330,C00454,P023,Calm Cream 23,2,45.76,91.52,2025-06-05
T000331,C00798,P006,Active Mat 06,1,21.41,21.41,2025-03-19
T000332,C00274,P019,Urban Bottle 19,1,30.42,30.42,2025-11-12
T000333,C00368,P003,Urban Bottle 03,2,41.61,83.22,2025-01-14
T000334,C00730,P020,Essential Bag 20,1,55.81,55.81,2025-08-29
T000335,C00198,P007,Calm Cream 07,1,50.94,50.94,2025-03-25
T000336,C00228,P023,Calm Cream 23,4,42.6,170.4,2025-07-31
T000337,C00888,P019,Urban Bottle 19,1,27.55,27.55,2025-08-13
T000338,C00415,P024,Modern Serum 24,1,66.87,66.87,2025-08-07
T000339,C00627,P028,Essential Bag 28,1,82.24,82.24,2025-07-21
T000340,C00806,P002,Pure Band 02,1,28.87,28.87,2025-12-27
T000341,C00532,P017,Daily Lamp 17,4,41.65,166.6,2025-05-06
T000342,C00986,P002,Pure Band 02,1,28.3,28.3,2025-11-19
T000343,C00473,P005,Bright Organizer 05,1,75.28,75.28,2025-05-27
T000344,C00475,P026,Pure Band 26,1,90.22,90.22,2025-03-14
T000345,C00961,P027,Urban Bottle 27,1,58.77,58.77,2025-10-27
T000346,C00184,P014,Active Mat 14,2,37.48,74.96,2025-01-13
T000347,C00257,P010,Pure Band 10,1,75.18,75.18,2025-02-16
T000348,C00094,P004,Essential Bag 04,1,19.21,19.21,2025-03-05
T000349,C00745,P024,Modern Serum 24,1,62.29,62.29,2025-07-16
T000350,C00045,P024,Modern Serum 24,3,69.97,209.91,2025-07-14
T000351,C00167,P027,Urban Bottle 27,1,55.24,55.24,2025-03-18
T000352,C00748,P024,Modern Serum 24,1,68.19,68.19,2025-06-08
T000353,C00984,P006,Active Mat 06,1,20.99,20.99,2025-03-09
T000354,C00557,P025,Daily Lamp 25,1,91.63,91.63,2025-09-13
T000355,C00488,P014,Active Mat 14,1,40.87,40.87,2025-12-04
T000356,C00285,P019,Urban Bottle 19,1,28.32,28.32,2025-10-08
T000357,C00057,P020,Essential Bag 20,1,50.18,50.18,2025-03-17
T000358,C00306,P010,Pure Band 10,1,83.64,83.64,2025-11-05
T000359,C00689,P009,Daily Lamp 09,1,20.75,20.75,2025-03-24
T000360,C00182,P029,Bright Organizer 29,2,89.5,179.0,2025-10-15
T000361,C00331,P011,Urban Bottle 11,1,37.58,37.58,2025-06-03
T000362,C00067,P009,Daily Lamp 09,1,20.8,20.8,2025-10-09
T000363,C00424,P016,Modern Serum 16,1,40.24,40.24,2025-09-27
T000364,C00542,P030,Active Mat 30,1,23.47,23.47,2025-11-19
T000365,C00295,P013,Bright Organizer 13,2,27.61,55.22,2025-12-28
T000366,C00363,P028,Essential Bag 28,1,84.48,84.48,2025-11-16
T000367,C00505,P025,Daily Lamp 25,2,91.89,183.78,2025-09-12
T000368,C00002,P004,Essential Bag 04,1,18.33,18.33,2025-04-10
T000369,C00819,P019,Urban Bottle 19,1,29.69,29.69,2025-04-17
T000370,C00218,P001,Daily Lamp 01,1,99.82,99.82,2025-11-23
T000371,C00308,P016,Modern Serum 16,1,40.58,40.58,2025-06-07
T000372,C00406,P023,Calm Cream 23,1,44.81,44.81,2025-06-24
T000373,C00854,P010,Pure Band 10,1,72.66,72.66,2025-06-19
T000374,C00140,P015,Calm Cream 15,1,29.04,29.04,2025-11-27
T000375,C00474,P024,Modern Serum 24,1,66.74,66.74,2025-06-21
T000376,C00579,P023,Calm Cream 23,1,44.79,44.79,2025-06-03
T000377,C00340,P025,Daily Lamp 25,2,95.71,191.42,2025-12-17
T000378,C00861,P001,Daily Lamp 01,4,97.15,388.6,2025-05-24
T000379,C00621,P012,Essential Bag 12,1,15.46,15.46,2025-10-20
T000380,C00879,P010,Pure Band 10,1,81.75,81.75,2025-12-28
T000381,C00381,P014,Active Mat 14,3,40.18,120.54,2025-05-02
T000382,C00384,P024,Modern Serum 24,2,62.47,124.94,2025-02-27
T000383,C00819,P015,Calm Cream 15,1,32.22,32.22,2025-01-13
T000384,C00318,P024,Modern Serum 24,1,64.05,64.05,2025-09-26
T000385,C00693,P030,Active Mat 30,1,23.83,23.83,2025-09-22
T000386,C00119,P001,Daily Lamp 01,3,92.8,278.4,2025-09-25
T000387,C00342,P014,Active Mat 14,1,41.08,41.08,2025-02-14
T000388,C00024,P018,Pure Band 18,1,68.08,68.08,2025-06-09
T000389,C00294,P008,Modern Serum 08,1,27.52,27.52,2025-04-09
T000390,C00162,P008,Modern Serum 08,1,28.03,28.03,2025-03-18
T000391,C00556,P011,Urban Bottle 11,1,37.99,37.99,2025-04-16
T000392,C00588,P007,Calm Cream 07,1,58.42,58.42,2025-05-26
T000393,C00052,P004,Essential Bag 04,1,18.04,18.04,2025-08-16
T000394,C00089,P013,Bright Organizer 13,1,27.19,27.19,2025-01-28
T000395,C00717,P014,Active Mat 14,1,41.13,41.13,2025-12-20
T000396,C00829,P016,Modern Serum 16,3,39.27,117.81,2025-12-10
T000397,C00096,P025,Daily Lamp 25,3,91.62,274.86,2025-03-09
T000398,C00660,P022,Active Mat 22,1,86.38,86.38,2025-12-17
T000399,C00265,P028,Essential Bag 28,1,80.06,80.06,2025-11-12
T000400,C00465,P015,Calm Cream 15,1,31.32,31.32,2025-06-16
T000401,C00290,P024,Modern Serum 24,1,68.21,68.21,2025-03-29
T000402,C00334,P017,Daily Lamp 17,1,42.04,42.04,2025-02-24
T000403,C00424,P007,Calm Cream 07,1,59.8,59.8,2025-10-30
T000404,C00349,P006,Active Mat 06,1,21.54,21.54,2025-02-03
T000405,C00807,P010,Pure Band 10,2,81.56,163.12,2025-10-18
T000406,C00588,P026,Pure Band 26,1,97.96,97.96,2025-12-31
T000407,C00842,P014,Active Mat 14,1,40.95,40.95,2025-02-19
T000408,C00834,P018,Pure Band 18,2,78.69,157.38,2025-12-17
T000409,C00093,P007,Calm Cream 07,1,59.97,59.97,2025-02-01
T000410,C00776,P005,Bright Organizer 05,1,83.8,83.8,2025-01-01
T000411,C00458,P006,Active Mat 06,1,21.36,21.36,2025-10-23
T000412,C00312,P028,Essential Bag 28,3,80.72,242.16,2025-12-14
T000413,C00597,P001,Daily Lamp 01,4,95.11,380.44,2025-02-15
T000414,C00064,P011,Urban Bottle 11,1,37.99,37.99,2025-05-31
T000415,C00113,P026,Pure Band 26,2,97.23,194.46,2025-07-03
T000416,C00641,P010,Pure Band 10,1,80.25,80.25,2025-07-21
T000417,C00178,P015,Calm Cream 15,1,32.75,32.75,2025-12-06
T000418,C00158,P009,Daily Lamp 09,2,21.47,42.94,2025-08-02
T000419,C00017,P005,Bright Organizer 05,2,87.06,174.12,2025-11-28
T000420,C00087,P004,Essential Bag 04,2,17.53,35.06,2025-03-11
T000421,C00619,P028,Essential Bag 28,1,83.25,83.25,2025-12-23
T000422,C00394,P011,Urban Bottle 11,1,38.18,38.18,2025-08-19
T000423,C00730,P016,Modern Serum 16,1,40.02,40.02,2025-05-02
T000424,C00582,P015,Calm Cream 15,1,32.24,32.24,2025-01-20
T000425,C00146,P023,Calm Cream 23,1,41.51,41.51,2025-02-10
T000426,C00477,P016,Modern Serum 16,1,39.84,39.84,2025-05-24
T000427,C00760,P021,Bright Organizer 21,1,33.19,33.19,2025-11-19
T000428,C00320,P019,Urban Bottle 19,2,29.79,59.58,2025-10-24
T000429,C00525,P028,Essential Bag 28,1,81.68,81.68,2025-08-21
T000430,C00297,P005,Bright Organizer 05,1,82.38,82.38,2025-05-31
T000431,C00267,P002,Pure Band 02,1,27.67,27.67,2025-10-16
T000432,C00829,P023,Calm Cream 23,1,44.63,44.63,2025-05-30
T000433,C00872,P024,Modern Serum 24,1,69.14,69.14,2025-02-09
T000434,C00015,P023,Calm Cream 23,1,41.14,41.14,2025-05-12
T000435,C00458,P011,Urban Bottle 11,1,36.44,36.44,2025-12-04
T000436,C00819,P016,Modern Serum 16,1,34.9,34.9,2025-04-03
T000437,C00957,P025,Daily Lamp 25,2,89.11,178.22,2025-11-01
T000438,C00244,P020,Essential Bag 20,2,55.67,111.34,2025-07-16
T000439,C00056,P020,Essential Bag 20,2,54.62,109.24,2025-06-26
T000440,C00488,P009,Daily Lamp 09,2,20.8,41.6,2025-07-24
T000441,C00700,P022,Active Mat 22,1,86.66,86.66,2025-07-14
T000442,C00296,P028,Essential Bag 28,1,79.7,79.7,2025-01-07
T000443,C00979,P002,Pure Band 02,3,28.99,86.97,2025-12-16
T000444,C00626,P028,Essential Bag 28,2,81.26,162.52,2025-08-10
T000445,C00262,P020,Essential Bag 20,1,53.32,53.32,2025-02-20
T000446,C00603,P024,Modern Serum 24,1,68.93,68.93,2025-12-11
T000447,C00561,P001,Daily Lamp 01,1,95.6,95.6,2025-06-10
T000448,C00107,P021,Bright Organizer 21,1,32.36,32.36,2025-09-26
T000449,C00025,P019,Urban Bottle 19,1,30.69,30.69,2025-01-18
T000450,C00974,P018,Pure Band 18,1,63.63,63.63,2025-04-22
T000451,C00134,P012,Essential Bag 12,2,17.42,34.84,2025-11-06
T000452,C00918,P003,Urban Bottle 03,1,40.85,40.85,2025-04-05
T000453,C00655,P014,Active Mat 14,4,39.12,156.48,2025-02-08
T000454,C00789,P024,Modern Serum 24,1,67.01,67.01,2025-12-08
T000455,C00392,P012,Essential Bag 12,4,17.09,68.36,2025-02-01
T000456,C00452,P002,Pure Band 02,3,27.62,82.86,2025-04-02
T000457,C00504,P003,Urban Bottle 03,1,41.93,41.93,2025-11-27
T000458,C00935,P014,Active Mat 14,1,40.06,40.06,2025-02-24
T000459,C00796,P014,Active Mat 14,2,40.73,81.46,2025-05-09
T000460,C00681,P012,Essential Bag 12,1,16.83,16.83,2025-01-20
T000461,C00528,P022,Active Mat 22,2,85.83,171.66,2025-01-02
T000462,C00554,P007,Calm Cream 07,1,56.99,56.99,2025-02-05
T000463,C00581,P016,Modern Serum 16,4,40.13,160.52,2025-03-04
T000464,C00648,P030,Active Mat 30,1,24.16,24.16,2025-01-29
T000465,C00083,P026,Pure Band 26,2,95.21,190.42,2025-06-24
T000466,C00041,P029,Bright Organizer 29,1,90.77,90.77,2025-10-11
T000467,C00646,P022,Active Mat 22,1,76.75,76.75,2025-02-24
T000468,C00144,P002,Pure Band 02,1,23.32,23.32,2025-04-08
T000469,C00065,P025,Daily Lamp 25,1,93.63,93.63,2025-07-19
T000470,C00990,P030,Active Mat 30,1,24.1,24.1,2025-08-19
T000471,C00416,P004,Essential Bag 04,2,19.28,38.56,2025-01-22
T000472,C00892,P027,Urban Bottle 27,1,60.82,60.82,2025-12-14
T000473,C00754,P004,Essential Bag 04,1,19.65,19.65,2025-01-19
T000474,C00249,P022,Active Mat 22,1,84.35,84.35,2025-01-24
T000475,C00841,P025,Daily Lamp 25,1,91.81,91.81,2025-06-07
T000476,C00117,P015,Calm Cream 15,2,31.87,63.74,2025-02-24
T000477,C00346,P025,Daily Lamp 25,4,86.96,347.84,2025-08-07
T000478,C00590,P017,Daily Lamp 17,1,36.15,36.15,2025-12-17
T000479,C00608,P005,Bright Organizer 05,1,84.77,84.77,2025-01-24
T000480,C00714,P011,Urban Bottle 11,1,37.87,37.87,2025-03-28
T000481,C00103,P024,Modern Serum 24,1,68.51,68.51,2025-03-10
T000482,C00083,P001,Daily Lamp 01,1,97.7,97.7,2025-09-07
T000483,C00427,P022,Active Mat 22,2,83.71,167.42,2025-05-26
T000484,C00656,P008,Modern Serum 08,1,27.66,27.66,2025-03-15
T000485,C00039,P018,Pure Band 18,2,76.92,153.84,2025-12-21
T000486,C00357,P013,Bright Organizer 13,1,27.35,27.35,2025-06-04
T000487,C00634,P011,Urban Bottle 11,2,37.51,75.02,2025-02-18
T000488,C00676,P006,Active Mat 06,1,21.26,21.26,2025-11-17
T000489,C00510,P005,Bright Organizer 05,1,84.51,84.51,2025-08-31
T000490,C00215,P013,Bright Organizer 13,1,25.74,25.74,2025-05-26
T000491,C00107,P023,Calm Cream 23,3,46.31,138.93,2025-01-23
T000492,C00528,P004,Essential Bag 04,3,18.45,55.35,2025-09-06
T000493,C00430,P006,Active Mat 06,2,21.2,42.4,2025-06-16
T000494,C00234,P003,Urban Bottle 03,2,36.37,72.74,2025-06-16
T000495,C00076,P014,Active Mat 14,1,35.95,35.95,2025-04-23
T000496,C00466,P005,Bright Organizer 05,1,84.44,84.44,2025-11-09
T000497,C00999,P008,Modern Serum 08,1,28.1,28.1,2025-07-03
T000498,C00140,P003,Urban Bottle 03,1,40.97,40.97,2025-05-24
T000499,C00908,P009,Daily Lamp 09,1,21.02,21.02,2025-04-23
T000500,C00592,P029,Bright Organizer 29,2,91.1,182.2,2025-03-29
T000501,C00883,P030,Active Mat 30,1,21.32,21.32,2025-09-08
T000502,C00754,P027,Urban Bottle 27,1,58.02,58.02,2025-08-08
T000503,C00969,P005,Bright Organizer 05,1,86.1,86.1,2025-10-30
T000504,C00482,P023,Calm Cream 23,1,45.61,45.61,2025-01-21
T000505,C00842,P003,Urban Bottle 03,1,42.07,42.07,2025-12-23
T000506,C00750,P012,Essential Bag 12,1,16.99,16.99,2025-12-21
T000507,C00017,P015,Calm Cream 15,1,30.38,30.38,2025-02-16
T000508,C00025,P030,Active Mat 30,1,24.19,24.19,2025-10-26
T000509,C00809,P027,Urban Bottle 27,1,54.21,54.21,2025-04-05
T000510,C00073,P012,Essential Bag 12,1,17.07,17.07,2025-11-18
T000511,C00715,P029,Bright Organizer 29,1,86.14,86.14,2025-05-19
T000512,C00636,P027,Urban Bottle 27,2,59.67,119.34,2025-02-11
T000513,C00373,P027,Urban Bottle 27,1,60.1,60.1,2025-12-12
T000514,C00376,P005,Bright Organizer 05,1,84.03,84.03,2025-07-07
T000515,C00142,P030,Active Mat 30,1,23.57,23.57,2025-04-15
T000516,C00893,P029,Bright Organizer 29,1,85.72,85.72,2025-10-25
T000517,C00920,P008,Modern Serum 08,2,27.52,55.04,2025-06-30
T000518,C00464,P015,Calm Cream 15,1,31.64,31.64,2025-06-26
T000519,C00846,P016,Modern Serum 16,1,41.88,41.88,2025-12-14
T000520,C00829,P030,Active Mat 30,2,24.6,49.2,2025-12-21
T000521,C00083,P012,Essential Bag 12,1,14.07,14.07,2025-02-14
T000522,C00283,P004,Essential Bag 04,1,18.92,18.92,2025-03-26
T000523,C00024,P009,Daily Lamp 09,3,22.05,66.15,2025-11-18
T000524,C00431,P014,Active Mat 14,1,39.92,39.92,2025-06-27
T000525,C00855,P029,Bright Organizer 29,1,89.07,89.07,2025-04-29
T000526,C00806,P010,Pure Band 10,1,78.94,78.94,2025-11-27
T000527,C00469,P009,Daily Lamp 09,1,20.58,20.58,2025-08-16
T000528,C00233,P015,Calm Cream 15,3,29.18,87.54,2025-05-14
T000529,C00292,P014,Active Mat 14,1,36.89,36.89,2025-06-30
T000530,C00187,P030,Active Mat 30,2,22.56,45.12,2025-05-27
T000531,C00166,P007,Calm Cream 07,1,58.08,58.08,2025-03-20
T000532,C00379,P006,Active Mat 06,1,20.78,20.78,2025-05-14
T000533,C00152,P012,Essential Bag 12,1,16.62,16.62,2025-06-26
T000534,C00415,P028,Essential Bag 28,2,75.34,150.68,2025-01-13
T000535,C00005,P029,Bright Organizer 29,1,90.43,90.43,2025-03-21
T000536,C00486,P027,Urban Bottle 27,3,56.37,169.11,2025-06-01
T000537,C00151,P025,Daily Lamp 25,2,84.07,168.14,2025-12-08
T000538,C00750,P015,Calm Cream 15,1,29.44,29.44,2025-02-27
T000539,C00412,P019,Urban Bottle 19,1,30.02,30.02,2025-01-13
T000540,C00657,P006,Active Mat 06,1,20.7,20.7,2025-11-08
T000541,C00024,P003,Urban Bottle 03,2,39.25,78.5,2025-04-11
T000542,C00404,P006,Active Mat 06,1,21.63,21.63,2025-09-20
T000543,C00370,P012,Essential Bag 12,2,17.11,34.22,2025-12-08
T000544,C00292,P011,Urban Bottle 11,1,38.26,38.26,2025-01-07
T000545,C00746,P027,Urban Bottle 27,2,58.03,116.06,2025-04-21
T000546,C00826,P023,Calm Cream 23,2,42.98,85.96,2025-03-25
T000547,C00613,P003,Urban Bottle 03,1,41.87,41.87,2025-10-28
T000548,C00068,P028,Essential Bag 28,1,79.85,79.85,2025-06-21
T000549,C00937,P008,Modern Serum 08,1,28.83,28.83,2025-11-24
T000550,C00205,P006,Active Mat 06,1,20.63,20.63,2025-03-12
T000551,C00855,P018,Pure Band 18,1,71.55,71.55,2025-06-04
T000552,C00158,P008,Modern Serum 08,3,25.46,76.38,2025-01-02
T000553,C00682,P027,Urban Bottle 27,1,60.31,60.31,2025-12-01
T000554,C00030,P004,Essential Bag 04,1,15.95,15.95,2025-05-06
T000555,C00596,P015,Calm Cream 15,1,31.65,31.65,2025-07-05
T000556,C00838,P004,Essential Bag 04,1,19.9,19.9,2025-12-22
T000557,C00596,P002,Pure Band 02,1,24.62,24.62,2025-03-25
T000558,C00055,P008,Modern Serum 08,1,25.04,25.04,2025-03-25
T000559,C00299,P016,Modern Serum 16,3,40.69,122.07,2025-05-29
T000560,C00784,P003,Urban Bottle 03,2,41.2,82.4,2025-04-04
T000561,C00820,P009,Daily Lamp 09,1,20.88,20.88,2025-12-17
T000562,C00361,P025,Daily Lamp 25,1,92.53,92.53,2025-10-24
T000563,C00422,P010,Pure Band 10,3,79.56,238.68,2025-09-06
T000564,C00852,P006,Active Mat 06,2,21.21,42.42,2025-04-24
T000565,C00867,P016,Modern Serum 16,1,38.23,38.23,2025-09-27
T000566,C00939,P003,Urban Bottle 03,2,36.87,73.74,2025-08-24
T000567,C00708,P011,Urban Bottle 11,2,34.07,68.14,2025-06-09
T000568,C00177,P022,Active Mat 22,1,80.03,80.03,2025-06-25
T000569,C00146,P021,Bright Organizer 21,1,35.47,35.47,2025-12-22
T000570,C00708,P024,Modern Serum 24,1,69.72,69.72,2025-08-06
T000571,C00044,P006,Active Mat 06,1,21.2,21.2,2025-08-09
T000572,C00122,P028,Essential Bag 28,1,80.65,80.65,2025-08-29
T000573,C00802,P004,Essential Bag 04,1,19.0,19.0,2025-02-19
T000574,C00360,P001,Daily Lamp 01,1,92.81,92.81,2025-12-10
T000575,C00357,P011,Urban Bottle 11,2,36.58,73.16,2025-10-24
T000576,C00584,P002,Pure Band 02,2,26.72,53.44,2025-09-16
T000577,C00988,P009,Daily Lamp 09,2,22.16,44.32,2025-04-09
T000578,C00947,P006,Active Mat 06,1,19.92,19.92,2025-02-20
T000579,C00190,P014,Active Mat 14,3,40.99,122.97,2025-10-29
T000580,C00435,P006,Active Mat 06,1,21.45,21.45,2025-07-14
T000581,C00478,P003,Urban Bottle 03,1,39.02,39.02,2025-03-05
T000582,C00740,P002,Pure Band 02,1,27.92,27.92,2025-10-13
T000583,C00754,P010,Pure Band 10,3,82.19,246.57,2025-11-04
T000584,C00876,P013,Bright Organizer 13,2,24.43,48.86,2025-05-29
T000585,C00377,P005,Bright Organizer 05,4,83.99,335.96,2025-12-14
T000586,C00536,P020,Essential Bag 20,1,55.51,55.51,2025-08-13
T000587,C00105,P023,Calm Cream 23,2,45.85,91.7,2025-10-30
T000588,C00347,P006,Active Mat 06,2,20.73,41.46,2025-04-12
T000589,C00743,P015,Calm Cream 15,2,30.09,60.18,2025-08-06
T000590,C00966,P012,Essential Bag 12,1,17.14,17.14,2025-11-26
T000591,C00524,P008,Modern Serum 08,2,28.01,56.02,2025-09-06
T000592,C00237,P019,Urban Bottle 19,1,29.73,29.73,2025-09-12
T000593,C00511,P021,Bright Organizer 21,3,34.43,103.29,2025-02-04
T000594,C00311,P019,Urban Bottle 19,1,30.24,30.24,2025-03-20
T000595,C00812,P014,Active Mat 14,1,41.08,41.08,2025-09-10
T000596,C00352,P025,Daily Lamp 25,1,93.88,93.88,2025-10-05
T000597,C00902,P028,Essential Bag 28,1,81.61,81.61,2025-08-09
T000598,C00037,P001,Daily Lamp 01,1,86.54,86.54,2025-08-24
T000599,C00169,P015,Calm Cream 15,1,30.51,30.51,2025-12-28
T000600,C00583,P021,Bright Organizer 21,1,32.46,32.46,2025-02-26
T000601,C00576,P026,Pure Band 26,1,97.29,97.29,2025-09-01
T000602,C00632,P021,Bright Organizer 21,2,33.44,66.88,2025-07-13
T000603,C00047,P004,Essential Bag 04,1,18.53,18.53,2025-10-30
T000604,C00350,P012,Essential Bag 12,1,14.58,14.58,2025-11-17
T000605,C00678,P007,Calm Cream 07,1,58.4,58.4,2025-01-29
T000606,C00068,P027,Urban Bottle 27,1,59.86,59.86,2025-12-19
T000607,C00472,P020,Essential Bag 20,1,55.66,55.66,2025-01-20
T000608,C00713,P014,Active Mat 14,1,41.15,41.15,2025-01-11
T000609,C00587,P003,Urban Bottle 03,1,38.12,38.12,2025-06-15
T000610,C00515,P025,Daily Lamp 25,1,91.93,91.93,2025-09-12
T000611,C00207,P015,Calm Cream 15,2,30.42,60.84,2025-08-12
T000612,C00220,P009,Daily Lamp 09,1,18.69,18.69,2025-10-02
T000613,C00640,P023,Calm Cream 23,1,40.1,40.1,2025-04-26
T000614,C00280,P002,Pure Band 02,2,27.44,54.88,2025-06-22
T000615,C00668,P025,Daily Lamp 25,1,92.77,92.77,2025-02-09
T000616,C00205,P013,Bright Organizer 13,1,27.03,27.03,2025-06-10
T000617,C00185,P027,Urban Bottle 27,1,58.39,58.39,2025-10-08
T000618,C00219,P020,Essential Bag 20,2,49.92,99.84,2025-09-13
T000619,C00546,P025,Daily Lamp 25,2,86.17,172.34,2025-11-23
T000620,C00062,P016,Modern Serum 16,1,40.87,40.87,2025-11-17
T000621,C00784,P009,Daily Lamp 09,1,22.63,22.63,2025-12-17
T000622,C00650,P006,Active Mat 06,1,20.2,20.2,2025-02-02
T000623,C00704,P018,Pure Band 18,1,75.15,75.15,2025-05-12
T000624,C00817,P026,Pure Band 26,1,95.84,95.84,2025-05-06
T000625,C00928,P002,Pure Band 02,1,28.24,28.24,2025-11-28
T000626,C00675,P017,Daily Lamp 17,1,42.22,42.22,2025-05-23
T000627,C00057,P026,Pure Band 26,1,98.77,98.77,2025-01-11
T000628,C00919,P011,Urban Bottle 11,2,38.61,77.22,2025-07-28
T000629,C00242,P003,Urban Bottle 03,2,36.66,73.32,2025-03-13
T000630,C00973,P024,Modern Serum 24,1,69.25,69.25,2025-10-25
T000631,C00126,P024,Modern Serum 24,1,64.74,64.74,2025-11-04
T000632,C00958,P013,Bright Organizer 13,1,27.31,27.31,2025-05-01
T000633,C00419,P008,Modern Serum 08,1,28.05,28.05,2025-08-14
T000634,C00325,P017,Daily Lamp 17,1,41.71,41.71,2025-02-27
T000635,C00372,P015,Calm Cream 15,1,31.58,31.58,2025-03-16
T000636,C00036,P026,Pure Band 26,1,89.78,89.78,2025-11-07
T000637,C00246,P007,Calm Cream 07,1,60.96,60.96,2025-12-10
T000638,C00125,P016,Modern Serum 16,1,40.56,40.56,2025-12-17
T000639,C00950,P030,Active Mat 30,1,24.03,24.03,2025-07-21
T000640,C00305,P006,Active Mat 06,2,18.94,37.88,2025-05-01
T000641,C00417,P024,Modern Serum 24,1,72.02,72.02,2025-11-26
T000642,C00483,P023,Calm Cream 23,3,45.76,137.28,2025-09-09
T000643,C00845,P005,Bright Organizer 05,1,83.28,83.28,2025-02-21
T000644,C00756,P010,Pure Band 10,1,77.34,77.34,2025-10-08
T000645,C00646,P014,Active Mat 14,2,40.08,80.16,2025-04-05
T000646,C00322,P018,Pure Band 18,1,76.82,76.82,2025-06-06
T000647,C00782,P004,Essential Bag 04,1,20.01,20.01,2025-11-29
T000648,C00490,P027,Urban Bottle 27,1,59.0,59.0,2025-08-20
T000649,C00819,P009,Daily Lamp 09,1,21.67,21.67,2025-06-17
T000650,C00968,P026,Pure Band 26,1,94.74,94.74,2025-07-13
T000651,C00663,P019,Urban Bottle 19,1,30.32,30.32,2025-10-13
T000652,C00719,P026,Pure Band 26,1,96.48,96.48,2025-05-15
T000653,C00092,P029,Bright Organizer 29,1,88.18,88.18,2025-03-18
T000654,C00446,P024,Modern Serum 24,3,66.74,200.22,2025-09-27
T000655,C00731,P006,Active Mat 06,3,19.7,59.1,2025-04-25
T000656,C00392,P004,Essential Bag 04,2,19.75,39.5,2025-09-11
T000657,C00745,P021,Bright Organizer 21,1,33.39,33.39,2025-05-25
T000658,C01000,P008,Modern Serum 08,1,25.01,25.01,2025-05-29
T000659,C00663,P014,Active Mat 14,1,41.35,41.35,2025-12-17
T000660,C00408,P021,Bright Organizer 21,2,33.38,66.76,2025-12-21
T000661,C00075,P003,Urban Bottle 03,1,40.1,40.1,2025-05-12
T000662,C00621,P029,Bright Organizer 29,3,90.84,272.52,2025-07-01
T000663,C00006,P008,Modern Serum 08,1,28.11,28.11,2025-01-24
T000664,C00136,P029,Bright Organizer 29,1,89.17,89.17,2025-07-09
T000665,C00505,P028,Essential Bag 28,2,81.85,163.7,2025-09-15
T000666,C00444,P004,Essential Bag 04,1,19.12,19.12,2025-09-29
T000667,C00766,P011,Urban Bottle 11,1,33.58,33.58,2025-05-24
T000668,C00530,P010,Pure Band 10,2,81.19,162.38,2025-05-16
T000669,C00570,P026,Pure Band 26,1,89.94,89.94,2025-03-19
T000670,C00056,P007,Calm Cream 07,1,59.46,59.46,2025-03-18
T000671,C00119,P030,Active Mat 30,3,23.67,71.01,2025-08-12
T000672,C00575,P015,Calm Cream 15,1,29.34,29.34,2025-12-30
T000673,C00358,P003,Urban Bottle 03,2,40.2,80.4,2025-03-05
T000674,C00843,P008,Modern Serum 08,2,28.43,56.86,2025-09-18
T000675,C00539,P024,Modern Serum 24,1,62.49,62.49,2025-01-03
T000676,C00694,P003,Urban Bottle 03,1,41.91,41.91,2025-09-13
T000677,C00404,P012,Essential Bag 12,3,16.68,50.04,2025-03-04
T000678,C00084,P014,Active Mat 14,2,41.22,82.44,2025-01-15
T000679,C00609,P020,Essential Bag 20,1,55.47,55.47,2025-05-18
T000680,C00333,P029,Bright Organizer 29,4,82.52,330.08,2025-08-20
T000681,C00217,P027,Urban Bottle 27,2,59.11,118.22,2025-03-08
T000682,C00561,P029,Bright Organizer 29,1,89.28,89.28,2025-02-06
T000683,C00092,P001,Daily Lamp 01,1,96.08,96.08,2025-07-24
T000684,C00771,P029,Bright Organizer 29,1,93.4,93.4,2025-11-28
T000685,C00926,P021,Bright Organizer 21,1,34.35,34.35,2025-06-08
T000686,C00205,P015,Calm Cream 15,2,31.84,63.68,2025-09-20
T000687,C00093,P024,Modern Serum 24,2,69.57,139.14,2025-08-05
T000688,C00096,P002,Pure Band 02,1,27.63,27.63,2025-08-07
T000689,C00731,P005,Bright Organizer 05,1,85.39,85.39,2025-12-18
T000690,C00480,P013,Bright Organizer 13,2,26.44,52.88,2025-05-29
T000691,C00701,P028,Essential Bag 28,2,80.98,161.96,2025-03-07
T000692,C00565,P003,Urban Bottle 03,1,40.86,40.86,2025-01-25
T000693,C00476,P020,Essential Bag 20,1,55.05,55.05,2025-02-18
T000694,C00788,P016,Modern Serum 16,1,40.05,40.05,2025-02-11
T000695,C00864,P012,Essential Bag 12,1,14.94,14.94,2025-04-04
T000696,C00742,P014,Active Mat 14,1,40.84,40.84,2025-10-28
T000697,C00217,P006,Active Mat 06,2,21.27,42.54,2025-04-06
T000698,C00445,P016,Modern Serum 16,1,39.96,39.96,2025-02-24
T000699,C00472,P022,Active Mat 22,2,73.43,146.86,2025-09-02
T000700,C00311,P019,Urban Bottle 19,3,30.46,91.38,2025-09-07
T000701,C00692,P012,Essential Bag 12,1,16.84,16.84,2025-12-20
T000702,C00836,P001,Daily Lamp 01,3,85.73,257.19,2025-02-27
T000703,C00149,P020,Essential Bag 20,1,57.48,57.48,2025-11-29
T000704,C00089,P009,Daily Lamp 09,1,21.33,21.33,2025-04-08
T000705,C00925,P005,Bright Organizer 05,2,70.62,141.24,2025-03-27
T000706,C00600,P007,Calm Cream 07,1,56.2,56.2,2025-08-19
T000707,C00009,P003,Urban Bottle 03,2,40.49,80.98,2025-06-20
T000708,C00755,P018,Pure Band 18,2,64.37,128.74,2025-09-11
T000709,C00498,P016,Modern Serum 16,2,37.05,74.1,2025-07-24
T000710,C00238,P023,Calm Cream 23,1,45.55,45.55,2025-09-07
T000711,C00275,P027,Urban Bottle 27,1,58.7,58.7,2025-02-02
T000712,C00356,P014,Active Mat 14,1,42.08,42.08,2025-11-27
T000713,C00353,P013,Bright Organizer 13,1,27.34,27.34,2025-08-29
T000714,C00874,P026,Pure Band 26,2,98.18,196.36,2025-11-05
T000715,C00400,P029,Bright Organizer 29,2,88.23,176.46,2025-12-31
T000716,C00819,P029,Bright Organizer 29,1,91.43,91.43,2025-08-30
T000717,C00684,P015,Calm Cream 15,1,31.52,31.52,2025-02-14
T000718,C00966,P030,Active Mat 30,1,23.33,23.33,2025-08-01
T000719,C00368,P027,Urban Bottle 27,1,59.68,59.68,2025-01-10
T000720,C00033,P025,Daily Lamp 25,1,91.69,91.69,2025-09-15
T000721,C00230,P015,Calm Cream 15,4,30.57,122.28,2025-10-15
T000722,C00274,P027,Urban Bottle 27,2,53.46,106.92,2025-10-13
T000723,C00724,P002,Pure Band 02,3,26.97,80.91,2025-02-23
T000724,C00999,P003,Urban Bottle 03,1,39.43,39.43,2025-02-26
T000725,C00043,P016,Modern Serum 16,1,40.45,40.45,2025-10-15
T000726,C00161,P023,Calm Cream 23,2,43.19,86.38,2025-07-05
T000727,C00158,P020,Essential Bag 20,1,56.35,56.35,2025-02-20
T000728,C00993,P013,Bright Organizer 13,2,27.41,54.82,2025-08-13
T000729,C00294,P016,Modern Serum 16,1,40.76,40.76,2025-06-24
T000730,C00645,P021,Bright Organizer 21,1,32.19,32.19,2025-07-04
T000731,C00142,P025,Daily Lamp 25,1,91.24,91.24,2025-04-27
T000732,C00814,P021,Bright Organizer 21,3,34.76,104.28,2025-09-22
T000733,C00967,P002,Pure Band 02,1,28.42,28.42,2025-09-22
T000734,C00063,P012,Essential Bag 12,1,14.97,14.97,2025-08-11
T000735,C00060,P030,Active Mat 30,4,23.14,92.56,2025-10-22
T000736,C00430,P012,Essential Bag 12,2,16.59,33.18,2025-06-01
T000737,C00932,P011,Urban Bottle 11,2,34.09,68.18,2025-06-10
T000738,C00718,P012,Essential Bag 12,1,15.17,15.17,2025-03-17
T000739,C00668,P014,Active Mat 14,1,39.88,39.88,2025-11-13
T000740,C00903,P009,Daily Lamp 09,1,21.94,21.94,2025-04-12
T000741,C00533,P030,Active Mat 30,1,23.74,23.74,2025-03-06
T000742,C00349,P024,Modern Serum 24,1,71.08,71.08,2025-09-24
T000743,C00265,P007,Calm Cream 07,2,57.95,115.9,2025-10-31
T000744,C00750,P002,Pure Band 02,1,27.7,27.7,2025-02-26
T000745,C00775,P020,Essential Bag 20,1,56.33,56.33,2025-01-25
T000746,C00348,P030,Active Mat 30,2,20.32,40.64,2025-08-21
T000747,C00682,P016,Modern Serum 16,1,41.09,41.09,2025-11-18
T000748,C00689,P004,Essential Bag 04,1,18.17,18.17,2025-10-21
T000749,C00597,P006,Active Mat 06,2,20.95,41.9,2025-09-22
T000750,C00849,P013,Bright Organizer 13,1,26.64,26.64,2025-08-06
T000751,C00457,P003,Urban Bottle 03,1,40.65,40.65,2025-04-20
T000752,C00893,P008,Modern Serum 08,1,28.03,28.03,2025-07-22
T000753,C00750,P030,Active Mat 30,2,23.54,47.08,2025-09-08
T000754,C00469,P004,Essential Bag 04,2,17.38,34.76,2025-12-31
T000755,C00467,P015,Calm Cream 15,2,28.02,56.04,2025-04-19
T000756,C00617,P026,Pure Band 26,1,95.8,95.8,2025-03-02
T000757,C00157,P004,Essential Bag 04,1,19.24,19.24,2025-09-25
T000758,C00811,P005,Bright Organizer 05,2,85.48,170.96,2025-01-15
T000759,C00911,P009,Daily Lamp 09,1,20.25,20.25,2025-06-06
T000760,C00358,P002,Pure Band 02,1,27.94,27.94,2025-10-08
T000761,C00922,P010,Pure Band 10,1,73.4,73.4,2025-08-20
T000762,C00781,P004,Essential Bag 04,1,18.35,18.35,2025-03-09
T000763,C00888,P023,Calm Cream 23,1,45.66,45.66,2025-03-18
T000764,C00239,P027,Urban Bottle 27,1,58.88,58.88,2025-07-18
T000765,C00754,P008,Modern Serum 08,1,27.66,27.66,2025-08-15
T000766,C00816,P024,Modern Serum 24,1,71.65,71.65,2025-11-19
T000767,C00198,P029,Bright Organizer 29,1,87.4,87.4,2025-02-13
T000768,C00194,P023,Calm Cream 23,1,46.28,46.28,2025-09-25
T000769,C00185,P029,Bright Organizer 29,1,92.28,92.28,2025-09-30
T000770,C00455,P003,Urban Bottle 03,1,41.4,41.4,2025-10-24
T000771,C00883,P028,Essential Bag 28,1,80.82,80.82,2025-09-09
T000772,C00325,P012,Essential Bag 12,1,14.45,14.45,2025-09-28
T000773,C00148,P006,Active Mat 06,2,21.32,42.64,2025-05-27
T000774,C00174,P002,Pure Band 02,3,28.72,86.16,2025-12-14
T000775,C00400,P003,Urban Bottle 03,1,36.15,36.15,2025-06-02
T000776,C00054,P006,Active Mat 06,2,21.04,42.08,2025-03-03
T000777,C00395,P029,Bright Organizer 29,1,91.14,91.14,2025-09-16
T000778,C00496,P001,Daily Lamp 01,1,85.38,85.38,2025-02-03
T000779,C00987,P018,Pure Band 18,1,73.97,73.97,2025-10-11
T000780,C00312,P017,Daily Lamp 17,1,37.84,37.84,2025-03-06
T000781,C00383,P017,Daily Lamp 17,1,42.76,42.76,2025-03-14
T000782,C00463,P002,Pure Band 02,2,24.06,48.12,2025-10-12
T000783,C00996,P005,Bright Organizer 05,1,76.19,76.19,2025-12-01
T000784,C00860,P021,Bright Organizer 21,4,30.13,120.52,2025-05-09
T000785,C00289,P002,Pure Band 02,2,27.88,55.76,2025-09-19
T000786,C00716,P004,Essential Bag 04,1,19.05,19.05,2025-07-22
T000787,C00216,P019,Urban Bottle 19,3,30.35,91.05,2025-08-10
T000788,C00651,P008,Modern Serum 08,2,27.71,55.42,2025-06-25
T000789,C00350,P006,Active Mat 06,3,21.31,63.93,2025-06-14
T000790,C00662,P028,Essential Bag 28,1,80.02,80.02,2025-03-10
T000791,C00424,P017,Daily Lamp 17,1,41.75,41.75,2025-03-30
T000792,C00807,P027,Urban Bottle 27,2,59.55,119.1,2025-02-11
T000793,C00456,P021,Bright Organizer 21,1,33.53,33.53,2025-12-10
T000794,C00397,P005,Bright Organizer 05,2,77.57,155.14,2025-07-03
T000795,C00380,P028,Essential Bag 28,1,80.63,80.63,2025-08-25
T000796,C00697,P028,Essential Bag 28,1,81.66,81.66,2025-05-24
T000797,C00828,P023,Calm Cream 23,1,45.07,45.07,2025-06-05
T000798,C00505,P028,Essential Bag 28,2,80.3,160.6,2025-05-24
T000799,C00406,P003,Urban Bottle 03,1,41.2,41.2,2025-11-23
T000800,C00676,P023,Calm Cream 23,2,44.74,89.48,2025-04-10
T000801,C00132,P023,Calm Cream 23,1,42.08,42.08,2025-10-29
T000802,C00747,P024,Modern Serum 24,1,68.05,68.05,2025-09-25
T000803,C00695,P016,Modern Serum 16,1,41.28,41.28,2025-12-21
T000804,C00657,P021,Bright Organizer 21,1,30.53,30.53,2025-08-07
T000805,C00281,P004,Essential Bag 04,1,19.25,19.25,2025-07-28
T000806,C00906,P023,Calm Cream 23,1,41.27,41.27,2025-01-23
T000807,C00006,P012,Essential Bag 12,1,15.24,15.24,2025-06-11
T000808,C00707,P013,Bright Organizer 13,1,26.45,26.45,2025-04-26
T000809,C00065,P019,Urban Bottle 19,1,30.26,30.26,2025-06-09
T000810,C00817,P019,Urban Bottle 19,1,29.91,29.91,2025-10-31
T000811,C00982,P010,Pure Band 10,1,80.55,80.55,2025-05-03
T000812,C00795,P018,Pure Band 18,1,76.61,76.61,2025-02-07
T000813,C00088,P030,Active Mat 30,3,24.07,72.21,2025-03-05
T000814,C00067,P024,Modern Serum 24,1,66.32,66.32,2025-12-22
T000815,C00642,P013,Bright Organizer 13,1,27.12,27.12,2025-11-09
T000816,C00412,P003,Urban Bottle 03,2,40.91,81.82,2025-07-15
T000817,C00639,P001,Daily Lamp 01,1,95.11,95.11,2025-12-04
T000818,C00104,P010,Pure Band 10,3,77.77,233.31,2025-11-14
T000819,C00602,P006,Active Mat 06,1,20.61,20.61,2025-06-18
T000820,C00927,P018,Pure Band 18,1,75.93,75.93,2025-04-10
T000821,C00456,P006,Active Mat 06,1,21.24,21.24,2025-11-14
T000822,C00447,P016,Modern Serum 16,1,41.1,41.1,2025-10-27
T000823,C00795,P005,Bright Organizer 05,1,83.66,83.66,2025-10-05
T000824,C00531,P018,Pure Band 18,2,77.17,154.34,2025-01-05
T000825,C00880,P002,Pure Band 02,1,24.08,24.08,2025-10-14
T000826,C00805,P002,Pure Band 02,1,27.92,27.92,2025-04-14
T000827,C00615,P022,Active Mat 22,2,85.42,170.84,2025-08-28
T000828,C00429,P010,Pure Band 10,1,72.88,72.88,2025-06-03
T000829,C00225,P028,Essential Bag 28,1,78.18,78.18,2025-09-11
T000830,C00245,P015,Calm Cream 15,2,30.1,60.2,2025-04-20
T000831,C00211,P012,Essential Bag 12,2,16.46,32.92,2025-07-12
T000832,C00031,P017,Daily Lamp 17,1,42.22,42.22,2025-07-03
T000833,C00045,P030,Active Mat 30,1,23.4,23.4,2025-07-04
T000834,C00737,P005,Bright Organizer 05,2,81.97,163.94,2025-05-15
T000835,C00864,P008,Modern Serum 08,1,24.81,24.81,2025-04-01
T000836,C00807,P027,Urban Bottle 27,1,59.75,59.75,2025-12-02
T000837,C00829,P012,Essential Bag 12,1,16.99,16.99,2025-07-09
T000838,C00903,P013,Bright Organizer 13,2,28.04,56.08,2025-11-16
T000839,C00814,P006,Active Mat 06,1,19.83,19.83,2025-03-08
T000840,C00652,P007,Calm Cream 07,1,58.57,58.57,2025-08-08
T000841,C00302,P024,Modern Serum 24,1,71.13,71.13,2025-10-02
T000842,C00872,P016,Modern Serum 16,1,40.8,40.8,2025-03-06
T000843,C00810,P020,Essential Bag 20,1,56.43,56.43,2025-08-29
T000844,C00770,P016,Modern Serum 16,1,41.14,41.14,2025-11-27
T000845,C00539,P022,Active Mat 22,2,84.57,169.14,2025-07-11
T000846,C00654,P028,Essential Bag 28,1,80.91,80.91,2025-07-25
T000847,C00463,P027,Urban Bottle 27,1,59.09,59.09,2025-04-14
T000848,C00161,P028,Essential Bag 28,1,81.49,81.49,2025-10-20
T000849,C00303,P014,Active Mat 14,1,40.77,40.77,2025-02-13
T000850,C00345,P013,Bright Organizer 13,1,27.95,27.95,2025-11-15
T000851,C00280,P012,Essential Bag 12,1,16.83,16.83,2025-06-12
T000852,C00924,P003,Urban Bottle 03,2,40.92,81.84,2025-07-03
T000853,C00949,P007,Calm Cream 07,1,58.9,58.9,2025-05-22
T000854,C00202,P021,Bright Organizer 21,1,32.59,32.59,2025-06-20
T000855,C00196,P022,Active Mat 22,4,72.95,291.8,2025-05-21
T000856,C00935,P008,Modern Serum 08,2,28.21,56.42,2025-10-06
T000857,C00969,P012,Essential Bag 12,1,16.81,16.81,2025-07-26
T000858,C00780,P029,Bright Organizer 29,2,91.8,183.6,2025-09-20
T000859,C00486,P007,Calm Cream 07,1,58.74,58.74,2025-04-18
T000860,C00349,P025,Daily Lamp 25,1,93.44,93.44,2025-08-25
T000861,C00428,P006,Active Mat 06,1,21.4,21.4,2025-12-24
T000862,C00895,P004,Essential Bag 04,3,19.68,59.04,2025-10-23
T000863,C00348,P007,Calm Cream 07,1,56.63,56.63,2025-07-01
T000864,C00551,P009,Daily Lamp 09,1,21.91,21.91,2025-12-20
T000865,C00158,P030,Active Mat 30,4,23.95,95.8,2025-03-13
T000866,C00588,P027,Urban Bottle 27,4,59.64,238.56,2025-11-08
T000867,C00396,P006,Active Mat 06,1,21.23,21.23,2025-10-01
T000868,C00096,P005,Bright Organizer 05,2,84.14,168.28,2025-06-05
T000869,C00501,P001,Daily Lamp 01,1,88.43,88.43,2025-11-05
T000870,C00239,P009,Daily Lamp 09,1,21.62,21.62,2025-04-16
T000871,C00176,P010,Pure Band 10,2,82.28,164.56,2025-01-06
T000872,C00550,P013,Bright Organizer 13,2,27.37,54.74,2025-03-08
T000873,C00134,P027,Urban Bottle 27,1,55.64,55.64,2025-04-16
T000874,C00619,P018,Pure Band 18,1,76.96,76.96,2025-03-23
T000875,C00283,P006,Active Mat 06,4,21.44,85.76,2025-08-23
T000876,C00827,P007,Calm Cream 07,1,60.53,60.53,2025-11-06
T000877,C00590,P002,Pure Band 02,1,28.48,28.48,2025-08-25
T000878,C00718,P026,Pure Band 26,2,97.63,195.26,2025-06-27
T000879,C00426,P007,Calm Cream 07,2,55.85,111.7,2025-03-31
T000880,C00188,P022,Active Mat 22,1,81.55,81.55,2025-12-04
T000881,C00281,P027,Urban Bottle 27,1,57.3,57.3,2025-03-22
T000882,C00931,P015,Calm Cream 15,4,31.92,127.68,2025-04-22
T000883,C00774,P003,Urban Bottle 03,2,40.8,81.6,2025-02-09
T000884,C00213,P016,Modern Serum 16,1,40.55,40.55,2025-05-10
T000885,C00391,P011,Urban Bottle 11,1,37.39,37.39,2025-08-25
T000886,C00118,P022,Active Mat 22,1,80.59,80.59,2025-05-09
T000887,C00070,P003,Urban Bottle 03,1,38.86,38.86,2025-08-25
T000888,C00841,P008,Modern Serum 08,1,25.55,25.55,2025-08-30
T000889,C00302,P004,Essential Bag 04,2,19.26,38.52,2025-04-01
T000890,C00694,P008,Modern Serum 08,1,28.54,28.54,2025-01-06
T000891,C00546,P007,Calm Cream 07,1,55.09,55.09,2025-12-12
T000892,C00679,P023,Calm Cream 23,3,46.27,138.81,2025-11-25
T000893,C00613,P001,Daily Lamp 01,2,93.57,187.14,2025-01-27
T000894,C00931,P007,Calm Cream 07,1,60.22,60.22,2025-07-11
T000895,C00841,P006,Active Mat 06,1,21.3,21.3,2025-06-22
T000896,C00172,P023,Calm Cream 23,1,47.19,47.19,2025-12-07
T000897,C00576,P019,Urban Bottle 19,1,26.8,26.8,2025-06-15
T000898,C00124,P007,Calm Cream 07,1,58.16,58.16,2025-08-08
T000899,C00324,P001,Daily Lamp 01,1,99.26,99.26,2025-12-01
T000900,C00666,P019,Urban Bottle 19,1,26.78,26.78,2025-05-23
T000901,C00512,P030,Active Mat 30,1,24.77,24.77,2025-11-03
T000902,C00176,P007,Calm Cream 07,1,60.13,60.13,2025-10-19
T000903,C00695,P028,Essential Bag 28,2,80.68,161.36,2025-07-18
T000904,C00326,P030,Active Mat 30,1,23.77,23.77,2025-12-19
T000905,C00460,P012,Essential Bag 12,2,17.07,34.14,2025-10-27
T000906,C00239,P001,Daily Lamp 01,2,96.09,192.18,2025-01-07
T000907,C00776,P007,Calm Cream 07,1,59.31,59.31,2025-08-08
T000908,C00156,P012,Essential Bag 12,1,16.87,16.87,2025-04-14
T000909,C00757,P027,Urban Bottle 27,1,59.42,59.42,2025-08-16
T000910,C00534,P025,Daily Lamp 25,1,88.69,88.69,2025-01-21
T000911,C00868,P023,Calm Cream 23,1,44.48,44.48,2025-04-28
T000912,C00255,P025,Daily Lamp 25,1,95.43,95.43,2025-12-07
T000913,C00330,P006,Active Mat 06,1,21.25,21.25,2025-09-24
T000914,C00054,P020,Essential Bag 20,1,54.35,54.35,2025-04-09
T000915,C00563,P026,Pure Band 26,3,96.18,288.54,2025-10-31
T000916,C00319,P005,Bright Organizer 05,1,84.34,84.34,2025-08-28
T000917,C00293,P018,Pure Band 18,3,77.27,231.81,2025-06-05
T000918,C00082,P029,Bright Organizer 29,1,90.7,90.7,2025-09-04
T000919,C00518,P019,Urban Bottle 19,1,30.65,30.65,2025-08-05
T000920,C00021,P024,Modern Serum 24,1,71.21,71.21,2025-09-04
T000921,C00610,P016,Modern Serum 16,1,40.08,40.08,2025-06-03
T000922,C00465,P009,Daily Lamp 09,1,21.6,21.6,2025-06-06
T000923,C00201,P005,Bright Organizer 05,1,84.0,84.0,2025-08-29
T000924,C00504,P012,Essential Bag 12,1,16.95,16.95,2025-07-11
T000925,C00502,P010,Pure Band 10,4,81.28,325.12,2025-07-16
T000926,C00395,P028,Essential Bag 28,1,79.01,79.01,2025-03-05
T000927,C00522,P022,Active Mat 22,1,83.71,83.71,2025-06-28
T000928,C00949,P013,Bright Organizer 13,1,27.41,27.41,2025-07-17
T000929,C00647,P022,Active Mat 22,1,84.09,84.09,2025-07-05
T000930,C00467,P029,Bright Organizer 29,1,92.63,92.63,2025-11-06
T000931,C00862,P005,Bright Organizer 05,1,86.12,86.12,2025-12-06
T000932,C00408,P022,Active Mat 22,3,86.82,260.46,2025-07-16
T000933,C00170,P026,Pure Band 26,1,98.73,98.73,2025-08-05
T000934,C00908,P012,Essential Bag 12,1,17.46,17.46,2025-12-04
T000935,C00112,P020,Essential Bag 20,2,54.82,109.64,2025-02-15
T000936,C00953,P023,Calm Cream 23,2,44.7,89.4,2025-04-18
T000937,C00002,P003,Urban Bottle 03,2,40.96,81.92,2025-09-09
T000938,C00751,P013,Bright Organizer 13,1,26.43,26.43,2025-05-28
T000939,C00187,P016,Modern Serum 16,1,40.31,40.31,2025-09-07
T000940,C00061,P023,Calm Cream 23,2,46.19,92.38,2025-04-13
T000941,C00452,P019,Urban Bottle 19,1,26.7,26.7,2025-07-29
T000942,C00088,P012,Essential Bag 12,1,16.78,16.78,2025-05-31
T000943,C00497,P021,Bright Organizer 21,1,34.64,34.64,2025-09-02
T000944,C00682,P018,Pure Band 18,4,77.23,308.92,2025-01-04
T000945,C00385,P019,Urban Bottle 19,4,29.25,117.0,2025-01-04
T000946,C00776,P010,Pure Band 10,1,81.87,81.87,2025-08-31
T000947,C00837,P007,Calm Cream 07,1,59.12,59.12,2025-06-11
T000948,C00895,P010,Pure Band 10,1,80.53,80.53,2025-07-02
T000949,C00027,P018,Pure Band 18,2,77.0,154.0,2025-03-13
T000950,C00378,P014,Active Mat 14,1,36.47,36.47,2025-05-08
T000951,C00193,P001,Daily Lamp 01,1,88.12,88.12,2025-12-05
T000952,C00369,P027,Urban Bottle 27,3,57.3,171.9,2025-11-21
T000953,C00622,P015,Calm Cream 15,2,29.54,59.08,2025-04-30
T000954,C00675,P026,Pure Band 26,2,91.68,183.36,2025-09-01
T000955,C00730,P005,Bright Organizer 05,1,84.25,84.25,2025-04-10
T000956,C00033,P004,Essential Bag 04,2,19.51,39.02,2025-09-16
T000957,C00896,P014,Active Mat 14,3,34.99,104.97,2025-10-08
T000958,C00247,P007,Calm Cream 07,1,54.21,54.21,2025-10-04
T000959,C00446,P030,Active Mat 30,1,21.21,21.21,2025-02-24
T000960,C00785,P009,Daily Lamp 09,2,22.24,44.48,2025-07-16
T000961,C00127,P021,Bright Organizer 21,3,34.83,104.49,2025-12-10
T000962,C00341,P027,Urban Bottle 27,3,57.0,171.0,2025-12-21
T000963,C00352,P012,Essential Bag 12,2,16.27,32.54,2025-11-26
T000964,C00804,P017,Daily Lamp 17,2,40.48,80.96,2025-11-25
T000965,C00298,P003,Urban Bottle 03,1,39.4,39.4,2025-03-01
T000966,C00587,P011,Urban Bottle 11,2,32.29,64.58,2025-03-01
T000967,C00319,P002,Pure Band 02,1,25.76,25.76,2025-01-01
T000968,C00790,P011,Urban Bottle 11,1,35.86,35.86,2025-06-13
T000969,C00605,P007,Calm Cream 07,1,60.46,60.46,2025-11-05
T000970,C00836,P029,Bright Organizer 29,2,89.79,179.58,2025-03-16
T000971,C00291,P005,Bright Organizer 05,1,81.87,81.87,2025-11-04
T000972,C00328,P010,Pure Band 10,4,83.64,334.56,2025-11-03
T000973,C00588,P015,Calm Cream 15,2,32.39,64.78,2025-12-28
T000974,C00061,P030,Active Mat 30,1,22.25,22.25,2025-07-12
T000975,C00718,P023,Calm Cream 23,3,43.64,130.92,2025-04-26
T000976,C00307,P030,Active Mat 30,1,21.77,21.77,2025-07-20
T000977,C00402,P010,Pure Band 10,1,69.52,69.52,2025-10-08
T000978,C00074,P016,Modern Serum 16,1,37.99,37.99,2025-07-20
T000979,C00404,P003,Urban Bottle 03,1,39.73,39.73,2025-10-08
T000980,C00871,P028,Essential Bag 28,1,82.37,82.37,2025-01-28
T000981,C00713,P015,Calm Cream 15,2,31.99,63.98,2025-08-15
T000982,C00753,P020,Essential Bag 20,1,48.93,48.93,2025-04-11
T000983,C00386,P029,Bright Organizer 29,1,82.32,82.32,2025-03-17
T000984,C00365,P030,Active Mat 30,1,24.2,24.2,2025-02-19
T000985,C00347,P018,Pure Band 18,3,78.04,234.12,2025-11-29
T000986,C00122,P007,Calm Cream 07,1,57.54,57.54,2025-01-18
T000987,C00764,P012,Essential Bag 12,1,16.45,16.45,2025-12-01
T000988,C00886,P025,Daily Lamp 25,1,92.25,92.25,2025-08-26
T000989,C00123,P004,Essential Bag 04,1,19.68,19.68,2025-01-06
T000990,C00024,P018,Pure Band 18,4,76.7,306.8,2025-04-26
T000991,C00814,P018,Pure Band 18,1,65.68,65.68,2025-02-18
T000992,C00586,P004,Essential Bag 04,1,18.42,18.42,2025-06-02
T000993,C00190,P012,Essential Bag 12,2,17.2,34.4,2025-10-03
T000994,C00501,P002,Pure Band 02,2,28.5,57.0,2025-09-29
T000995,C00128,P023,Calm Cream 23,1,45.9,45.9,2025-11-30
T000996,C00712,P005,Bright Organizer 05,1,79.99,79.99,2025-11-03
T000997,C00589,P006,Active Mat 06,1,21.33,21.33,2025-03-07
T000998,C00087,P030,Active Mat 30,1,23.9,23.9,2025-01-18
T000999,C00968,P020,Essential Bag 20,1,56.66,56.66,2025-08-05
T001000,C00675,P016,Modern Serum 16,1,39.96,39.96,2025-05-31
T001001,C00621,P017,Daily Lamp 17,1,42.52,42.52,2025-06-30
T001002,C00038,P006,Active Mat 06,1,19.18,19.18,2025-05-02
T001003,C00566,P007,Calm Cream 07,1,60.85,60.85,2025-11-05
T001004,C00564,P008,Modern Serum 08,1,25.25,25.25,2025-02-08
T001005,C00968,P008,Modern Serum 08,1,26.78,26.78,2025-02-12
T001006,C00645,P023,Calm Cream 23,4,42.88,171.52,2025-02-06
T001007,C00578,P020,Essential Bag 20,2,55.27,110.54,2025-07-10
T001008,C00324,P030,Active Mat 30,1,23.75,23.75,2025-03-20
T001009,C00277,P004,Essential Bag 04,1,18.93,18.93,2025-02-09
T001010,C00092,P011,Urban Bottle 11,1,39.36,39.36,2025-11-24
T001011,C00281,P001,Daily Lamp 01,1,81.06,81.06,2025-04-26
T001012,C00802,P028,Essential Bag 28,1,77.1,77.1,2025-02-23
T001013,C00098,P016,Modern Serum 16,2,36.78,73.56,2025-09-08
T001014,C00102,P027,Urban Bottle 27,1,53.67,53.67,2025-11-08
T001015,C00826,P023,Calm Cream 23,3,45.58,136.74,2025-06-26
T001016,C00489,P018,Pure Band 18,1,73.42,73.42,2025-07-26
T001017,C00130,P005,Bright Organizer 05,1,86.85,86.85,2025-12-03
T001018,C00998,P011,Urban Bottle 11,2,36.72,73.44,2025-11-24
T001019,C00188,P013,Bright Organizer 13,1,26.88,26.88,2025-08-23
T001020,C00534,P029,Bright Organizer 29,2,85.25,170.5,2025-08-08
T001021,C00971,P009,Daily Lamp 09,2,19.81,39.62,2025-02-14
T001022,C00748,P007,Calm Cream 07,1,58.3,58.3,2025-02-09
T001023,C00568,P028,Essential Bag 28,2,82.76,165.52,2025-05-27
T001024,C00521,P028,Essential Bag 28,1,84.21,84.21,2025-12-13
T001025,C00910,P016,Modern Serum 16,1,40.87,40.87,2025-12-13
T001026,C00732,P013,Bright Organizer 13,1,27.72,27.72,2025-01-04
T001027,C00974,P028,Essential Bag 28,4,75.83,303.32,2025-12-05
T001028,C00622,P014,Active Mat 14,1,37.26,37.26,2025-01-22
T001029,C00180,P003,Urban Bottle 03,2,41.27,82.54,2025-04-26
T001030,C00508,P012,Essential Bag 12,1,17.13,17.13,2025-08-05
T001031,C00852,P017,Daily Lamp 17,2,41.5,83.0,2025-05-08
T001032,C00272,P006,Active Mat 06,2,20.71,41.42,2025-05-31
T001033,C00952,P028,Essential Bag 28,1,75.84,75.84,2025-06-06
T001034,C00914,P019,Urban Bottle 19,1,30.34,30.34,2025-08-26
T001035,C00306,P011,Urban Bottle 11,1,33.54,33.54,2025-06-18
T001036,C00010,P003,Urban Bottle 03,1,40.7,40.7,2025-07-01
T001037,C00421,P004,Essential Bag 04,1,19.28,19.28,2025-03-20
T001038,C00482,P012,Essential Bag 12,1,16.5,16.5,2025-04-26
T001039,C00112,P030,Active Mat 30,1,23.24,23.24,2025-05-18
T001040,C00006,P011,Urban Bottle 11,2,37.55,75.1,2025-08-11
T001041,C00137,P012,Essential Bag 12,2,15.01,30.02,2025-01-21
T001042,C00972,P015,Calm Cream 15,1,31.22,31.22,2025-04-12
T001043,C00508,P025,Daily Lamp 25,2,93.91,187.82,2025-10-09
T001044,C00514,P023,Calm Cream 23,2,42.67,85.34,2025-07-24
T001045,C00812,P001,Daily Lamp 01,1,97.44,97.44,2025-02-25
T001046,C00054,P021,Bright Organizer 21,1,29.06,29.06,2025-05-02
T001047,C00492,P009,Daily Lamp 09,1,20.62,20.62,2025-08-11
T001048,C00747,P016,Modern Serum 16,1,38.9,38.9,2025-03-20
T001049,C00254,P021,Bright Organizer 21,1,35.18,35.18,2025-12-25
T001050,C00718,P023,Calm Cream 23,1,46.23,46.23,2025-02-22
T001051,C00650,P005,Bright Organizer 05,1,84.7,84.7,2025-11-19
T001052,C00952,P005,Bright Organizer 05,1,84.28,84.28,2025-04-09
T001053,C00418,P016,Modern Serum 16,2,34.0,68.0,2025-07-14
T001054,C00491,P002,Pure Band 02,1,27.5,27.5,2025-08-07
T001055,C00288,P029,Bright Organizer 29,2,91.42,182.84,2025-07-06
T001056,C00042,P001,Daily Lamp 01,1,95.14,95.14,2025-04-04
T001057,C00931,P019,Urban Bottle 19,1,29.85,29.85,2025-05-24
T001058,C00312,P003,Urban Bottle 03,1,39.02,39.02,2025-06-21
T001059,C00340,P011,Urban Bottle 11,2,36.07,72.14,2025-03-08
T001060,C00381,P007,Calm Cream 07,1,59.56,59.56,2025-11-06
T001061,C00134,P019,Urban Bottle 19,1,30.6,30.6,2025-02-24
T001062,C00838,P006,Active Mat 06,2,19.06,38.12,2025-12-02
T001063,C00634,P010,Pure Band 10,2,67.99,135.98,2025-10-07
T001064,C00045,P004,Essential Bag 04,1,18.48,18.48,2025-03-20
T001065,C00999,P011,Urban Bottle 11,1,37.73,37.73,2025-10-14
T001066,C00070,P015,Calm Cream 15,1,27.16,27.16,2025-08-12
T001067,C00614,P008,Modern Serum 08,3,28.49,85.47,2025-03-27
T001068,C00814,P029,Bright Organizer 29,1,85.97,85.97,2025-02-01
T001069,C00892,P016,Modern Serum 16,1,40.9,40.9,2025-09-30
T001070,C00799,P012,Essential Bag 12,1,16.66,16.66,2025-10-15
T001071,C00224,P018,Pure Band 18,1,69.73,69.73,2025-10-20
T001072,C00725,P023,Calm Cream 23,1,41.01,41.01,2025-09-15
T001073,C00566,P004,Essential Bag 04,1,18.94,18.94,2025-05-18
T001074,C00152,P029,Bright Organizer 29,1,93.68,93.68,2025-11-24
T001075,C00658,P030,Active Mat 30,4,23.46,93.84,2025-01-27
T001076,C00356,P020,Essential Bag 20,3,57.84,173.52,2025-11-29
T001077,C00271,P023,Calm Cream 23,1,45.73,45.73,2025-10-09
T001078,C00641,P025,Daily Lamp 25,2,94.02,188.04,2025-01-30
T001079,C00263,P029,Bright Organizer 29,1,77.17,77.17,2025-04-01
T001080,C00109,P023,Calm Cream 23,1,41.08,41.08,2025-10-26
T001081,C00650,P019,Urban Bottle 19,1,30.53,30.53,2025-11-17
T001082,C00596,P019,Urban Bottle 19,2,29.81,59.62,2025-04-15
T001083,C00378,P005,Bright Organizer 05,1,83.63,83.63,2025-08-11
T001084,C00194,P018,Pure Band 18,3,75.57,226.71,2025-04-01
T001085,C00167,P027,Urban Bottle 27,2,54.61,109.22,2025-06-08
T001086,C00074,P013,Bright Organizer 13,1,26.8,26.8,2025-03-15
T001087,C00141,P023,Calm Cream 23,2,45.78,91.56,2025-09-27
T001088,C00113,P026,Pure Band 26,2,95.57,191.14,2025-01-11
T001089,C00789,P003,Urban Bottle 03,1,39.74,39.74,2025-05-08
T001090,C00981,P025,Daily Lamp 25,1,89.25,89.25,2025-01-05
T001091,C00208,P004,Essential Bag 04,2,17.54,35.08,2025-02-13
T001092,C00340,P015,Calm Cream 15,1,31.03,31.03,2025-06-07
T001093,C00127,P001,Daily Lamp 01,1,95.87,95.87,2025-10-06
T001094,C00146,P001,Daily Lamp 01,1,96.13,96.13,2025-08-01
T001095,C00672,P009,Daily Lamp 09,3,20.86,62.58,2025-06-30
T001096,C00504,P005,Bright Organizer 05,1,84.99,84.99,2025-02-27
T001097,C00079,P019,Urban Bottle 19,1,27.42,27.42,2025-07-02
T001098,C00620,P005,Bright Organizer 05,1,82.85,82.85,2025-01-23
T001099,C00154,P027,Urban Bottle 27,1,58.15,58.15,2025-08-06
T001100,C00278,P028,Essential Bag 28,1,74.53,74.53,2025-02-23
T001101,C00818,P003,Urban Bottle 03,1,36.92,36.92,2025-12-31
T001102,C00151,P010,Pure Band 10,1,78.74,78.74,2025-12-02
T001103,C00835,P002,Pure Band 02,1,23.63,23.63,2025-09-02
T001104,C00331,P030,Active Mat 30,1,23.58,23.58,2025-02-16
T001105,C00493,P022,Active Mat 22,1,80.87,80.87,2025-08-06
T001106,C00944,P007,Calm Cream 07,1,60.59,60.59,2025-12-01
T001107,C00550,P025,Daily Lamp 25,1,92.57,92.57,2025-09-30
T001108,C00796,P022,Active Mat 22,2,81.27,162.54,2025-10-23
T001109,C00209,P030,Active Mat 30,1,24.35,24.35,2025-01-02
T001110,C00062,P028,Essential Bag 28,1,74.4,74.4,2025-02-26
T001111,C00302,P014,Active Mat 14,2,41.37,82.74,2025-03-13
T001112,C00249,P006,Active Mat 06,1,19.74,19.74,2025-08-04
T001113,C00721,P005,Bright Organizer 05,2,80.76,161.52,2025-12-23
T001114,C00719,P003,Urban Bottle 03,1,41.11,41.11,2025-01-28
T001115,C00031,P005,Bright Organizer 05,1,81.59,81.59,2025-03-22
T001116,C00154,P024,Modern Serum 24,1,69.8,69.8,2025-08-02
T001117,C00482,P013,Bright Organizer 13,1,25.69,25.69,2025-06-03
T001118,C00114,P005,Bright Organizer 05,2,83.85,167.7,2025-05-27
T001119,C00165,P001,Daily Lamp 01,2,93.74,187.48,2025-09-15
T001120,C00729,P026,Pure Band 26,3,98.56,295.68,2025-10-11
T001121,C00954,P005,Bright Organizer 05,3,85.29,255.87,2025-08-05
T001122,C00761,P006,Active Mat 06,1,20.77,20.77,2025-03-06
T001123,C00620,P026,Pure Band 26,2,97.03,194.06,2025-10-14
T001124,C00415,P026,Pure Band 26,1,94.56,94.56,2025-11-25
T001125,C00277,P003,Urban Bottle 03,1,41.14,41.14,2025-04-10
T001126,C00246,P009,Daily Lamp 09,1,22.08,22.08,2025-01-15
T001127,C00193,P017,Daily Lamp 17,1,41.5,41.5,2025-06-08
T001128,C00579,P002,Pure Band 02,4,27.67,110.68,2025-10-19
T001129,C00967,P010,Pure Band 10,4,77.59,310.36,2025-02-17
T001130,C00200,P010,Pure Band 10,1,79.56,79.56,2025-09-14
T001131,C00100,P010,Pure Band 10,2,81.9,163.8,2025-12-12
T001132,C00025,P018,Pure Band 18,1,77.42,77.42,2025-03-18
T001133,C00166,P005,Bright Organizer 05,1,73.5,73.5,2025-05-29
T001134,C00906,P007,Calm Cream 07,1,59.3,59.3,2025-04-29
T001135,C00529,P030,Active Mat 30,1,24.17,24.17,2025-09-14
T001136,C00805,P004,Essential Bag 04,1,19.64,19.64,2025-08-18
T001137,C00913,P022,Active Mat 22,1,87.64,87.64,2025-01-21
T001138,C00077,P029,Bright Organizer 29,1,77.22,77.22,2025-11-07
T001139,C00147,P024,Modern Serum 24,1,63.84,63.84,2025-01-08
T001140,C00511,P003,Urban Bottle 03,1,36.27,36.27,2025-02-14
T001141,C00591,P011,Urban Bottle 11,1,38.08,38.08,2025-05-24
T001142,C00485,P030,Active Mat 30,2,23.98,47.96,2025-05-13
T001143,C00996,P017,Daily Lamp 17,1,37.7,37.7,2025-03-05
T001144,C00940,P021,Bright Organizer 21,1,35.06,35.06,2025-11-14
T001145,C00383,P003,Urban Bottle 03,1,41.2,41.2,2025-06-10
T001146,C00044,P019,Urban Bottle 19,2,28.86,57.72,2025-12-16
T001147,C00009,P005,Bright Organizer 05,1,84.66,84.66,2025-10-15
T001148,C00229,P012,Essential Bag 12,1,16.84,16.84,2025-02-07
T001149,C00548,P027,Urban Bottle 27,1,60.43,60.43,2025-11-25
T001150,C00787,P013,Bright Organizer 13,1,26.81,26.81,2025-07-23
T001151,C00498,P006,Active Mat 06,2,21.52,43.04,2025-11-06
T001152,C00160,P029,Bright Organizer 29,1,91.39,91.39,2025-10-07
T001153,C00793,P012,Essential Bag 12,3,17.17,51.51,2025-11-04
T001154,C00219,P002,Pure Band 02,2,24.01,48.02,2025-08-31
T001155,C00259,P020,Essential Bag 20,1,54.99,54.99,2025-05-19
T001156,C00895,P022,Active Mat 22,2,85.59,171.18,2025-06-02
T001157,C00189,P026,Pure Band 26,1,85.93,85.93,2025-05-13
T001158,C00169,P006,Active Mat 06,3,20.98,62.94,2025-06-02
T001159,C00989,P022,Active Mat 22,1,80.56,80.56,2025-03-24
T001160,C00575,P024,Modern Serum 24,1,70.59,70.59,2025-01-06
T001161,C00149,P010,Pure Band 10,4,74.53,298.12,2025-11-12
T001162,C00015,P005,Bright Organizer 05,1,84.31,84.31,2025-06-12
T001163,C00812,P029,Bright Organizer 29,1,88.36,88.36,2025-02-28
T001164,C00966,P026,Pure Band 26,1,98.95,98.95,2025-08-19
T001165,C00038,P007,Calm Cream 07,3,59.31,177.93,2025-02-19
T001166,C00616,P012,Essential Bag 12,1,14.5,14.5,2025-03-27
T001167,C00979,P001,Daily Lamp 01,2,99.07,198.14,2025-10-23
T001168,C00839,P027,Urban Bottle 27,2,58.89,117.78,2025-09-15
T001169,C00361,P011,Urban Bottle 11,1,38.35,38.35,2025-07-30
T001170,C00949,P005,Bright Organizer 05,1,83.77,83.77,2025-02-28
T001171,C00447,P012,Essential Bag 12,2,16.1,32.2,2025-10-05
T001172,C00719,P019,Urban Bottle 19,3,27.41,82.23,2025-05-26
T001173,C00092,P020,Essential Bag 20,1,55.54,55.54,2025-02-23
T001174,C00950,P017,Daily Lamp 17,1,43.63,43.63,2025-11-16
T001175,C00297,P026,Pure Band 26,1,94.13,94.13,2025-12-08
T001176,C00201,P026,Pure Band 26,3,97.78,293.34,2025-02-28
T001177,C00423,P028,Essential Bag 28,1,77.79,77.79,2025-08-26
T001178,C00801,P007,Calm Cream 07,1,52.66,52.66,2025-07-11
T001179,C00690,P007,Calm Cream 07,2,58.1,116.2,2025-08-01
T001180,C00810,P012,Essential Bag 12,2,15.99,31.98,2025-03-20
T001181,C00175,P029,Bright Organizer 29,4,91.54,366.16,2025-06-21
T001182,C00632,P020,Essential Bag 20,2,52.65,105.3,2025-04-09
T001183,C00962,P020,Essential Bag 20,4,56.35,225.4,2025-03-07
T001184,C00163,P013,Bright Organizer 13,1,25.86,25.86,2025-09-22
T001185,C00591,P024,Modern Serum 24,2,70.56,141.12,2025-11-20
T001186,C00163,P029,Bright Organizer 29,1,90.94,90.94,2025-10-11
T001187,C00789,P018,Pure Band 18,1,75.71,75.71,2025-11-18
T001188,C00586,P012,Essential Bag 12,2,16.82,33.64,2025-02-10
T001189,C00797,P011,Urban Bottle 11,1,34.63,34.63,2025-11-20
T001190,C00861,P007,Calm Cream 07,2,57.37,114.74,2025-10-02
T001191,C00053,P008,Modern Serum 08,3,28.89,86.67,2025-12-04
T001192,C00888,P003,Urban Bottle 03,1,40.61,40.61,2025-10-24
T001193,C00269,P027,Urban Bottle 27,1,57.84,57.84,2025-05-25
T001194,C00401,P003,Urban Bottle 03,2,40.54,81.08,2025-04-17
T001195,C00079,P006,Active Mat 06,1,19.51,19.51,2025-11-17
T001196,C00828,P005,Bright Organizer 05,1,75.97,75.97,2025-08-19
T001197,C00622,P026,Pure Band 26,1,98.37,98.37,2025-11-20
T001198,C00615,P017,Daily Lamp 17,1,41.65,41.65,2025-11-11
T001199,C00621,P001,Daily Lamp 01,1,94.59,94.59,2025-04-09
T001200,C00118,P027,Urban Bottle 27,1,57.41,57.41,2025-07-06
T001201,C00963,P004,Essential Bag 04,1,19.31,19.31,2025-12-21
T001202,C00565,P020,Essential Bag 20,1,53.7,53.7,2025-12-29
T001203,C00945,P006,Active Mat 06,1,20.33,20.33,2025-07-24
T001204,C00985,P012,Essential Bag 12,1,15.76,15.76,2025-05-24
T001205,C00977,P023,Calm Cream 23,1,45.48,45.48,2025-04-16
T001206,C00836,P010,Pure Band 10,1,78.66,78.66,2025-05-20
T001207,C00383,P027,Urban Bottle 27,2,59.25,118.5,2025-06-30
T001208,C00260,P018,Pure Band 18,1,73.8,73.8,2025-09-19
T001209,C00361,P012,Essential Bag 12,1,16.08,16.08,2025-09-29
T001210,C00367,P007,Calm Cream 07,1,58.02,58.02,2025-04-06
T001211,C00126,P001,Daily Lamp 01,1,90.1,90.1,2025-06-10
T001212,C00815,P010,Pure Band 10,1,80.31,80.31,2025-10-18
T001213,C00540,P007,Calm Cream 07,1,56.86,56.86,2025-04-19
T001214,C00077,P018,Pure Band 18,1,74.18,74.18,2025-12-10
T001215,C00203,P006,Active Mat 06,2,21.37,42.74,2025-06-13
T001216,C00123,P004,Essential Bag 04,1,19.17,19.17,2025-08-04
T001217,C00022,P009,Daily Lamp 09,1,20.29,20.29,2025-10-23
T001218,C00292,P004,Essential Bag 04,3,19.35,58.05,2025-08-25
T001219,C00041,P010,Pure Band 10,1,81.95,81.95,2025-09-28
T001220,C00741,P009,Daily Lamp 09,1,21.53,21.53,2025-08-01
T001221,C00506,P019,Urban Bottle 19,1,28.34,28.34,2025-06-10
T001222,C00991,P028,Essential Bag 28,2,74.12,148.24,2025-11-25
T001223,C00049,P026,Pure Band 26,1,82.88,82.88,2025-04-25
T001224,C00232,P005,Bright Organizer 05,1,75.01,75.01,2025-08-12
T001225,C00006,P028,Essential Bag 28,2,83.55,167.1,2025-10-03
T001226,C00050,P029,Bright Organizer 29,1,90.58,90.58,2025-02-26
T001227,C00277,P022,Active Mat 22,3,84.1,252.3,2025-07-14
T001228,C00883,P005,Bright Organizer 05,1,75.98,75.98,2025-06-13
T001229,C00458,P021,Bright Organizer 21,1,34.85,34.85,2025-11-23
T001230,C01000,P009,Daily Lamp 09,2,21.66,43.32,2025-09-08
T001231,C00729,P003,Urban Bottle 03,1,36.74,36.74,2025-06-01
T001232,C00712,P003,Urban Bottle 03,3,39.77,119.31,2025-04-16
T001233,C00480,P025,Daily Lamp 25,1,90.34,90.34,2025-04-21
T001234,C00780,P016,Modern Serum 16,2,38.62,77.24,2025-10-30
T001235,C00672,P005,Bright Organizer 05,1,74.66,74.66,2025-08-21
T001236,C00395,P030,Active Mat 30,2,23.94,47.88,2025-07-06
T001237,C00071,P008,Modern Serum 08,1,28.37,28.37,2025-04-07
T001238,C00105,P005,Bright Organizer 05,2,80.33,160.66,2025-11-28
T001239,C00192,P008,Modern Serum 08,1,28.07,28.07,2025-08-24
T001240,C00950,P017,Daily Lamp 17,1,41.9,41.9,2025-03-02
T001241,C00521,P010,Pure Band 10,1,78.89,78.89,2025-08-09
T001242,C00750,P028,Essential Bag 28,1,80.65,80.65,2025-07-15
T001243,C00543,P019,Urban Bottle 19,1,29.32,29.32,2025-05-22
T001244,C00982,P003,Urban Bottle 03,1,36.59,36.59,2025-05-08
T001245,C00068,P016,Modern Serum 16,1,36.5,36.5,2025-05-03
T001246,C00402,P012,Essential Bag 12,1,16.11,16.11,2025-07-27
T001247,C00211,P005,Bright Organizer 05,1,84.84,84.84,2025-09-11
T001248,C00752,P001,Daily Lamp 01,1,86.69,86.69,2025-05-28
T001249,C00874,P028,Essential Bag 28,1,79.95,79.95,2025-06-06
T001250,C00341,P027,Urban Bottle 27,1,58.16,58.16,2025-04-06
T001251,C00022,P005,Bright Organizer 05,1,83.77,83.77,2025-06-21
T001252,C00609,P011,Urban Bottle 11,1,38.75,38.75,2025-01-05
T001253,C00113,P002,Pure Band 02,1,26.41,26.41,2025-08-30
T001254,C00538,P016,Modern Serum 16,2,37.62,75.24,2025-04-27
T001255,C00464,P015,Calm Cream 15,1,31.57,31.57,2025-06-21
T001256,C00374,P014,Active Mat 14,2,40.23,80.46,2025-05-10
T001257,C00794,P021,Bright Organizer 21,2,30.93,61.86,2025-09-23
T001258,C00703,P016,Modern Serum 16,1,40.1,40.1,2025-05-19
T001259,C00676,P030,Active Mat 30,1,23.66,23.66,2025-04-23
T001260,C00997,P013,Bright Organizer 13,1,28.01,28.01,2025-12-23
T001261,C00655,P003,Urban Bottle 03,1,40.81,40.81,2025-07-13
T001262,C00982,P027,Urban Bottle 27,1,52.57,52.57,2025-08-19
T001263,C00401,P018,Pure Band 18,3,75.31,225.93,2025-06-19
T001264,C00533,P022,Active Mat 22,2,87.49,174.98,2025-10-24
T001265,C00992,P025,Daily Lamp 25,1,91.15,91.15,2025-10-18
T001266,C00151,P014,Active Mat 14,1,35.57,35.57,2025-12-17
T001267,C00167,P009,Daily Lamp 09,1,20.83,20.83,2025-12-07
T001268,C00223,P009,Daily Lamp 09,1,21.8,21.8,2025-01-21
T001269,C00361,P020,Essential Bag 20,1,55.36,55.36,2025-08-09
T001270,C00805,P026,Pure Band 26,1,90.06,90.06,2025-05-26
T001271,C00731,P008,Modern Serum 08,4,28.23,112.92,2025-02-14
T001272,C00298,P007,Calm Cream 07,1,60.01,60.01,2025-02-11
T001273,C00396,P013,Bright Organizer 13,3,27.35,82.05,2025-11-23
T001274,C00612,P010,Pure Band 10,1,75.16,75.16,2025-06-04
T001275,C00143,P021,Bright Organizer 21,1,34.54,34.54,2025-10-24
T001276,C00313,P003,Urban Bottle 03,1,40.64,40.64,2025-06-04
T001277,C00802,P027,Urban Bottle 27,1,58.3,58.3,2025-07-12
T001278,C00516,P028,Essential Bag 28,2,81.14,162.28,2025-06-10
T001279,C00985,P013,Bright Organizer 13,1,27.53,27.53,2025-08-04
T001280,C00091,P024,Modern Serum 24,1,69.03,69.03,2025-08-04
T001281,C00383,P004,Essential Bag 04,1,19.23,19.23,2025-09-20
T001282,C00129,P012,Essential Bag 12,1,16.21,16.21,2025-07-21
T001283,C00860,P002,Pure Band 02,1,26.77,26.77,2025-08-24
T001284,C00609,P003,Urban Bottle 03,1,40.35,40.35,2025-06-20
T001285,C00125,P023,Calm Cream 23,1,42.67,42.67,2025-02-01
T001286,C00529,P005,Bright Organizer 05,2,82.12,164.24,2025-04-15
T001287,C00656,P026,Pure Band 26,1,100.78,100.78,2025-12-12
T001288,C00825,P015,Calm Cream 15,1,31.09,31.09,2025-01-04
T001289,C00902,P004,Essential Bag 04,1,19.65,19.65,2025-11-06
T001290,C00455,P012,Essential Bag 12,3,16.94,50.82,2025-09-16
T001291,C00840,P007,Calm Cream 07,2,59.13,118.26,2025-04-05
T001292,C00880,P020,Essential Bag 20,1,54.67,54.67,2025-08-13
T001293,C00839,P023,Calm Cream 23,1,45.82,45.82,2025-03-14
T001294,C00488,P015,Calm Cream 15,1,31.42,31.42,2025-04-13
T001295,C00684,P008,Modern Serum 08,1,26.6,26.6,2025-07-08
T001296,C00152,P001,Daily Lamp 01,1,94.76,94.76,2025-08-06
T001297,C00035,P020,Essential Bag 20,2,54.23,108.46,2025-06-05
T001298,C00986,P004,Essential Bag 04,2,18.79,37.58,2025-07-01
T001299,C00367,P016,Modern Serum 16,2,41.0,82.0,2025-03-23
T001300,C00400,P016,Modern Serum 16,1,41.13,41.13,2025-09-26
T001301,C00348,P014,Active Mat 14,2,41.68,83.36,2025-10-16
T001302,C00311,P028,Essential Bag 28,1,75.23,75.23,2025-12-04
T001303,C00621,P020,Essential Bag 20,1,50.84,50.84,2025-08-30
T001304,C00266,P004,Essential Bag 04,1,16.39,16.39,2025-09-27
T001305,C00850,P012,Essential Bag 12,1,15.28,15.28,2025-11-13
T001306,C00682,P003,Urban Bottle 03,3,41.25,123.75,2025-02-19
T001307,C00108,P027,Urban Bottle 27,1,52.87,52.87,2025-05-02
T001308,C00945,P002,Pure Band 02,1,28.31,28.31,2025-08-04
T001309,C00453,P024,Modern Serum 24,1,63.87,63.87,2025-02-07
T001310,C00111,P022,Active Mat 22,1,72.54,72.54,2025-06-14
T001311,C00201,P007,Calm Cream 07,1,58.12,58.12,2025-04-13
T001312,C00445,P025,Daily Lamp 25,2,91.92,183.84,2025-03-24
T001313,C00983,P021,Bright Organizer 21,1,33.66,33.66,2025-11-19
T001314,C00793,P012,Essential Bag 12,1,16.56,16.56,2025-07-04
T001315,C00541,P015,Calm Cream 15,2,32.19,64.38,2025-11-25
T001316,C00366,P019,Urban Bottle 19,1,29.43,29.43,2025-06-30
T001317,C00641,P012,Essential Bag 12,1,17.05,17.05,2025-08-07
T001318,C00104,P004,Essential Bag 04,1,18.98,18.98,2025-06-02
T001319,C00842,P029,Bright Organizer 29,3,90.38,271.14,2025-04-25
T001320,C00894,P027,Urban Bottle 27,3,58.87,176.61,2025-02-04
T001321,C00955,P019,Urban Bottle 19,1,30.37,30.37,2025-09-23
T001322,C00597,P014,Active Mat 14,3,39.98,119.94,2025-02-26
T001323,C00432,P008,Modern Serum 08,1,26.21,26.21,2025-06-23
T001324,C00837,P023,Calm Cream 23,3,46.74,140.22,2025-10-08
T001325,C00506,P003,Urban Bottle 03,3,36.78,110.34,2025-05-01
T001326,C00355,P030,Active Mat 30,3,23.96,71.88,2025-01-19
T001327,C00909,P017,Daily Lamp 17,3,41.42,124.26,2025-02-11
T001328,C00509,P016,Modern Serum 16,1,40.39,40.39,2025-01-19
T001329,C00022,P028,Essential Bag 28,1,76.27,76.27,2025-04-27
T001330,C00881,P012,Essential Bag 12,1,17.2,17.2,2025-11-08
T001331,C00785,P012,Essential Bag 12,1,16.0,16.0,2025-07-18
T001332,C00449,P004,Essential Bag 04,1,17.18,17.18,2025-03-01
T001333,C00448,P028,Essential Bag 28,1,79.9,79.9,2025-06-25
T001334,C00766,P023,Calm Cream 23,2,44.8,89.6,2025-07-31
T001335,C00895,P023,Calm Cream 23,2,45.2,90.4,2025-01-08
T001336,C00290,P002,Pure Band 02,1,27.45,27.45,2025-04-03
T001337,C00133,P019,Urban Bottle 19,1,29.36,29.36,2025-05-30
T001338,C00961,P017,Daily Lamp 17,1,39.52,39.52,2025-05-09
T001339,C00455,P022,Active Mat 22,3,80.06,240.18,2025-04-23
T001340,C00251,P016,Modern Serum 16,1,39.36,39.36,2025-12-01
T001341,C00355,P027,Urban Bottle 27,2,58.24,116.48,2025-01-28
T001342,C00934,P004,Essential Bag 04,3,19.3,57.9,2025-04-15
T001343,C00126,P012,Essential Bag 12,2,17.04,34.08,2025-04-18
T001344,C00451,P020,Essential Bag 20,1,56.7,56.7,2025-12-24
T001345,C00277,P008,Modern Serum 08,1,26.39,26.39,2025-01-18
T001346,C00876,P019,Urban Bottle 19,1,26.75,26.75,2025-05-23
T001347,C00230,P006,Active Mat 06,1,20.79,20.79,2025-01-23
T001348,C00033,P017,Daily Lamp 17,1,42.07,42.07,2025-06-06
T001349,C00945,P026,Pure Band 26,1,90.47,90.47,2025-06-22
T001350,C00350,P023,Calm Cream 23,1,41.73,41.73,2025-01-15
T001351,C00827,P003,Urban Bottle 03,1,39.18,39.18,2025-01-30
T001352,C00475,P013,Bright Organizer 13,2,25.63,51.26,2025-10-01
T001353,C00479,P023,Calm Cream 23,3,44.64,133.92,2025-07-15
T001354,C00974,P008,Modern Serum 08,4,27.05,108.2,2025-12-16
T001355,C00405,P002,Pure Band 02,1,27.9,27.9,2025-10-20
T001356,C00830,P024,Modern Serum 24,1,71.66,71.66,2025-12-01
T001357,C00868,P005,Bright Organizer 05,1,82.87,82.87,2025-05-16
T001358,C00492,P020,Essential Bag 20,1,55.58,55.58,2025-07-03
T001359,C00284,P027,Urban Bottle 27,1,49.72,49.72,2025-02-10
T001360,C00785,P024,Modern Serum 24,1,68.41,68.41,2025-05-13
T001361,C00151,P027,Urban Bottle 27,2,58.62,117.24,2025-03-31
T001362,C00701,P016,Modern Serum 16,1,40.38,40.38,2025-04-05
T001363,C00063,P029,Bright Organizer 29,4,74.72,298.88,2025-04-27
T001364,C00554,P023,Calm Cream 23,1,44.67,44.67,2025-06-30
T001365,C00116,P016,Modern Serum 16,1,40.44,40.44,2025-08-16
T001366,C00426,P002,Pure Band 02,1,27.93,27.93,2025-12-15
T001367,C00808,P011,Urban Bottle 11,3,34.74,104.22,2025-11-07
T001368,C00637,P001,Daily Lamp 01,1,94.53,94.53,2025-05-31
T001369,C00027,P003,Urban Bottle 03,1,41.62,41.62,2025-10-30
T001370,C00803,P018,Pure Band 18,1,78.25,78.25,2025-09-18
T001371,C00673,P023,Calm Cream 23,1,38.3,38.3,2025-01-17
T001372,C00982,P028,Essential Bag 28,1,82.21,82.21,2025-02-09
T001373,C00752,P013,Bright Organizer 13,2,24.56,49.12,2025-10-08
T001374,C00622,P014,Active Mat 14,1,40.56,40.56,2025-01-27
T001375,C00301,P028,Essential Bag 28,1,80.07,80.07,2025-10-22
T001376,C00467,P010,Pure Band 10,3,75.47,226.41,2025-04-29
T001377,C00371,P003,Urban Bottle 03,1,40.61,40.61,2025-07-29
T001378,C00620,P007,Calm Cream 07,2,60.34,120.68,2025-09-05
T001379,C00948,P017,Daily Lamp 17,2,42.19,84.38,2025-03-06
T001380,C00621,P008,Modern Serum 08,1,27.56,27.56,2025-03-12
T001381,C00518,P030,Active Mat 30,1,24.03,24.03,2025-08-04
T001382,C00898,P014,Active Mat 14,1,41.0,41.0,2025-04-03
T001383,C00953,P014,Active Mat 14,1,37.92,37.92,2025-12-31
T001384,C00707,P005,Bright Organizer 05,1,84.14,84.14,2025-01-13
T001385,C00926,P013,Bright Organizer 13,1,25.35,25.35,2025-07-18
T001386,C00122,P010,Pure Band 10,2,80.01,160.02,2025-05-31
T001387,C00740,P002,Pure Band 02,2,27.8,55.6,2025-02-25
T001388,C00646,P014,Active Mat 14,2,40.77,81.54,2025-07-29
T001389,C00752,P006,Active Mat 06,2,19.25,38.5,2025-03-10
T001390,C00156,P027,Urban Bottle 27,1,58.97,58.97,2025-02-12
T001391,C00329,P013,Bright Organizer 13,1,27.43,27.43,2025-07-14
T001392,C00238,P009,Daily Lamp 09,1,22.23,22.23,2025-02-19
T001393,C00521,P026,Pure Band 26,1,97.1,97.1,2025-10-24
T001394,C00977,P005,Bright Organizer 05,2,80.51,161.02,2025-04-02
T001395,C00441,P016,Modern Serum 16,1,39.61,39.61,2025-04-18
T001396,C00170,P004,Essential Bag 04,1,19.4,19.4,2025-05-26
T001397,C00962,P028,Essential Bag 28,4,78.55,314.2,2025-05-28
T001398,C00286,P004,Essential Bag 04,1,17.87,17.87,2025-12-08
T001399,C00613,P028,Essential Bag 28,3,83.26,249.78,2025-01-15
T001400,C00501,P026,Pure Band 26,1,99.16,99.16,2025-01-04
T001401,C00437,P023,Calm Cream 23,1,41.13,41.13,2025-10-20
T001402,C00734,P022,Active Mat 22,2,85.23,170.46,2025-02-26
T001403,C00089,P027,Urban Bottle 27,4,54.39,217.56,2025-05-15
T001404,C00823,P003,Urban Bottle 03,2,38.37,76.74,2025-07-01
T001405,C00344,P008,Modern Serum 08,1,28.65,28.65,2025-09-17
T001406,C00705,P010,Pure Band 10,3,83.17,249.51,2025-12-28
T001407,C00326,P006,Active Mat 06,1,19.23,19.23,2025-09-24
T001408,C00643,P001,Daily Lamp 01,1,100.44,100.44,2025-11-21
T001409,C00201,P008,Modern Serum 08,1,27.54,27.54,2025-12-11
T001410,C00135,P006,Active Mat 06,2,18.05,36.1,2025-05-25
T001411,C00004,P013,Bright Organizer 13,1,27.04,27.04,2025-04-20
T001412,C00429,P021,Bright Organizer 21,1,33.9,33.9,2025-01-20
T001413,C00496,P016,Modern Serum 16,3,36.82,110.46,2025-06-28
T001414,C00685,P015,Calm Cream 15,2,31.13,62.26,2025-05-30
T001415,C00303,P003,Urban Bottle 03,1,37.34,37.34,2025-09-04
T001416,C00430,P029,Bright Organizer 29,1,88.29,88.29,2025-05-28
T001417,C00980,P010,Pure Band 10,1,77.15,77.15,2025-08-26
T001418,C00861,P025,Daily Lamp 25,1,91.6,91.6,2025-09-05
T001419,C00275,P016,Modern Serum 16,2,37.57,75.14,2025-05-29
T001420,C00268,P021,Bright Organizer 21,1,32.13,32.13,2025-06-15
T001421,C00935,P002,Pure Band 02,1,27.84,27.84,2025-05-14
T001422,C00316,P014,Active Mat 14,1,36.91,36.91,2025-01-24
T001423,C00113,P029,Bright Organizer 29,1,92.72,92.72,2025-11-17
T001424,C00974,P023,Calm Cream 23,2,46.25,92.5,2025-01-11
T001425,C00786,P024,Modern Serum 24,1,68.6,68.6,2025-06-30
T001426,C00204,P030,Active Mat 30,2,24.17,48.34,2025-10-02
T001427,C00821,P005,Bright Organizer 05,1,83.2,83.2,2025-05-29
T001428,C00963,P001,Daily Lamp 01,2,91.12,182.24,2025-05-08
T001429,C00408,P025,Daily Lamp 25,1,90.93,90.93,2025-09-14
T001430,C00791,P021,Bright Organizer 21,1,33.55,33.55,2025-11-20
T001431,C00672,P012,Essential Bag 12,2,15.33,30.66,2025-07-13
T001432,C00076,P016,Modern Serum 16,2,37.82,75.64,2025-02-09
T001433,C00620,P028,Essential Bag 28,1,82.26,82.26,2025-10-05
T001434,C00880,P010,Pure Band 10,1,80.45,80.45,2025-11-07
T001435,C00470,P006,Active Mat 06,1,20.91,20.91,2025-05-21
T001436,C00440,P003,Urban Bottle 03,3,40.53,121.59,2025-05-30
T001437,C00547,P016,Modern Serum 16,1,35.45,35.45,2025-12-26
T001438,C00782,P017,Daily Lamp 17,1,42.84,42.84,2025-07-10
T001439,C00790,P007,Calm Cream 07,1,59.5,59.5,2025-07-23
T001440,C00148,P025,Daily Lamp 25,4,90.37,361.48,2025-06-20
T001441,C00608,P007,Calm Cream 07,1,59.52,59.52,2025-09-08
T001442,C00779,P007,Calm Cream 07,2,59.36,118.72,2025-10-18
T001443,C00855,P005,Bright Organizer 05,1,82.87,82.87,2025-06-22
T001444,C00275,P022,Active Mat 22,2,81.99,163.98,2025-01-03
T001445,C00983,P020,Essential Bag 20,1,52.53,52.53,2025-06-10
T001446,C00944,P003,Urban Bottle 03,1,41.29,41.29,2025-02-11
T001447,C00533,P023,Calm Cream 23,1,46.26,46.26,2025-03-24
T001448,C00907,P013,Bright Organizer 13,1,25.75,25.75,2025-01-20
T001449,C00429,P012,Essential Bag 12,1,16.85,16.85,2025-10-08
T001450,C00278,P016,Modern Serum 16,1,41.63,41.63,2025-12-13
T001451,C00298,P016,Modern Serum 16,1,40.74,40.74,2025-03-14
T001452,C00620,P007,Calm Cream 07,1,54.64,54.64,2025-09-23
T001453,C00169,P016,Modern Serum 16,2,40.27,80.54,2025-03-11
T001454,C00482,P002,Pure Band 02,3,27.43,82.29,2025-03-18
T001455,C00097,P017,Daily Lamp 17,1,42.95,42.95,2025-12-22
T001456,C00069,P011,Urban Bottle 11,1,37.96,37.96,2025-03-22
T001457,C00282,P009,Daily Lamp 09,3,21.95,65.85,2025-04-09
T001458,C00640,P024,Modern Serum 24,3,69.86,209.58,2025-07-08
T001459,C00080,P018,Pure Band 18,1,75.17,75.17,2025-04-14
T001460,C00105,P004,Essential Bag 04,1,19.34,19.34,2025-10-16
T001461,C00791,P026,Pure Band 26,1,83.92,83.92,2025-10-22
T001462,C00685,P028,Essential Bag 28,1,82.82,82.82,2025-11-12
T001463,C00094,P028,Essential Bag 28,1,81.22,81.22,2025-04-21
T001464,C00332,P003,Urban Bottle 03,3,41.62,124.86,2025-01-01
T001465,C00681,P014,Active Mat 14,1,38.41,38.41,2025-08-06
T001466,C00387,P024,Modern Serum 24,2,70.54,141.08,2025-07-21
T001467,C00544,P003,Urban Bottle 03,1,40.05,40.05,2025-06-12
T001468,C00854,P008,Modern Serum 08,1,28.69,28.69,2025-11-21
T001469,C00808,P007,Calm Cream 07,1,54.7,54.7,2025-12-22
T001470,C00026,P027,Urban Bottle 27,2,54.99,109.98,2025-04-02
T001471,C00219,P019,Urban Bottle 19,2,26.76,53.52,2025-08-06
T001472,C00184,P028,Essential Bag 28,4,81.2,324.8,2025-07-11
T001473,C00006,P018,Pure Band 18,1,69.69,69.69,2025-04-10
T001474,C00944,P001,Daily Lamp 01,1,97.76,97.76,2025-09-15
T001475,C00045,P030,Active Mat 30,2,23.31,46.62,2025-07-23
T001476,C00844,P001,Daily Lamp 01,2,97.93,195.86,2025-10-20
T001477,C00503,P005,Bright Organizer 05,2,84.05,168.1,2025-08-21
T001478,C00040,P011,Urban Bottle 11,1,36.31,36.31,2025-02-23
T001479,C00892,P026,Pure Band 26,1,85.32,85.32,2025-04-01
T001480,C00653,P022,Active Mat 22,1,76.56,76.56,2025-08-16
T001481,C00671,P019,Urban Bottle 19,1,27.27,27.27,2025-04-10
T001482,C00920,P022,Active Mat 22,3,86.59,259.77,2025-06-12
T001483,C00015,P029,Bright Organizer 29,1,82.46,82.46,2025-09-22
T001484,C00198,P026,Pure Band 26,1,90.63,90.63,2025-02-03
T001485,C00046,P008,Modern Serum 08,1,27.84,27.84,2025-08-16
T001486,C00319,P008,Modern Serum 08,1,28.39,28.39,2025-01-02
T001487,C00089,P017,Daily Lamp 17,1,42.29,42.29,2025-12-23
T001488,C00191,P010,Pure Band 10,1,79.18,79.18,2025-02-14
T001489,C00223,P020,Essential Bag 20,1,51.25,51.25,2025-01-06
T001490,C00858,P021,Bright Organizer 21,3,30.81,92.43,2025-06-07
T001491,C00318,P002,Pure Band 02,2,27.41,54.82,2025-03-09
T001492,C00424,P007,Calm Cream 07,1,52.29,52.29,2025-06-11
T001493,C00266,P022,Active Mat 22,1,85.28,85.28,2025-06-01
T001494,C00791,P020,Essential Bag 20,1,56.1,56.1,2025-06-28
T001495,C00973,P026,Pure Band 26,1,96.11,96.11,2025-01-19
T001496,C00445,P011,Urban Bottle 11,2,36.32,72.64,2025-12-26
T001497,C00992,P016,Modern Serum 16,2,38.63,77.26,2025-12-25
T001498,C00265,P007,Calm Cream 07,1,52.96,52.96,2025-04-18
T001499,C00191,P015,Calm Cream 15,1,32.31,32.31,2025-11-20
T001500,C00603,P028,Essential Bag 28,1,83.17,83.17,2025-12-04
T001501,C00163,P013,Bright Organizer 13,1,26.74,26.74,2025-01-05
T001502,C00314,P005,Bright Organizer 05,1,78.93,78.93,2025-07-03
T001503,C00468,P018,Pure Band 18,1,74.39,74.39,2025-11-12
T001504,C00259,P023,Calm Cream 23,1,45.1,45.1,2025-05-05
T001505,C00995,P028,Essential Bag 28,1,75.25,75.25,2025-01-21
T001506,C00432,P013,Bright Organizer 13,1,27.07,27.07,2025-02-25
T001507,C00525,P005,Bright Organizer 05,1,83.85,83.85,2025-03-25
T001508,C00204,P029,Bright Organizer 29,1,91.64,91.64,2025-09-26
T001509,C00994,P003,Urban Bottle 03,2,40.71,81.42,2025-01-28
T001510,C00170,P014,Active Mat 14,1,40.23,40.23,2025-07-22
T001511,C00083,P006,Active Mat 06,2,21.14,42.28,2025-06-07
T001512,C00702,P017,Daily Lamp 17,2,41.4,82.8,2025-03-20
T001513,C00483,P017,Daily Lamp 17,1,42.08,42.08,2025-02-21
T001514,C00852,P014,Active Mat 14,1,36.47,36.47,2025-07-12
T001515,C00782,P028,Essential Bag 28,1,80.68,80.68,2025-06-12
T001516,C00748,P027,Urban Bottle 27,1,59.44,59.44,2025-12-12
T001517,C00759,P029,Bright Organizer 29,1,81.93,81.93,2025-12-09
T001518,C00378,P011,Urban Bottle 11,1,37.81,37.81,2025-05-01
T001519,C00937,P003,Urban Bottle 03,1,40.06,40.06,2025-07-23
T001520,C00446,P003,Urban Bottle 03,1,40.0,40.0,2025-06-04
T001521,C00397,P021,Bright Organizer 21,1,34.52,34.52,2025-06-09
T001522,C00168,P012,Essential Bag 12,1,16.94,16.94,2025-04-02
T001523,C00703,P023,Calm Cream 23,1,45.98,45.98,2025-06-27
T001524,C00327,P004,Essential Bag 04,1,17.83,17.83,2025-03-24
T001525,C00983,P021,Bright Organizer 21,1,34.76,34.76,2025-12-01
T001526,C00119,P019,Urban Bottle 19,2,30.59,61.18,2025-11-21
T001527,C00730,P010,Pure Band 10,1,81.53,81.53,2025-08-31
T001528,C00545,P024,Modern Serum 24,2,68.39,136.78,2025-08-06
T001529,C00605,P008,Modern Serum 08,1,29.09,29.09,2025-12-29
T001530,C00050,P014,Active Mat 14,1,36.74,36.74,2025-08-11
T001531,C00911,P018,Pure Band 18,1,77.45,77.45,2025-01-26
T001532,C00556,P008,Modern Serum 08,1,28.21,28.21,2025-01-13
T001533,C00652,P002,Pure Band 02,1,26.36,26.36,2025-06-02
T001534,C00255,P005,Bright Organizer 05,1,82.33,82.33,2025-07-22
T001535,C00442,P027,Urban Bottle 27,1,59.23,59.23,2025-09-10
T001536,C00583,P014,Active Mat 14,1,40.56,40.56,2025-09-26
T001537,C00832,P027,Urban Bottle 27,1,50.04,50.04,2025-11-23
T001538,C00768,P009,Daily Lamp 09,1,22.59,22.59,2025-11-23
T001539,C00761,P027,Urban Bottle 27,2,58.94,117.88,2025-12-01
T001540,C00585,P008,Modern Serum 08,1,28.35,28.35,2025-04-09
T001541,C00711,P025,Daily Lamp 25,1,92.32,92.32,2025-05-05
T001542,C00282,P023,Calm Cream 23,2,46.03,92.06,2025-08-12
T001543,C00409,P028,Essential Bag 28,1,83.41,83.41,2025-11-06
T001544,C00801,P013,Bright Organizer 13,1,27.27,27.27,2025-01-10
T001545,C00326,P003,Urban Bottle 03,1,39.22,39.22,2025-11-22
T001546,C00295,P023,Calm Cream 23,1,46.5,46.5,2025-11-10
T001547,C00337,P017,Daily Lamp 17,1,42.83,42.83,2025-11-01
T001548,C00355,P025,Daily Lamp 25,1,82.36,82.36,2025-06-13
T001549,C00715,P005,Bright Organizer 05,1,84.87,84.87,2025-09-30
T001550,C00991,P003,Urban Bottle 03,1,34.48,34.48,2025-10-20
T001551,C00379,P009,Daily Lamp 09,2,22.05,44.1,2025-09-29
T001552,C00640,P018,Pure Band 18,1,76.06,76.06,2025-03-21
T001553,C00770,P030,Active Mat 30,1,23.63,23.63,2025-01-12
T001554,C00135,P012,Essential Bag 12,3,16.91,50.73,2025-10-03
T001555,C00114,P018,Pure Band 18,1,76.97,76.97,2025-04-19
T001556,C00564,P013,Bright Organizer 13,2,27.1,54.2,2025-07-25
T001557,C00789,P011,Urban Bottle 11,1,34.57,34.57,2025-06-13
T001558,C00326,P016,Modern Serum 16,1,41.28,41.28,2025-11-22
T001559,C00294,P026,Pure Band 26,1,86.38,86.38,2025-08-26
T001560,C00004,P016,Modern Serum 16,1,39.73,39.73,2025-05-28
T001561,C00393,P018,Pure Band 18,1,75.67,75.67,2025-02-20
T001562,C00634,P007,Calm Cream 07,1,58.51,58.51,2025-01-15
T001563,C00750,P013,Bright Organizer 13,1,26.92,26.92,2025-10-20
T001564,C00484,P021,Bright Organizer 21,3,35.02,105.06,2025-11-17
T001565,C00399,P017,Daily Lamp 17,2,38.24,76.48,2025-12-01
T001566,C00741,P027,Urban Bottle 27,1,53.45,53.45,2025-07-08
T001567,C00136,P009,Daily Lamp 09,2,21.73,43.46,2025-06-15
T001568,C00701,P019,Urban Bottle 19,4,28.89,115.56,2025-05-06
T001569,C00657,P003,Urban Bottle 03,1,41.81,41.81,2025-09-14
T001570,C00251,P014,Active Mat 14,3,39.86,119.58,2025-03-23
T001571,C00417,P027,Urban Bottle 27,4,52.9,211.6,2025-12-13
T001572,C00981,P008,Modern Serum 08,2,28.46,56.92,2025-08-02
T001573,C00547,P023,Calm Cream 23,1,43.51,43.51,2025-11-28
T001574,C00849,P025,Daily Lamp 25,2,92.77,185.54,2025-07-23
T001575,C00645,P020,Essential Bag 20,1,55.23,55.23,2025-09-19
T001576,C00777,P026,Pure Band 26,2,94.82,189.64,2025-05-15
T001577,C00673,P010,Pure Band 10,3,75.34,226.02,2025-07-31
T001578,C00338,P020,Essential Bag 20,1,50.01,50.01,2025-02-19
T001579,C00776,P008,Modern Serum 08,1,28.24,28.24,2025-05-06
T001580,C00265,P017,Daily Lamp 17,1,40.26,40.26,2025-12-25
T001581,C00027,P007,Calm Cream 07,1,58.31,58.31,2025-05-28
T001582,C00582,P020,Essential Bag 20,1,54.89,54.89,2025-03-23
T001583,C00132,P005,Bright Organizer 05,1,85.74,85.74,2025-12-22
T001584,C00872,P006,Active Mat 06,1,20.99,20.99,2025-01-15
T001585,C00764,P027,Urban Bottle 27,1,59.96,59.96,2025-09-18
T001586,C00660,P005,Bright Organizer 05,2,82.8,165.6,2025-06-26
T001587,C00664,P005,Bright Organizer 05,1,85.43,85.43,2025-09-06
T001588,C00685,P029,Bright Organizer 29,1,89.83,89.83,2025-01-08
T001589,C00624,P024,Modern Serum 24,2,68.78,137.56,2025-05-23
T001590,C00584,P028,Essential Bag 28,2,75.0,150.0,2025-08-24
T001591,C00920,P007,Calm Cream 07,1,59.47,59.47,2025-09-26
T001592,C00975,P010,Pure Band 10,1,80.27,80.27,2025-02-20
T001593,C00894,P003,Urban Bottle 03,2,41.24,82.48,2025-10-03
T001594,C00263,P025,Daily Lamp 25,1,83.41,83.41,2025-05-06
T001595,C00707,P023,Calm Cream 23,1,38.13,38.13,2025-04-27
T001596,C00094,P023,Calm Cream 23,2,41.42,82.84,2025-05-23
T001597,C00536,P009,Daily Lamp 09,1,22.05,22.05,2025-03-09
T001598,C00476,P003,Urban Bottle 03,2,41.53,83.06,2025-09-02
T001599,C00202,P015,Calm Cream 15,1,31.06,31.06,2025-02-07
T001600,C00221,P018,Pure Band 18,1,77.24,77.24,2025-10-29
T001601,C00738,P027,Urban Bottle 27,2,59.2,118.4,2025-02-27
T001602,C00774,P014,Active Mat 14,1,39.8,39.8,2025-11-11
T001603,C00647,P005,Bright Organizer 05,1,85.65,85.65,2025-09-10
T001604,C00271,P027,Urban Bottle 27,1,58.33,58.33,2025-06-03
T001605,C00641,P014,Active Mat 14,3,36.48,109.44,2025-06-08
T001606,C00915,P030,Active Mat 30,1,23.2,23.2,2025-06-13
T001607,C00690,P009,Daily Lamp 09,3,22.05,66.15,2025-08-10
T001608,C00843,P006,Active Mat 06,2,19.98,39.96,2025-10-03
T001609,C00313,P010,Pure Band 10,1,80.11,80.11,2025-09-14
T001610,C00216,P018,Pure Band 18,1,79.23,79.23,2025-11-09
T001611,C00873,P005,Bright Organizer 05,1,83.21,83.21,2025-03-29
T001612,C00670,P018,Pure Band 18,1,72.4,72.4,2025-08-31
T001613,C00484,P028,Essential Bag 28,2,80.64,161.28,2025-05-15
T001614,C00850,P023,Calm Cream 23,1,45.25,45.25,2025-07-01
T001615,C00006,P024,Modern Serum 24,1,58.92,58.92,2025-08-02
T001616,C00999,P014,Active Mat 14,1,38.17,38.17,2025-03-13
T001617,C00734,P008,Modern Serum 08,2,28.65,57.3,2025-12-05
T001618,C00334,P017,Daily Lamp 17,2,40.15,80.3,2025-07-15
T001619,C00877,P008,Modern Serum 08,1,28.45,28.45,2025-08-14
T001620,C00482,P029,Bright Organizer 29,3,86.3,258.9,2025-10-31
T001621,C00499,P007,Calm Cream 07,4,59.3,237.2,2025-12-28
T001622,C00655,P010,Pure Band 10,1,79.74,79.74,2025-01-29
T001623,C00138,P027,Urban Bottle 27,1,50.5,50.5,2025-08-30
T001624,C00895,P005,Bright Organizer 05,1,81.87,81.87,2025-03-19
T001625,C00336,P018,Pure Band 18,2,76.18,152.36,2025-05-06
T001626,C00707,P001,Daily Lamp 01,2,96.96,193.92,2025-05-30
T001627,C00757,P010,Pure Band 10,2,73.4,146.8,2025-12-31
T001628,C00189,P010,Pure Band 10,1,78.69,78.69,2025-04-20
T001629,C00266,P008,Modern Serum 08,2,28.24,56.48,2025-12-27
T001630,C00438,P012,Essential Bag 12,1,16.86,16.86,2025-07-30
T001631,C00383,P001,Daily Lamp 01,1,97.28,97.28,2025-09-20
T001632,C00810,P017,Daily Lamp 17,1,41.2,41.2,2025-06-17
T001633,C00579,P003,Urban Bottle 03,1,40.33,40.33,2025-02-08
T001634,C00867,P026,Pure Band 26,1,98.13,98.13,2025-09-20
T001635,C00770,P003,Urban Bottle 03,1,38.5,38.5,2025-04-08
T001636,C00667,P010,Pure Band 10,1,79.72,79.72,2025-03-19
T001637,C00758,P025,Daily Lamp 25,1,94.19,94.19,2025-12-21
T001638,C00639,P026,Pure Band 26,1,97.15,97.15,2025-01-04
T001639,C00877,P007,Calm Cream 07,2,58.68,117.36,2025-05-13
T001640,C00206,P024,Modern Serum 24,1,72.26,72.26,2025-12-07
T001641,C00157,P006,Active Mat 06,1,20.96,20.96,2025-10-23
T001642,C00617,P029,Bright Organizer 29,1,90.54,90.54,2025-10-01
T001643,C00336,P027,Urban Bottle 27,3,57.98,173.94,2025-02-05
T001644,C00435,P030,Active Mat 30,1,21.5,21.5,2025-03-25
T001645,C00141,P027,Urban Bottle 27,3,59.93,179.79,2025-01-14
T001646,C00455,P027,Urban Bottle 27,2,57.82,115.64,2025-01-14
T001647,C00409,P006,Active Mat 06,2,20.82,41.64,2025-08-13
T001648,C00519,P028,Essential Bag 28,2,82.26,164.52,2025-03-31
T001649,C00964,P015,Calm Cream 15,1,29.66,29.66,2025-03-03
T001650,C00216,P030,Active Mat 30,2,23.37,46.74,2025-04-08
T001651,C00968,P014,Active Mat 14,1,38.55,38.55,2025-02-27
T001652,C00364,P011,Urban Bottle 11,1,38.59,38.59,2025-02-21
T001653,C00308,P007,Calm Cream 07,2,61.27,122.54,2025-11-30
T001654,C00017,P029,Bright Organizer 29,1,90.1,90.1,2025-08-30
T001655,C00868,P007,Calm Cream 07,1,58.19,58.19,2025-03-14
T001656,C00482,P024,Modern Serum 24,1,68.51,68.51,2025-12-22
T001657,C00301,P012,Essential Bag 12,1,16.97,16.97,2025-12-05
T001658,C00989,P005,Bright Organizer 05,2,83.81,167.62,2025-09-23
T001659,C00806,P005,Bright Organizer 05,1,83.9,83.9,2025-02-26
T001660,C00637,P010,Pure Band 10,2,80.85,161.7,2025-05-16
T001661,C00753,P027,Urban Bottle 27,3,58.55,175.65,2025-01-18
T001662,C00740,P016,Modern Serum 16,1,42.11,42.11,2025-11-03
T001663,C00430,P030,Active Mat 30,1,24.21,24.21,2025-02-17
T001664,C00451,P004,Essential Bag 04,1,19.26,19.26,2025-10-02
T001665,C00922,P028,Essential Bag 28,1,81.82,81.82,2025-08-29
T001666,C00685,P023,Calm Cream 23,1,44.94,44.94,2025-11-11
T001667,C00129,P007,Calm Cream 07,1,52.37,52.37,2025-04-11
T001668,C00762,P003,Urban Bottle 03,1,36.2,36.2,2025-02-12
T001669,C00257,P006,Active Mat 06,1,21.33,21.33,2025-04-26
T001670,C00605,P016,Modern Serum 16,1,37.65,37.65,2025-12-09
T001671,C00336,P013,Bright Organizer 13,1,27.4,27.4,2025-03-09
T001672,C00766,P028,Essential Bag 28,1,81.25,81.25,2025-01-18
T001673,C00015,P005,Bright Organizer 05,1,77.88,77.88,2025-04-04
T001674,C00012,P018,Pure Band 18,1,76.62,76.62,2025-06-15
T001675,C00416,P014,Active Mat 14,1,41.3,41.3,2025-10-23
T001676,C00763,P008,Modern Serum 08,2,25.1,50.2,2025-03-02
T001677,C00262,P010,Pure Band 10,2,75.6,151.2,2025-04-06
T001678,C00685,P026,Pure Band 26,2,97.87,195.74,2025-02-19
T001679,C00658,P001,Daily Lamp 01,1,98.5,98.5,2025-08-07
T001680,C00124,P017,Daily Lamp 17,1,37.59,37.59,2025-02-26
T001681,C00567,P030,Active Mat 30,1,21.43,21.43,2025-08-12
T001682,C00840,P029,Bright Organizer 29,4,91.45,365.8,2025-07-23
T001683,C00795,P001,Daily Lamp 01,2,96.22,192.44,2025-04-24
T001684,C00577,P026,Pure Band 26,1,91.08,91.08,2025-03-19
T001685,C00711,P029,Bright Organizer 29,1,88.21,88.21,2025-04-28
T001686,C00651,P020,Essential Bag 20,1,50.29,50.29,2025-03-26
T001687,C00554,P029,Bright Organizer 29,1,80.21,80.21,2025-03-19
T001688,C00304,P012,Essential Bag 12,1,16.81,16.81,2025-07-25
T001689,C00140,P023,Calm Cream 23,1,45.73,45.73,2025-06-14
T001690,C00320,P006,Active Mat 06,2,21.16,42.32,2025-12-09
T001691,C00144,P005,Bright Organizer 05,2,80.41,160.82,2025-07-30
T001692,C00401,P024,Modern Serum 24,2,68.31,136.62,2025-05-05
T001693,C00073,P007,Calm Cream 07,3,58.74,176.22,2025-06-29
T001694,C00968,P021,Bright Organizer 21,1,34.16,34.16,2025-10-27
T001695,C00012,P020,Essential Bag 20,1,55.9,55.9,2025-06-17
T001696,C00483,P007,Calm Cream 07,1,57.62,57.62,2025-11-03
T001697,C00466,P005,Bright Organizer 05,2,81.93,163.86,2025-11-09
T001698,C00973,P030,Active Mat 30,1,20.89,20.89,2025-05-20
T001699,C00437,P018,Pure Band 18,2,74.01,148.02,2025-08-27
T001700,C00231,P016,Modern Serum 16,1,38.95,38.95,2025-05-30
T001701,C00248,P027,Urban Bottle 27,2,53.51,107.02,2025-07-05
T001702,C00059,P020,Essential Bag 20,2,56.15,112.3,2025-08-04
T001703,C00927,P007,Calm Cream 07,1,59.58,59.58,2025-05-22
T001704,C00086,P001,Daily Lamp 01,2,96.49,192.98,2025-07-02
T001705,C00606,P013,Bright Organizer 13,1,23.09,23.09,2025-04-24
T001706,C00575,P019,Urban Bottle 19,1,30.7,30.7,2025-09-07
T001707,C00392,P002,Pure Band 02,1,25.79,25.79,2025-12-08
T001708,C00590,P003,Urban Bottle 03,3,40.95,122.85,2025-02-20
T001709,C00926,P019,Urban Bottle 19,2,28.58,57.16,2025-12-30
T001710,C00808,P014,Active Mat 14,1,36.84,36.84,2025-11-28
T001711,C00833,P025,Daily Lamp 25,2,93.49,186.98,2025-07-24
T001712,C00581,P006,Active Mat 06,1,20.76,20.76,2025-04-21
T001713,C00822,P001,Daily Lamp 01,1,86.41,86.41,2025-07-31
T001714,C00353,P011,Urban Bottle 11,3,39.16,117.48,2025-12-16
T001715,C00470,P022,Active Mat 22,1,79.76,79.76,2025-06-16
T001716,C00790,P027,Urban Bottle 27,1,56.76,56.76,2025-10-13
T001717,C00865,P015,Calm Cream 15,1,31.4,31.4,2025-03-30
T001718,C00325,P026,Pure Band 26,1,91.81,91.81,2025-04-27
T001719,C00637,P015,Calm Cream 15,1,31.03,31.03,2025-06-10
T001720,C00498,P011,Urban Bottle 11,2,35.16,70.32,2025-12-29
T001721,C00331,P001,Daily Lamp 01,1,96.05,96.05,2025-03-28
T001722,C00574,P009,Daily Lamp 09,1,22.48,22.48,2025-11-25
T001723,C00204,P003,Urban Bottle 03,2,37.04,74.08,2025-02-08
T001724,C00150,P023,Calm Cream 23,1,46.04,46.04,2025-05-15
T001725,C00866,P029,Bright Organizer 29,2,80.52,161.04,2025-02-23
T001726,C00995,P003,Urban Bottle 03,4,40.49,161.96,2025-10-19
T001727,C00159,P021,Bright Organizer 21,1,34.9,34.9,2025-10-08
T001728,C00252,P027,Urban Bottle 27,1,54.47,54.47,2025-04-23
T001729,C00250,P029,Bright Organizer 29,2,89.47,178.94,2025-06-01
T001730,C00565,P030,Active Mat 30,1,24.0,24.0,2025-10-12
T001731,C00643,P018,Pure Band 18,2,75.87,151.74,2025-07-24
T001732,C00823,P025,Daily Lamp 25,1,93.32,93.32,2025-07-06
T001733,C00328,P017,Daily Lamp 17,1,39.47,39.47,2025-05-01
T001734,C00253,P025,Daily Lamp 25,1,95.43,95.43,2025-12-26
T001735,C00726,P015,Calm Cream 15,1,30.29,30.29,2025-09-17
T001736,C00735,P022,Active Mat 22,3,80.06,240.18,2025-06-28
T001737,C00589,P026,Pure Band 26,1,96.45,96.45,2025-05-18
T001738,C00977,P030,Active Mat 30,1,23.95,23.95,2025-02-03
T001739,C00489,P027,Urban Bottle 27,1,54.44,54.44,2025-06-27
T001740,C00584,P007,Calm Cream 07,2,59.02,118.04,2025-05-22
T001741,C00722,P024,Modern Serum 24,1,70.25,70.25,2025-08-09
T001742,C00552,P022,Active Mat 22,1,86.07,86.07,2025-06-08
T001743,C00969,P012,Essential Bag 12,2,14.46,28.92,2025-09-18
T001744,C00995,P019,Urban Bottle 19,2,29.81,59.62,2025-01-04
T001745,C00629,P002,Pure Band 02,1,27.6,27.6,2025-02-06
T001746,C00793,P024,Modern Serum 24,1,71.68,71.68,2025-11-04
T001747,C00747,P004,Essential Bag 04,1,17.48,17.48,2025-09-11
T001748,C00397,P025,Daily Lamp 25,1,95.25,95.25,2025-12-17
T001749,C00099,P010,Pure Band 10,1,78.94,78.94,2025-04-04
T001750,C00189,P008,Modern Serum 08,1,28.29,28.29,2025-02-16
T001751,C00348,P014,Active Mat 14,1,41.46,41.46,2025-02-11
T001752,C00571,P002,Pure Band 02,1,28.48,28.48,2025-02-01
T001753,C00013,P001,Daily Lamp 01,1,98.93,98.93,2025-09-28
T001754,C00384,P026,Pure Band 26,3,98.24,294.72,2025-10-16
T001755,C00549,P007,Calm Cream 07,1,53.86,53.86,2025-04-04
T001756,C00384,P018,Pure Band 18,2,75.6,151.2,2025-11-04
T001757,C00520,P005,Bright Organizer 05,2,81.6,163.2,2025-04-01
T001758,C00910,P029,Bright Organizer 29,3,85.9,257.7,2025-10-03
T001759,C00111,P011,Urban Bottle 11,1,38.28,38.28,2025-05-30
T001760,C00198,P019,Urban Bottle 19,4,27.72,110.88,2025-09-12
T001761,C00562,P026,Pure Band 26,2,89.62,179.24,2025-12-04
T001762,C00347,P007,Calm Cream 07,1,50.42,50.42,2025-02-03
T001763,C00043,P011,Urban Bottle 11,3,34.56,103.68,2025-07-26
T001764,C00725,P024,Modern Serum 24,1,63.02,63.02,2025-12-04
T001765,C00329,P028,Essential Bag 28,1,79.54,79.54,2025-12-02
T001766,C00659,P006,Active Mat 06,1,21.03,21.03,2025-10-07
T001767,C00437,P012,Essential Bag 12,1,17.21,17.21,2025-11-17
T001768,C00575,P015,Calm Cream 15,1,31.7,31.7,2025-06-14
T001769,C00790,P021,Bright Organizer 21,1,30.11,30.11,2025-05-28
T001770,C00315,P027,Urban Bottle 27,2,57.83,115.66,2025-02-15
T001771,C00757,P002,Pure Band 02,1,23.46,23.46,2025-06-10
T001772,C00988,P017,Daily Lamp 17,2,39.78,79.56,2025-06-30
T001773,C00537,P026,Pure Band 26,1,90.96,90.96,2025-09-18
T001774,C00102,P014,Active Mat 14,1,40.23,40.23,2025-04-20
T001775,C00508,P006,Active Mat 06,1,21.3,21.3,2025-04-15
T001776,C00922,P022,Active Mat 22,3,84.12,252.36,2025-04-16
T001777,C00182,P030,Active Mat 30,2,23.95,47.9,2025-06-19
T001778,C00160,P004,Essential Bag 04,1,19.61,19.61,2025-01-23
T001779,C00697,P018,Pure Band 18,2,75.84,151.68,2025-08-05
T001780,C00755,P028,Essential Bag 28,1,84.74,84.74,2025-12-01
T001781,C00285,P026,Pure Band 26,1,90.85,90.85,2025-07-13
T001782,C00642,P022,Active Mat 22,1,80.6,80.6,2025-01-06
T001783,C00229,P002,Pure Band 02,1,28.79,28.79,2025-12-20
T001784,C00188,P016,Modern Serum 16,1,39.29,39.29,2025-02-04
T001785,C00408,P009,Daily Lamp 09,1,19.9,19.9,2025-12-22
T001786,C00405,P025,Daily Lamp 25,3,78.25,234.75,2025-03-03
T001787,C00206,P004,Essential Bag 04,4,19.07,76.28,2025-09-12
T001788,C00039,P026,Pure Band 26,1,92.42,92.42,2025-04-28
T001789,C00447,P019,Urban Bottle 19,1,29.97,29.97,2025-05-04
T001790,C00679,P028,Essential Bag 28,2,81.24,162.48,2025-01-22
T001791,C00045,P017,Daily Lamp 17,3,42.66,127.98,2025-06-12
T001792,C00359,P014,Active Mat 14,2,40.39,80.78,2025-03-31
T001793,C00518,P002,Pure Band 02,1,27.88,27.88,2025-05-30
T001794,C00026,P027,Urban Bottle 27,1,58.78,58.78,2025-08-13
T001795,C00165,P005,Bright Organizer 05,3,85.04,255.12,2025-10-13
T001796,C00531,P016,Modern Serum 16,1,41.24,41.24,2025-07-29
T001797,C00040,P005,Bright Organizer 05,1,82.96,82.96,2025-07-09
T001798,C00060,P025,Daily Lamp 25,2,91.95,183.9,2025-10-16
T001799,C00037,P017,Daily Lamp 17,1,43.81,43.81,2025-11-18
T001800,C00661,P012,Essential Bag 12,1,17.28,17.28,2025-10-20
T001801,C00700,P015,Calm Cream 15,1,26.74,26.74,2025-05-02
T001802,C00942,P027,Urban Bottle 27,1,52.42,52.42,2025-09-03
T001803,C00653,P023,Calm Cream 23,3,44.86,134.58,2025-05-27
T001804,C00377,P023,Calm Cream 23,1,44.57,44.57,2025-03-24
T001805,C00728,P027,Urban Bottle 27,2,49.05,98.1,2025-07-30
T001806,C00362,P006,Active Mat 06,1,19.37,19.37,2025-11-17
T001807,C00455,P029,Bright Organizer 29,1,91.21,91.21,2025-08-20
T001808,C00741,P016,Modern Serum 16,1,38.5,38.5,2025-03-10
T001809,C00803,P019,Urban Bottle 19,2,31.05,62.1,2025-12-04
T001810,C00384,P020,Essential Bag 20,1,54.73,54.73,2025-07-29
T001811,C00464,P009,Daily Lamp 09,2,21.35,42.7,2025-11-30
T001812,C00205,P007,Calm Cream 07,1,59.13,59.13,2025-01-27
T001813,C00443,P005,Bright Organizer 05,1,79.68,79.68,2025-09-22
T001814,C00177,P008,Modern Serum 08,2,28.33,56.66,2025-12-08
T001815,C00589,P024,Modern Serum 24,1,69.55,69.55,2025-07-25
T001816,C00781,P028,Essential Bag 28,1,73.81,73.81,2025-03-08
T001817,C00897,P002,Pure Band 02,1,27.98,27.98,2025-11-18
T001818,C00340,P026,Pure Band 26,1,86.35,86.35,2025-01-28
T001819,C00981,P006,Active Mat 06,2,21.34,42.68,2025-03-19
T001820,C00927,P026,Pure Band 26,1,92.14,92.14,2025-10-26
T001821,C00822,P017,Daily Lamp 17,2,41.98,83.96,2025-02-21
T001822,C00933,P019,Urban Bottle 19,1,30.3,30.3,2025-09-30
T001823,C00707,P026,Pure Band 26,1,97.83,97.83,2025-05-24
T001824,C00100,P024,Modern Serum 24,1,69.54,69.54,2025-08-16
T001825,C00786,P001,Daily Lamp 01,1,92.79,92.79,2025-03-29
T001826,C00586,P006,Active Mat 06,3,18.43,55.29,2025-10-27
T001827,C00353,P027,Urban Bottle 27,4,52.33,209.32,2025-10-18
T001828,C00640,P009,Daily Lamp 09,1,22.25,22.25,2025-03-11
T001829,C00202,P029,Bright Organizer 29,1,89.18,89.18,2025-12-09
T001830,C00364,P019,Urban Bottle 19,2,30.57,61.14,2025-02-12
T001831,C00174,P011,Urban Bottle 11,1,38.7,38.7,2025-08-02
T001832,C00502,P010,Pure Band 10,1,81.27,81.27,2025-01-13
T001833,C00460,P030,Active Mat 30,1,24.04,24.04,2025-05-15
T001834,C00470,P020,Essential Bag 20,1,57.66,57.66,2025-12-03
T001835,C00011,P023,Calm Cream 23,1,47.4,47.4,2025-11-16
T001836,C00398,P002,Pure Band 02,1,26.27,26.27,2025-07-14
T001837,C00875,P030,Active Mat 30,1,22.4,22.4,2025-09-20
T001838,C00737,P008,Modern Serum 08,1,27.54,27.54,2025-06-27
T001839,C00941,P021,Bright Organizer 21,2,31.25,62.5,2025-08-19
T001840,C00024,P025,Daily Lamp 25,2,90.34,180.68,2025-02-28
T001841,C00067,P005,Bright Organizer 05,2,80.36,160.72,2025-07-11
T001842,C00741,P001,Daily Lamp 01,2,87.84,175.68,2025-01-05
T001843,C00597,P019,Urban Bottle 19,2,30.39,60.78,2025-03-21
T001844,C00109,P019,Urban Bottle 19,1,31.23,31.23,2025-12-07
T001845,C00191,P003,Urban Bottle 03,3,41.35,124.05,2025-02-11
T001846,C00216,P002,Pure Band 02,1,27.72,27.72,2025-04-30
T001847,C00838,P006,Active Mat 06,4,20.93,83.72,2025-09-01
T001848,C00750,P021,Bright Organizer 21,2,33.45,66.9,2025-05-28
T001849,C00082,P005,Bright Organizer 05,1,84.28,84.28,2025-01-04
T001850,C00717,P004,Essential Bag 04,2,19.39,38.78,2025-04-07
T001851,C00167,P012,Essential Bag 12,2,16.65,33.3,2025-04-27
T001852,C00293,P007,Calm Cream 07,1,59.91,59.91,2025-11-24
T001853,C00671,P027,Urban Bottle 27,1,58.16,58.16,2025-01-04
T001854,C00065,P015,Calm Cream 15,2,31.92,63.84,2025-02-01
T001855,C00082,P021,Bright Organizer 21,3,34.83,104.49,2025-08-09
T001856,C00091,P010,Pure Band 10,2,74.29,148.58,2025-12-12
T001857,C00695,P029,Bright Organizer 29,1,87.09,87.09,2025-11-07
T001858,C00761,P025,Daily Lamp 25,1,91.68,91.68,2025-07-03
T001859,C00763,P006,Active Mat 06,1,21.16,21.16,2025-10-07
T001860,C00902,P014,Active Mat 14,3,37.59,112.77,2025-08-27
T001861,C00890,P027,Urban Bottle 27,1,59.42,59.42,2025-08-26
T001862,C00973,P001,Daily Lamp 01,1,98.5,98.5,2025-08-03
T001863,C00153,P012,Essential Bag 12,1,16.46,16.46,2025-11-20
T001864,C00155,P018,Pure Band 18,1,75.91,75.91,2025-03-30
T001865,C00278,P010,Pure Band 10,1,79.25,79.25,2025-03-18
T001866,C00285,P007,Calm Cream 07,1,56.64,56.64,2025-10-09
T001867,C00500,P029,Bright Organizer 29,1,75.07,75.07,2025-03-23
T001868,C00723,P015,Calm Cream 15,1,31.9,31.9,2025-06-15
T001869,C00427,P015,Calm Cream 15,3,31.1,93.3,2025-04-21
T001870,C00701,P019,Urban Bottle 19,1,29.92,29.92,2025-06-09
T001871,C00743,P012,Essential Bag 12,1,16.8,16.8,2025-06-24
T001872,C00065,P001,Daily Lamp 01,1,98.74,98.74,2025-08-31
T001873,C00240,P028,Essential Bag 28,2,84.88,169.76,2025-12-19
T001874,C00806,P009,Daily Lamp 09,1,21.07,21.07,2025-09-01
T001875,C00989,P010,Pure Band 10,1,67.25,67.25,2025-03-07
T001876,C00625,P007,Calm Cream 07,2,59.77,119.54,2025-10-31
T001877,C00321,P016,Modern Serum 16,1,38.92,38.92,2025-01-10
T001878,C00542,P015,Calm Cream 15,1,28.91,28.91,2025-02-11
T001879,C00069,P014,Active Mat 14,2,38.14,76.28,2025-05-17
T001880,C00373,P026,Pure Band 26,1,96.96,96.96,2025-03-15
T001881,C00365,P026,Pure Band 26,1,95.4,95.4,2025-06-17
T001882,C00497,P030,Active Mat 30,1,23.92,23.92,2025-06-13
T001883,C00193,P029,Bright Organizer 29,1,93.15,93.15,2025-11-27
T001884,C00537,P025,Daily Lamp 25,1,86.63,86.63,2025-04-10
T001885,C00306,P008,Modern Serum 08,1,28.47,28.47,2025-01-06
T001886,C00081,P011,Urban Bottle 11,2,32.21,64.42,2025-08-04
T001887,C00569,P005,Bright Organizer 05,1,84.89,84.89,2025-07-15
T001888,C00283,P006,Active Mat 06,1,21.24,21.24,2025-08-22
T001889,C00980,P001,Daily Lamp 01,1,95.89,95.89,2025-06-15
T001890,C00323,P026,Pure Band 26,1,96.21,96.21,2025-03-14
T001891,C00406,P005,Bright Organizer 05,1,79.42,79.42,2025-06-15
T001892,C00580,P024,Modern Serum 24,1,69.9,69.9,2025-06-15
T001893,C00509,P002,Pure Band 02,1,27.84,27.84,2025-03-09
T001894,C00095,P024,Modern Serum 24,3,68.93,206.79,2025-05-01
T001895,C00505,P012,Essential Bag 12,1,17.06,17.06,2025-02-05
T001896,C00159,P017,Daily Lamp 17,1,42.41,42.41,2025-12-22
T001897,C00233,P007,Calm Cream 07,1,57.73,57.73,2025-05-14
T001898,C00231,P015,Calm Cream 15,1,31.09,31.09,2025-12-24
T001899,C00513,P010,Pure Band 10,1,79.6,79.6,2025-03-12
T001900,C00784,P009,Daily Lamp 09,1,20.88,20.88,2025-09-19
T001901,C00042,P006,Active Mat 06,1,21.12,21.12,2025-02-04
T001902,C00719,P003,Urban Bottle 03,2,41.2,82.4,2025-06-28
T001903,C00218,P005,Bright Organizer 05,1,83.94,83.94,2025-07-23
T001904,C00570,P012,Essential Bag 12,1,15.19,15.19,2025-05-17
T001905,C00343,P006,Active Mat 06,2,21.06,42.12,2025-05-12
T001906,C00030,P014,Active Mat 14,3,39.32,117.96,2025-08-20
T001907,C00190,P004,Essential Bag 04,1,19.44,19.44,2025-04-15
T001908,C00205,P024,Modern Serum 24,2,69.73,139.46,2025-04-16
T001909,C00908,P018,Pure Band 18,1,76.57,76.57,2025-04-20
T001910,C00581,P027,Urban Bottle 27,2,57.04,114.08,2025-04-28
T001911,C00222,P026,Pure Band 26,2,99.14,198.28,2025-01-07
T001912,C00738,P010,Pure Band 10,4,79.0,316.0,2025-07-18
T001913,C00492,P017,Daily Lamp 17,1,36.57,36.57,2025-09-09
T001914,C00080,P019,Urban Bottle 19,2,26.99,53.98,2025-05-08
T001915,C00970,P008,Modern Serum 08,1,28.56,28.56,2025-01-06
T001916,C00100,P002,Pure Band 02,1,27.68,27.68,2025-03-23
T001917,C00078,P008,Modern Serum 08,1,27.53,27.53,2025-07-10
T001918,C00310,P004,Essential Bag 04,1,17.61,17.61,2025-03-03
T001919,C00124,P028,Essential Bag 28,2,75.81,151.62,2025-04-15
T001920,C00179,P001,Daily Lamp 01,1,98.46,98.46,2025-09-01
T001921,C00712,P017,Daily Lamp 17,1,40.43,40.43,2025-10-24
T001922,C00157,P007,Calm Cream 07,1,59.29,59.29,2025-12-21
T001923,C00851,P014,Active Mat 14,1,41.53,41.53,2025-08-10
T001924,C00065,P029,Bright Organizer 29,2,88.41,176.82,2025-12-03
T001925,C00822,P008,Modern Serum 08,1,23.45,23.45,2025-04-14
T001926,C00459,P025,Daily Lamp 25,4,94.16,376.64,2025-12-20
T001927,C00573,P029,Bright Organizer 29,1,91.74,91.74,2025-08-11
T001928,C00294,P011,Urban Bottle 11,1,38.03,38.03,2025-01-25
T001929,C00383,P020,Essential Bag 20,1,54.55,54.55,2025-03-25
T001930,C00356,P012,Essential Bag 12,1,17.54,17.54,2025-11-24
T001931,C00152,P025,Daily Lamp 25,2,91.58,183.16,2025-05-30
T001932,C00985,P013,Bright Organizer 13,1,24.06,24.06,2025-07-04
T001933,C00661,P014,Active Mat 14,2,36.1,72.2,2025-07-03
T001934,C00352,P016,Modern Serum 16,2,40.86,81.72,2025-01-22
T001935,C00648,P026,Pure Band 26,1,91.46,91.46,2025-10-04
T001936,C00845,P022,Active Mat 22,1,83.69,83.69,2025-04-16
T001937,C00558,P002,Pure Band 02,1,28.58,28.58,2025-09-14
T001938,C00965,P005,Bright Organizer 05,1,80.59,80.59,2025-12-07
T001939,C00334,P023,Calm Cream 23,2,45.34,90.68,2025-03-01
T001940,C00840,P012,Essential Bag 12,1,16.46,16.46,2025-12-03
T001941,C00232,P020,Essential Bag 20,1,50.78,50.78,2025-02-24
T001942,C00734,P001,Daily Lamp 01,2,94.43,188.86,2025-04-07
T001943,C00938,P002,Pure Band 02,3,27.69,83.07,2025-03-15
T001944,C00555,P020,Essential Bag 20,3,54.15,162.45,2025-04-18
T001945,C00124,P006,Active Mat 06,2,19.55,39.1,2025-06-01
T001946,C00974,P004,Essential Bag 04,3,18.93,56.79,2025-08-20
T001947,C00308,P011,Urban Bottle 11,1,38.98,38.98,2025-11-02
T001948,C00651,P019,Urban Bottle 19,1,29.67,29.67,2025-09-02
T001949,C00360,P001,Daily Lamp 01,2,85.97,171.94,2025-06-13
T001950,C00789,P003,Urban Bottle 03,2,40.96,81.92,2025-10-03
T001951,C00503,P030,Active Mat 30,1,20.82,20.82,2025-12-17
T001952,C00487,P007,Calm Cream 07,1,60.02,60.02,2025-02-14
T001953,C00945,P003,Urban Bottle 03,1,41.92,41.92,2025-11-20
T001954,C00036,P010,Pure Band 10,1,76.41,76.41,2025-08-29
T001955,C00421,P003,Urban Bottle 03,1,42.05,42.05,2025-11-11
T001956,C00958,P016,Modern Serum 16,1,40.37,40.37,2025-01-15
T001957,C00398,P025,Daily Lamp 25,1,87.45,87.45,2025-10-17
T001958,C00715,P016,Modern Serum 16,1,41.03,41.03,2025-03-02
T001959,C00298,P018,Pure Band 18,1,74.5,74.5,2025-01-21
T001960,C00204,P015,Calm Cream 15,1,31.87,31.87,2025-02-09
T001961,C00928,P005,Bright Organizer 05,1,84.48,84.48,2025-12-01
T001962,C00598,P026,Pure Band 26,1,99.6,99.6,2025-12-16
T001963,C00104,P005,Bright Organizer 05,1,71.23,71.23,2025-03-01
T001964,C00449,P015,Calm Cream 15,2,31.95,63.9,2025-01-13
T001965,C00378,P020,Essential Bag 20,1,56.22,56.22,2025-12-22
T001966,C00719,P013,Bright Organizer 13,1,27.76,27.76,2025-10-13
T001967,C00487,P012,Essential Bag 12,3,15.32,45.96,2025-07-03
T001968,C00025,P005,Bright Organizer 05,1,83.24,83.24,2025-03-03
T001969,C00383,P017,Daily Lamp 17,1,36.39,36.39,2025-10-07
T001970,C00424,P004,Essential Bag 04,1,19.28,19.28,2025-10-26
T001971,C00401,P001,Daily Lamp 01,1,92.05,92.05,2025-12-26
T001972,C00273,P018,Pure Band 18,1,69.45,69.45,2025-12-07
T001973,C00882,P015,Calm Cream 15,1,31.26,31.26,2025-05-05
T001974,C00102,P005,Bright Organizer 05,1,84.21,84.21,2025-04-20
T001975,C00150,P021,Bright Organizer 21,2,34.53,69.06,2025-02-06
T001976,C00526,P030,Active Mat 30,1,24.0,24.0,2025-09-02
T001977,C00860,P019,Urban Bottle 19,3,28.47,85.41,2025-07-31
T001978,C00044,P027,Urban Bottle 27,2,59.09,118.18,2025-08-10
T001979,C00401,P014,Active Mat 14,2,41.36,82.72,2025-07-11
T001980,C00630,P029,Bright Organizer 29,1,92.14,92.14,2025-09-03
T001981,C00162,P007,Calm Cream 07,1,59.51,59.51,2025-11-22
T001982,C00032,P013,Bright Organizer 13,1,26.53,26.53,2025-11-04
T001983,C00041,P011,Urban Bottle 11,1,39.26,39.26,2025-11-25
T001984,C00311,P026,Pure Band 26,1,87.95,87.95,2025-06-24
T001985,C00524,P015,Calm Cream 15,2,28.61,57.22,2025-08-29
T001986,C00946,P021,Bright Organizer 21,1,32.25,32.25,2025-10-14
T001987,C00094,P022,Active Mat 22,3,85.56,256.68,2025-06-22
T001988,C00258,P019,Urban Bottle 19,3,27.23,81.69,2025-02-02
T001989,C00321,P028,Essential Bag 28,1,80.27,80.27,2025-04-27
T001990,C00197,P026,Pure Band 26,1,95.28,95.28,2025-06-06
T001991,C00686,P020,Essential Bag 20,2,49.38,98.76,2025-08-06
T001992,C00303,P006,Active Mat 06,1,20.48,20.48,2025-12-19
T001993,C00818,P014,Active Mat 14,1,40.89,40.89,2025-04-15
T001994,C00654,P007,Calm Cream 07,1,58.43,58.43,2025-05-30
T001995,C00830,P015,Calm Cream 15,1,31.92,31.92,2025-11-28
T001996,C00471,P016,Modern Serum 16,1,40.54,40.54,2025-10-18
T001997,C00833,P017,Daily Lamp 17,1,42.57,42.57,2025-07-12
T001998,C00951,P015,Calm Cream 15,3,31.69,95.07,2025-05-11
T001999,C00582,P013,Bright Organizer 13,1,23.25,23.25,2025-09-19
T002000,C00610,P003,Urban Bottle 03,1,40.5,40.5,2025-09-08
T002001,C00371,P024,Modern Serum 24,4,68.33,273.32,2025-03-04
T002002,C00562,P016,Modern Serum 16,1,40.88,40.88,2025-02-25
T002003,C00210,P002,Pure Band 02,1,27.49,27.49,2025-08-05
T002004,C00737,P008,Modern Serum 08,1,28.89,28.89,2025-11-16
T002005,C00770,P008,Modern Serum 08,1,25.21,25.21,2025-10-20
T002006,C00599,P010,Pure Band 10,1,77.93,77.93,2025-10-11
T002007,C00555,P019,Urban Bottle 19,3,30.16,90.48,2025-04-15
T002008,C00829,P015,Calm Cream 15,1,27.85,27.85,2025-05-19
T002009,C00625,P005,Bright Organizer 05,1,82.62,82.62,2025-08-24
T002010,C00688,P010,Pure Band 10,1,79.25,79.25,2025-05-03
T002011,C00238,P003,Urban Bottle 03,1,38.43,38.43,2025-04-20
T002012,C00872,P019,Urban Bottle 19,1,29.74,29.74,2025-07-16
T002013,C00504,P013,Bright Organizer 13,2,27.05,54.1,2025-12-11
T002014,C00631,P012,Essential Bag 12,1,16.72,16.72,2025-09-17
T002015,C00616,P026,Pure Band 26,2,96.55,193.1,2025-02-09
T002016,C00322,P011,Urban Bottle 11,1,36.36,36.36,2025-04-22
T002017,C00615,P027,Urban Bottle 27,3,55.67,167.01,2025-07-14
T002018,C00715,P002,Pure Band 02,2,28.59,57.18,2025-11-27
T002019,C00391,P001,Daily Lamp 01,1,95.9,95.9,2025-07-04
T002020,C00262,P011,Urban Bottle 11,1,33.89,33.89,2025-08-12
T002021,C00173,P007,Calm Cream 07,1,59.02,59.02,2025-03-22
T002022,C00867,P002,Pure Band 02,1,27.42,27.42,2025-04-11
T002023,C00938,P005,Bright Organizer 05,1,84.36,84.36,2025-12-29
T002024,C00955,P008,Modern Serum 08,1,28.29,28.29,2025-09-26
T002025,C00235,P013,Bright Organizer 13,1,27.24,27.24,2025-04-06
T002026,C00054,P018,Pure Band 18,2,71.58,143.16,2025-11-14
T002027,C00296,P017,Daily Lamp 17,3,37.33,111.99,2025-04-01
T002028,C00618,P022,Active Mat 22,1,86.11,86.11,2025-04-11
T002029,C00547,P004,Essential Bag 04,1,18.34,18.34,2025-04-02
T002030,C00547,P028,Essential Bag 28,1,82.68,82.68,2025-03-20
T002031,C00526,P025,Daily Lamp 25,1,81.9,81.9,2025-05-20
T002032,C00050,P014,Active Mat 14,2,40.77,81.54,2025-03-27
T002033,C00588,P024,Modern Serum 24,1,70.05,70.05,2025-07-08
T002034,C00166,P020,Essential Bag 20,2,54.92,109.84,2025-05-08
T002035,C00295,P014,Active Mat 14,2,38.87,77.74,2025-01-01
T002036,C00744,P012,Essential Bag 12,1,14.7,14.7,2025-10-05
T002037,C00806,P019,Urban Bottle 19,2,28.74,57.48,2025-07-01
T002038,C00960,P012,Essential Bag 12,1,17.18,17.18,2025-09-26
T002039,C00076,P018,Pure Band 18,1,76.46,76.46,2025-04-16
T002040,C00392,P012,Essential Bag 12,1,16.64,16.64,2025-07-31
T002041,C00221,P013,Bright Organizer 13,1,27.56,27.56,2025-01-09
T002042,C00665,P025,Daily Lamp 25,1,93.21,93.21,2025-03-13
T002043,C00259,P015,Calm Cream 15,1,32.08,32.08,2025-08-13
T002044,C00134,P013,Bright Organizer 13,1,24.8,24.8,2025-08-26
T002045,C00303,P012,Essential Bag 12,1,15.37,15.37,2025-02-21
T002046,C00080,P018,Pure Band 18,1,76.73,76.73,2025-08-10
T002047,C00070,P011,Urban Bottle 11,1,33.87,33.87,2025-09-03
T002048,C00150,P023,Calm Cream 23,1,45.61,45.61,2025-02-21
T002049,C00534,P012,Essential Bag 12,1,17.29,17.29,2025-11-19
T002050,C00637,P010,Pure Band 10,1,76.12,76.12,2025-06-27
T002051,C00777,P015,Calm Cream 15,2,31.95,63.9,2025-08-13
T002052,C00519,P002,Pure Band 02,3,25.23,75.69,2025-10-17
T002053,C00732,P014,Active Mat 14,2,41.09,82.18,2025-12-05
T002054,C00096,P019,Urban Bottle 19,1,29.33,29.33,2025-04-11
T002055,C00977,P004,Essential Bag 04,1,19.59,19.59,2025-01-07
T002056,C00438,P017,Daily Lamp 17,1,37.02,37.02,2025-03-19
T002057,C00168,P026,Pure Band 26,1,95.33,95.33,2025-02-03
T002058,C00938,P030,Active Mat 30,3,23.46,70.38,2025-08-28
T002059,C00832,P027,Urban Bottle 27,1,50.69,50.69,2025-08-24
T002060,C00591,P017,Daily Lamp 17,2,39.48,78.96,2025-05-13
T002061,C00335,P016,Modern Serum 16,1,37.4,37.4,2025-12-07
T002062,C00286,P025,Daily Lamp 25,2,95.14,190.28,2025-12-16
T002063,C00495,P008,Modern Serum 08,3,28.72,86.16,2025-08-11
T002064,C00053,P029,Bright Organizer 29,1,79.97,79.97,2025-07-27
T002065,C00569,P007,Calm Cream 07,2,52.55,105.1,2025-03-17
T002066,C00949,P003,Urban Bottle 03,1,41.05,41.05,2025-03-20
T002067,C00581,P010,Pure Band 10,1,80.21,80.21,2025-08-03
T002068,C00068,P024,Modern Serum 24,3,70.91,212.73,2025-12-06
T002069,C00158,P013,Bright Organizer 13,3,26.92,80.76,2025-08-10
T002070,C00242,P015,Calm Cream 15,4,28.07,112.28,2025-06-07
T002071,C00416,P013,Bright Organizer 13,1,27.15,27.15,2025-04-20
T002072,C00164,P018,Pure Band 18,1,67.56,67.56,2025-06-22
T002073,C00816,P023,Calm Cream 23,1,46.38,46.38,2025-02-12
T002074,C00664,P005,Bright Organizer 05,1,83.66,83.66,2025-12-24
T002075,C00864,P011,Urban Bottle 11,1,35.59,35.59,2025-05-30
T002076,C00090,P002,Pure Band 02,3,27.66,82.98,2025-10-20
T002077,C00085,P030,Active Mat 30,1,22.52,22.52,2025-10-26
T002078,C00919,P012,Essential Bag 12,4,16.81,67.24,2025-03-29
T002079,C00857,P016,Modern Serum 16,2,40.73,81.46,2025-11-12
T002080,C00873,P008,Modern Serum 08,1,26.88,26.88,2025-11-07
T002081,C00230,P022,Active Mat 22,1,79.29,79.29,2025-11-07
T002082,C00485,P025,Daily Lamp 25,1,93.13,93.13,2025-12-22
T002083,C00835,P012,Essential Bag 12,2,17.49,34.98,2025-12-28
T002084,C00683,P010,Pure Band 10,1,78.6,78.6,2025-06-08
T002085,C00061,P018,Pure Band 18,1,76.58,76.58,2025-02-10
T002086,C00741,P003,Urban Bottle 03,2,38.76,77.52,2025-03-18
T002087,C00446,P013,Bright Organizer 13,3,27.35,82.05,2025-09-04
T002088,C00310,P028,Essential Bag 28,1,81.18,81.18,2025-10-28
T002089,C00401,P006,Active Mat 06,1,21.29,21.29,2025-03-22
T002090,C00399,P006,Active Mat 06,1,20.84,20.84,2025-05-10
T002091,C00884,P010,Pure Band 10,1,83.26,83.26,2025-12-30
T002092,C00675,P010,Pure Band 10,3,80.93,242.79,2025-08-05
T002093,C00891,P024,Modern Serum 24,3,70.1,210.3,2025-01-04
T002094,C00152,P002,Pure Band 02,1,27.75,27.75,2025-06-21
T002095,C00930,P006,Active Mat 06,1,20.52,20.52,2025-05-23
T002096,C00729,P010,Pure Band 10,1,78.66,78.66,2025-07-04
T002097,C00207,P006,Active Mat 06,1,21.43,21.43,2025-09-14
T002098,C00281,P016,Modern Serum 16,2,34.86,69.72,2025-09-16
T002099,C00202,P013,Bright Organizer 13,3,26.19,78.57,2025-11-10
T002100,C00561,P009,Daily Lamp 09,4,21.92,87.68,2025-10-30
T002101,C00418,P018,Pure Band 18,3,78.11,234.33,2025-01-10
T002102,C00952,P014,Active Mat 14,2,41.52,83.04,2025-08-02
T002103,C00229,P014,Active Mat 14,1,40.47,40.47,2025-10-30
T002104,C00685,P028,Essential Bag 28,1,81.37,81.37,2025-04-28
T002105,C00228,P029,Bright Organizer 29,1,90.41,90.41,2025-01-21
T002106,C00822,P025,Daily Lamp 25,1,84.42,84.42,2025-02-08
T002107,C00514,P027,Urban Bottle 27,2,56.62,113.24,2025-01-09
T002108,C00680,P002,Pure Band 02,4,28.71,114.84,2025-11-04
T002109,C00799,P004,Essential Bag 04,1,16.28,16.28,2025-05-28
T002110,C00182,P017,Daily Lamp 17,1,39.16,39.16,2025-06-18
T002111,C00252,P029,Bright Organizer 29,1,93.21,93.21,2025-11-28
T002112,C00174,P020,Essential Bag 20,1,56.09,56.09,2025-05-13
T002113,C00747,P005,Bright Organizer 05,1,74.17,74.17,2025-04-15
T002114,C00709,P017,Daily Lamp 17,1,36.7,36.7,2025-10-05
T002115,C00977,P007,Calm Cream 07,2,57.64,115.28,2025-01-02
T002116,C00117,P024,Modern Serum 24,1,70.21,70.21,2025-04-02
T002117,C00477,P016,Modern Serum 16,1,41.36,41.36,2025-10-01
T002118,C00808,P003,Urban Bottle 03,1,38.72,38.72,2025-07-02
T002119,C00743,P001,Daily Lamp 01,3,92.09,276.27,2025-05-09
T002120,C00065,P005,Bright Organizer 05,1,84.27,84.27,2025-02-14
T002121,C00491,P030,Active Mat 30,2,23.45,46.9,2025-04-10
T002122,C00812,P024,Modern Serum 24,1,70.45,70.45,2025-07-19
T002123,C00172,P006,Active Mat 06,1,20.09,20.09,2025-04-19
T002124,C01000,P030,Active Mat 30,1,24.19,24.19,2025-02-04
T002125,C00571,P024,Modern Serum 24,1,69.29,69.29,2025-09-11
T002126,C00038,P014,Active Mat 14,1,41.77,41.77,2025-01-22
T002127,C00665,P010,Pure Band 10,2,79.39,158.78,2025-07-10
T002128,C00088,P004,Essential Bag 04,1,19.53,19.53,2025-08-26
T002129,C00140,P015,Calm Cream 15,1,32.19,32.19,2025-10-31
T002130,C00640,P025,Daily Lamp 25,2,90.93,181.86,2025-03-03
T002131,C00842,P013,Bright Organizer 13,1,27.73,27.73,2025-10-02
T002132,C00988,P030,Active Mat 30,1,23.51,23.51,2025-12-07
T002133,C00349,P026,Pure Band 26,4,81.25,325.0,2025-05-24
T002134,C00316,P023,Calm Cream 23,1,45.53,45.53,2025-09-13
T002135,C00729,P003,Urban Bottle 03,1,40.75,40.75,2025-04-05
T002136,C00372,P004,Essential Bag 04,3,18.13,54.39,2025-02-21
T002137,C00188,P018,Pure Band 18,1,75.1,75.1,2025-03-05
T002138,C00862,P024,Modern Serum 24,2,61.28,122.56,2025-06-09
T002139,C00563,P028,Essential Bag 28,2,84.78,169.56,2025-12-31
T002140,C00305,P003,Urban Bottle 03,1,37.27,37.27,2025-12-03
T002141,C00096,P020,Essential Bag 20,1,54.7,54.7,2025-08-04
T002142,C00005,P003,Urban Bottle 03,1,41.03,41.03,2025-10-29
T002143,C00110,P008,Modern Serum 08,1,28.72,28.72,2025-10-05
T002144,C00343,P005,Bright Organizer 05,1,84.9,84.9,2025-02-11
T002145,C00832,P001,Daily Lamp 01,1,92.52,92.52,2025-11-19
T002146,C00522,P007,Calm Cream 07,1,58.28,58.28,2025-12-16
T002147,C00814,P023,Calm Cream 23,2,45.6,91.2,2025-10-23
T002148,C00217,P019,Urban Bottle 19,1,28.38,28.38,2025-08-09
T002149,C00415,P030,Active Mat 30,1,23.46,23.46,2025-03-11
T002150,C00877,P027,Urban Bottle 27,2,60.15,120.3,2025-11-12
T002151,C00118,P012,Essential Bag 12,1,16.7,16.7,2025-01-01
T002152,C00834,P020,Essential Bag 20,1,51.74,51.74,2025-04-05
T002153,C00237,P030,Active Mat 30,2,22.82,45.64,2025-01-21
T002154,C00989,P007,Calm Cream 07,3,59.39,178.17,2025-03-10
T002155,C00850,P022,Active Mat 22,1,85.28,85.28,2025-02-26
T002156,C00742,P020,Essential Bag 20,1,56.44,56.44,2025-03-17
T002157,C00676,P016,Modern Serum 16,1,41.02,41.02,2025-07-13
T002158,C00212,P012,Essential Bag 12,1,17.07,17.07,2025-03-16
T002159,C00502,P015,Calm Cream 15,1,30.66,30.66,2025-05-05
T002160,C00163,P002,Pure Band 02,2,27.97,55.94,2025-08-26
T002161,C00209,P013,Bright Organizer 13,2,26.58,53.16,2025-05-29
T002162,C00788,P001,Daily Lamp 01,2,97.0,194.0,2025-08-07
T002163,C00311,P020,Essential Bag 20,1,52.12,52.12,2025-06-28
T002164,C00987,P012,Essential Bag 12,1,17.2,17.2,2025-09-02
T002165,C00800,P007,Calm Cream 07,1,60.63,60.63,2025-01-09
T002166,C00658,P028,Essential Bag 28,1,78.42,78.42,2025-09-18
T002167,C00102,P008,Modern Serum 08,1,27.53,27.53,2025-12-20
T002168,C00065,P017,Daily Lamp 17,2,42.02,84.04,2025-01-11
T002169,C00776,P029,Bright Organizer 29,3,80.9,242.7,2025-05-06
T002170,C00944,P006,Active Mat 06,1,20.97,20.97,2025-09-29
T002171,C00336,P024,Modern Serum 24,2,69.62,139.24,2025-01-11
T002172,C00199,P006,Active Mat 06,2,20.08,40.16,2025-09-04
T002173,C00824,P008,Modern Serum 08,1,29.08,29.08,2025-12-23
T002174,C00579,P017,Daily Lamp 17,1,42.58,42.58,2025-11-05
T002175,C00333,P002,Pure Band 02,1,27.4,27.4,2025-05-06
T002176,C00505,P007,Calm Cream 07,3,57.91,173.73,2025-06-20
T002177,C00918,P004,Essential Bag 04,1,19.41,19.41,2025-10-17
T002178,C00757,P002,Pure Band 02,2,23.86,47.72,2025-10-01
T002179,C00227,P023,Calm Cream 23,1,45.03,45.03,2025-03-11
T002180,C00419,P004,Essential Bag 04,1,19.4,19.4,2025-10-28
T002181,C00096,P010,Pure Band 10,1,80.63,80.63,2025-04-18
T002182,C00550,P023,Calm Cream 23,3,46.6,139.8,2025-11-03
T002183,C00555,P005,Bright Organizer 05,2,80.19,160.38,2025-05-22
T002184,C00837,P030,Active Mat 30,2,21.16,42.32,2025-09-08
T002185,C00597,P007,Calm Cream 07,1,60.1,60.1,2025-09-15
T002186,C00772,P014,Active Mat 14,1,40.0,40.0,2025-07-02
T002187,C00586,P001,Daily Lamp 01,1,97.34,97.34,2025-11-18
T002188,C00751,P005,Bright Organizer 05,2,83.22,166.44,2025-01-24
T002189,C00678,P014,Active Mat 14,1,41.27,41.27,2025-02-01
T002190,C00376,P019,Urban Bottle 19,2,30.09,60.18,2025-04-15
T002191,C00705,P002,Pure Band 02,2,27.23,54.46,2025-03-20
T002192,C00036,P016,Modern Serum 16,1,35.82,35.82,2025-07-11
T002193,C00217,P003,Urban Bottle 03,1,40.97,40.97,2025-03-22
T002194,C00273,P022,Active Mat 22,2,76.73,153.46,2025-03-27
T002195,C00921,P029,Bright Organizer 29,1,91.07,91.07,2025-10-30
T002196,C00546,P020,Essential Bag 20,1,56.11,56.11,2025-11-01
T002197,C00286,P010,Pure Band 10,1,73.25,73.25,2025-08-16
T002198,C00201,P012,Essential Bag 12,1,17.22,17.22,2025-01-11
T002199,C00119,P025,Daily Lamp 25,1,93.89,93.89,2025-10-25
T002200,C00973,P026,Pure Band 26,1,98.24,98.24,2025-10-01
T002201,C00756,P025,Daily Lamp 25,1,95.22,95.22,2025-12-31
T002202,C00247,P028,Essential Bag 28,1,82.92,82.92,2025-03-06
T002203,C00552,P017,Daily Lamp 17,1,41.44,41.44,2025-05-04
T002204,C00563,P004,Essential Bag 04,1,19.41,19.41,2025-06-20
T002205,C00144,P025,Daily Lamp 25,1,91.5,91.5,2025-04-16
T002206,C00453,P002,Pure Band 02,2,28.8,57.6,2025-11-16
T002207,C00472,P005,Bright Organizer 05,1,73.4,73.4,2025-06-14
T002208,C00799,P001,Daily Lamp 01,1,98.33,98.33,2025-01-06
T002209,C00086,P010,Pure Band 10,2,76.82,153.64,2025-01-16
T002210,C00705,P006,Active Mat 06,3,21.34,64.02,2025-02-12
T002211,C00664,P012,Essential Bag 12,2,16.2,32.4,2025-10-03
T002212,C00362,P010,Pure Band 10,1,75.89,75.89,2025-03-18
T002213,C00771,P009,Daily Lamp 09,1,21.43,21.43,2025-05-29
T002214,C00591,P017,Daily Lamp 17,1,43.51,43.51,2025-12-09
T002215,C00180,P026,Pure Band 26,1,94.64,94.64,2025-03-19
T002216,C00481,P002,Pure Band 02,1,27.95,27.95,2025-07-14
T002217,C00678,P008,Modern Serum 08,1,28.14,28.14,2025-01-02
T002218,C00742,P016,Modern Serum 16,1,40.5,40.5,2025-07-05
T002219,C00423,P005,Bright Organizer 05,1,82.39,82.39,2025-05-01
T002220,C00051,P011,Urban Bottle 11,2,36.64,73.28,2025-12-05
T002221,C00566,P023,Calm Cream 23,1,45.26,45.26,2025-01-22
T002222,C00617,P026,Pure Band 26,1,97.94,97.94,2025-07-30
T002223,C00791,P019,Urban Bottle 19,1,27.69,27.69,2025-01-09
T002224,C00129,P002,Pure Band 02,1,27.31,27.31,2025-04-05
T002225,C00259,P026,Pure Band 26,1,96.79,96.79,2025-07-20
T002226,C00268,P019,Urban Bottle 19,1,26.89,26.89,2025-01-03
T002227,C00511,P027,Urban Bottle 27,1,59.39,59.39,2025-08-31
T002228,C00542,P020,Essential Bag 20,1,55.64,55.64,2025-04-07
T002229,C00714,P012,Essential Bag 12,1,15.95,15.95,2025-03-14
T002230,C00686,P021,Bright Organizer 21,1,34.2,34.2,2025-11-27
T002231,C00775,P023,Calm Cream 23,1,43.42,43.42,2025-08-03
T002232,C00107,P010,Pure Band 10,2,80.83,161.66,2025-04-20
T002233,C00299,P029,Bright Organizer 29,1,91.77,91.77,2025-07-19
T002234,C00776,P009,Daily Lamp 09,2,22.08,44.16,2025-07-11
T002235,C00378,P010,Pure Band 10,1,83.4,83.4,2025-12-12
T002236,C00685,P003,Urban Bottle 03,1,40.69,40.69,2025-01-12
T002237,C00526,P018,Pure Band 18,2,77.4,154.8,2025-05-29
T002238,C00749,P003,Urban Bottle 03,1,38.54,38.54,2025-04-26
T002239,C00340,P023,Calm Cream 23,1,45.65,45.65,2025-05-22
T002240,C00705,P010,Pure Band 10,1,83.51,83.51,2025-12-11
T002241,C00245,P006,Active Mat 06,1,18.03,18.03,2025-05-30
T002242,C00849,P016,Modern Serum 16,1,35.7,35.7,2025-04-10
T002243,C00827,P004,Essential Bag 04,1,19.18,19.18,2025-04-24
T002244,C00478,P023,Calm Cream 23,2,46.2,92.4,2025-09-27
T002245,C00247,P018,Pure Band 18,1,75.3,75.3,2025-04-12
T002246,C00660,P010,Pure Band 10,1,73.19,73.19,2025-07-27
T002247,C00980,P003,Urban Bottle 03,2,38.83,77.66,2025-02-09
T002248,C00399,P003,Urban Bottle 03,3,36.96,110.88,2025-06-17
T002249,C00914,P001,Daily Lamp 01,3,95.49,286.47,2025-09-26
T002250,C00601,P003,Urban Bottle 03,2,40.42,80.84,2025-01-16
T002251,C00537,P028,Essential Bag 28,1,83.63,83.63,2025-11-02
T002252,C00510,P008,Modern Serum 08,1,24.0,24.0,2025-12-26
T002253,C00939,P001,Daily Lamp 01,1,96.07,96.07,2025-08-01
T002254,C00138,P027,Urban Bottle 27,1,59.04,59.04,2025-06-27
T002255,C00655,P024,Modern Serum 24,1,69.5,69.5,2025-09-27
T002256,C00543,P015,Calm Cream 15,2,31.82,63.64,2025-07-23
T002257,C00200,P005,Bright Organizer 05,2,75.55,151.1,2025-07-28
T002258,C00152,P003,Urban Bottle 03,1,40.99,40.99,2025-09-16
T002259,C00262,P028,Essential Bag 28,1,73.07,73.07,2025-02-17
T002260,C00549,P012,Essential Bag 12,2,16.21,32.42,2025-09-24
T002261,C00244,P015,Calm Cream 15,1,31.73,31.73,2025-06-22
T002262,C00532,P022,Active Mat 22,1,86.86,86.86,2025-01-24
T002263,C00962,P002,Pure Band 02,1,23.87,23.87,2025-01-10
T002264,C00370,P012,Essential Bag 12,3,16.97,50.91,2025-04-15
T002265,C00396,P005,Bright Organizer 05,1,84.85,84.85,2025-01-14
T002266,C00976,P005,Bright Organizer 05,1,74.76,74.76,2025-02-21
T002267,C00522,P017,Daily Lamp 17,1,42.44,42.44,2025-08-09
T002268,C00435,P024,Modern Serum 24,1,69.28,69.28,2025-09-06
T002269,C00852,P008,Modern Serum 08,2,28.07,56.14,2025-09-26
T002270,C00006,P025,Daily Lamp 25,4,87.74,350.96,2025-10-11
T002271,C00489,P027,Urban Bottle 27,3,55.3,165.9,2025-05-02
T002272,C00048,P006,Active Mat 06,1,20.77,20.77,2025-07-28
T002273,C00684,P011,Urban Bottle 11,2,38.4,76.8,2025-02-22
T002274,C00378,P030,Active Mat 30,1,23.72,23.72,2025-09-17
T002275,C00187,P028,Essential Bag 28,2,81.9,163.8,2025-10-21
T002276,C00413,P024,Modern Serum 24,2,69.68,139.36,2025-03-26
T002277,C00587,P025,Daily Lamp 25,2,95.37,190.74,2025-11-16
T002278,C00620,P024,Modern Serum 24,2,68.37,136.74,2025-11-25
T002279,C00092,P027,Urban Bottle 27,1,58.48,58.48,2025-08-22
T002280,C00653,P029,Bright Organizer 29,1,88.69,88.69,2025-07-16
T002281,C00791,P016,Modern Serum 16,1,41.54,41.54,2025-01-11
T002282,C00977,P005,Bright Organizer 05,1,84.0,84.0,2025-04-10
T002283,C00302,P024,Modern Serum 24,2,69.36,138.72,2025-04-25
T002284,C00418,P019,Urban Bottle 19,1,29.74,29.74,2025-01-29
T002285,C00121,P014,Active Mat 14,1,37.75,37.75,2025-11-24
T002286,C00768,P007,Calm Cream 07,1,49.51,49.51,2025-03-31
T002287,C00226,P010,Pure Band 10,1,74.26,74.26,2025-11-07
T002288,C00142,P020,Essential Bag 20,1,56.77,56.77,2025-09-24
T002289,C00848,P001,Daily Lamp 01,1,96.48,96.48,2025-05-26
T002290,C00924,P022,Active Mat 22,1,85.45,85.45,2025-03-14
T002291,C00416,P018,Pure Band 18,1,72.35,72.35,2025-03-17
T002292,C00096,P024,Modern Serum 24,1,68.91,68.91,2025-05-17
T002293,C00946,P026,Pure Band 26,1,96.67,96.67,2025-02-07
T002294,C00851,P021,Bright Organizer 21,1,34.88,34.88,2025-12-11
T002295,C00345,P030,Active Mat 30,2,23.7,47.4,2025-10-20
T002296,C00409,P017,Daily Lamp 17,1,39.45,39.45,2025-05-17
T002297,C00279,P019,Urban Bottle 19,1,30.85,30.85,2025-09-18
T002298,C00771,P007,Calm Cream 07,1,53.44,53.44,2025-09-02
T002299,C00930,P027,Urban Bottle 27,1,59.28,59.28,2025-07-20
T002300,C00516,P006,Active Mat 06,1,21.15,21.15,2025-07-18
T002301,C00050,P029,Bright Organizer 29,1,91.3,91.3,2025-01-14
T002302,C00301,P019,Urban Bottle 19,1,28.08,28.08,2025-02-11
T002303,C00793,P005,Bright Organizer 05,1,83.86,83.86,2025-07-28
T002304,C00658,P013,Bright Organizer 13,1,25.44,25.44,2025-08-15
T002305,C00277,P001,Daily Lamp 01,1,95.0,95.0,2025-05-24
T002306,C00060,P023,Calm Cream 23,1,45.22,45.22,2025-03-25
T002307,C00688,P004,Essential Bag 04,1,19.47,19.47,2025-07-30
T002308,C00743,P019,Urban Bottle 19,1,29.71,29.71,2025-09-09
T002309,C00579,P022,Active Mat 22,1,80.15,80.15,2025-03-24
T002310,C00960,P016,Modern Serum 16,1,40.01,40.01,2025-07-23
T002311,C00465,P007,Calm Cream 07,3,49.63,148.89,2025-04-14
T002312,C00208,P011,Urban Bottle 11,3,37.81,113.43,2025-03-29
T002313,C00476,P001,Daily Lamp 01,2,85.8,171.6,2025-02-10
T002314,C00081,P019,Urban Bottle 19,1,30.35,30.35,2025-02-22
T002315,C00845,P016,Modern Serum 16,1,40.23,40.23,2025-05-02
T002316,C01000,P011,Urban Bottle 11,1,37.67,37.67,2025-10-21
T002317,C00559,P009,Daily Lamp 09,1,22.77,22.77,2025-12-08
T002318,C00331,P002,Pure Band 02,2,27.67,55.34,2025-10-24
T002319,C00442,P008,Modern Serum 08,4,27.79,111.16,2025-02-18
T002320,C00852,P003,Urban Bottle 03,1,39.95,39.95,2025-05-09
T002321,C00759,P024,Modern Serum 24,2,69.1,138.2,2025-08-26
T002322,C00854,P005,Bright Organizer 05,1,85.18,85.18,2025-01-08
T002323,C00848,P006,Active Mat 06,1,21.64,21.64,2025-10-02
T002324,C00176,P018,Pure Band 18,1,73.71,73.71,2025-08-03
T002325,C00622,P013,Bright Organizer 13,2,24.54,49.08,2025-12-18
T002326,C00249,P027,Urban Bottle 27,2,59.54,119.08,2025-10-04
T002327,C00419,P001,Daily Lamp 01,1,92.84,92.84,2025-06-13
T002328,C00505,P024,Modern Serum 24,1,66.36,66.36,2025-01-12
T002329,C00950,P030,Active Mat 30,1,22.94,22.94,2025-12-15
T002330,C00242,P027,Urban Bottle 27,1,56.83,56.83,2025-09-12
T002331,C00374,P024,Modern Serum 24,1,70.54,70.54,2025-01-08
T002332,C00185,P007,Calm Cream 07,1,55.03,55.03,2025-03-29
T002333,C00696,P027,Urban Bottle 27,1,55.67,55.67,2025-07-21
T002334,C00960,P003,Urban Bottle 03,1,41.34,41.34,2025-08-18
T002335,C00667,P024,Modern Serum 24,1,58.85,58.85,2025-09-25
T002336,C00408,P029,Bright Organizer 29,2,77.7,155.4,2025-10-18
T002337,C00792,P021,Bright Organizer 21,1,34.47,34.47,2025-10-01
T002338,C00889,P001,Daily Lamp 01,1,86.06,86.06,2025-10-07
T002339,C00818,P001,Daily Lamp 01,1,91.81,91.81,2025-06-19
T002340,C00444,P030,Active Mat 30,1,22.78,22.78,2025-10-05
T002341,C00664,P004,Essential Bag 04,3,19.29,57.87,2025-05-30
T002342,C00567,P019,Urban Bottle 19,1,30.24,30.24,2025-09-20
T002343,C00520,P014,Active Mat 14,2,37.36,74.72,2025-10-07
T002344,C00094,P011,Urban Bottle 11,1,34.1,34.1,2025-08-14
T002345,C00490,P006,Active Mat 06,2,20.66,41.32,2025-07-19
T002346,C00463,P008,Modern Serum 08,2,24.02,48.04,2025-11-12
T002347,C00680,P030,Active Mat 30,1,24.17,24.17,2025-11-18
T002348,C00878,P019,Urban Bottle 19,3,30.21,90.63,2025-03-18
T002349,C00858,P026,Pure Band 26,1,96.36,96.36,2025-03-20
T002350,C00810,P020,Essential Bag 20,1,55.61,55.61,2025-01-20
T002351,C00699,P019,Urban Bottle 19,1,29.62,29.62,2025-04-06
T002352,C00680,P027,Urban Bottle 27,1,49.79,49.79,2025-01-16
T002353,C00340,P021,Bright Organizer 21,1,34.36,34.36,2025-11-14
T002354,C00922,P017,Daily Lamp 17,2,41.64,83.28,2025-05-24
T002355,C00187,P028,Essential Bag 28,1,80.27,80.27,2025-05-09
T002356,C00847,P025,Daily Lamp 25,1,92.18,92.18,2025-06-30
T002357,C00700,P016,Modern Serum 16,1,40.24,40.24,2025-03-10
T002358,C00888,P029,Bright Organizer 29,1,80.92,80.92,2025-04-24
T002359,C00349,P012,Essential Bag 12,1,16.24,16.24,2025-02-22
T002360,C00546,P024,Modern Serum 24,2,61.53,123.06,2025-04-06
T002361,C00399,P005,Bright Organizer 05,1,83.51,83.51,2025-06-25
T002362,C00228,P011,Urban Bottle 11,1,36.18,36.18,2025-12-22
T002363,C00109,P017,Daily Lamp 17,1,43.22,43.22,2025-09-16
T002364,C00532,P008,Modern Serum 08,1,25.29,25.29,2025-09-08
T002365,C00329,P024,Modern Serum 24,2,70.58,141.16,2025-11-09
T002366,C00199,P009,Daily Lamp 09,1,20.14,20.14,2025-01-04
T002367,C00077,P028,Essential Bag 28,1,82.66,82.66,2025-10-23
T002368,C00204,P016,Modern Serum 16,2,40.3,80.6,2025-01-25
T002369,C00089,P026,Pure Band 26,1,96.54,96.54,2025-01-20
T002370,C00111,P010,Pure Band 10,1,81.23,81.23,2025-08-21
T002371,C00635,P027,Urban Bottle 27,2,59.2,118.4,2025-07-07
T002372,C00100,P007,Calm Cream 07,1,52.76,52.76,2025-09-26
T002373,C00273,P029,Bright Organizer 29,1,84.11,84.11,2025-11-14
T002374,C00974,P024,Modern Serum 24,1,64.88,64.88,2025-05-26
T002375,C00631,P016,Modern Serum 16,4,38.47,153.88,2025-07-16
T002376,C00062,P019,Urban Bottle 19,2,28.28,56.56,2025-10-15
T002377,C00133,P007,Calm Cream 07,1,59.64,59.64,2025-07-04
T002378,C00167,P027,Urban Bottle 27,3,59.51,178.53,2025-07-25
T002379,C00427,P002,Pure Band 02,1,26.55,26.55,2025-08-08
T002380,C00552,P014,Active Mat 14,1,40.93,40.93,2025-08-19
T002381,C00523,P010,Pure Band 10,2,79.94,159.88,2025-06-22
T002382,C00751,P018,Pure Band 18,3,71.94,215.82,2025-06-23
T002383,C00862,P019,Urban Bottle 19,1,31.21,31.21,2025-12-31
T002384,C00991,P003,Urban Bottle 03,2,33.98,67.96,2025-03-02
T002385,C00904,P002,Pure Band 02,1,28.23,28.23,2025-01-04
T002386,C00663,P027,Urban Bottle 27,1,59.53,59.53,2025-10-28
T002387,C00819,P010,Pure Band 10,1,79.49,79.49,2025-03-01
T002388,C00035,P016,Modern Serum 16,1,41.15,41.15,2025-09-04
T002389,C00103,P009,Daily Lamp 09,1,22.44,22.44,2025-12-16
T002390,C00601,P019,Urban Bottle 19,2,30.58,61.16,2025-07-17
T002391,C00960,P007,Calm Cream 07,1,60.27,60.27,2025-12-20
T002392,C00659,P013,Bright Organizer 13,2,27.19,54.38,2025-05-30
T002393,C00172,P028,Essential Bag 28,1,73.83,73.83,2025-12-27
T002394,C00825,P025,Daily Lamp 25,2,85.47,170.94,2025-04-22
T002395,C00195,P026,Pure Band 26,1,97.97,97.97,2025-03-10
T002396,C00008,P019,Urban Bottle 19,1,31.03,31.03,2025-11-27
T002397,C00533,P007,Calm Cream 07,1,59.74,59.74,2025-02-16
T002398,C00354,P001,Daily Lamp 01,1,97.02,97.02,2025-08-26
T002399,C00682,P014,Active Mat 14,2,36.71,73.42,2025-02-14
T002400,C00267,P023,Calm Cream 23,1,45.33,45.33,2025-06-14
T002401,C00159,P027,Urban Bottle 27,3,58.73,176.19,2025-07-14
T002402,C00837,P024,Modern Serum 24,2,71.33,142.66,2025-09-19
T002403,C00247,P023,Calm Cream 23,1,45.47,45.47,2025-10-11
T002404,C00984,P004,Essential Bag 04,1,19.43,19.43,2025-08-14
T002405,C00454,P024,Modern Serum 24,2,62.69,125.38,2025-04-12
T002406,C00980,P026,Pure Band 26,1,94.9,94.9,2025-04-06
T002407,C00932,P019,Urban Bottle 19,2,27.84,55.68,2025-10-18
T002408,C00819,P010,Pure Band 10,2,79.69,159.38,2025-08-07
T002409,C00564,P005,Bright Organizer 05,2,83.94,167.88,2025-10-11
T002410,C00809,P018,Pure Band 18,2,76.26,152.52,2025-05-06
T002411,C00274,P013,Bright Organizer 13,1,27.09,27.09,2025-06-07
T002412,C00225,P005,Bright Organizer 05,1,82.52,82.52,2025-09-10
T002413,C00268,P027,Urban Bottle 27,1,49.53,49.53,2025-06-20
T002414,C00185,P027,Urban Bottle 27,1,52.8,52.8,2025-03-01
T002415,C00192,P018,Pure Band 18,1,76.66,76.66,2025-01-02
T002416,C00923,P018,Pure Band 18,2,71.08,142.16,2025-12-08
T002417,C00503,P022,Active Mat 22,2,86.52,173.04,2025-04-20
T002418,C00249,P004,Essential Bag 04,1,18.77,18.77,2025-09-23
T002419,C00813,P011,Urban Bottle 11,2,35.29,70.58,2025-03-10
T002420,C00178,P002,Pure Band 02,1,26.33,26.33,2025-04-07
T002421,C00907,P014,Active Mat 14,1,37.38,37.38,2025-12-18
T002422,C00216,P022,Active Mat 22,2,79.14,158.28,2025-12-17
T002423,C00190,P007,Calm Cream 07,1,53.73,53.73,2025-07-02
T002424,C00207,P001,Daily Lamp 01,3,96.49,289.47,2025-01-21
T002425,C00835,P018,Pure Band 18,2,76.6,153.2,2025-02-11
T002426,C00856,P027,Urban Bottle 27,3,52.64,157.92,2025-06-27
T002427,C00024,P024,Modern Serum 24,1,70.87,70.87,2025-02-17
T002428,C00768,P011,Urban Bottle 11,1,38.3,38.3,2025-10-28
T002429,C00889,P023,Calm Cream 23,1,46.05,46.05,2025-12-01
T002430,C00591,P013,Bright Organizer 13,1,27.29,27.29,2025-01-03
T002431,C00624,P029,Bright Organizer 29,1,89.03,89.03,2025-02-17
T002432,C00119,P006,Active Mat 06,1,20.11,20.11,2025-03-19
T002433,C00420,P014,Active Mat 14,1,41.14,41.14,2025-08-24
T002434,C00092,P004,Essential Bag 04,1,19.97,19.97,2025-12-11
T002435,C00124,P019,Urban Bottle 19,1,30.0,30.0,2025-01-22
T002436,C00779,P013,Bright Organizer 13,1,24.76,24.76,2025-09-28
T002437,C00038,P009,Daily Lamp 09,1,21.48,21.48,2025-04-20
T002438,C00677,P005,Bright Organizer 05,1,83.44,83.44,2025-01-07
T002439,C00107,P005,Bright Organizer 05,2,82.89,165.78,2025-09-24
T002440,C00809,P017,Daily Lamp 17,1,43.1,43.1,2025-01-12
T002441,C00591,P021,Bright Organizer 21,4,34.04,136.16,2025-01-05
T002442,C00018,P026,Pure Band 26,1,91.23,91.23,2025-03-07
T002443,C00739,P012,Essential Bag 12,2,16.08,32.16,2025-06-29
T002444,C00825,P028,Essential Bag 28,2,81.92,163.84,2025-01-01
T002445,C00598,P015,Calm Cream 15,1,32.76,32.76,2025-12-22
T002446,C00146,P008,Modern Serum 08,1,27.88,27.88,2025-03-02
T002447,C00397,P009,Daily Lamp 09,3,21.4,64.2,2025-07-07
T002448,C00910,P023,Calm Cream 23,1,45.65,45.65,2025-02-08
T002449,C00433,P004,Essential Bag 04,1,19.34,19.34,2025-01-28
T002450,C00062,P005,Bright Organizer 05,1,83.73,83.73,2025-05-23
T002451,C00442,P013,Bright Organizer 13,1,26.62,26.62,2025-02-13
T002452,C00544,P020,Essential Bag 20,2,54.68,109.36,2025-05-25
T002453,C00848,P027,Urban Bottle 27,1,58.77,58.77,2025-03-23
T002454,C00034,P007,Calm Cream 07,1,59.76,59.76,2025-05-27
T002455,C00980,P015,Calm Cream 15,3,31.35,94.05,2025-07-27
T002456,C00638,P002,Pure Band 02,1,26.86,26.86,2025-06-07
T002457,C00292,P013,Bright Organizer 13,1,26.91,26.91,2025-07-10
T002458,C00141,P026,Pure Band 26,1,95.19,95.19,2025-02-24
T002459,C00061,P024,Modern Serum 24,2,69.06,138.12,2025-10-12
T002460,C00826,P028,Essential Bag 28,2,80.98,161.96,2025-01-14
T002461,C00283,P024,Modern Serum 24,1,69.67,69.67,2025-07-24
T002462,C00014,P016,Modern Serum 16,2,38.78,77.56,2025-10-06
T002463,C00607,P001,Daily Lamp 01,2,82.39,164.78,2025-03-17
T002464,C00087,P006,Active Mat 06,1,20.96,20.96,2025-08-26
T002465,C00730,P007,Calm Cream 07,1,60.34,60.34,2025-08-25
T002466,C00994,P016,Modern Serum 16,1,40.88,40.88,2025-07-04
T002467,C00117,P022,Active Mat 22,1,84.03,84.03,2025-03-31
T002468,C00881,P016,Modern Serum 16,1,40.77,40.77,2025-09-30
T002469,C00509,P001,Daily Lamp 01,1,94.66,94.66,2025-05-10
T002470,C00823,P027,Urban Bottle 27,1,60.59,60.59,2025-12-10
T002471,C00945,P008,Modern Serum 08,1,28.56,28.56,2025-08-14
T002472,C00362,P018,Pure Band 18,1,69.62,69.62,2025-02-10
T002473,C00020,P001,Daily Lamp 01,3,96.74,290.22,2025-09-01
T002474,C00989,P010,Pure Band 10,1,76.62,76.62,2025-06-09
T002475,C00458,P018,Pure Band 18,1,76.15,76.15,2025-01-26
T002476,C00767,P020,Essential Bag 20,1,56.9,56.9,2025-01-11
T002477,C00841,P023,Calm Cream 23,2,41.35,82.7,2025-02-04
T002478,C00588,P001,Daily Lamp 01,1,80.04,80.04,2025-05-19
T002479,C00044,P008,Modern Serum 08,1,28.07,28.07,2025-03-30
T002480,C00851,P018,Pure Band 18,1,71.31,71.31,2025-11-28
T002481,C00505,P020,Essential Bag 20,1,56.28,56.28,2025-09-28
T002482,C00124,P025,Daily Lamp 25,1,93.17,93.17,2025-12-17
T002483,C00930,P012,Essential Bag 12,1,16.69,16.69,2025-07-30
T002484,C00497,P015,Calm Cream 15,1,31.21,31.21,2025-01-26
T002485,C00448,P006,Active Mat 06,2,17.94,35.88,2025-06-15
T002486,C00297,P018,Pure Band 18,3,66.49,199.47,2025-11-01
T002487,C00069,P022,Active Mat 22,3,85.86,257.58,2025-01-08
T002488,C00143,P001,Daily Lamp 01,1,99.87,99.87,2025-12-05
T002489,C00865,P005,Bright Organizer 05,1,83.2,83.2,2025-10-04
T002490,C00676,P001,Daily Lamp 01,2,97.0,194.0,2025-12-07
T002491,C00967,P030,Active Mat 30,1,24.17,24.17,2025-10-07
T002492,C00586,P016,Modern Serum 16,1,35.35,35.35,2025-11-11
T002493,C00919,P003,Urban Bottle 03,4,34.89,139.56,2025-03-17
T002494,C00516,P019,Urban Bottle 19,3,27.32,81.96,2025-10-03
T002495,C00994,P017,Daily Lamp 17,1,42.28,42.28,2025-02-06
T002496,C00777,P004,Essential Bag 04,3,17.25,51.75,2025-03-24
T002497,C00585,P030,Active Mat 30,3,23.99,71.97,2025-04-30
T002498,C00177,P002,Pure Band 02,1,28.06,28.06,2025-10-04
T002499,C00485,P021,Bright Organizer 21,2,33.5,67.0,2025-06-13
T002500,C00088,P009,Daily Lamp 09,1,21.14,21.14,2025-10-16
T002501,C00524,P027,Urban Bottle 27,1,58.99,58.99,2025-03-22
T002502,C00687,P013,Bright Organizer 13,2,27.87,55.74,2025-11-04
T002503,C00593,P029,Bright Organizer 29,1,81.69,81.69,2025-07-20
T002504,C00274,P002,Pure Band 02,1,26.33,26.33,2025-01-26
T002505,C00810,P018,Pure Band 18,1,76.66,76.66,2025-02-15
T002506,C00658,P007,Calm Cream 07,1,57.49,57.49,2025-10-10
T002507,C00572,P007,Calm Cream 07,2,60.45,120.9,2025-10-11
T002508,C00595,P025,Daily Lamp 25,2,87.45,174.9,2025-08-24
T002509,C00656,P002,Pure Band 02,1,27.86,27.86,2025-05-30
T002510,C00386,P012,Essential Bag 12,1,17.29,17.29,2025-11-09
T002511,C00273,P014,Active Mat 14,1,40.21,40.21,2025-01-14
T002512,C00347,P003,Urban Bottle 03,1,34.85,34.85,2025-10-15
T002513,C00846,P019,Urban Bottle 19,1,29.25,29.25,2025-05-05
T002514,C00984,P024,Modern Serum 24,1,70.48,70.48,2025-10-21
T002515,C00234,P019,Urban Bottle 19,2,29.99,59.98,2025-09-14
T002516,C00155,P030,Active Mat 30,2,23.96,47.92,2025-09-03
T002517,C00023,P019,Urban Bottle 19,1,29.77,29.77,2025-08-06
T002518,C00601,P027,Urban Bottle 27,4,58.86,235.44,2025-02-27
T002519,C00656,P025,Daily Lamp 25,4,85.45,341.8,2025-11-04
T002520,C00239,P006,Active Mat 06,2,18.83,37.66,2025-02-25
T002521,C00045,P028,Essential Bag 28,1,80.94,80.94,2025-05-08
T002522,C00023,P028,Essential Bag 28,1,71.67,71.67,2025-12-25
T002523,C00149,P008,Modern Serum 08,1,28.48,28.48,2025-09-11
T002524,C00714,P009,Daily Lamp 09,1,21.66,21.66,2025-04-09
T002525,C00482,P024,Modern Serum 24,1,63.48,63.48,2025-02-02
T002526,C00130,P022,Active Mat 22,1,86.42,86.42,2025-09-22
T002527,C00560,P017,Daily Lamp 17,2,42.15,84.3,2025-01-22
T002528,C00149,P003,Urban Bottle 03,1,41.25,41.25,2025-10-10
T002529,C00807,P007,Calm Cream 07,1,58.91,58.91,2025-02-23
T002530,C00970,P008,Modern Serum 08,1,28.19,28.19,2025-07-12
T002531,C00716,P030,Active Mat 30,1,23.52,23.52,2025-05-08
T002532,C00391,P017,Daily Lamp 17,1,37.95,37.95,2025-09-17
T002533,C00268,P030,Active Mat 30,2,23.64,47.28,2025-10-29
T002534,C00740,P018,Pure Band 18,1,69.55,69.55,2025-03-11
T002535,C00253,P022,Active Mat 22,1,80.54,80.54,2025-07-04
T002536,C00486,P003,Urban Bottle 03,2,41.45,82.9,2025-02-06
T002537,C00771,P024,Modern Serum 24,2,69.78,139.56,2025-10-03
T002538,C01000,P022,Active Mat 22,1,84.78,84.78,2025-07-30
T002539,C00614,P002,Pure Band 02,1,27.92,27.92,2025-07-10
T002540,C00587,P009,Daily Lamp 09,1,22.44,22.44,2025-11-30
T002541,C00049,P009,Daily Lamp 09,1,22.08,22.08,2025-04-02
T002542,C00629,P013,Bright Organizer 13,1,27.59,27.59,2025-10-13
T002543,C00166,P001,Daily Lamp 01,2,95.52,191.04,2025-05-15
T002544,C00502,P024,Modern Serum 24,1,62.68,62.68,2025-07-06
T002545,C00787,P010,Pure Band 10,1,76.64,76.64,2025-06-07
T002546,C00436,P004,Essential Bag 04,2,19.57,39.14,2025-01-15
T002547,C00803,P004,Essential Bag 04,1,18.12,18.12,2025-07-15
T002548,C00056,P003,Urban Bottle 03,1,40.31,40.31,2025-05-29
T002549,C00010,P022,Active Mat 22,1,84.77,84.77,2025-01-28
T002550,C00156,P009,Daily Lamp 09,3,20.62,61.86,2025-03-31
T002551,C00711,P020,Essential Bag 20,1,55.49,55.49,2025-09-02
T002552,C00400,P001,Daily Lamp 01,1,98.59,98.59,2025-02-04
T002553,C00382,P028,Essential Bag 28,2,77.0,154.0,2025-02-17
T002554,C00655,P012,Essential Bag 12,1,16.43,16.43,2025-09-22
T002555,C00111,P015,Calm Cream 15,1,31.98,31.98,2025-01-08
T002556,C00131,P006,Active Mat 06,1,21.62,21.62,2025-10-14
T002557,C00455,P028,Essential Bag 28,3,72.75,218.25,2025-07-03
T002558,C00736,P013,Bright Organizer 13,1,27.26,27.26,2025-03-11
T002559,C00151,P023,Calm Cream 23,3,45.73,137.19,2025-02-08
T002560,C00754,P024,Modern Serum 24,1,68.75,68.75,2025-04-28
T002561,C00748,P012,Essential Bag 12,2,17.05,34.1,2025-10-29
T002562,C00173,P011,Urban Bottle 11,1,38.49,38.49,2025-11-22
T002563,C00688,P017,Daily Lamp 17,2,42.69,85.38,2025-03-05
T002564,C00817,P023,Calm Cream 23,3,45.78,137.34,2025-07-05
T002565,C00261,P009,Daily Lamp 09,1,21.78,21.78,2025-08-08
T002566,C00891,P006,Active Mat 06,2,21.38,42.76,2025-03-16
T002567,C00958,P022,Active Mat 22,1,81.33,81.33,2025-03-20
T002568,C00699,P029,Bright Organizer 29,2,77.08,154.16,2025-09-09
T002569,C00783,P006,Active Mat 06,1,21.22,21.22,2025-07-23
T002570,C00502,P005,Bright Organizer 05,1,74.97,74.97,2025-03-27
T002571,C00174,P025,Daily Lamp 25,2,92.12,184.24,2025-12-17
T002572,C00063,P025,Daily Lamp 25,1,89.88,89.88,2025-10-05
T002573,C00262,P010,Pure Band 10,1,80.87,80.87,2025-01-22
T002574,C00333,P023,Calm Cream 23,1,45.51,45.51,2025-04-28
T002575,C00339,P026,Pure Band 26,2,97.48,194.96,2025-04-28
T002576,C00807,P020,Essential Bag 20,1,57.54,57.54,2025-12-25
T002577,C00486,P016,Modern Serum 16,1,40.52,40.52,2025-08-14
T002578,C00286,P008,Modern Serum 08,3,23.55,70.65,2025-03-30
T002579,C00055,P026,Pure Band 26,1,96.41,96.41,2025-08-07
T002580,C00487,P019,Urban Bottle 19,1,28.69,28.69,2025-02-03
T002581,C00658,P021,Bright Organizer 21,2,32.82,65.64,2025-01-08
T002582,C00660,P018,Pure Band 18,1,76.1,76.1,2025-05-04
T002583,C00262,P027,Urban Bottle 27,2,57.01,114.02,2025-12-05
T002584,C00601,P016,Modern Serum 16,2,36.91,73.82,2025-08-06
T002585,C00063,P009,Daily Lamp 09,4,22.56,90.24,2025-11-03
T002586,C00108,P008,Modern Serum 08,1,28.14,28.14,2025-09-03
T002587,C00830,P003,Urban Bottle 03,2,41.42,82.84,2025-01-19
T002588,C00728,P007,Calm Cream 07,1,53.89,53.89,2025-07-15
T002589,C00232,P018,Pure Band 18,1,78.56,78.56,2025-11-29
T002590,C00155,P030,Active Mat 30,4,23.73,94.92,2025-02-22
T002591,C00943,P025,Daily Lamp 25,3,93.71,281.13,2025-07-20
T002592,C00888,P016,Modern Serum 16,1,41.55,41.55,2025-09-22
T002593,C00150,P004,Essential Bag 04,2,18.93,37.86,2025-03-27
T002594,C00017,P002,Pure Band 02,1,27.95,27.95,2025-01-02
T002595,C00932,P001,Daily Lamp 01,2,98.31,196.62,2025-01-24
T002596,C00493,P023,Calm Cream 23,1,47.17,47.17,2025-12-13
T002597,C00382,P012,Essential Bag 12,1,16.88,16.88,2025-04-07
T002598,C00297,P028,Essential Bag 28,1,81.29,81.29,2025-10-11
T002599,C00774,P002,Pure Band 02,1,28.39,28.39,2025-09-19
T002600,C00657,P004,Essential Bag 04,1,19.8,19.8,2025-10-09
T002601,C00853,P021,Bright Organizer 21,1,34.23,34.23,2025-06-11
T002602,C00469,P026,Pure Band 26,1,96.87,96.87,2025-01-09
T002603,C00967,P010,Pure Band 10,2,80.69,161.38,2025-05-23
T002604,C00021,P028,Essential Bag 28,1,82.73,82.73,2025-06-19
T002605,C00433,P008,Modern Serum 08,1,25.17,25.17,2025-07-19
T002606,C00307,P027,Urban Bottle 27,2,56.36,112.72,2025-07-09
T002607,C00289,P001,Daily Lamp 01,1,95.44,95.44,2025-04-26
T002608,C00276,P024,Modern Serum 24,1,69.05,69.05,2025-10-30
T002609,C00779,P006,Active Mat 06,1,21.34,21.34,2025-10-15
T002610,C00548,P023,Calm Cream 23,1,45.31,45.31,2025-07-13
T002611,C00804,P001,Daily Lamp 01,1,97.13,97.13,2025-08-24
T002612,C00580,P004,Essential Bag 04,1,18.79,18.79,2025-11-22
T002613,C00075,P011,Urban Bottle 11,1,38.3,38.3,2025-11-11
T002614,C00865,P003,Urban Bottle 03,1,41.3,41.3,2025-08-21
T002615,C00130,P001,Daily Lamp 01,1,96.59,96.59,2025-05-02
T002616,C00466,P026,Pure Band 26,1,97.73,97.73,2025-07-03
T002617,C00390,P001,Daily Lamp 01,3,94.05,282.15,2025-04-06
T002618,C00378,P028,Essential Bag 28,3,78.13,234.39,2025-10-20
T002619,C00322,P029,Bright Organizer 29,1,90.22,90.22,2025-09-19
T002620,C00688,P023,Calm Cream 23,1,45.05,45.05,2025-02-16
T002621,C00099,P017,Daily Lamp 17,2,41.61,83.22,2025-02-08
T002622,C00624,P022,Active Mat 22,1,84.78,84.78,2025-02-17
T002623,C00145,P019,Urban Bottle 19,1,29.42,29.42,2025-03-25
T002624,C00831,P022,Active Mat 22,4,77.94,311.76,2025-01-28
T002625,C00273,P028,Essential Bag 28,1,82.2,82.2,2025-07-07
T002626,C00498,P026,Pure Band 26,1,96.56,96.56,2025-07-10
T002627,C00866,P018,Pure Band 18,1,69.45,69.45,2025-01-02
T002628,C00728,P018,Pure Band 18,3,77.59,232.77,2025-01-01
T002629,C00948,P022,Active Mat 22,1,83.46,83.46,2025-04-23
T002630,C00217,P026,Pure Band 26,1,88.37,88.37,2025-03-29
T002631,C00167,P028,Essential Bag 28,1,75.35,75.35,2025-09-15
T002632,C00006,P002,Pure Band 02,1,28.15,28.15,2025-05-24
T002633,C00188,P005,Bright Organizer 05,1,82.88,82.88,2025-09-22
T002634,C00075,P012,Essential Bag 12,3,15.34,46.02,2025-08-03
T002635,C00007,P015,Calm Cream 15,1,31.52,31.52,2025-07-11
T002636,C00772,P029,Bright Organizer 29,1,93.84,93.84,2025-12-24
T002637,C00183,P026,Pure Band 26,3,100.25,300.75,2025-11-09
T002638,C00323,P006,Active Mat 06,1,19.17,19.17,2025-02-14
T002639,C00970,P025,Daily Lamp 25,2,91.64,183.28,2025-04-27
T002640,C00045,P001,Daily Lamp 01,1,95.18,95.18,2025-04-13
T002641,C00005,P029,Bright Organizer 29,1,87.98,87.98,2025-01-08
T002642,C00899,P016,Modern Serum 16,2,40.27,80.54,2025-02-14
T002643,C00233,P025,Daily Lamp 25,1,91.31,91.31,2025-05-31
T002644,C00569,P018,Pure Band 18,2,76.32,152.64,2025-10-31
T002645,C00286,P029,Bright Organizer 29,2,90.46,180.92,2025-05-12
T002646,C00813,P023,Calm Cream 23,3,39.18,117.54,2025-11-16
T002647,C00831,P017,Daily Lamp 17,1,40.23,40.23,2025-06-09
T002648,C00265,P010,Pure Band 10,1,77.03,77.03,2025-01-19
T002649,C00228,P021,Bright Organizer 21,1,30.34,30.34,2025-07-26
T002650,C00449,P008,Modern Serum 08,2,26.45,52.9,2025-07-04
T002651,C00431,P016,Modern Serum 16,1,40.44,40.44,2025-03-19
T002652,C00764,P013,Bright Organizer 13,1,27.65,27.65,2025-01-20
T002653,C00913,P009,Daily Lamp 09,1,21.55,21.55,2025-05-09
T002654,C00326,P025,Daily Lamp 25,1,79.08,79.08,2025-04-01
T002655,C00416,P028,Essential Bag 28,1,79.87,79.87,2025-06-02
T002656,C00950,P008,Modern Serum 08,1,28.34,28.34,2025-08-16
T002657,C00082,P011,Urban Bottle 11,1,37.31,37.31,2025-06-30
T002658,C00609,P001,Daily Lamp 01,3,86.81,260.43,2025-01-05
T002659,C00506,P019,Urban Bottle 19,1,30.78,30.78,2025-01-22
T002660,C00911,P007,Calm Cream 07,3,50.22,150.66,2025-02-22
T002661,C00964,P012,Essential Bag 12,1,15.88,15.88,2025-09-17
T002662,C00722,P029,Bright Organizer 29,1,90.42,90.42,2025-06-01
T002663,C00650,P001,Daily Lamp 01,2,95.0,190.0,2025-03-28
T002664,C00716,P029,Bright Organizer 29,2,77.39,154.78,2025-05-18
T002665,C00139,P006,Active Mat 06,2,20.79,41.58,2025-12-08
T002666,C00893,P029,Bright Organizer 29,1,81.8,81.8,2025-07-02
T002667,C00942,P002,Pure Band 02,1,28.86,28.86,2025-12-25
T002668,C00929,P027,Urban Bottle 27,3,58.67,176.01,2025-04-04
T002669,C00451,P020,Essential Bag 20,1,54.71,54.71,2025-05-13
T002670,C00103,P024,Modern Serum 24,2,63.02,126.04,2025-09-10
T002671,C00051,P028,Essential Bag 28,2,82.2,164.4,2025-10-09
T002672,C00936,P007,Calm Cream 07,2,58.34,116.68,2025-01-15
T002673,C00295,P029,Bright Organizer 29,1,77.5,77.5,2025-07-21
T002674,C00209,P022,Active Mat 22,1,85.58,85.58,2025-01-07
T002675,C00900,P007,Calm Cream 07,1,60.62,60.62,2025-01-17
T002676,C00066,P002,Pure Band 02,1,27.25,27.25,2025-05-26
T002677,C00670,P010,Pure Band 10,1,72.99,72.99,2025-04-24
T002678,C00355,P024,Modern Serum 24,1,69.61,69.61,2025-07-03
T002679,C00047,P011,Urban Bottle 11,1,38.49,38.49,2025-03-17
T002680,C00964,P018,Pure Band 18,2,77.21,154.42,2025-10-19
T002681,C00061,P003,Urban Bottle 03,1,40.83,40.83,2025-10-08
T002682,C00917,P007,Calm Cream 07,1,60.83,60.83,2025-12-23
T002683,C00679,P006,Active Mat 06,2,21.1,42.2,2025-04-22
T002684,C00883,P007,Calm Cream 07,1,58.77,58.77,2025-07-11
T002685,C00343,P010,Pure Band 10,1,80.89,80.89,2025-03-22
T002686,C00506,P006,Active Mat 06,1,21.46,21.46,2025-02-07
T002687,C00293,P003,Urban Bottle 03,1,39.88,39.88,2025-04-05
T002688,C00678,P029,Bright Organizer 29,2,90.79,181.58,2025-04-06
T002689,C00339,P026,Pure Band 26,1,89.67,89.67,2025-06-07
T002690,C00659,P027,Urban Bottle 27,1,55.56,55.56,2025-01-21
T002691,C00653,P024,Modern Serum 24,1,63.15,63.15,2025-01-03
T002692,C00015,P005,Bright Organizer 05,2,82.62,165.24,2025-05-05
T002693,C00814,P004,Essential Bag 04,3,19.24,57.72,2025-04-23
T002694,C00343,P024,Modern Serum 24,4,71.29,285.16,2025-08-22
T002695,C00332,P026,Pure Band 26,2,97.49,194.98,2025-08-19
T002696,C00790,P013,Bright Organizer 13,1,27.79,27.79,2025-10-31
T002697,C00430,P021,Bright Organizer 21,3,32.67,98.01,2025-05-04
T002698,C00469,P011,Urban Bottle 11,1,37.75,37.75,2025-03-14
T002699,C00912,P001,Daily Lamp 01,1,96.73,96.73,2025-08-26
T002700,C00821,P011,Urban Bottle 11,1,36.12,36.12,2025-02-16
T002701,C00194,P013,Bright Organizer 13,3,27.17,81.51,2025-04-03
T002702,C00176,P002,Pure Band 02,2,28.07,56.14,2025-12-05
T002703,C00932,P015,Calm Cream 15,1,31.33,31.33,2025-10-21
T002704,C00792,P004,Essential Bag 04,1,19.09,19.09,2025-02-24
T002705,C00084,P023,Calm Cream 23,2,45.98,91.96,2025-10-09
T002706,C00172,P022,Active Mat 22,1,84.43,84.43,2025-08-29
T002707,C00769,P030,Active Mat 30,1,23.87,23.87,2025-01-26
T002708,C00619,P026,Pure Band 26,1,84.27,84.27,2025-12-25
T002709,C00521,P028,Essential Bag 28,1,81.54,81.54,2025-03-21
T002710,C00985,P027,Urban Bottle 27,2,59.42,118.84,2025-06-19
T002711,C00173,P023,Calm Cream 23,1,44.88,44.88,2025-03-12
T002712,C00630,P009,Daily Lamp 09,1,19.93,19.93,2025-04-20
T002713,C00679,P029,Bright Organizer 29,1,89.21,89.21,2025-03-11
T002714,C00671,P006,Active Mat 06,1,19.91,19.91,2025-05-23
T002715,C00068,P013,Bright Organizer 13,3,27.08,81.24,2025-02-26
T002716,C00718,P001,Daily Lamp 01,1,94.04,94.04,2025-04-11
T002717,C00650,P006,Active Mat 06,1,19.21,19.21,2025-01-19
T002718,C00873,P004,Essential Bag 04,2,19.37,38.74,2025-04-23
T002719,C00713,P027,Urban Bottle 27,1,54.48,54.48,2025-03-07
T002720,C00516,P003,Urban Bottle 03,1,40.32,40.32,2025-03-08
T002721,C00003,P021,Bright Organizer 21,2,34.29,68.58,2025-04-11
T002722,C00958,P026,Pure Band 26,1,97.65,97.65,2025-04-29
T002723,C00626,P016,Modern Serum 16,1,39.75,39.75,2025-02-19
T002724,C00613,P003,Urban Bottle 03,1,39.35,39.35,2025-03-24
T002725,C00481,P009,Daily Lamp 09,2,22.31,44.62,2025-02-07
T002726,C00768,P029,Bright Organizer 29,1,80.57,80.57,2025-10-26
T002727,C00863,P029,Bright Organizer 29,1,90.06,90.06,2025-05-07
T002728,C00167,P005,Bright Organizer 05,1,76.46,76.46,2025-07-20
T002729,C00499,P001,Daily Lamp 01,1,98.09,98.09,2025-08-03
T002730,C00862,P029,Bright Organizer 29,1,77.96,77.96,2025-08-02
T002731,C00393,P007,Calm Cream 07,1,59.63,59.63,2025-01-21
T002732,C00371,P011,Urban Bottle 11,1,38.29,38.29,2025-07-21
T002733,C00308,P020,Essential Bag 20,1,56.25,56.25,2025-05-11
T002734,C00314,P019,Urban Bottle 19,1,30.59,30.59,2025-12-17
T002735,C00310,P020,Essential Bag 20,1,55.13,55.13,2025-01-05
T002736,C00395,P004,Essential Bag 04,2,18.98,37.96,2025-03-28
T002737,C00262,P007,Calm Cream 07,1,59.76,59.76,2025-03-17
T002738,C00964,P020,Essential Bag 20,2,54.57,109.14,2025-06-25
T002739,C00528,P026,Pure Band 26,1,84.12,84.12,2025-12-14
T002740,C00972,P030,Active Mat 30,3,24.13,72.39,2025-09-10
T002741,C00152,P020,Essential Bag 20,2,50.46,100.92,2025-07-28
T002742,C00616,P018,Pure Band 18,1,78.51,78.51,2025-12-03
T002743,C00909,P004,Essential Bag 04,3,16.52,49.56,2025-05-03
T002744,C00911,P011,Urban Bottle 11,1,37.3,37.3,2025-04-06
T002745,C00973,P006,Active Mat 06,2,19.68,39.36,2025-05-14
T002746,C00724,P026,Pure Band 26,2,96.54,193.08,2025-02-10
T002747,C00737,P008,Modern Serum 08,2,26.53,53.06,2025-07-11
T002748,C00578,P021,Bright Organizer 21,1,32.94,32.94,2025-12-20
T002749,C00917,P023,Calm Cream 23,4,44.94,179.76,2025-12-31
T002750,C00344,P029,Bright Organizer 29,1,91.84,91.84,2025-11-22
T002751,C00878,P008,Modern Serum 08,1,27.15,27.15,2025-08-30
T002752,C00986,P025,Daily Lamp 25,1,81.44,81.44,2025-07-15
T002753,C00352,P009,Daily Lamp 09,1,20.27,20.27,2025-04-01
T002754,C00948,P026,Pure Band 26,1,86.71,86.71,2025-06-20
T002755,C00190,P024,Modern Serum 24,1,70.57,70.57,2025-06-24
T002756,C00391,P012,Essential Bag 12,2,17.25,34.5,2025-10-22
T002757,C00014,P014,Active Mat 14,4,40.29,161.16,2025-05-03
T002758,C00122,P008,Modern Serum 08,1,25.36,25.36,2025-10-29
T002759,C00977,P008,Modern Serum 08,1,29.06,29.06,2025-12-08
T002760,C00964,P013,Bright Organizer 13,1,25.93,25.93,2025-03-22
T002761,C00736,P025,Daily Lamp 25,1,91.99,91.99,2025-04-20
T002762,C00232,P003,Urban Bottle 03,3,36.2,108.6,2025-08-23
T002763,C00703,P023,Calm Cream 23,1,46.36,46.36,2025-11-27
T002764,C00146,P028,Essential Bag 28,1,77.22,77.22,2025-03-27
T002765,C00288,P010,Pure Band 10,1,77.42,77.42,2025-10-13
T002766,C00444,P027,Urban Bottle 27,1,57.71,57.71,2025-04-01
T002767,C00667,P027,Urban Bottle 27,1,59.06,59.06,2025-12-15
T002768,C00891,P020,Essential Bag 20,2,55.39,110.78,2025-03-25
T002769,C00897,P023,Calm Cream 23,1,40.8,40.8,2025-06-24
T002770,C00592,P013,Bright Organizer 13,1,26.6,26.6,2025-03-09
T002771,C00115,P008,Modern Serum 08,1,27.36,27.36,2025-01-02
T002772,C00718,P011,Urban Bottle 11,1,38.85,38.85,2025-11-19
T002773,C00950,P028,Essential Bag 28,1,83.9,83.9,2025-01-13
T002774,C00026,P028,Essential Bag 28,1,78.84,78.84,2025-01-19
T002775,C00317,P006,Active Mat 06,1,18.79,18.79,2025-02-03
T002776,C00028,P019,Urban Bottle 19,1,30.46,30.46,2025-08-06
T002777,C00782,P012,Essential Bag 12,2,15.88,31.76,2025-04-22
T002778,C00931,P002,Pure Band 02,1,27.59,27.59,2025-03-26
T002779,C00158,P016,Modern Serum 16,1,36.48,36.48,2025-12-30
T002780,C00191,P018,Pure Band 18,1,77.56,77.56,2025-11-27
T002781,C00737,P012,Essential Bag 12,1,16.18,16.18,2025-03-07
T002782,C00219,P028,Essential Bag 28,1,84.21,84.21,2025-12-16
T002783,C00233,P022,Active Mat 22,1,86.18,86.18,2025-08-15
T002784,C00295,P011,Urban Bottle 11,1,36.86,36.86,2025-01-01
T002785,C00801,P011,Urban Bottle 11,1,37.05,37.05,2025-04-24
T002786,C00996,P001,Daily Lamp 01,1,86.69,86.69,2025-06-29
T002787,C00047,P016,Modern Serum 16,1,41.45,41.45,2025-08-24
T002788,C00827,P005,Bright Organizer 05,2,82.85,165.7,2025-09-16
T002789,C00128,P005,Bright Organizer 05,1,85.65,85.65,2025-09-09
T002790,C00228,P027,Urban Bottle 27,1,60.23,60.23,2025-10-11
T002791,C00092,P029,Bright Organizer 29,1,87.9,87.9,2025-12-28
T002792,C00781,P008,Modern Serum 08,2,27.21,54.42,2025-12-29
T002793,C00454,P024,Modern Serum 24,1,70.6,70.6,2025-06-16
T002794,C00708,P030,Active Mat 30,1,23.79,23.79,2025-04-21
T002795,C00650,P003,Urban Bottle 03,1,40.5,40.5,2025-01-09
T002796,C00687,P026,Pure Band 26,1,93.48,93.48,2025-10-14
T002797,C00647,P026,Pure Band 26,1,83.66,83.66,2025-12-17
T002798,C00188,P025,Daily Lamp 25,1,77.16,77.16,2025-07-13
T002799,C00051,P027,Urban Bottle 27,1,54.5,54.5,2025-12-02
T002800,C00886,P025,Daily Lamp 25,1,92.68,92.68,2025-09-03
T002801,C00407,P021,Bright Organizer 21,1,33.51,33.51,2025-05-20
T002802,C00686,P010,Pure Band 10,2,73.4,146.8,2025-09-06
T002803,C00576,P010,Pure Band 10,1,81.04,81.04,2025-12-01
T002804,C00179,P012,Essential Bag 12,1,16.07,16.07,2025-07-17
T002805,C00585,P026,Pure Band 26,1,94.42,94.42,2025-04-28
T002806,C00810,P015,Calm Cream 15,1,30.76,30.76,2025-05-22
T002807,C00960,P019,Urban Bottle 19,1,30.48,30.48,2025-03-31
T002808,C00074,P003,Urban Bottle 03,2,38.25,76.5,2025-05-18
T002809,C00018,P018,Pure Band 18,1,75.72,75.72,2025-05-20
T002810,C00606,P010,Pure Band 10,1,78.64,78.64,2025-04-19
T002811,C00823,P001,Daily Lamp 01,1,96.79,96.79,2025-09-02
T002812,C00683,P001,Daily Lamp 01,1,94.52,94.52,2025-03-23
T002813,C00092,P005,Bright Organizer 05,1,84.53,84.53,2025-12-05
T002814,C00928,P029,Bright Organizer 29,1,90.99,90.99,2025-08-09
T002815,C00038,P017,Daily Lamp 17,1,41.58,41.58,2025-07-27
T002816,C00915,P015,Calm Cream 15,1,32.06,32.06,2025-09-09
T002817,C00449,P020,Essential Bag 20,2,56.46,112.92,2025-03-09
T002818,C00591,P029,Bright Organizer 29,1,92.26,92.26,2025-12-23
T002819,C00243,P026,Pure Band 26,3,87.42,262.26,2025-06-30
T002820,C00710,P010,Pure Band 10,1,82.68,82.68,2025-12-24
T002821,C00317,P006,Active Mat 06,3,20.15,60.45,2025-06-18
T002822,C00343,P006,Active Mat 06,1,21.23,21.23,2025-11-23
T002823,C00361,P026,Pure Band 26,2,96.51,193.02,2025-02-05
T002824,C00577,P020,Essential Bag 20,2,54.12,108.24,2025-05-25
T002825,C00002,P004,Essential Bag 04,3,19.15,57.45,2025-01-26
T002826,C00682,P024,Modern Serum 24,1,70.18,70.18,2025-10-06
T002827,C00946,P010,Pure Band 10,3,79.5,238.5,2025-08-19
T002828,C00437,P022,Active Mat 22,1,75.26,75.26,2025-06-27
T002829,C00251,P011,Urban Bottle 11,1,37.23,37.23,2025-07-28
T002830,C00999,P008,Modern Serum 08,1,28.04,28.04,2025-07-17
T002831,C00113,P027,Urban Bottle 27,1,58.8,58.8,2025-02-10
T002832,C00229,P010,Pure Band 10,1,79.92,79.92,2025-07-14
T002833,C00184,P011,Urban Bottle 11,1,38.12,38.12,2025-01-05
T002834,C00212,P013,Bright Organizer 13,1,27.37,27.37,2025-12-12
T002835,C00939,P016,Modern Serum 16,2,36.61,73.22,2025-05-29
T002836,C00403,P011,Urban Bottle 11,1,38.41,38.41,2025-11-10
T002837,C00772,P008,Modern Serum 08,2,25.43,50.86,2025-06-19
T002838,C00727,P008,Modern Serum 08,1,25.27,25.27,2025-06-07
T002839,C00584,P028,Essential Bag 28,1,76.9,76.9,2025-07-22
T002840,C00968,P026,Pure Band 26,1,97.6,97.6,2025-12-28
T002841,C00899,P013,Bright Organizer 13,1,25.81,25.81,2025-05-19
T002842,C00575,P005,Bright Organizer 05,1,85.25,85.25,2025-12-25
T002843,C00620,P023,Calm Cream 23,2,45.63,91.26,2025-03-07
T002844,C00658,P024,Modern Serum 24,1,62.68,62.68,2025-09-30
T002845,C00162,P003,Urban Bottle 03,1,36.58,36.58,2025-05-08
T002846,C00063,P022,Active Mat 22,1,83.79,83.79,2025-03-08
T002847,C00309,P027,Urban Bottle 27,1,58.56,58.56,2025-06-17
T002848,C00380,P010,Pure Band 10,2,81.12,162.24,2025-07-31
T002849,C00251,P001,Daily Lamp 01,1,98.29,98.29,2025-01-20
T002850,C00952,P002,Pure Band 02,2,27.34,54.68,2025-07-15
T002851,C00145,P027,Urban Bottle 27,2,59.53,119.06,2025-01-15
T002852,C00752,P027,Urban Bottle 27,1,57.85,57.85,2025-04-15
T002853,C00610,P012,Essential Bag 12,1,17.28,17.28,2025-12-28
T002854,C00987,P001,Daily Lamp 01,3,81.06,243.18,2025-08-30
T002855,C00625,P007,Calm Cream 07,1,56.95,56.95,2025-10-21
T002856,C00266,P022,Active Mat 22,1,83.61,83.61,2025-04-07
T002857,C00564,P012,Essential Bag 12,2,16.77,33.54,2025-10-05
T002858,C00162,P028,Essential Bag 28,2,81.04,162.08,2025-07-28
T002859,C00469,P009,Daily Lamp 09,1,21.41,21.41,2025-06-08
T002860,C00238,P020,Essential Bag 20,2,55.77,111.54,2025-06-04
T002861,C00821,P020,Essential Bag 20,2,55.7,111.4,2025-12-12
T002862,C00811,P028,Essential Bag 28,3,83.34,250.02,2025-10-10
T002863,C00583,P026,Pure Band 26,1,94.72,94.72,2025-03-14
T002864,C00092,P020,Essential Bag 20,4,56.33,225.32,2025-12-01
T002865,C00270,P006,Active Mat 06,1,21.03,21.03,2025-08-27
T002866,C00234,P016,Modern Serum 16,2,39.62,79.24,2025-03-21
T002867,C00835,P017,Daily Lamp 17,3,41.68,125.04,2025-03-24
T002868,C00770,P010,Pure Band 10,2,71.42,142.84,2025-08-18
T002869,C00137,P016,Modern Serum 16,1,37.51,37.51,2025-04-13
T002870,C00138,P010,Pure Band 10,1,79.72,79.72,2025-01-09
T002871,C00236,P001,Daily Lamp 01,1,96.9,96.9,2025-01-06
T002872,C00126,P021,Bright Organizer 21,1,35.41,35.41,2025-12-21
T002873,C00449,P026,Pure Band 26,1,97.84,97.84,2025-01-06
T002874,C00256,P027,Urban Bottle 27,1,57.92,57.92,2025-06-11
T002875,C00081,P029,Bright Organizer 29,1,90.85,90.85,2025-01-29
T002876,C00836,P015,Calm Cream 15,1,31.56,31.56,2025-05-13
T002877,C00048,P004,Essential Bag 04,1,19.55,19.55,2025-03-09
T002878,C00829,P023,Calm Cream 23,4,43.07,172.28,2025-10-25
T002879,C00981,P005,Bright Organizer 05,2,84.46,168.92,2025-03-25
T002880,C00450,P025,Daily Lamp 25,2,82.28,164.56,2025-01-30
T002881,C00474,P023,Calm Cream 23,3,41.4,124.2,2025-10-07
T002882,C00708,P015,Calm Cream 15,2,32.38,64.76,2025-11-22
T002883,C00959,P027,Urban Bottle 27,3,59.57,178.71,2025-11-04
T002884,C00233,P016,Modern Serum 16,3,41.2,123.6,2025-10-05
T002885,C00152,P010,Pure Band 10,2,80.87,161.74,2025-11-19
T002886,C00042,P025,Daily Lamp 25,1,89.02,89.02,2025-11-03
T002887,C00289,P022,Active Mat 22,3,80.86,242.58,2025-10-01
T002888,C00498,P007,Calm Cream 07,1,59.81,59.81,2025-05-07
T002889,C00103,P004,Essential Bag 04,1,19.15,19.15,2025-04-06
T002890,C00043,P007,Calm Cream 07,1,56.5,56.5,2025-09-20
T002891,C00052,P021,Bright Organizer 21,2,31.34,62.68,2025-11-11
T002892,C00884,P026,Pure Band 26,1,97.63,97.63,2025-01-26
T002893,C00613,P005,Bright Organizer 05,1,70.88,70.88,2025-04-26
T002894,C00364,P005,Bright Organizer 05,1,77.56,77.56,2025-12-22
T002895,C00105,P005,Bright Organizer 05,1,83.76,83.76,2025-09-10
T002896,C00256,P007,Calm Cream 07,1,58.45,58.45,2025-05-11
T002897,C00154,P005,Bright Organizer 05,1,82.43,82.43,2025-05-29
T002898,C00606,P027,Urban Bottle 27,1,50.23,50.23,2025-05-14
T002899,C00709,P017,Daily Lamp 17,1,35.78,35.78,2025-01-01
T002900,C00899,P028,Essential Bag 28,1,82.15,82.15,2025-08-15
T002901,C00614,P018,Pure Band 18,1,75.75,75.75,2025-09-18
T002902,C00011,P026,Pure Band 26,1,96.34,96.34,2025-03-27
T002903,C00074,P019,Urban Bottle 19,2,30.16,60.32,2025-06-28
T002904,C00264,P019,Urban Bottle 19,2,30.44,60.88,2025-09-12
T002905,C00164,P029,Bright Organizer 29,1,88.72,88.72,2025-04-18
T002906,C00464,P028,Essential Bag 28,1,76.26,76.26,2025-04-05
T002907,C00581,P005,Bright Organizer 05,1,74.51,74.51,2025-07-03
T002908,C00146,P025,Daily Lamp 25,1,92.39,92.39,2025-02-12
T002909,C00155,P018,Pure Band 18,1,77.42,77.42,2025-03-22
T002910,C00224,P002,Pure Band 02,1,28.09,28.09,2025-07-30
T002911,C00412,P007,Calm Cream 07,1,60.58,60.58,2025-10-25
T002912,C00419,P005,Bright Organizer 05,1,86.35,86.35,2025-11-27
T002913,C00044,P013,Bright Organizer 13,1,26.98,26.98,2025-04-03
T002914,C00662,P021,Bright Organizer 21,1,34.6,34.6,2025-01-14
T002915,C00671,P017,Daily Lamp 17,2,41.97,83.94,2025-04-25
T002916,C00722,P026,Pure Band 26,1,94.87,94.87,2025-04-25
T002917,C00097,P029,Bright Organizer 29,1,90.81,90.81,2025-03-19
T002918,C00679,P028,Essential Bag 28,1,81.35,81.35,2025-09-19
T002919,C00557,P013,Bright Organizer 13,1,27.49,27.49,2025-08-11
T002920,C00782,P018,Pure Band 18,1,76.7,76.7,2025-02-23
T002921,C00317,P030,Active Mat 30,2,21.49,42.98,2025-07-19
T002922,C00814,P012,Essential Bag 12,1,17.19,17.19,2025-01-22
T002923,C00654,P016,Modern Serum 16,1,40.36,40.36,2025-08-15
T002924,C00654,P012,Essential Bag 12,3,16.68,50.04,2025-07-18
T002925,C00611,P013,Bright Organizer 13,1,26.61,26.61,2025-03-02
T002926,C00145,P023,Calm Cream 23,1,45.86,45.86,2025-11-09
T002927,C00018,P009,Daily Lamp 09,1,21.85,21.85,2025-04-04
T002928,C00223,P025,Daily Lamp 25,1,89.76,89.76,2025-09-30
T002929,C00792,P026,Pure Band 26,2,99.2,198.4,2025-10-18
T002930,C00158,P026,Pure Band 26,1,98.95,98.95,2025-08-17
T002931,C00590,P022,Active Mat 22,1,85.65,85.65,2025-05-23
T002932,C00754,P017,Daily Lamp 17,1,37.77,37.77,2025-02-26
T002933,C00756,P021,Bright Organizer 21,1,33.63,33.63,2025-01-11
T002934,C00766,P005,Bright Organizer 05,1,82.03,82.03,2025-04-11
T002935,C00004,P010,Pure Band 10,1,75.47,75.47,2025-02-19
T002936,C00921,P007,Calm Cream 07,2,53.87,107.74,2025-09-29
T002937,C00948,P013,Bright Organizer 13,2,27.18,54.36,2025-03-24
T002938,C00064,P002,Pure Band 02,1,26.74,26.74,2025-11-10
T002939,C00775,P013,Bright Organizer 13,1,27.49,27.49,2025-08-23
T002940,C00904,P027,Urban Bottle 27,1,58.86,58.86,2025-04-16
T002941,C00220,P025,Daily Lamp 25,1,86.89,86.89,2025-04-15
T002942,C00117,P027,Urban Bottle 27,3,54.44,163.32,2025-11-22
T002943,C00182,P012,Essential Bag 12,1,16.69,16.69,2025-07-26
T002944,C00001,P029,Bright Organizer 29,1,91.24,91.24,2025-02-25
T002945,C00922,P007,Calm Cream 07,1,58.92,58.92,2025-04-13
T002946,C00749,P029,Bright Organizer 29,1,91.83,91.83,2025-09-18
T002947,C00542,P015,Calm Cream 15,2,30.54,61.08,2025-02-02
T002948,C00416,P029,Bright Organizer 29,1,91.35,91.35,2025-01-11
T002949,C00774,P019,Urban Bottle 19,1,29.51,29.51,2025-08-05
T002950,C00536,P003,Urban Bottle 03,2,41.65,83.3,2025-10-03
T002951,C00131,P014,Active Mat 14,1,41.66,41.66,2025-11-15
T002952,C00712,P003,Urban Bottle 03,3,41.71,125.13,2025-09-15
T002953,C00253,P017,Daily Lamp 17,1,42.53,42.53,2025-11-26
T002954,C00018,P030,Active Mat 30,2,24.15,48.3,2025-12-12
T002955,C00713,P029,Bright Organizer 29,1,88.84,88.84,2025-07-08
T002956,C00589,P026,Pure Band 26,1,95.69,95.69,2025-07-01
T002957,C00608,P017,Daily Lamp 17,3,41.99,125.97,2025-09-17
T002958,C00688,P013,Bright Organizer 13,1,25.71,25.71,2025-05-20
T002959,C00594,P026,Pure Band 26,1,96.4,96.4,2025-03-11
T002960,C00422,P013,Bright Organizer 13,4,27.91,111.64,2025-11-13
T002961,C00634,P012,Essential Bag 12,1,17.2,17.2,2025-10-21
T002962,C00315,P021,Bright Organizer 21,1,34.5,34.5,2025-08-23
T002963,C00292,P012,Essential Bag 12,1,17.21,17.21,2025-10-20
T002964,C00868,P009,Daily Lamp 09,1,22.34,22.34,2025-09-16
T002965,C00967,P019,Urban Bottle 19,1,28.84,28.84,2025-09-23
T002966,C00110,P030,Active Mat 30,1,23.51,23.51,2025-10-01
T002967,C00324,P001,Daily Lamp 01,1,95.92,95.92,2025-05-29
T002968,C00897,P001,Daily Lamp 01,3,97.91,293.73,2025-07-21
T002969,C00168,P012,Essential Bag 12,3,16.84,50.52,2025-01-17
T002970,C00617,P028,Essential Bag 28,1,81.9,81.9,2025-10-11
T002971,C00368,P016,Modern Serum 16,2,40.84,81.68,2025-05-10
T002972,C00569,P006,Active Mat 06,1,21.29,21.29,2025-10-21
T002973,C00835,P017,Daily Lamp 17,1,43.01,43.01,2025-12-08
T002974,C00567,P011,Urban Bottle 11,4,37.37,149.48,2025-02-24
T002975,C00808,P011,Urban Bottle 11,1,37.36,37.36,2025-08-17
T002976,C00738,P012,Essential Bag 12,1,17.02,17.02,2025-06-26
T002977,C00365,P020,Essential Bag 20,1,48.05,48.05,2025-11-02
T002978,C00100,P017,Daily Lamp 17,2,41.76,83.52,2025-05-30
T002979,C00681,P026,Pure Band 26,4,97.97,391.88,2025-10-05
T002980,C00780,P015,Calm Cream 15,2,31.26,62.52,2025-09-15
T002981,C00166,P013,Bright Organizer 13,1,26.72,26.72,2025-08-30
T002982,C00438,P012,Essential Bag 12,1,16.57,16.57,2025-04-15
T002983,C00311,P029,Bright Organizer 29,1,91.26,91.26,2025-06-01
T002984,C00496,P008,Modern Serum 08,1,28.54,28.54,2025-07-21
T002985,C00839,P028,Essential Bag 28,1,73.28,73.28,2025-07-25
T002986,C00120,P010,Pure Band 10,1,81.19,81.19,2025-03-06
T002987,C00323,P028,Essential Bag 28,2,82.76,165.52,2025-03-12
T002988,C00624,P001,Daily Lamp 01,1,87.18,87.18,2025-03-05
T002989,C00451,P025,Daily Lamp 25,1,92.9,92.9,2025-05-31
T002990,C00555,P009,Daily Lamp 09,2,21.5,43.0,2025-06-05
T002991,C00335,P005,Bright Organizer 05,2,79.7,159.4,2025-08-12
T002992,C00007,P015,Calm Cream 15,1,31.12,31.12,2025-06-10
T002993,C00224,P003,Urban Bottle 03,2,36.74,73.48,2025-06-28
T002994,C00759,P007,Calm Cream 07,1,58.64,58.64,2025-01-02
T002995,C00952,P023,Calm Cream 23,1,41.37,41.37,2025-02-04
T002996,C00994,P014,Active Mat 14,1,39.69,39.69,2025-11-21
T002997,C00750,P007,Calm Cream 07,1,60.19,60.19,2025-10-07
T002998,C00333,P005,Bright Organizer 05,1,85.01,85.01,2025-10-11
T002999,C00144,P022,Active Mat 22,1,86.84,86.84,2025-06-27
T003000,C00501,P011,Urban Bottle 11,1,37.49,37.49,2025-06-17
T003001,C00542,P026,Pure Band 26,1,95.53,95.53,2025-01-27
T003002,C00466,P009,Daily Lamp 09,1,20.97,20.97,2025-08-18
T003003,C00791,P004,Essential Bag 04,1,19.35,19.35,2025-07-02
T003004,C00115,P026,Pure Band 26,2,96.47,192.94,2025-06-01
T003005,C00826,P030,Active Mat 30,1,24.56,24.56,2025-12-26
T003006,C00209,P002,Pure Band 02,1,27.99,27.99,2025-11-05
T003007,C00128,P016,Modern Serum 16,1,35.63,35.63,2025-04-10
T003008,C00246,P026,Pure Band 26,1,94.95,94.95,2025-04-13
T003009,C00526,P015,Calm Cream 15,1,32.18,32.18,2025-01-20
T003010,C00362,P025,Daily Lamp 25,1,90.43,90.43,2025-02-04
T003011,C00446,P006,Active Mat 06,1,20.97,20.97,2025-10-12
T003012,C00314,P013,Bright Organizer 13,2,27.36,54.72,2025-12-21
T003013,C00495,P025,Daily Lamp 25,2,91.43,182.86,2025-04-26
T003014,C00365,P013,Bright Organizer 13,1,27.38,27.38,2025-02-24
T003015,C00090,P023,Calm Cream 23,1,45.3,45.3,2025-09-12
T003016,C00603,P028,Essential Bag 28,4,82.83,331.32,2025-07-23
T003017,C00602,P019,Urban Bottle 19,1,30.33,30.33,2025-03-11
T003018,C00995,P028,Essential Bag 28,1,81.55,81.55,2025-05-15
T003019,C00707,P002,Pure Band 02,1,27.86,27.86,2025-01-15
T003020,C00592,P001,Daily Lamp 01,2,86.88,173.76,2025-04-27
T003021,C00168,P003,Urban Bottle 03,1,40.91,40.91,2025-06-24
T003022,C00927,P009,Daily Lamp 09,1,21.94,21.94,2025-05-29
T003023,C00796,P016,Modern Serum 16,1,37.27,37.27,2025-09-21
T003024,C00742,P014,Active Mat 14,1,42.41,42.41,2025-11-11
T003025,C00844,P024,Modern Serum 24,1,69.68,69.68,2025-07-09
T003026,C00130,P029,Bright Organizer 29,2,80.46,160.92,2025-09-24
T003027,C00074,P014,Active Mat 14,1,38.79,38.79,2025-03-15
T003028,C00867,P019,Urban Bottle 19,1,30.76,30.76,2025-12-06
T003029,C00655,P019,Urban Bottle 19,2,26.86,53.72,2025-04-07
T003030,C00769,P018,Pure Band 18,1,65.91,65.91,2025-06-18
T003031,C00809,P008,Modern Serum 08,3,28.4,85.2,2025-02-20
T003032,C00536,P030,Active Mat 30,4,23.34,93.36,2025-03-23
T003033,C00654,P001,Daily Lamp 01,1,95.59,95.59,2025-04-22
T003034,C00117,P024,Modern Serum 24,1,71.67,71.67,2025-10-02
T003035,C00082,P008,Modern Serum 08,3,28.82,86.46,2025-10-03
T003036,C00756,P025,Daily Lamp 25,1,84.44,84.44,2025-01-12
T003037,C00646,P026,Pure Band 26,2,98.1,196.2,2025-10-21
T003038,C00324,P005,Bright Organizer 05,2,75.28,150.56,2025-07-09
T003039,C00843,P024,Modern Serum 24,1,65.23,65.23,2025-04-24
T003040,C00552,P023,Calm Cream 23,2,46.4,92.8,2025-09-16
T003041,C00327,P006,Active Mat 06,1,21.75,21.75,2025-12-09
T003042,C00590,P007,Calm Cream 07,1,60.17,60.17,2025-03-04
T003043,C00129,P026,Pure Band 26,4,98.22,392.88,2025-09-30
T003044,C00358,P004,Essential Bag 04,2,18.79,37.58,2025-06-11
T003045,C00336,P026,Pure Band 26,2,88.64,177.28,2025-09-29
T003046,C00291,P010,Pure Band 10,2,81.21,162.42,2025-01-22
T003047,C00411,P002,Pure Band 02,1,26.62,26.62,2025-04-16
T003048,C00211,P012,Essential Bag 12,1,14.99,14.99,2025-09-12
T003049,C00358,P016,Modern Serum 16,1,40.88,40.88,2025-12-20
T003050,C00818,P019,Urban Bottle 19,2,29.9,59.8,2025-05-04
T003051,C00093,P011,Urban Bottle 11,3,37.62,112.86,2025-08-09
T003052,C00343,P026,Pure Band 26,2,98.88,197.76,2025-11-30
T003053,C00366,P011,Urban Bottle 11,2,37.39,74.78,2025-04-06
T003054,C00980,P021,Bright Organizer 21,1,34.09,34.09,2025-07-21
T003055,C00483,P015,Calm Cream 15,1,28.21,28.21,2025-05-03
T003056,C00785,P020,Essential Bag 20,1,55.1,55.1,2025-08-04
T003057,C00534,P003,Urban Bottle 03,2,41.12,82.24,2025-04-01
T003058,C00423,P003,Urban Bottle 03,2,42.01,84.02,2025-12-16
T003059,C00650,P027,Urban Bottle 27,1,52.7,52.7,2025-06-15
T003060,C00420,P026,Pure Band 26,1,94.72,94.72,2025-06-03
T003061,C00686,P017,Daily Lamp 17,1,41.42,41.42,2025-04-07
T003062,C00147,P015,Calm Cream 15,1,31.74,31.74,2025-05-16
T003063,C00270,P020,Essential Bag 20,1,55.62,55.62,2025-02-22
T003064,C00236,P018,Pure Band 18,2,69.92,139.84,2025-10-24
T003065,C00817,P002,Pure Band 02,1,28.47,28.47,2025-10-22
T003066,C00881,P019,Urban Bottle 19,3,27.73,83.19,2025-12-04
T003067,C00518,P016,Modern Serum 16,2,36.3,72.6,2025-03-30
T003068,C00893,P010,Pure Band 10,3,80.28,240.84,2025-05-19
T003069,C00551,P023,Calm Cream 23,1,40.22,40.22,2025-06-18
T003070,C00910,P006,Active Mat 06,2,20.98,41.96,2025-05-17
T003071,C00123,P024,Modern Serum 24,2,64.14,128.28,2025-10-14
T003072,C00208,P009,Daily Lamp 09,1,22.0,22.0,2025-01-18
T003073,C00520,P015,Calm Cream 15,1,31.9,31.9,2025-02-03
T003074,C00228,P023,Calm Cream 23,1,45.92,45.92,2025-09-20
T003075,C00850,P007,Calm Cream 07,1,58.41,58.41,2025-01-08
T003076,C00965,P029,Bright Organizer 29,1,86.93,86.93,2025-02-27
T003077,C00191,P017,Daily Lamp 17,1,42.87,42.87,2025-01-12
T003078,C00947,P008,Modern Serum 08,2,28.66,57.32,2025-01-21
T003079,C00626,P001,Daily Lamp 01,1,95.17,95.17,2025-02-13
T003080,C00777,P008,Modern Serum 08,1,26.52,26.52,2025-05-18
T003081,C00859,P022,Active Mat 22,1,85.69,85.69,2025-10-30
T003082,C00861,P017,Daily Lamp 17,1,42.2,42.2,2025-05-03
T003083,C00102,P029,Bright Organizer 29,3,88.93,266.79,2025-06-08
T003084,C00029,P018,Pure Band 18,2,77.75,155.5,2025-08-27
T003085,C00887,P028,Essential Bag 28,1,80.85,80.85,2025-05-11
T003086,C00863,P009,Daily Lamp 09,1,21.82,21.82,2025-09-11
T003087,C00662,P021,Bright Organizer 21,1,34.85,34.85,2025-12-22
T003088,C00053,P002,Pure Band 02,1,28.07,28.07,2025-11-15
T003089,C00221,P002,Pure Band 02,1,27.78,27.78,2025-07-15
T003090,C00174,P002,Pure Band 02,3,26.57,79.71,2025-12-01
T003091,C00799,P025,Daily Lamp 25,1,87.78,87.78,2025-06-21
T003092,C00585,P011,Urban Bottle 11,1,37.3,37.3,2025-02-05
T003093,C00477,P015,Calm Cream 15,1,31.36,31.36,2025-06-23
T003094,C00342,P029,Bright Organizer 29,1,91.08,91.08,2025-03-11
T003095,C00631,P014,Active Mat 14,1,38.73,38.73,2025-04-21
T003096,C00165,P003,Urban Bottle 03,1,38.69,38.69,2025-03-29
T003097,C00484,P027,Urban Bottle 27,1,58.27,58.27,2025-09-18
T003098,C00824,P025,Daily Lamp 25,1,84.2,84.2,2025-01-13
T003099,C00812,P003,Urban Bottle 03,1,40.91,40.91,2025-07-28
T003100,C00486,P026,Pure Band 26,1,96.62,96.62,2025-02-05
T003101,C00845,P007,Calm Cream 07,1,54.0,54.0,2025-03-16
T003102,C00189,P011,Urban Bottle 11,1,37.29,37.29,2025-03-09
T003103,C00220,P028,Essential Bag 28,1,82.88,82.88,2025-04-03
T003104,C00748,P001,Daily Lamp 01,1,93.47,93.47,2025-12-07
T003105,C00905,P005,Bright Organizer 05,1,82.95,82.95,2025-08-31
T003106,C00641,P011,Urban Bottle 11,1,34.86,34.86,2025-11-25
T003107,C00668,P014,Active Mat 14,2,38.07,76.14,2025-02-10
T003108,C00138,P008,Modern Serum 08,1,27.37,27.37,2025-12-13
T003109,C00115,P012,Essential Bag 12,1,16.88,16.88,2025-06-29
T003110,C00979,P028,Essential Bag 28,1,72.29,72.29,2025-06-13
T003111,C00554,P027,Urban Bottle 27,4,56.26,225.04,2025-08-09
T003112,C00907,P013,Bright Organizer 13,1,27.66,27.66,2025-10-02
T003113,C00691,P013,Bright Organizer 13,1,26.74,26.74,2025-09-21
T003114,C00513,P016,Modern Serum 16,1,40.81,40.81,2025-01-05
T003115,C00449,P025,Daily Lamp 25,1,91.62,91.62,2025-04-29
T003116,C00034,P015,Calm Cream 15,1,31.31,31.31,2025-10-20
T003117,C00045,P002,Pure Band 02,1,26.36,26.36,2025-06-03
T003118,C00403,P019,Urban Bottle 19,2,29.51,59.02,2025-04-14
T003119,C00236,P008,Modern Serum 08,1,27.91,27.91,2025-06-16
T003120,C00517,P005,Bright Organizer 05,1,71.09,71.09,2025-01-21
T003121,C00443,P006,Active Mat 06,2,20.57,41.14,2025-05-21
T003122,C00205,P023,Calm Cream 23,1,40.27,40.27,2025-03-27
T003123,C00368,P028,Essential Bag 28,1,81.43,81.43,2025-01-08
T003124,C00022,P001,Daily Lamp 01,1,95.96,95.96,2025-02-01
T003125,C00465,P007,Calm Cream 07,1,59.23,59.23,2025-07-26
T003126,C00787,P024,Modern Serum 24,4,69.31,277.24,2025-10-20
T003127,C00024,P018,Pure Band 18,2,77.39,154.78,2025-01-02
T003128,C00156,P025,Daily Lamp 25,1,95.76,95.76,2025-11-18
T003129,C00690,P016,Modern Serum 16,2,39.28,78.56,2025-10-25
T003130,C00046,P012,Essential Bag 12,1,16.22,16.22,2025-11-13
T003131,C00966,P026,Pure Band 26,3,98.81,296.43,2025-02-12
T003132,C00251,P002,Pure Band 02,1,28.23,28.23,2025-07-18
T003133,C00528,P008,Modern Serum 08,1,28.86,28.86,2025-10-29
T003134,C00976,P014,Active Mat 14,3,39.83,119.49,2025-05-06
T003135,C00679,P019,Urban Bottle 19,2,28.37,56.74,2025-02-17
T003136,C00778,P018,Pure Band 18,2,74.91,149.82,2025-03-14
T003137,C00267,P025,Daily Lamp 25,1,92.99,92.99,2025-11-22
T003138,C00285,P013,Bright Organizer 13,1,27.28,27.28,2025-05-03
T003139,C00612,P007,Calm Cream 07,1,58.36,58.36,2025-11-07
T003140,C00453,P005,Bright Organizer 05,1,82.54,82.54,2025-08-10
T003141,C00739,P001,Daily Lamp 01,1,95.27,95.27,2025-11-26
T003142,C00520,P005,Bright Organizer 05,1,85.12,85.12,2025-12-19
T003143,C00992,P001,Daily Lamp 01,3,94.07,282.21,2025-05-28
T003144,C00513,P027,Urban Bottle 27,1,56.3,56.3,2025-06-27
T003145,C00233,P024,Modern Serum 24,1,59.29,59.29,2025-08-28
T003146,C00974,P028,Essential Bag 28,1,79.89,79.89,2025-03-23
T003147,C00164,P019,Urban Bottle 19,4,29.65,118.6,2025-02-14
T003148,C00340,P003,Urban Bottle 03,1,40.92,40.92,2025-12-26
T003149,C00806,P019,Urban Bottle 19,1,29.65,29.65,2025-04-01
T003150,C00118,P027,Urban Bottle 27,1,57.87,57.87,2025-07-23
T003151,C00437,P012,Essential Bag 12,1,16.54,16.54,2025-05-16
T003152,C00470,P003,Urban Bottle 03,1,37.21,37.21,2025-03-15
T003153,C00926,P004,Essential Bag 04,2,17.15,34.3,2025-04-13
T003154,C00092,P004,Essential Bag 04,2,19.18,38.36,2025-06-29
T003155,C00012,P015,Calm Cream 15,1,29.54,29.54,2025-07-11
T003156,C00320,P012,Essential Bag 12,1,15.13,15.13,2025-05-13
T003157,C00451,P013,Bright Organizer 13,1,26.78,26.78,2025-03-15
T003158,C00110,P019,Urban Bottle 19,1,30.23,30.23,2025-01-13
T003159,C00210,P029,Bright Organizer 29,1,82.3,82.3,2025-11-17
T003160,C00572,P029,Bright Organizer 29,1,76.54,76.54,2025-06-29
T003161,C00963,P010,Pure Band 10,1,76.81,76.81,2025-03-25
T003162,C00976,P006,Active Mat 06,1,21.44,21.44,2025-12-09
T003163,C00721,P025,Daily Lamp 25,3,83.85,251.55,2025-08-03
T003164,C00877,P004,Essential Bag 04,4,16.36,65.44,2025-03-20
T003165,C00906,P030,Active Mat 30,2,24.16,48.32,2025-08-15
T003166,C00810,P019,Urban Bottle 19,1,28.54,28.54,2025-05-19
T003167,C00062,P020,Essential Bag 20,1,57.24,57.24,2025-10-24
T003168,C00826,P016,Modern Serum 16,1,40.16,40.16,2025-02-25
T003169,C00129,P007,Calm Cream 07,2,55.61,111.22,2025-03-16
T003170,C00744,P013,Bright Organizer 13,2,26.46,52.92,2025-06-07
T003171,C00155,P003,Urban Bottle 03,2,40.38,80.76,2025-02-26
T003172,C00168,P011,Urban Bottle 11,1,38.51,38.51,2025-07-02
T003173,C00708,P008,Modern Serum 08,1,27.59,27.59,2025-12-04
T003174,C00687,P022,Active Mat 22,1,85.7,85.7,2025-02-21
T003175,C00151,P014,Active Mat 14,1,40.72,40.72,2025-09-29
T003176,C00346,P021,Bright Organizer 21,2,34.36,68.72,2025-04-26
T003177,C00742,P002,Pure Band 02,1,27.65,27.65,2025-04-02
T003178,C00415,P012,Essential Bag 12,2,17.16,34.32,2025-01-12
T003179,C00045,P006,Active Mat 06,1,18.82,18.82,2025-02-21
T003180,C00768,P008,Modern Serum 08,2,29.15,58.3,2025-12-03
T003181,C00726,P012,Essential Bag 12,1,15.98,15.98,2025-03-02
T003182,C00844,P029,Bright Organizer 29,1,91.73,91.73,2025-01-03
T003183,C00395,P002,Pure Band 02,1,28.66,28.66,2025-09-16
T003184,C00108,P018,Pure Band 18,1,76.47,76.47,2025-04-14
T003185,C00083,P003,Urban Bottle 03,1,36.45,36.45,2025-01-26
T003186,C00833,P004,Essential Bag 04,1,18.55,18.55,2025-09-01
T003187,C00843,P014,Active Mat 14,1,41.7,41.7,2025-10-29
T003188,C00906,P019,Urban Bottle 19,1,27.32,27.32,2025-02-23
T003189,C00701,P023,Calm Cream 23,3,38.97,116.91,2025-07-01
T003190,C00101,P018,Pure Band 18,1,64.59,64.59,2025-05-13
T003191,C00337,P027,Urban Bottle 27,3,58.07,174.21,2025-09-26
T003192,C00349,P007,Calm Cream 07,1,55.31,55.31,2025-08-13
T003193,C00572,P016,Modern Serum 16,2,40.72,81.44,2025-03-27
T003194,C00141,P024,Modern Serum 24,1,69.26,69.26,2025-08-30
T003195,C00969,P013,Bright Organizer 13,1,26.98,26.98,2025-02-27
T003196,C00482,P030,Active Mat 30,1,22.01,22.01,2025-11-12
T003197,C00649,P030,Active Mat 30,1,23.64,23.64,2025-10-29
T003198,C00497,P010,Pure Band 10,1,79.42,79.42,2025-04-12
T003199,C00922,P028,Essential Bag 28,1,80.19,80.19,2025-02-24
T003200,C00376,P024,Modern Serum 24,1,58.67,58.67,2025-10-09
T003201,C00667,P008,Modern Serum 08,2,28.28,56.56,2025-03-28
T003202,C00898,P012,Essential Bag 12,1,13.99,13.99,2025-04-20
T003203,C00039,P024,Modern Serum 24,1,70.08,70.08,2025-10-27
T003204,C00868,P014,Active Mat 14,1,40.46,40.46,2025-06-30
T003205,C00699,P021,Bright Organizer 21,1,33.68,33.68,2025-08-15
T003206,C00871,P030,Active Mat 30,3,23.2,69.6,2025-10-23
T003207,C00092,P010,Pure Band 10,2,73.06,146.12,2025-03-14
T003208,C00398,P002,Pure Band 02,1,27.45,27.45,2025-03-16
T003209,C00964,P029,Bright Organizer 29,2,87.45,174.9,2025-01-24
T003210,C00289,P026,Pure Band 26,2,91.99,183.98,2025-03-22
T003211,C00592,P004,Essential Bag 04,1,18.77,18.77,2025-04-24
T003212,C00011,P009,Daily Lamp 09,1,22.27,22.27,2025-01-13
T003213,C00834,P001,Daily Lamp 01,2,95.11,190.22,2025-02-08
T003214,C00387,P015,Calm Cream 15,1,30.05,30.05,2025-02-06
T003215,C00716,P009,Daily Lamp 09,2,22.0,44.0,2025-07-18
T003216,C00884,P010,Pure Band 10,1,80.39,80.39,2025-11-11
T003217,C00840,P004,Essential Bag 04,2,17.36,34.72,2025-01-09
T003218,C00503,P016,Modern Serum 16,2,38.88,77.76,2025-03-21
T003219,C00328,P014,Active Mat 14,1,41.15,41.15,2025-03-04
T003220,C00141,P017,Daily Lamp 17,1,42.08,42.08,2025-02-26
T003221,C00138,P007,Calm Cream 07,1,59.2,59.2,2025-02-20
T003222,C00371,P008,Modern Serum 08,1,24.74,24.74,2025-06-24
T003223,C00832,P018,Pure Band 18,1,72.94,72.94,2025-12-10
T003224,C00806,P009,Daily Lamp 09,2,19.46,38.92,2025-06-01
T003225,C00433,P024,Modern Serum 24,1,67.98,67.98,2025-05-24
T003226,C00028,P014,Active Mat 14,1,40.16,40.16,2025-02-22
T003227,C00825,P008,Modern Serum 08,1,28.23,28.23,2025-07-16
T003228,C00493,P021,Bright Organizer 21,1,33.62,33.62,2025-04-28
T003229,C00543,P001,Daily Lamp 01,1,97.06,97.06,2025-04-27
T003230,C00516,P026,Pure Band 26,2,90.94,181.88,2025-06-04
T003231,C00577,P005,Bright Organizer 05,1,79.62,79.62,2025-03-24
T003232,C00152,P027,Urban Bottle 27,1,58.08,58.08,2025-07-26
T003233,C00460,P013,Bright Organizer 13,1,27.27,27.27,2025-01-24
T003234,C00700,P006,Active Mat 06,1,21.32,21.32,2025-07-13
T003235,C00966,P010,Pure Band 10,2,67.44,134.88,2025-04-16
T003236,C00709,P004,Essential Bag 04,1,19.27,19.27,2025-08-02
T003237,C00856,P015,Calm Cream 15,1,28.79,28.79,2025-09-16
T003238,C00530,P028,Essential Bag 28,1,81.85,81.85,2025-05-15
T003239,C00059,P022,Active Mat 22,2,80.07,160.14,2025-04-01
T003240,C00808,P001,Daily Lamp 01,1,87.43,87.43,2025-06-27
T003241,C00205,P018,Pure Band 18,2,65.04,130.08,2025-08-31
T003242,C00440,P029,Bright Organizer 29,2,91.25,182.5,2025-08-19
T003243,C00422,P014,Active Mat 14,2,41.19,82.38,2025-06-14
T003244,C00728,P010,Pure Band 10,1,79.38,79.38,2025-09-13
T003245,C00884,P001,Daily Lamp 01,2,97.02,194.04,2025-12-27
T003246,C00489,P006,Active Mat 06,1,18.83,18.83,2025-04-03
T003247,C00185,P002,Pure Band 02,1,24.58,24.58,2025-04-16
T003248,C00109,P024,Modern Serum 24,2,63.04,126.08,2025-02-22
T003249,C00437,P019,Urban Bottle 19,3,29.85,89.55,2025-09-08
T003250,C00162,P019,Urban Bottle 19,1,29.59,29.59,2025-05-31
T003251,C00414,P018,Pure Band 18,1,78.75,78.75,2025-10-10
T003252,C00979,P018,Pure Band 18,1,68.19,68.19,2025-08-06
T003253,C00921,P005,Bright Organizer 05,1,71.6,71.6,2025-01-16
T003254,C00015,P003,Urban Bottle 03,3,41.52,124.56,2025-10-09
T003255,C00508,P026,Pure Band 26,1,97.51,97.51,2025-05-18
T003256,C00476,P027,Urban Bottle 27,2,53.54,107.08,2025-08-19
T003257,C00410,P028,Essential Bag 28,1,79.05,79.05,2025-02-11
T003258,C00012,P029,Bright Organizer 29,1,90.99,90.99,2025-12-17
T003259,C00188,P008,Modern Serum 08,1,28.63,28.63,2025-08-23
T003260,C00164,P017,Daily Lamp 17,2,41.82,83.64,2025-08-14
T003261,C00006,P017,Daily Lamp 17,3,42.39,127.17,2025-10-12
T003262,C00267,P002,Pure Band 02,2,27.87,55.74,2025-06-16
T003263,C00333,P003,Urban Bottle 03,1,38.73,38.73,2025-10-09
T003264,C00718,P005,Bright Organizer 05,2,85.16,170.32,2025-08-25
T003265,C00917,P018,Pure Band 18,2,76.77,153.54,2025-03-23
T003266,C00999,P024,Modern Serum 24,2,70.13,140.26,2025-06-02
T003267,C00464,P012,Essential Bag 12,1,17.09,17.09,2025-08-03
T003268,C00660,P009,Daily Lamp 09,4,21.89,87.56,2025-10-11
T003269,C00601,P012,Essential Bag 12,1,17.46,17.46,2025-11-17
T003270,C00309,P025,Daily Lamp 25,1,91.74,91.74,2025-08-11
T003271,C00867,P027,Urban Bottle 27,1,58.98,58.98,2025-07-31
T003272,C00579,P029,Bright Organizer 29,2,89.02,178.04,2025-02-22
T003273,C00926,P012,Essential Bag 12,2,17.07,34.14,2025-02-09
T003274,C00034,P008,Modern Serum 08,1,25.97,25.97,2025-11-14
T003275,C00921,P005,Bright Organizer 05,3,82.06,246.18,2025-03-30
T003276,C00251,P011,Urban Bottle 11,1,36.44,36.44,2025-03-27
T003277,C00353,P026,Pure Band 26,1,97.18,97.18,2025-06-19
T003278,C00291,P010,Pure Band 10,2,71.04,142.08,2025-06-22
T003279,C00595,P016,Modern Serum 16,1,40.84,40.84,2025-07-27
T003280,C00639,P006,Active Mat 06,2,20.66,41.32,2025-04-17
T003281,C00404,P028,Essential Bag 28,1,82.28,82.28,2025-05-07
T003282,C00356,P017,Daily Lamp 17,2,35.63,71.26,2025-01-14
T003283,C00852,P029,Bright Organizer 29,1,88.85,88.85,2025-03-06
T003284,C00059,P014,Active Mat 14,1,40.92,40.92,2025-10-24
T003285,C00616,P019,Urban Bottle 19,3,30.44,91.32,2025-11-10
T003286,C00412,P006,Active Mat 06,1,21.12,21.12,2025-09-12
T003287,C00068,P028,Essential Bag 28,1,82.68,82.68,2025-03-23
T003288,C00096,P017,Daily Lamp 17,3,43.93,131.79,2025-11-25
T003289,C00601,P004,Essential Bag 04,1,19.02,19.02,2025-02-20
T003290,C00382,P007,Calm Cream 07,1,54.36,54.36,2025-09-04
T003291,C00485,P010,Pure Band 10,1,80.95,80.95,2025-05-21
T003292,C00393,P003,Urban Bottle 03,2,39.11,78.22,2025-05-09
T003293,C00124,P014,Active Mat 14,2,40.97,81.94,2025-08-06
T003294,C00676,P023,Calm Cream 23,1,46.09,46.09,2025-03-23
T003295,C00063,P006,Active Mat 06,2,21.09,42.18,2025-05-19
T003296,C00364,P001,Daily Lamp 01,1,97.06,97.06,2025-06-19
T003297,C00596,P020,Essential Bag 20,1,54.56,54.56,2025-02-21
T003298,C00497,P028,Essential Bag 28,1,81.98,81.98,2025-08-15
T003299,C00384,P022,Active Mat 22,1,86.98,86.98,2025-03-06
T003300,C00559,P007,Calm Cream 07,2,60.05,120.1,2025-09-14
T003301,C00955,P017,Daily Lamp 17,1,43.72,43.72,2025-12-25
T003302,C00310,P024,Modern Serum 24,1,70.11,70.11,2025-01-04
T003303,C00850,P018,Pure Band 18,3,69.56,208.68,2025-07-15
T003304,C00604,P030,Active Mat 30,1,24.36,24.36,2025-10-29
T003305,C00170,P010,Pure Band 10,2,81.9,163.8,2025-01-30
T003306,C00059,P027,Urban Bottle 27,1,58.82,58.82,2025-05-21
T003307,C00544,P006,Active Mat 06,2,21.5,43.0,2025-09-27
T003308,C00448,P022,Active Mat 22,1,86.13,86.13,2025-12-25
T003309,C00273,P012,Essential Bag 12,1,16.73,16.73,2025-09-18
T003310,C00947,P007,Calm Cream 07,2,53.46,106.92,2025-06-06
T003311,C00805,P018,Pure Band 18,1,75.76,75.76,2025-02-11
T003312,C00009,P024,Modern Serum 24,1,70.21,70.21,2025-06-29
T003313,C00416,P005,Bright Organizer 05,3,84.34,253.02,2025-11-22
T003314,C00194,P018,Pure Band 18,1,75.18,75.18,2025-07-30
T003315,C00812,P005,Bright Organizer 05,3,83.39,250.17,2025-03-28
T003316,C00609,P001,Daily Lamp 01,1,90.9,90.9,2025-03-31
T003317,C00852,P022,Active Mat 22,1,83.43,83.43,2025-03-29
T003318,C00848,P026,Pure Band 26,3,95.18,285.54,2025-06-25
T003319,C00489,P026,Pure Band 26,1,95.96,95.96,2025-02-04
T003320,C00052,P023,Calm Cream 23,1,45.44,45.44,2025-02-08
T003321,C00552,P019,Urban Bottle 19,1,29.83,29.83,2025-04-13
T003322,C00973,P018,Pure Band 18,1,75.3,75.3,2025-02-14
T003323,C00955,P016,Modern Serum 16,1,40.47,40.47,2025-01-11
T003324,C00410,P003,Urban Bottle 03,1,41.1,41.1,2025-05-24
T003325,C01000,P013,Bright Organizer 13,1,27.37,27.37,2025-08-31
T003326,C00011,P001,Daily Lamp 01,1,95.0,95.0,2025-07-01
T003327,C00093,P014,Active Mat 14,1,40.4,40.4,2025-08-05
T003328,C00211,P030,Active Mat 30,3,22.19,66.57,2025-02-26
T003329,C00960,P025,Daily Lamp 25,1,91.05,91.05,2025-11-26
T003330,C00141,P028,Essential Bag 28,2,80.6,161.2,2025-06-03
T003331,C00120,P028,Essential Bag 28,1,81.2,81.2,2025-05-28
T003332,C00536,P011,Urban Bottle 11,3,34.43,103.29,2025-07-18
T003333,C00880,P022,Active Mat 22,2,84.58,169.16,2025-08-05
T003334,C00839,P008,Modern Serum 08,1,28.03,28.03,2025-01-24
T003335,C00103,P016,Modern Serum 16,1,34.75,34.75,2025-06-24
T003336,C00635,P019,Urban Bottle 19,1,29.89,29.89,2025-09-11
T003337,C00294,P017,Daily Lamp 17,1,41.54,41.54,2025-03-28
T003338,C00173,P007,Calm Cream 07,1,57.3,57.3,2025-09-12
T003339,C00844,P012,Essential Bag 12,1,17.29,17.29,2025-09-14
T003340,C00368,P027,Urban Bottle 27,2,57.64,115.28,2025-03-26
T003341,C00429,P017,Daily Lamp 17,1,39.39,39.39,2025-03-12
T003342,C00445,P023,Calm Cream 23,1,46.86,46.86,2025-09-22
T003343,C00610,P010,Pure Band 10,1,81.99,81.99,2025-01-02
T003344,C00760,P029,Bright Organizer 29,1,90.0,90.0,2025-09-04
T003345,C00799,P018,Pure Band 18,1,72.64,72.64,2025-06-14
T003346,C00489,P016,Modern Serum 16,1,39.93,39.93,2025-04-23
T003347,C00651,P013,Bright Organizer 13,1,27.61,27.61,2025-11-28
T003348,C00269,P008,Modern Serum 08,1,28.21,28.21,2025-09-25
T003349,C00771,P014,Active Mat 14,2,37.62,75.24,2025-10-05
T003350,C00918,P013,Bright Organizer 13,1,25.35,25.35,2025-05-12
T003351,C00414,P017,Daily Lamp 17,2,34.95,69.9,2025-04-30
T003352,C00305,P027,Urban Bottle 27,1,59.89,59.89,2025-12-04
T003353,C00585,P001,Daily Lamp 01,1,100.39,100.39,2025-11-08
T003354,C00591,P026,Pure Band 26,1,95.68,95.68,2025-03-27
T003355,C00466,P020,Essential Bag 20,2,56.23,112.46,2025-12-24
T003356,C00373,P013,Bright Organizer 13,2,27.24,54.48,2025-05-01
T003357,C00723,P007,Calm Cream 07,1,58.81,58.81,2025-04-27
T003358,C00028,P012,Essential Bag 12,1,16.4,16.4,2025-04-19
T003359,C00483,P022,Active Mat 22,2,87.04,174.08,2025-07-27
T003360,C00753,P006,Active Mat 06,1,19.18,19.18,2025-04-04
T003361,C00288,P024,Modern Serum 24,1,67.54,67.54,2025-11-25
T003362,C00520,P013,Bright Organizer 13,1,26.41,26.41,2025-11-28
T003363,C00397,P014,Active Mat 14,1,40.63,40.63,2025-01-24
T003364,C00714,P016,Modern Serum 16,1,36.66,36.66,2025-03-28
T003365,C00025,P023,Calm Cream 23,1,38.47,38.47,2025-07-24
T003366,C00865,P021,Bright Organizer 21,1,34.75,34.75,2025-01-12
T003367,C00467,P002,Pure Band 02,1,28.76,28.76,2025-12-22
T003368,C00559,P027,Urban Bottle 27,1,58.43,58.43,2025-02-09
T003369,C00192,P026,Pure Band 26,2,94.86,189.72,2025-04-16
T003370,C00918,P027,Urban Bottle 27,1,54.0,54.0,2025-12-13
T003371,C00786,P026,Pure Band 26,2,98.17,196.34,2025-04-01
T003372,C00953,P005,Bright Organizer 05,1,85.02,85.02,2025-10-02
T003373,C00792,P025,Daily Lamp 25,1,92.95,92.95,2025-04-15
T003374,C00547,P013,Bright Organizer 13,2,26.83,53.66,2025-01-04
T003375,C00299,P005,Bright Organizer 05,1,80.36,80.36,2025-10-28
T003376,C00241,P029,Bright Organizer 29,1,89.23,89.23,2025-12-07
T003377,C00704,P030,Active Mat 30,1,23.39,23.39,2025-06-04
T003378,C00626,P030,Active Mat 30,1,20.47,20.47,2025-10-17
T003379,C00632,P010,Pure Band 10,1,79.96,79.96,2025-02-02
T003380,C00544,P005,Bright Organizer 05,4,86.9,347.6,2025-11-07
T003381,C00675,P024,Modern Serum 24,2,66.47,132.94,2025-05-23
T003382,C00695,P025,Daily Lamp 25,1,87.82,87.82,2025-12-22
T003383,C00515,P026,Pure Band 26,1,99.05,99.05,2025-08-30
T003384,C00680,P007,Calm Cream 07,1,52.96,52.96,2025-05-19
T003385,C00106,P012,Essential Bag 12,2,15.25,30.5,2025-01-27
T003386,C00146,P028,Essential Bag 28,1,81.98,81.98,2025-12-03
T003387,C00794,P002,Pure Band 02,1,25.67,25.67,2025-08-18
T003388,C00646,P009,Daily Lamp 09,1,21.48,21.48,2025-07-31
T003389,C00553,P001,Daily Lamp 01,1,90.1,90.1,2025-11-19
T003390,C00164,P012,Essential Bag 12,1,16.84,16.84,2025-08-21
T003391,C00667,P027,Urban Bottle 27,1,58.32,58.32,2025-03-31
T003392,C00677,P026,Pure Band 26,1,97.9,97.9,2025-01-16
T003393,C00975,P017,Daily Lamp 17,1,41.57,41.57,2025-06-23
T003394,C00430,P017,Daily Lamp 17,1,41.56,41.56,2025-02-08
T003395,C00906,P027,Urban Bottle 27,2,59.83,119.66,2025-11-04
T003396,C00136,P001,Daily Lamp 01,1,94.54,94.54,2025-07-20
T003397,C00123,P014,Active Mat 14,1,40.42,40.42,2025-11-16
T003398,C00200,P021,Bright Organizer 21,2,33.76,67.52,2025-08-04
T003399,C00391,P019,Urban Bottle 19,1,31.36,31.36,2025-11-01
T003400,C00842,P027,Urban Bottle 27,2,58.62,117.24,2025-12-15
T003401,C00830,P020,Essential Bag 20,2,55.58,111.16,2025-06-01
T003402,C00221,P012,Essential Bag 12,1,17.08,17.08,2025-07-11
T003403,C00470,P011,Urban Bottle 11,1,37.32,37.32,2025-04-25
T003404,C00415,P025,Daily Lamp 25,3,92.78,278.34,2025-08-20
T003405,C00780,P014,Active Mat 14,1,39.21,39.21,2025-11-29
T003406,C00137,P026,Pure Band 26,2,95.66,191.32,2025-06-12
T003407,C00716,P024,Modern Serum 24,1,66.25,66.25,2025-04-24
T003408,C00809,P011,Urban Bottle 11,3,36.81,110.43,2025-08-14
T003409,C00847,P022,Active Mat 22,2,77.11,154.22,2025-07-24
T003410,C00361,P027,Urban Bottle 27,1,49.19,49.19,2025-03-02
T003411,C00284,P028,Essential Bag 28,1,80.65,80.65,2025-07-09
T003412,C00237,P013,Bright Organizer 13,1,25.7,25.7,2025-03-07
T003413,C00994,P016,Modern Serum 16,1,41.24,41.24,2025-11-16
T003414,C00581,P025,Daily Lamp 25,3,82.88,248.64,2025-06-08
T003415,C00139,P023,Calm Cream 23,3,45.41,136.23,2025-03-31
T003416,C00170,P029,Bright Organizer 29,1,89.34,89.34,2025-04-05
T003417,C00075,P029,Bright Organizer 29,3,89.89,269.67,2025-07-23
T003418,C00914,P011,Urban Bottle 11,1,38.3,38.3,2025-04-07
T003419,C00674,P025,Daily Lamp 25,1,90.47,90.47,2025-11-04
T003420,C00254,P007,Calm Cream 07,2,57.61,115.22,2025-10-08
T003421,C00570,P016,Modern Serum 16,2,40.0,80.0,2025-07-24
T003422,C00013,P009,Daily Lamp 09,1,21.53,21.53,2025-08-11
T003423,C00917,P019,Urban Bottle 19,1,29.97,29.97,2025-05-09
T003424,C01000,P024,Modern Serum 24,1,58.63,58.63,2025-04-08
T003425,C00005,P027,Urban Bottle 27,1,59.99,59.99,2025-01-16
T003426,C00478,P028,Essential Bag 28,1,84.32,84.32,2025-12-24
T003427,C00980,P025,Daily Lamp 25,2,93.54,187.08,2025-02-04
T003428,C00749,P028,Essential Bag 28,1,79.72,79.72,2025-05-26
T003429,C00832,P018,Pure Band 18,1,70.49,70.49,2025-09-22
T003430,C00136,P001,Daily Lamp 01,1,96.32,96.32,2025-08-29
T003431,C00393,P009,Daily Lamp 09,2,22.53,45.06,2025-12-10
T003432,C00931,P001,Daily Lamp 01,1,89.81,89.81,2025-06-01
T003433,C00188,P007,Calm Cream 07,2,60.72,121.44,2025-09-23
T003434,C00439,P019,Urban Bottle 19,2,29.83,59.66,2025-08-07
T003435,C00411,P004,Essential Bag 04,3,17.94,53.82,2025-11-14
T003436,C00944,P029,Bright Organizer 29,2,92.44,184.88,2025-10-07
T003437,C00547,P004,Essential Bag 04,1,19.12,19.12,2025-07-25
T003438,C00958,P001,Daily Lamp 01,1,100.42,100.42,2025-11-18
T003439,C00586,P010,Pure Band 10,1,76.79,76.79,2025-08-09
T003440,C00987,P024,Modern Serum 24,2,70.51,141.02,2025-11-25
T003441,C00503,P008,Modern Serum 08,2,28.47,56.94,2025-06-07
T003442,C00199,P015,Calm Cream 15,1,28.52,28.52,2025-12-03
T003443,C00509,P015,Calm Cream 15,1,31.62,31.62,2025-01-27
T003444,C00064,P007,Calm Cream 07,1,59.36,59.36,2025-06-29
T003445,C00151,P022,Active Mat 22,2,81.88,163.76,2025-01-24
T003446,C00605,P006,Active Mat 06,1,20.73,20.73,2025-02-06
T003447,C00750,P006,Active Mat 06,1,17.64,17.64,2025-06-02
T003448,C00294,P017,Daily Lamp 17,1,42.17,42.17,2025-08-18
T003449,C00768,P029,Bright Organizer 29,1,89.56,89.56,2025-08-16
T003450,C00946,P029,Bright Organizer 29,1,81.16,81.16,2025-02-03
T003451,C00797,P024,Modern Serum 24,1,68.46,68.46,2025-02-09
T003452,C00571,P026,Pure Band 26,3,99.55,298.65,2025-12-19
T003453,C00171,P027,Urban Bottle 27,1,59.5,59.5,2025-12-03
T003454,C00995,P008,Modern Serum 08,1,28.28,28.28,2025-04-09
T003455,C00002,P011,Urban Bottle 11,1,38.58,38.58,2025-09-18
T003456,C00329,P027,Urban Bottle 27,1,59.27,59.27,2025-02-18
T003457,C00686,P011,Urban Bottle 11,1,37.74,37.74,2025-07-20
T003458,C00504,P025,Daily Lamp 25,1,94.41,94.41,2025-11-28
T003459,C00735,P010,Pure Band 10,2,79.97,159.94,2025-01-07
T003460,C00780,P007,Calm Cream 07,3,55.78,167.34,2025-01-10
T003461,C00824,P017,Daily Lamp 17,1,42.01,42.01,2025-02-11
T003462,C00786,P029,Bright Organizer 29,2,89.4,178.8,2025-03-24
T003463,C00568,P012,Essential Bag 12,3,17.12,51.36,2025-10-06
T003464,C00676,P014,Active Mat 14,1,40.74,40.74,2025-01-11
T003465,C00715,P010,Pure Band 10,4,82.65,330.6,2025-11-08
T003466,C00615,P006,Active Mat 06,1,21.68,21.68,2025-12-30
T003467,C00205,P002,Pure Band 02,1,23.45,23.45,2025-03-09
T003468,C00516,P028,Essential Bag 28,3,79.27,237.81,2025-01-11
T003469,C00044,P016,Modern Serum 16,3,41.58,124.74,2025-09-07
T003470,C00611,P005,Bright Organizer 05,3,80.05,240.15,2025-01-22
T003471,C00095,P017,Daily Lamp 17,2,41.58,83.16,2025-11-11
T003472,C00887,P007,Calm Cream 07,1,56.77,56.77,2025-05-25
T003473,C00388,P003,Urban Bottle 03,1,40.51,40.51,2025-07-19
T003474,C00352,P005,Bright Organizer 05,1,82.61,82.61,2025-01-25
T003475,C00672,P012,Essential Bag 12,1,17.34,17.34,2025-11-01
T003476,C00151,P001,Daily Lamp 01,1,87.09,87.09,2025-03-23
T003477,C00489,P029,Bright Organizer 29,1,90.7,90.7,2025-09-01
T003478,C00982,P024,Modern Serum 24,2,67.99,135.98,2025-12-24
T003479,C00941,P020,Essential Bag 20,1,54.45,54.45,2025-03-12
T003480,C00764,P003,Urban Bottle 03,1,40.36,40.36,2025-07-19
T003481,C00432,P027,Urban Bottle 27,1,57.94,57.94,2025-05-20
T003482,C00185,P007,Calm Cream 07,2,60.21,120.42,2025-07-28
T003483,C00238,P030,Active Mat 30,1,23.9,23.9,2025-07-06
T003484,C00017,P004,Essential Bag 04,1,19.07,19.07,2025-06-04
T003485,C00929,P012,Essential Bag 12,1,16.92,16.92,2025-04-21
T003486,C00243,P002,Pure Band 02,1,27.32,27.32,2025-07-21
T003487,C00133,P023,Calm Cream 23,2,46.04,92.08,2025-01-23
T003488,C00858,P001,Daily Lamp 01,1,97.2,97.2,2025-05-17
T003489,C00045,P018,Pure Band 18,4,78.21,312.84,2025-10-28
T003490,C00030,P005,Bright Organizer 05,1,84.91,84.91,2025-11-24
T003491,C00205,P024,Modern Serum 24,1,71.01,71.01,2025-12-19
T003492,C00376,P007,Calm Cream 07,1,59.79,59.79,2025-11-02
T003493,C00043,P002,Pure Band 02,2,27.45,54.9,2025-07-20
T003494,C00358,P028,Essential Bag 28,3,74.48,223.44,2025-08-26
T003495,C00831,P008,Modern Serum 08,1,23.3,23.3,2025-05-12
T003496,C00766,P017,Daily Lamp 17,1,40.44,40.44,2025-05-27
T003497,C00527,P003,Urban Bottle 03,1,39.93,39.93,2025-04-26
T003498,C00610,P012,Essential Bag 12,1,16.84,16.84,2025-10-08
T003499,C00781,P010,Pure Band 10,4,78.58,314.32,2025-05-25
T003500,C00380,P005,Bright Organizer 05,1,84.68,84.68,2025-12-18
T003501,C00390,P001,Daily Lamp 01,3,97.72,293.16,2025-07-28
T003502,C00318,P017,Daily Lamp 17,1,41.92,41.92,2025-03-13
T003503,C00158,P024,Modern Serum 24,2,70.18,140.36,2025-11-24
T003504,C00819,P030,Active Mat 30,1,23.25,23.25,2025-06-30
T003505,C00698,P001,Daily Lamp 01,1,91.6,91.6,2025-04-12
T003506,C00434,P015,Calm Cream 15,1,31.33,31.33,2025-02-16
T003507,C00586,P002,Pure Band 02,1,27.49,27.49,2025-08-14
T003508,C00605,P010,Pure Band 10,1,80.28,80.28,2025-05-06
T003509,C00750,P023,Calm Cream 23,1,42.71,42.71,2025-05-16
T003510,C00598,P002,Pure Band 02,2,28.51,57.02,2025-08-28
T003511,C00777,P020,Essential Bag 20,1,55.43,55.43,2025-02-10
T003512,C00868,P023,Calm Cream 23,1,45.11,45.11,2025-06-03
T003513,C00568,P007,Calm Cream 07,2,56.11,112.22,2025-03-05
T003514,C00687,P017,Daily Lamp 17,1,36.45,36.45,2025-11-18
T003515,C00051,P024,Modern Serum 24,4,59.96,239.84,2025-08-28
T003516,C00821,P023,Calm Cream 23,1,44.94,44.94,2025-08-31
T003517,C00103,P017,Daily Lamp 17,1,42.97,42.97,2025-11-25
T003518,C00223,P006,Active Mat 06,2,19.97,39.94,2025-05-04
T003519,C00218,P024,Modern Serum 24,1,71.07,71.07,2025-09-03
T003520,C00266,P002,Pure Band 02,2,24.76,49.52,2025-05-29
T003521,C00836,P012,Essential Bag 12,2,14.17,28.34,2025-03-25
T003522,C00669,P006,Active Mat 06,1,21.08,21.08,2025-10-31
T003523,C00164,P007,Calm Cream 07,1,59.48,59.48,2025-12-30
T003524,C00245,P021,Bright Organizer 21,1,34.26,34.26,2025-03-11
T003525,C00067,P013,Bright Organizer 13,1,25.5,25.5,2025-01-01
T003526,C00301,P004,Essential Bag 04,3,18.77,56.31,2025-05-23
T003527,C00538,P005,Bright Organizer 05,1,80.2,80.2,2025-10-30
T003528,C00883,P003,Urban Bottle 03,2,38.0,76.0,2025-06-14
T003529,C00059,P028,Essential Bag 28,1,82.37,82.37,2025-07-19
T003530,C00072,P006,Active Mat 06,3,21.13,63.39,2025-11-15
T003531,C00808,P009,Daily Lamp 09,1,20.5,20.5,2025-07-21
T003532,C00641,P023,Calm Cream 23,1,45.61,45.61,2025-08-10
T003533,C00224,P006,Active Mat 06,1,19.07,19.07,2025-08-28
T003534,C00978,P012,Essential Bag 12,3,15.76,47.28,2025-01-18
T003535,C00004,P006,Active Mat 06,1,21.39,21.39,2025-08-15
T003536,C00630,P010,Pure Band 10,1,74.7,74.7,2025-06-21
T003537,C00087,P023,Calm Cream 23,1,45.68,45.68,2025-05-28
T003538,C00136,P027,Urban Bottle 27,1,56.64,56.64,2025-01-28
T003539,C00801,P024,Modern Serum 24,1,69.81,69.81,2025-08-31
T003540,C00583,P028,Essential Bag 28,2,80.54,161.08,2025-07-10
T003541,C00251,P022,Active Mat 22,1,87.59,87.59,2025-01-21
T003542,C00868,P025,Daily Lamp 25,3,85.7,257.1,2025-11-21
T003543,C00747,P002,Pure Band 02,1,28.01,28.01,2025-07-30
T003544,C00601,P006,Active Mat 06,1,21.63,21.63,2025-11-27
T003545,C00696,P015,Calm Cream 15,1,31.56,31.56,2025-10-20
T003546,C00809,P003,Urban Bottle 03,1,39.55,39.55,2025-11-03
T003547,C00758,P019,Urban Bottle 19,1,30.83,30.83,2025-10-29
T003548,C00720,P025,Daily Lamp 25,1,90.41,90.41,2025-11-02
T003549,C00304,P007,Calm Cream 07,1,59.56,59.56,2025-08-12
T003550,C00104,P004,Essential Bag 04,1,19.36,19.36,2025-07-15
T003551,C00825,P020,Essential Bag 20,1,50.14,50.14,2025-10-01
T003552,C00576,P028,Essential Bag 28,1,81.95,81.95,2025-05-28
T003553,C00702,P014,Active Mat 14,2,35.0,70.0,2025-04-04
T003554,C00932,P006,Active Mat 06,1,21.37,21.37,2025-03-12
T003555,C00308,P005,Bright Organizer 05,3,83.62,250.86,2025-09-12
T003556,C00765,P016,Modern Serum 16,1,37.04,37.04,2025-08-25
T003557,C00145,P028,Essential Bag 28,1,83.03,83.03,2025-09-27
T003558,C00495,P002,Pure Band 02,1,24.03,24.03,2025-11-29
T003559,C00535,P002,Pure Band 02,1,23.39,23.39,2025-07-18
T003560,C00590,P020,Essential Bag 20,1,56.25,56.25,2025-05-11
T003561,C00550,P029,Bright Organizer 29,3,93.27,279.81,2025-11-03
T003562,C00528,P013,Bright Organizer 13,1,27.15,27.15,2025-06-16
T003563,C00198,P027,Urban Bottle 27,1,50.42,50.42,2025-07-18
T003564,C00158,P006,Active Mat 06,2,21.18,42.36,2025-08-16
T003565,C00902,P004,Essential Bag 04,1,19.05,19.05,2025-10-21
T003566,C00331,P011,Urban Bottle 11,1,37.98,37.98,2025-08-03
T003567,C00339,P015,Calm Cream 15,3,27.96,83.88,2025-05-23
T003568,C00910,P015,Calm Cream 15,1,26.43,26.43,2025-07-03
T003569,C00282,P001,Daily Lamp 01,1,96.07,96.07,2025-08-09
T003570,C00828,P016,Modern Serum 16,1,38.31,38.31,2025-08-01
T003571,C00392,P011,Urban Bottle 11,1,38.55,38.55,2025-08-01
T003572,C00267,P002,Pure Band 02,1,28.19,28.19,2025-06-04
T003573,C00148,P025,Daily Lamp 25,2,92.32,184.64,2025-01-03
T003574,C00437,P001,Daily Lamp 01,2,88.76,177.52,2025-10-01
T003575,C00748,P002,Pure Band 02,1,27.66,27.66,2025-01-22
T003576,C00306,P025,Daily Lamp 25,1,84.76,84.76,2025-11-15
T003577,C00063,P005,Bright Organizer 05,2,82.1,164.2,2025-07-30
T003578,C00754,P016,Modern Serum 16,1,42.07,42.07,2025-11-10
T003579,C00218,P008,Modern Serum 08,1,28.1,28.1,2025-02-05
T003580,C00844,P019,Urban Bottle 19,1,27.58,27.58,2025-02-03
T003581,C00899,P015,Calm Cream 15,2,31.4,62.8,2025-10-22
T003582,C00113,P006,Active Mat 06,1,20.52,20.52,2025-05-18
T003583,C00937,P002,Pure Band 02,1,26.22,26.22,2025-06-12
T003584,C00504,P009,Daily Lamp 09,1,19.04,19.04,2025-12-20
T003585,C00656,P020,Essential Bag 20,1,54.9,54.9,2025-09-13
T003586,C00599,P026,Pure Band 26,2,96.94,193.88,2025-06-22
T003587,C00002,P005,Bright Organizer 05,1,84.26,84.26,2025-08-10
T003588,C00821,P007,Calm Cream 07,1,53.71,53.71,2025-01-23
T003589,C00341,P016,Modern Serum 16,1,36.31,36.31,2025-03-13
T003590,C00158,P002,Pure Band 02,1,26.51,26.51,2025-06-09
T003591,C00293,P016,Modern Serum 16,1,41.48,41.48,2025-08-30
T003592,C00673,P010,Pure Band 10,1,79.32,79.32,2025-02-28
T003593,C00536,P023,Calm Cream 23,1,47.03,47.03,2025-12-18
T003594,C00860,P019,Urban Bottle 19,2,29.86,59.72,2025-03-08
T003595,C00826,P028,Essential Bag 28,1,81.66,81.66,2025-09-21
T003596,C00173,P029,Bright Organizer 29,1,84.7,84.7,2025-04-23
T003597,C00386,P023,Calm Cream 23,2,45.9,91.8,2025-10-08
T003598,C00300,P028,Essential Bag 28,1,73.93,73.93,2025-09-04
T003599,C00003,P012,Essential Bag 12,1,17.27,17.27,2025-12-25
T003600,C00937,P021,Bright Organizer 21,1,29.68,29.68,2025-11-25
T003601,C00480,P017,Daily Lamp 17,1,40.67,40.67,2025-02-16
T003602,C00842,P010,Pure Band 10,1,80.23,80.23,2025-07-05
T003603,C00956,P013,Bright Organizer 13,1,27.4,27.4,2025-01-12
T003604,C00670,P015,Calm Cream 15,1,31.4,31.4,2025-04-23
T003605,C00906,P005,Bright Organizer 05,1,77.68,77.68,2025-03-19
T003606,C00833,P025,Daily Lamp 25,4,92.98,371.92,2025-12-29
T003607,C00643,P020,Essential Bag 20,1,50.06,50.06,2025-10-05
T003608,C00458,P018,Pure Band 18,2,77.9,155.8,2025-08-27
T003609,C00509,P010,Pure Band 10,1,81.85,81.85,2025-08-04
T003610,C00554,P019,Urban Bottle 19,1,30.0,30.0,2025-10-06
T003611,C00068,P011,Urban Bottle 11,1,37.56,37.56,2025-09-21
T003612,C00310,P011,Urban Bottle 11,4,36.6,146.4,2025-10-25
T003613,C00415,P026,Pure Band 26,1,96.36,96.36,2025-03-27
T003614,C00211,P016,Modern Serum 16,2,34.72,69.44,2025-07-30
T003615,C00082,P005,Bright Organizer 05,1,78.35,78.35,2025-07-24
T003616,C00806,P021,Bright Organizer 21,1,31.69,31.69,2025-11-20
T003617,C00900,P025,Daily Lamp 25,1,84.12,84.12,2025-10-08
T003618,C00536,P020,Essential Bag 20,2,52.44,104.88,2025-10-04
T003619,C00836,P025,Daily Lamp 25,1,93.3,93.3,2025-03-10
T003620,C00733,P024,Modern Serum 24,3,68.51,205.53,2025-07-18
T003621,C00601,P004,Essential Bag 04,1,19.35,19.35,2025-08-21
T003622,C00567,P019,Urban Bottle 19,1,30.27,30.27,2025-07-18
T003623,C00953,P026,Pure Band 26,2,98.71,197.42,2025-12-06
T003624,C00249,P022,Active Mat 22,1,85.76,85.76,2025-01-24
T003625,C00424,P027,Urban Bottle 27,2,54.98,109.96,2025-11-11
T003626,C00347,P011,Urban Bottle 11,1,35.74,35.74,2025-04-08
T003627,C00785,P005,Bright Organizer 05,2,74.34,148.68,2025-02-21
T003628,C00338,P010,Pure Band 10,1,71.25,71.25,2025-06-15
T003629,C00927,P001,Daily Lamp 01,1,98.47,98.47,2025-12-13
T003630,C00692,P027,Urban Bottle 27,1,60.67,60.67,2025-11-05
T003631,C00046,P010,Pure Band 10,4,78.35,313.4,2025-05-15
T003632,C00319,P002,Pure Band 02,2,23.88,47.76,2025-02-09
T003633,C00105,P023,Calm Cream 23,3,40.0,120.0,2025-12-26
T003634,C00204,P012,Essential Bag 12,4,16.98,67.92,2025-01-26
T003635,C00839,P028,Essential Bag 28,1,80.26,80.26,2025-07-21
T003636,C00449,P027,Urban Bottle 27,1,58.81,58.81,2025-11-24
T003637,C00238,P020,Essential Bag 20,1,52.14,52.14,2025-03-14
T003638,C00525,P009,Daily Lamp 09,1,22.19,22.19,2025-08-07
T003639,C00937,P024,Modern Serum 24,1,67.15,67.15,2025-01-13
T003640,C00977,P009,Daily Lamp 09,1,22.3,22.3,2025-08-07
T003641,C00327,P015,Calm Cream 15,2,31.86,63.72,2025-11-10
T003642,C00364,P018,Pure Band 18,1,77.78,77.78,2025-03-02
T003643,C00932,P022,Active Mat 22,1,86.13,86.13,2025-11-04
T003644,C00985,P017,Daily Lamp 17,2,39.42,78.84,2025-07-21
T003645,C00340,P017,Daily Lamp 17,3,42.4,127.2,2025-02-15
T003646,C00233,P005,Bright Organizer 05,1,75.4,75.4,2025-04-27
T003647,C00564,P011,Urban Bottle 11,2,38.14,76.28,2025-02-05
T003648,C00025,P029,Bright Organizer 29,3,91.23,273.69,2025-07-19
T003649,C00727,P008,Modern Serum 08,1,28.54,28.54,2025-08-30
T003650,C00366,P017,Daily Lamp 17,1,38.31,38.31,2025-10-21
T003651,C00118,P013,Bright Organizer 13,1,28.11,28.11,2025-11-09
T003652,C00079,P016,Modern Serum 16,1,39.64,39.64,2025-03-26
T003653,C00913,P030,Active Mat 30,1,22.71,22.71,2025-05-27
T003654,C00492,P012,Essential Bag 12,3,16.17,48.51,2025-12-08
T003655,C00209,P022,Active Mat 22,2,87.25,174.5,2025-10-15
T003656,C00606,P025,Daily Lamp 25,2,91.03,182.06,2025-03-07
T003657,C00248,P029,Bright Organizer 29,2,91.02,182.04,2025-11-23
T003658,C00357,P029,Bright Organizer 29,2,92.85,185.7,2025-11-21
T003659,C00725,P025,Daily Lamp 25,1,82.41,82.41,2025-07-16
T003660,C00471,P004,Essential Bag 04,2,16.35,32.7,2025-08-20
T003661,C00002,P004,Essential Bag 04,1,19.06,19.06,2025-02-09
T003662,C00831,P029,Bright Organizer 29,1,86.46,86.46,2025-03-31
T003663,C00697,P022,Active Mat 22,1,85.47,85.47,2025-03-10
T003664,C00922,P030,Active Mat 30,2,20.26,40.52,2025-02-07
T003665,C00500,P011,Urban Bottle 11,2,38.53,77.06,2025-08-04
T003666,C00074,P010,Pure Band 10,1,81.7,81.7,2025-11-11
T003667,C00301,P001,Daily Lamp 01,1,97.2,97.2,2025-05-21
T003668,C00469,P009,Daily Lamp 09,1,22.27,22.27,2025-02-02
T003669,C00890,P025,Daily Lamp 25,2,91.31,182.62,2025-03-13
T003670,C00770,P004,Essential Bag 04,1,19.58,19.58,2025-09-08
T003671,C00753,P028,Essential Bag 28,1,81.02,81.02,2025-07-02
T003672,C00777,P005,Bright Organizer 05,1,79.84,79.84,2025-10-26
T003673,C00832,P003,Urban Bottle 03,1,41.23,41.23,2025-05-15
T003674,C00332,P001,Daily Lamp 01,1,91.98,91.98,2025-10-08
T003675,C00852,P028,Essential Bag 28,3,78.56,235.68,2025-04-17
T003676,C00897,P017,Daily Lamp 17,1,42.53,42.53,2025-05-11
T003677,C00587,P001,Daily Lamp 01,1,94.8,94.8,2025-04-28
T003678,C00948,P011,Urban Bottle 11,1,35.18,35.18,2025-05-10
T003679,C00494,P009,Daily Lamp 09,2,21.97,43.94,2025-12-18
T003680,C00714,P024,Modern Serum 24,1,69.41,69.41,2025-05-14
T003681,C00219,P002,Pure Band 02,2,27.19,54.38,2025-06-12
T003682,C00293,P007,Calm Cream 07,1,57.92,57.92,2025-06-14
T003683,C00054,P022,Active Mat 22,2,83.54,167.08,2025-04-10
T003684,C00549,P015,Calm Cream 15,1,32.26,32.26,2025-12-23
T003685,C00095,P028,Essential Bag 28,1,81.53,81.53,2025-06-16
T003686,C00647,P003,Urban Bottle 03,2,40.7,81.4,2025-03-29
T003687,C00468,P003,Urban Bottle 03,1,41.26,41.26,2025-10-08
T003688,C00309,P004,Essential Bag 04,2,17.27,34.54,2025-08-05
T003689,C00668,P026,Pure Band 26,1,98.02,98.02,2025-10-08
T003690,C00251,P028,Essential Bag 28,2,80.57,161.14,2025-04-12
T003691,C00761,P006,Active Mat 06,1,21.23,21.23,2025-12-28
T003692,C00982,P016,Modern Serum 16,2,34.51,69.02,2025-04-05
T003693,C00932,P022,Active Mat 22,1,75.53,75.53,2025-06-21
T003694,C00759,P003,Urban Bottle 03,1,40.4,40.4,2025-05-28
T003695,C00038,P003,Urban Bottle 03,1,41.21,41.21,2025-09-03
T003696,C00020,P003,Urban Bottle 03,2,40.28,80.56,2025-03-14
T003697,C00145,P004,Essential Bag 04,2,19.03,38.06,2025-09-23
T003698,C00238,P027,Urban Bottle 27,1,57.48,57.48,2025-06-13
T003699,C00387,P004,Essential Bag 04,1,16.46,16.46,2025-07-10
T003700,C00871,P003,Urban Bottle 03,2,40.67,81.34,2025-01-24
T003701,C00590,P003,Urban Bottle 03,1,40.03,40.03,2025-04-25
T003702,C00979,P029,Bright Organizer 29,2,90.93,181.86,2025-07-13
T003703,C00344,P026,Pure Band 26,1,94.65,94.65,2025-05-11
T003704,C00191,P016,Modern Serum 16,1,38.43,38.43,2025-06-05
T003705,C00813,P001,Daily Lamp 01,1,96.41,96.41,2025-08-08
T003706,C00179,P023,Calm Cream 23,2,45.02,90.04,2025-05-18
T003707,C00769,P014,Active Mat 14,1,41.5,41.5,2025-08-12
T003708,C00284,P020,Essential Bag 20,1,54.48,54.48,2025-05-05
T003709,C00851,P007,Calm Cream 07,1,56.16,56.16,2025-08-30
T003710,C00393,P030,Active Mat 30,1,22.49,22.49,2025-04-01
T003711,C00274,P015,Calm Cream 15,2,26.71,53.42,2025-02-03
T003712,C00894,P020,Essential Bag 20,1,49.5,49.5,2025-05-07
T003713,C00273,P014,Active Mat 14,4,40.61,162.44,2025-02-23
T003714,C00715,P011,Urban Bottle 11,1,39.09,39.09,2025-10-25
T003715,C00946,P024,Modern Serum 24,1,68.43,68.43,2025-05-19
T003716,C00575,P018,Pure Band 18,1,67.5,67.5,2025-04-17
T003717,C00902,P024,Modern Serum 24,1,70.53,70.53,2025-11-21
T003718,C00208,P027,Urban Bottle 27,2,49.44,98.88,2025-05-29
T003719,C00155,P009,Daily Lamp 09,1,22.24,22.24,2025-10-31
T003720,C00715,P028,Essential Bag 28,3,79.65,238.95,2025-11-27
T003721,C00332,P008,Modern Serum 08,3,27.98,83.94,2025-04-25
T003722,C00768,P013,Bright Organizer 13,1,27.5,27.5,2025-09-14
T003723,C00749,P017,Daily Lamp 17,1,42.34,42.34,2025-07-21
T003724,C00624,P023,Calm Cream 23,2,43.57,87.14,2025-11-12
T003725,C00363,P026,Pure Band 26,1,95.23,95.23,2025-02-19
T003726,C00672,P006,Active Mat 06,1,20.85,20.85,2025-09-21
T003727,C00486,P004,Essential Bag 04,1,18.35,18.35,2025-04-17
T003728,C00966,P003,Urban Bottle 03,1,41.08,41.08,2025-01-03
T003729,C00926,P022,Active Mat 22,1,87.21,87.21,2025-10-11
T003730,C00213,P004,Essential Bag 04,3,16.45,49.35,2025-10-21
T003731,C00607,P024,Modern Serum 24,2,68.36,136.72,2025-04-11
T003732,C00285,P026,Pure Band 26,2,84.56,169.12,2025-11-25
T003733,C00863,P022,Active Mat 22,1,86.87,86.87,2025-07-18
T003734,C00613,P003,Urban Bottle 03,1,37.05,37.05,2025-04-08
T003735,C00646,P027,Urban Bottle 27,1,59.36,59.36,2025-10-29
T003736,C00867,P021,Bright Organizer 21,4,34.56,138.24,2025-09-16
T003737,C00933,P012,Essential Bag 12,1,17.25,17.25,2025-12-26
T003738,C00689,P001,Daily Lamp 01,1,95.77,95.77,2025-08-20
T003739,C00615,P003,Urban Bottle 03,1,40.01,40.01,2025-04-23
T003740,C00029,P004,Essential Bag 04,2,19.51,39.02,2025-10-20
T003741,C00035,P024,Modern Serum 24,1,69.76,69.76,2025-10-27
T003742,C00221,P015,Calm Cream 15,1,28.34,28.34,2025-05-20
T003743,C00980,P021,Bright Organizer 21,1,33.27,33.27,2025-04-16
T003744,C00559,P025,Daily Lamp 25,1,89.93,89.93,2025-10-16
T003745,C00506,P018,Pure Band 18,1,66.36,66.36,2025-08-11
T003746,C00107,P012,Essential Bag 12,3,16.98,50.94,2025-02-16
T003747,C00674,P003,Urban Bottle 03,1,37.78,37.78,2025-12-06
T003748,C00916,P028,Essential Bag 28,1,82.72,82.72,2025-03-24
T003749,C00949,P004,Essential Bag 04,3,16.53,49.59,2025-08-02
T003750,C00898,P019,Urban Bottle 19,1,29.66,29.66,2025-02-07
T003751,C00265,P016,Modern Serum 16,2,40.36,80.72,2025-04-13
T003752,C00062,P006,Active Mat 06,1,21.16,21.16,2025-03-21
T003753,C00688,P003,Urban Bottle 03,2,36.52,73.04,2025-10-17
T003754,C00392,P002,Pure Band 02,1,28.55,28.55,2025-10-06
T003755,C00810,P015,Calm Cream 15,1,31.79,31.79,2025-02-14
T003756,C00699,P010,Pure Band 10,2,79.85,159.7,2025-10-26
T003757,C00686,P027,Urban Bottle 27,1,53.07,53.07,2025-08-26
T003758,C00091,P009,Daily Lamp 09,1,20.09,20.09,2025-12-02
T003759,C00307,P010,Pure Band 10,2,72.55,145.1,2025-11-20
T003760,C00219,P029,Bright Organizer 29,1,92.31,92.31,2025-11-08
T003761,C00881,P013,Bright Organizer 13,1,27.13,27.13,2025-05-31
T003762,C00039,P028,Essential Bag 28,1,80.68,80.68,2025-02-10
T003763,C00126,P024,Modern Serum 24,4,69.92,279.68,2025-07-14
T003764,C00357,P009,Daily Lamp 09,1,20.4,20.4,2025-03-02
T003765,C00224,P010,Pure Band 10,1,81.29,81.29,2025-06-21
T003766,C00398,P002,Pure Band 02,1,26.17,26.17,2025-04-05
T003767,C00180,P024,Modern Serum 24,1,68.11,68.11,2025-06-15
T003768,C00649,P011,Urban Bottle 11,1,36.54,36.54,2025-03-13
T003769,C00598,P017,Daily Lamp 17,2,42.39,84.78,2025-08-27
T003770,C00437,P012,Essential Bag 12,1,17.07,17.07,2025-07-03
T003771,C00060,P001,Daily Lamp 01,1,82.12,82.12,2025-04-24
T003772,C00444,P014,Active Mat 14,3,36.12,108.36,2025-06-24
T003773,C00797,P016,Modern Serum 16,2,35.9,71.8,2025-07-06
T003774,C00742,P003,Urban Bottle 03,1,42.18,42.18,2025-11-23
T003775,C00415,P011,Urban Bottle 11,1,34.0,34.0,2025-07-05
T003776,C00044,P003,Urban Bottle 03,2,41.34,82.68,2025-12-06
T003777,C00006,P030,Active Mat 30,1,24.02,24.02,2025-04-24
T003778,C00267,P002,Pure Band 02,2,28.08,56.16,2025-04-03
T003779,C00004,P029,Bright Organizer 29,4,91.05,364.2,2025-01-03
T003780,C00689,P008,Modern Serum 08,3,26.77,80.31,2025-01-31
T003781,C00145,P001,Daily Lamp 01,1,98.24,98.24,2025-10-02
T003782,C00360,P027,Urban Bottle 27,1,57.61,57.61,2025-03-04
T003783,C00186,P005,Bright Organizer 05,1,82.53,82.53,2025-03-17
T003784,C00888,P005,Bright Organizer 05,1,70.93,70.93,2025-06-17
T003785,C00033,P001,Daily Lamp 01,1,91.29,91.29,2025-06-02
T003786,C00620,P025,Daily Lamp 25,1,81.81,81.81,2025-08-20
T003787,C00959,P007,Calm Cream 07,1,57.15,57.15,2025-03-01
T003788,C00199,P010,Pure Band 10,2,78.59,157.18,2025-06-10
T003789,C00544,P018,Pure Band 18,3,79.7,239.1,2025-11-26
T003790,C00121,P020,Essential Bag 20,3,55.2,165.6,2025-05-29
T003791,C00614,P024,Modern Serum 24,1,71.16,71.16,2025-01-21
T003792,C00872,P003,Urban Bottle 03,2,40.72,81.44,2025-01-09
T003793,C00966,P010,Pure Band 10,1,82.94,82.94,2025-12-31
T003794,C00806,P024,Modern Serum 24,2,69.94,139.88,2025-03-06
T003795,C00481,P017,Daily Lamp 17,2,42.5,85.0,2025-05-28
T003796,C00564,P002,Pure Band 02,1,27.88,27.88,2025-03-07
T003797,C00229,P001,Daily Lamp 01,1,100.61,100.61,2025-11-09
T003798,C00658,P022,Active Mat 22,1,73.36,73.36,2025-10-14
T003799,C00792,P004,Essential Bag 04,1,19.57,19.57,2025-10-27
T003800,C00257,P028,Essential Bag 28,2,77.69,155.38,2025-08-16
T003801,C00015,P010,Pure Band 10,1,80.52,80.52,2025-10-22
T003802,C00804,P012,Essential Bag 12,1,15.79,15.79,2025-09-10
T003803,C00192,P018,Pure Band 18,2,68.78,137.56,2025-05-23
T003804,C00581,P020,Essential Bag 20,1,54.93,54.93,2025-08-09
T003805,C00821,P017,Daily Lamp 17,1,42.33,42.33,2025-11-08
T003806,C00431,P014,Active Mat 14,1,38.36,38.36,2025-06-19
T003807,C00085,P012,Essential Bag 12,1,17.19,17.19,2025-01-23
T003808,C00680,P017,Daily Lamp 17,1,37.3,37.3,2025-08-03
T003809,C00226,P020,Essential Bag 20,1,55.89,55.89,2025-07-03
T003810,C00629,P005,Bright Organizer 05,1,84.7,84.7,2025-11-12
T003811,C00793,P026,Pure Band 26,2,98.37,196.74,2025-08-24
T003812,C00545,P009,Daily Lamp 09,1,21.26,21.26,2025-01-05
T003813,C00218,P009,Daily Lamp 09,1,21.4,21.4,2025-03-31
T003814,C00130,P010,Pure Band 10,2,83.18,166.36,2025-12-30
T003815,C00615,P003,Urban Bottle 03,1,40.44,40.44,2025-07-23
T003816,C00951,P001,Daily Lamp 01,1,98.74,98.74,2025-10-27
T003817,C00167,P008,Modern Serum 08,1,28.86,28.86,2025-01-08
T003818,C00227,P020,Essential Bag 20,1,55.44,55.44,2025-04-20
T003819,C00186,P028,Essential Bag 28,2,81.69,163.38,2025-07-03
T003820,C00538,P012,Essential Bag 12,1,17.0,17.0,2025-03-13
T003821,C00446,P012,Essential Bag 12,2,16.42,32.84,2025-11-06
T003822,C00162,P003,Urban Bottle 03,1,40.35,40.35,2025-08-15
T003823,C00028,P009,Daily Lamp 09,1,22.06,22.06,2025-03-09
T003824,C00368,P021,Bright Organizer 21,1,30.5,30.5,2025-03-03
T003825,C00487,P026,Pure Band 26,2,98.01,196.02,2025-04-18
T003826,C00770,P001,Daily Lamp 01,1,86.83,86.83,2025-07-01
T003827,C00047,P009,Daily Lamp 09,2,20.52,41.04,2025-09-14
T003828,C00047,P013,Bright Organizer 13,1,26.98,26.98,2025-03-19
T003829,C00250,P006,Active Mat 06,1,21.54,21.54,2025-11-26
T003830,C00064,P001,Daily Lamp 01,1,99.03,99.03,2025-11-06
T003831,C00441,P003,Urban Bottle 03,1,36.4,36.4,2025-06-24
T003832,C00288,P022,Active Mat 22,1,82.52,82.52,2025-12-13
T003833,C00317,P001,Daily Lamp 01,1,84.95,84.95,2025-11-04
T003834,C00233,P001,Daily Lamp 01,2,97.34,194.68,2025-03-15
T003835,C00140,P023,Calm Cream 23,1,45.53,45.53,2025-04-22
T003836,C00939,P024,Modern Serum 24,2,69.65,139.3,2025-08-27
T003837,C00752,P009,Daily Lamp 09,1,22.15,22.15,2025-08-14
T003838,C00303,P029,Bright Organizer 29,1,88.42,88.42,2025-11-11
T003839,C00943,P003,Urban Bottle 03,1,41.56,41.56,2025-02-23
T003840,C00439,P010,Pure Band 10,1,82.21,82.21,2025-12-31
T003841,C00069,P004,Essential Bag 04,2,18.94,37.88,2025-08-03
T003842,C00664,P010,Pure Band 10,1,80.39,80.39,2025-12-25
T003843,C00062,P005,Bright Organizer 05,1,80.85,80.85,2025-11-16
T003844,C00561,P021,Bright Organizer 21,1,35.34,35.34,2025-11-17
T003845,C00438,P006,Active Mat 06,1,21.72,21.72,2025-11-20
T003846,C00553,P011,Urban Bottle 11,1,33.9,33.9,2025-03-05
T003847,C00530,P023,Calm Cream 23,1,46.12,46.12,2025-11-22
T003848,C00086,P003,Urban Bottle 03,2,40.6,81.2,2025-09-12
T003849,C00030,P028,Essential Bag 28,1,74.79,74.79,2025-01-21
T003850,C00584,P023,Calm Cream 23,1,43.66,43.66,2025-05-06
T003851,C00715,P003,Urban Bottle 03,1,41.8,41.8,2025-12-26
T003852,C00515,P026,Pure Band 26,1,100.85,100.85,2025-11-17
T003853,C00731,P008,Modern Serum 08,1,28.72,28.72,2025-10-02
T003854,C00423,P010,Pure Band 10,1,69.71,69.71,2025-09-12
T003855,C00143,P002,Pure Band 02,1,28.55,28.55,2025-09-26
T003856,C00824,P011,Urban Bottle 11,2,37.4,74.8,2025-07-18
T003857,C00887,P025,Daily Lamp 25,1,81.63,81.63,2025-08-16
T003858,C00500,P006,Active Mat 06,1,18.7,18.7,2025-03-15
T003859,C00501,P029,Bright Organizer 29,1,91.17,91.17,2025-05-08
T003860,C00629,P014,Active Mat 14,1,40.75,40.75,2025-07-17
T003861,C00437,P005,Bright Organizer 05,1,79.57,79.57,2025-10-29
T003862,C00851,P004,Essential Bag 04,1,19.04,19.04,2025-07-08
T003863,C00593,P004,Essential Bag 04,1,19.27,19.27,2025-07-31
T003864,C00880,P003,Urban Bottle 03,2,40.5,81.0,2025-06-20
T003865,C00769,P014,Active Mat 14,1,40.86,40.86,2025-03-06
T003866,C00758,P010,Pure Band 10,1,80.5,80.5,2025-04-29
T003867,C00702,P027,Urban Bottle 27,2,58.32,116.64,2025-05-12
T003868,C00448,P027,Urban Bottle 27,1,51.72,51.72,2025-06-04
T003869,C00300,P027,Urban Bottle 27,1,49.85,49.85,2025-04-11
T003870,C00685,P023,Calm Cream 23,1,42.66,42.66,2025-12-25
T003871,C00475,P026,Pure Band 26,1,97.86,97.86,2025-10-18
T003872,C00672,P002,Pure Band 02,1,28.58,28.58,2025-12-24
T003873,C00096,P009,Daily Lamp 09,1,19.98,19.98,2025-03-10
T003874,C00793,P007,Calm Cream 07,1,55.28,55.28,2025-03-15
T003875,C00949,P017,Daily Lamp 17,2,42.64,85.28,2025-01-29
T003876,C00500,P012,Essential Bag 12,2,16.61,33.22,2025-07-22
T003877,C00225,P021,Bright Organizer 21,2,33.55,67.1,2025-11-19
T003878,C00206,P001,Daily Lamp 01,1,97.8,97.8,2025-08-07
T003879,C00028,P025,Daily Lamp 25,2,83.23,166.46,2025-03-19
T003880,C00300,P016,Modern Serum 16,1,40.46,40.46,2025-09-23
T003881,C00209,P006,Active Mat 06,2,21.24,42.48,2025-10-06
T003882,C00391,P001,Daily Lamp 01,2,99.38,198.76,2025-10-23
T003883,C00620,P012,Essential Bag 12,2,17.12,34.24,2025-10-04
T003884,C00009,P026,Pure Band 26,2,98.22,196.44,2025-07-15
T003885,C00898,P028,Essential Bag 28,1,81.61,81.61,2025-08-11
T003886,C00287,P017,Daily Lamp 17,2,41.66,83.32,2025-08-03
T003887,C00637,P011,Urban Bottle 11,2,34.48,68.96,2025-05-14
T003888,C00052,P026,Pure Band 26,3,85.43,256.29,2025-07-11
T003889,C00299,P012,Essential Bag 12,1,15.93,15.93,2025-06-19
T003890,C00917,P022,Active Mat 22,1,77.7,77.7,2025-12-20
T003891,C00752,P016,Modern Serum 16,1,38.11,38.11,2025-09-26
T003892,C00654,P002,Pure Band 02,1,27.21,27.21,2025-05-11
T003893,C00395,P027,Urban Bottle 27,1,56.38,56.38,2025-07-27
T003894,C00535,P020,Essential Bag 20,1,54.63,54.63,2025-04-08
T003895,C00470,P010,Pure Band 10,1,80.1,80.1,2025-06-08
T003896,C00106,P028,Essential Bag 28,1,81.65,81.65,2025-01-07
T003897,C00499,P026,Pure Band 26,1,95.09,95.09,2025-02-26
T003898,C00039,P005,Bright Organizer 05,1,75.72,75.72,2025-11-08
T003899,C00540,P022,Active Mat 22,1,88.23,88.23,2025-11-07
T003900,C00096,P003,Urban Bottle 03,1,41.71,41.71,2025-08-12
T003901,C00433,P004,Essential Bag 04,1,19.65,19.65,2025-09-22
T003902,C00365,P018,Pure Band 18,2,75.91,151.82,2025-08-13
T003903,C00068,P015,Calm Cream 15,1,30.94,30.94,2025-07-31
T003904,C00213,P012,Essential Bag 12,1,16.69,16.69,2025-10-02
T003905,C00433,P010,Pure Band 10,2,79.05,158.1,2025-06-28
T003906,C00254,P018,Pure Band 18,1,71.31,71.31,2025-05-03
T003907,C00398,P012,Essential Bag 12,1,16.94,16.94,2025-03-23
T003908,C00344,P017,Daily Lamp 17,1,42.92,42.92,2025-09-04
T003909,C00439,P017,Daily Lamp 17,1,42.74,42.74,2025-08-06
T003910,C00007,P005,Bright Organizer 05,1,84.38,84.38,2025-04-14
T003911,C00184,P015,Calm Cream 15,1,32.05,32.05,2025-08-25
T003912,C00262,P010,Pure Band 10,1,76.28,76.28,2025-04-24
T003913,C00328,P004,Essential Bag 04,1,17.18,17.18,2025-03-26
T003914,C00005,P025,Daily Lamp 25,1,92.89,92.89,2025-05-03
T003915,C00939,P017,Daily Lamp 17,1,38.8,38.8,2025-10-02
T003916,C00468,P024,Modern Serum 24,1,64.99,64.99,2025-11-24
T003917,C00813,P015,Calm Cream 15,1,30.42,30.42,2025-09-05
T003918,C00900,P024,Modern Serum 24,1,70.07,70.07,2025-03-03
T003919,C00669,P016,Modern Serum 16,1,40.93,40.93,2025-09-04
T003920,C00454,P028,Essential Bag 28,1,81.21,81.21,2025-01-05
T003921,C00145,P006,Active Mat 06,1,21.26,21.26,2025-05-23
T003922,C00358,P023,Calm Cream 23,1,43.76,43.76,2025-01-27
T003923,C00097,P024,Modern Serum 24,2,67.58,135.16,2025-08-29
T003924,C00695,P018,Pure Band 18,1,76.08,76.08,2025-03-03
T003925,C00445,P011,Urban Bottle 11,1,36.72,36.72,2025-11-09
T003926,C00622,P019,Urban Bottle 19,1,29.88,29.88,2025-01-21
T003927,C00798,P008,Modern Serum 08,1,26.16,26.16,2025-05-28
T003928,C00968,P004,Essential Bag 04,1,18.05,18.05,2025-05-25
T003929,C00640,P006,Active Mat 06,1,20.82,20.82,2025-08-23
T003930,C00779,P008,Modern Serum 08,4,26.71,106.84,2025-02-08
T003931,C00710,P009,Daily Lamp 09,1,22.04,22.04,2025-07-05
T003932,C00505,P024,Modern Serum 24,1,70.56,70.56,2025-06-21
T003933,C00764,P022,Active Mat 22,1,87.08,87.08,2025-01-20
T003934,C00430,P001,Daily Lamp 01,1,95.54,95.54,2025-03-19
T003935,C00735,P006,Active Mat 06,1,21.16,21.16,2025-10-20
T003936,C00885,P017,Daily Lamp 17,2,41.95,83.9,2025-08-22
T003937,C00731,P006,Active Mat 06,1,20.97,20.97,2025-09-14
T003938,C00585,P012,Essential Bag 12,1,15.81,15.81,2025-05-26
T003939,C00518,P028,Essential Bag 28,4,82.72,330.88,2025-12-30
T003940,C00832,P005,Bright Organizer 05,2,84.62,169.24,2025-05-03
T003941,C00710,P004,Essential Bag 04,1,19.09,19.09,2025-09-11
T003942,C00146,P010,Pure Band 10,1,82.1,82.1,2025-09-23
T003943,C00738,P015,Calm Cream 15,1,31.75,31.75,2025-03-27
T003944,C00902,P023,Calm Cream 23,1,46.35,46.35,2025-12-19
T003945,C00089,P009,Daily Lamp 09,2,20.71,41.42,2025-01-26
T003946,C00025,P017,Daily Lamp 17,1,41.99,41.99,2025-10-29
T003947,C00411,P029,Bright Organizer 29,1,90.67,90.67,2025-02-28
T003948,C00241,P010,Pure Band 10,1,78.78,78.78,2025-04-12
T003949,C00730,P024,Modern Serum 24,2,66.58,133.16,2025-11-03
T003950,C00059,P023,Calm Cream 23,1,45.92,45.92,2025-01-30
T003951,C00068,P017,Daily Lamp 17,1,40.24,40.24,2025-05-01
T003952,C00875,P026,Pure Band 26,3,96.76,290.28,2025-06-08
T003953,C00344,P022,Active Mat 22,1,86.25,86.25,2025-04-29
T003954,C00775,P005,Bright Organizer 05,1,84.56,84.56,2025-11-04
T003955,C00724,P007,Calm Cream 07,1,58.17,58.17,2025-05-15
T003956,C00404,P005,Bright Organizer 05,3,84.62,253.86,2025-08-02
T003957,C00144,P030,Active Mat 30,1,23.36,23.36,2025-02-12
T003958,C00311,P024,Modern Serum 24,2,60.47,120.94,2025-10-20
T003959,C00893,P011,Urban Bottle 11,2,38.7,77.4,2025-01-02
T003960,C00038,P030,Active Mat 30,1,21.53,21.53,2025-02-15
T003961,C00009,P026,Pure Band 26,1,86.84,86.84,2025-05-06
T003962,C00516,P009,Daily Lamp 09,1,22.82,22.82,2025-11-13
T003963,C00144,P021,Bright Organizer 21,1,33.78,33.78,2025-06-07
T003964,C00664,P001,Daily Lamp 01,2,96.11,192.22,2025-07-02
T003965,C00707,P027,Urban Bottle 27,1,59.77,59.77,2025-09-03
T003966,C00674,P016,Modern Serum 16,2,41.12,82.24,2025-03-06
T003967,C00558,P016,Modern Serum 16,2,39.94,79.88,2025-08-10
T003968,C00407,P027,Urban Bottle 27,2,60.87,121.74,2025-12-02
T003969,C00607,P005,Bright Organizer 05,1,83.2,83.2,2025-03-30
T003970,C00528,P001,Daily Lamp 01,2,99.05,198.1,2025-12-20
T003971,C00973,P012,Essential Bag 12,2,16.88,33.76,2025-02-13
T003972,C00617,P021,Bright Organizer 21,2,29.05,58.1,2025-11-25
T003973,C00595,P018,Pure Band 18,2,74.94,149.88,2025-05-30
T003974,C00350,P019,Urban Bottle 19,1,29.69,29.69,2025-06-15
T003975,C00857,P015,Calm Cream 15,1,31.83,31.83,2025-11-05
T003976,C00379,P029,Bright Organizer 29,1,92.73,92.73,2025-10-13
T003977,C00964,P028,Essential Bag 28,1,84.75,84.75,2025-12-30
T003978,C00338,P015,Calm Cream 15,1,32.04,32.04,2025-07-18
T003979,C00605,P029,Bright Organizer 29,2,80.5,161.0,2025-03-13
T003980,C00548,P016,Modern Serum 16,1,41.31,41.31,2025-02-17
T003981,C00439,P002,Pure Band 02,2,27.62,55.24,2025-09-27
T003982,C00189,P008,Modern Serum 08,1,28.79,28.79,2025-11-05
T003983,C00575,P026,Pure Band 26,1,99.01,99.01,2025-08-17
T003984,C00239,P020,Essential Bag 20,2,55.76,111.52,2025-11-17
T003985,C00749,P027,Urban Bottle 27,1,58.87,58.87,2025-02-22
T003986,C00856,P019,Urban Bottle 19,1,30.34,30.34,2025-07-20
T003987,C00412,P020,Essential Bag 20,1,55.19,55.19,2025-01-12
T003988,C00872,P006,Active Mat 06,1,19.99,19.99,2025-04-27
T003989,C00394,P005,Bright Organizer 05,1,79.88,79.88,2025-01-09
T003990,C00021,P029,Bright Organizer 29,2,86.61,173.22,2025-04-11
T003991,C00728,P013,Bright Organizer 13,1,26.17,26.17,2025-11-30
T003992,C00481,P029,Bright Organizer 29,2,87.93,175.86,2025-05-03
T003993,C00507,P027,Urban Bottle 27,1,55.93,55.93,2025-06-17
T003994,C00401,P029,Bright Organizer 29,3,89.39,268.17,2025-06-06
T003995,C00262,P002,Pure Band 02,1,25.56,25.56,2025-09-11
T003996,C00662,P009,Daily Lamp 09,3,21.66,64.98,2025-07-05
T003997,C00288,P012,Essential Bag 12,1,16.89,16.89,2025-02-03
T003998,C00363,P028,Essential Bag 28,1,83.16,83.16,2025-08-03
T003999,C00204,P024,Modern Serum 24,1,63.58,63.58,2025-09-17
T004000,C00671,P017,Daily Lamp 17,1,41.84,41.84,2025-06-30
T004001,C00222,P013,Bright Organizer 13,1,26.98,26.98,2025-09-11
T004002,C00031,P026,Pure Band 26,2,96.48,192.96,2025-03-20
T004003,C00947,P016,Modern Serum 16,1,41.25,41.25,2025-01-03
T004004,C00419,P024,Modern Serum 24,1,72.15,72.15,2025-11-30
T004005,C00308,P007,Calm Cream 07,4,59.0,236.0,2025-05-09
T004006,C00888,P016,Modern Serum 16,1,38.76,38.76,2025-06-22
T004007,C00819,P002,Pure Band 02,4,27.37,109.48,2025-06-13
T004008,C00411,P014,Active Mat 14,2,40.44,80.88,2025-05-18
T004009,C00177,P028,Essential Bag 28,2,77.43,154.86,2025-05-24
T004010,C00479,P014,Active Mat 14,3,41.02,123.06,2025-12-23
T004011,C00323,P008,Modern Serum 08,2,28.57,57.14,2025-10-30
T004012,C00005,P007,Calm Cream 07,3,59.55,178.65,2025-12-18
T004013,C00360,P003,Urban Bottle 03,1,41.56,41.56,2025-10-14
T004014,C00308,P030,Active Mat 30,1,23.97,23.97,2025-01-03
T004015,C00215,P011,Urban Bottle 11,2,37.65,75.3,2025-06-09
T004016,C00791,P021,Bright Organizer 21,1,33.49,33.49,2025-05-16
T004017,C00636,P026,Pure Band 26,2,98.58,197.16,2025-09-09
T004018,C00115,P005,Bright Organizer 05,1,82.79,82.79,2025-02-21
T004019,C00411,P011,Urban Bottle 11,2,35.36,70.72,2025-03-27
T004020,C00861,P021,Bright Organizer 21,2,32.27,64.54,2025-08-11
T004021,C00053,P016,Modern Serum 16,1,41.44,41.44,2025-12-21
T004022,C00359,P011,Urban Bottle 11,1,38.94,38.94,2025-12-13
T004023,C00042,P025,Daily Lamp 25,2,92.53,185.06,2025-08-09
T004024,C00097,P003,Urban Bottle 03,1,36.32,36.32,2025-06-15
T004025,C00321,P024,Modern Serum 24,1,68.12,68.12,2025-07-03
T004026,C00139,P015,Calm Cream 15,1,31.48,31.48,2025-08-02
T004027,C00453,P007,Calm Cream 07,1,53.63,53.63,2025-05-07
T004028,C00326,P026,Pure Band 26,1,99.75,99.75,2025-12-08
T004029,C00780,P013,Bright Organizer 13,2,26.79,53.58,2025-03-27
T004030,C00264,P016,Modern Serum 16,1,38.72,38.72,2025-09-21
T004031,C00015,P018,Pure Band 18,3,75.49,226.47,2025-03-23
T004032,C00853,P013,Bright Organizer 13,1,25.28,25.28,2025-11-05
T004033,C00345,P029,Bright Organizer 29,1,90.71,90.71,2025-11-03
T004034,C00034,P022,Active Mat 22,2,81.02,162.04,2025-06-21
T004035,C00937,P021,Bright Organizer 21,2,34.27,68.54,2025-03-06
T004036,C00971,P005,Bright Organizer 05,2,82.64,165.28,2025-02-21
T004037,C00942,P017,Daily Lamp 17,3,42.25,126.75,2025-09-29
T004038,C00674,P009,Daily Lamp 09,1,21.98,21.98,2025-02-16
T004039,C00411,P009,Daily Lamp 09,1,20.68,20.68,2025-05-05
T004040,C00110,P007,Calm Cream 07,1,58.48,58.48,2025-05-02
T004041,C00478,P006,Active Mat 06,1,20.9,20.9,2025-07-13
T004042,C00025,P023,Calm Cream 23,1,45.33,45.33,2025-10-30
T004043,C00208,P020,Essential Bag 20,1,50.75,50.75,2025-12-29
T004044,C00908,P002,Pure Band 02,1,28.45,28.45,2025-02-13
T004045,C00496,P004,Essential Bag 04,1,19.28,19.28,2025-09-05
T004046,C00599,P004,Essential Bag 04,1,19.34,19.34,2025-12-16
T004047,C00829,P002,Pure Band 02,1,24.99,24.99,2025-06-23
T004048,C00145,P021,Bright Organizer 21,1,34.17,34.17,2025-08-07
T004049,C00840,P019,Urban Bottle 19,1,29.55,29.55,2025-04-28
T004050,C00922,P003,Urban Bottle 03,1,41.18,41.18,2025-10-18
T004051,C00117,P024,Modern Serum 24,1,70.59,70.59,2025-09-05
T004052,C00002,P014,Active Mat 14,1,37.3,37.3,2025-09-07
T004053,C00383,P027,Urban Bottle 27,1,57.58,57.58,2025-02-11
T004054,C00007,P004,Essential Bag 04,1,18.19,18.19,2025-04-01
T004055,C00507,P017,Daily Lamp 17,1,43.32,43.32,2025-10-14
T004056,C00355,P027,Urban Bottle 27,1,59.64,59.64,2025-11-23
T004057,C00049,P007,Calm Cream 07,2,59.41,118.82,2025-07-23
T004058,C00280,P012,Essential Bag 12,1,15.76,15.76,2025-04-16
T004059,C00550,P022,Active Mat 22,1,81.59,81.59,2025-02-05
T004060,C00046,P003,Urban Bottle 03,1,40.22,40.22,2025-02-19
T004061,C00074,P002,Pure Band 02,2,27.46,54.92,2025-03-30
T004062,C00062,P003,Urban Bottle 03,1,40.08,40.08,2025-07-12
T004063,C00674,P017,Daily Lamp 17,1,41.73,41.73,2025-10-02
T004064,C00758,P006,Active Mat 06,2,19.29,38.58,2025-10-09
T004065,C00125,P023,Calm Cream 23,1,46.62,46.62,2025-09-25
T004066,C00551,P017,Daily Lamp 17,1,42.58,42.58,2025-05-02
T004067,C00252,P023,Calm Cream 23,1,45.89,45.89,2025-09-03
T004068,C00314,P020,Essential Bag 20,1,55.64,55.64,2025-12-28
T004069,C00133,P003,Urban Bottle 03,1,39.94,39.94,2025-07-01
T004070,C00936,P001,Daily Lamp 01,1,97.25,97.25,2025-08-31
T004071,C00814,P020,Essential Bag 20,1,54.99,54.99,2025-01-15
T004072,C00470,P001,Daily Lamp 01,1,92.45,92.45,2025-04-21
T004073,C00772,P003,Urban Bottle 03,1,41.03,41.03,2025-10-27
T004074,C00431,P019,Urban Bottle 19,1,29.78,29.78,2025-07-06
T004075,C00615,P006,Active Mat 06,1,21.0,21.0,2025-02-28
T004076,C00831,P004,Essential Bag 04,2,19.57,39.14,2025-12-17
T004077,C00867,P013,Bright Organizer 13,1,26.52,26.52,2025-03-14
T004078,C00784,P026,Pure Band 26,3,95.66,286.98,2025-07-25
T004079,C00382,P011,Urban Bottle 11,1,38.21,38.21,2025-01-13
T004080,C00490,P023,Calm Cream 23,2,46.42,92.84,2025-09-26
T004081,C00704,P020,Essential Bag 20,2,47.24,94.48,2025-04-22
T004082,C00310,P009,Daily Lamp 09,1,21.92,21.92,2025-02-05
T004083,C00745,P007,Calm Cream 07,1,54.92,54.92,2025-04-15
T004084,C00427,P024,Modern Serum 24,1,70.43,70.43,2025-08-23
T004085,C00191,P009,Daily Lamp 09,1,22.26,22.26,2025-07-11
T004086,C00213,P027,Urban Bottle 27,1,59.44,59.44,2025-08-04
T004087,C00321,P012,Essential Bag 12,3,16.81,50.43,2025-07-18
T004088,C00950,P001,Daily Lamp 01,1,98.87,98.87,2025-09-05
T004089,C00029,P008,Modern Serum 08,1,27.35,27.35,2025-01-02
T004090,C00412,P023,Calm Cream 23,2,45.01,90.02,2025-04-27
T004091,C00765,P029,Bright Organizer 29,2,86.82,173.64,2025-04-03
T004092,C00678,P020,Essential Bag 20,1,55.13,55.13,2025-02-28
T004093,C00287,P002,Pure Band 02,2,27.96,55.92,2025-04-25
T004094,C00149,P018,Pure Band 18,1,77.07,77.07,2025-12-18
T004095,C00288,P015,Calm Cream 15,1,31.42,31.42,2025-03-22
T004096,C00714,P018,Pure Band 18,4,75.51,302.04,2025-08-17
T004097,C00343,P021,Bright Organizer 21,1,33.03,33.03,2025-09-03
T004098,C00672,P007,Calm Cream 07,1,53.9,53.9,2025-09-24
T004099,C00640,P018,Pure Band 18,1,68.2,68.2,2025-08-18
T004100,C00128,P003,Urban Bottle 03,1,40.82,40.82,2025-09-09
T004101,C00365,P016,Modern Serum 16,1,40.83,40.83,2025-08-02
T004102,C00444,P003,Urban Bottle 03,1,39.59,39.59,2025-01-05
T004103,C00321,P012,Essential Bag 12,1,14.41,14.41,2025-12-28
T004104,C00173,P018,Pure Band 18,4,76.19,304.76,2025-02-18
T004105,C00763,P027,Urban Bottle 27,1,57.79,57.79,2025-04-02
T004106,C00224,P015,Calm Cream 15,1,31.62,31.62,2025-07-30
T004107,C00539,P026,Pure Band 26,2,97.63,195.26,2025-04-19
T004108,C00402,P016,Modern Serum 16,3,38.03,114.09,2025-01-28
T004109,C00659,P025,Daily Lamp 25,1,91.4,91.4,2025-04-17
T004110,C00815,P021,Bright Organizer 21,1,34.32,34.32,2025-04-07
T004111,C00200,P013,Bright Organizer 13,1,24.38,24.38,2025-12-20
T004112,C00882,P016,Modern Serum 16,1,42.03,42.03,2025-11-11
T004113,C00706,P018,Pure Band 18,1,75.15,75.15,2025-06-08
T004114,C00768,P009,Daily Lamp 09,1,21.56,21.56,2025-07-02
T004115,C00432,P028,Essential Bag 28,2,83.84,167.68,2025-12-22
T004116,C00562,P024,Modern Serum 24,1,69.78,69.78,2025-10-28
T004117,C00619,P019,Urban Bottle 19,1,30.41,30.41,2025-04-22
T004118,C00109,P013,Bright Organizer 13,1,24.39,24.39,2025-06-25
T004119,C00331,P017,Daily Lamp 17,2,42.48,84.96,2025-04-05
T004120,C00853,P015,Calm Cream 15,1,31.83,31.83,2025-05-11
T004121,C00187,P022,Active Mat 22,1,87.94,87.94,2025-12-27
T004122,C00239,P018,Pure Band 18,1,77.58,77.58,2025-07-22
T004123,C00258,P010,Pure Band 10,1,81.87,81.87,2025-10-12
T004124,C00249,P001,Daily Lamp 01,2,98.31,196.62,2025-11-05
T004125,C00755,P010,Pure Band 10,3,82.22,246.66,2025-12-05
T004126,C00678,P009,Daily Lamp 09,2,22.29,44.58,2025-12-23
T004127,C00285,P028,Essential Bag 28,1,71.47,71.47,2025-11-19
T004128,C00720,P003,Urban Bottle 03,1,38.1,38.1,2025-04-01
T004129,C00969,P024,Modern Serum 24,1,69.97,69.97,2025-11-30
T004130,C00221,P029,Bright Organizer 29,1,80.57,80.57,2025-04-16
T004131,C00710,P004,Essential Bag 04,1,19.18,19.18,2025-09-02
T004132,C00724,P028,Essential Bag 28,1,82.86,82.86,2025-01-06
T004133,C00097,P021,Bright Organizer 21,1,32.46,32.46,2025-05-19
T004134,C00422,P021,Bright Organizer 21,1,32.4,32.4,2025-02-01
T004135,C00924,P001,Daily Lamp 01,2,97.03,194.06,2025-06-07
T004136,C00275,P005,Bright Organizer 05,2,84.19,168.38,2025-05-29
T004137,C00686,P030,Active Mat 30,1,22.24,22.24,2025-03-21
T004138,C00008,P022,Active Mat 22,1,86.02,86.02,2025-07-08
T004139,C00121,P021,Bright Organizer 21,1,34.77,34.77,2025-02-16
T004140,C00281,P001,Daily Lamp 01,2,95.85,191.7,2025-08-02
T004141,C00198,P019,Urban Bottle 19,1,29.58,29.58,2025-06-29
T004142,C00328,P010,Pure Band 10,1,79.98,79.98,2025-01-20
T004143,C00701,P020,Essential Bag 20,1,49.4,49.4,2025-02-17
T004144,C00684,P028,Essential Bag 28,2,81.0,162.0,2025-02-08
T004145,C00328,P019,Urban Bottle 19,1,30.6,30.6,2025-07-16
T004146,C00650,P029,Bright Organizer 29,1,90.27,90.27,2025-01-19
T004147,C00680,P028,Essential Bag 28,1,81.62,81.62,2025-10-26
T004148,C00240,P007,Calm Cream 07,1,58.0,58.0,2025-06-27
T004149,C00641,P025,Daily Lamp 25,2,92.9,185.8,2025-02-03
T004150,C00813,P007,Calm Cream 07,2,60.92,121.84,2025-11-15
T004151,C00302,P001,Daily Lamp 01,1,97.07,97.07,2025-03-18
T004152,C00420,P006,Active Mat 06,2,19.92,39.84,2025-05-19
T004153,C00976,P007,Calm Cream 07,1,59.82,59.82,2025-04-28
T004154,C00391,P013,Bright Organizer 13,1,25.88,25.88,2025-09-27
T004155,C00832,P009,Daily Lamp 09,1,20.45,20.45,2025-07-05
T004156,C00968,P004,Essential Bag 04,1,19.49,19.49,2025-11-14
T004157,C00841,P026,Pure Band 26,1,98.18,98.18,2025-06-24
T004158,C00649,P028,Essential Bag 28,1,82.26,82.26,2025-10-14
T004159,C00901,P030,Active Mat 30,1,23.12,23.12,2025-05-20
T004160,C00438,P025,Daily Lamp 25,1,78.35,78.35,2025-10-19
T004161,C00331,P018,Pure Band 18,2,75.61,151.22,2025-04-18
T004162,C00469,P004,Essential Bag 04,1,18.74,18.74,2025-05-13
T004163,C00818,P018,Pure Band 18,1,78.86,78.86,2025-10-31
T004164,C00957,P008,Modern Serum 08,1,26.69,26.69,2025-04-19
T004165,C00387,P016,Modern Serum 16,1,41.47,41.47,2025-12-08
T004166,C00265,P014,Active Mat 14,1,41.56,41.56,2025-10-24
T004167,C00023,P027,Urban Bottle 27,2,58.8,117.6,2025-11-25
T004168,C00637,P014,Active Mat 14,1,40.92,40.92,2025-05-14
T004169,C00267,P025,Daily Lamp 25,3,83.36,250.08,2025-09-26
T004170,C00402,P015,Calm Cream 15,1,31.15,31.15,2025-06-22
T004171,C00347,P003,Urban Bottle 03,2,40.93,81.86,2025-12-01
T004172,C00394,P015,Calm Cream 15,1,31.79,31.79,2025-02-19
T004173,C00210,P009,Daily Lamp 09,1,18.58,18.58,2025-04-03
T004174,C00446,P018,Pure Band 18,1,71.92,71.92,2025-11-24
T004175,C00332,P024,Modern Serum 24,1,68.93,68.93,2025-05-23
T004176,C00591,P024,Modern Serum 24,1,69.73,69.73,2025-12-29
T004177,C00768,P028,Essential Bag 28,2,79.05,158.1,2025-12-31
T004178,C00852,P022,Active Mat 22,1,78.34,78.34,2025-08-30
T004179,C00308,P029,Bright Organizer 29,2,91.81,183.62,2025-03-05
T004180,C00880,P007,Calm Cream 07,1,57.4,57.4,2025-12-16
T004181,C00774,P012,Essential Bag 12,2,16.94,33.88,2025-03-30
T004182,C00422,P024,Modern Serum 24,1,71.45,71.45,2025-11-19
T004183,C00881,P017,Daily Lamp 17,1,41.85,41.85,2025-07-28
T004184,C00227,P001,Daily Lamp 01,2,94.51,189.02,2025-06-29
T004185,C00450,P017,Daily Lamp 17,1,42.79,42.79,2025-03-14
T004186,C00665,P006,Active Mat 06,2,21.57,43.14,2025-11-09
T004187,C00151,P028,Essential Bag 28,3,81.14,243.42,2025-07-08
T004188,C00778,P015,Calm Cream 15,2,31.34,62.68,2025-07-12
T004189,C00969,P006,Active Mat 06,1,21.31,21.31,2025-01-27
T004190,C00644,P018,Pure Band 18,1,71.97,71.97,2025-04-19
T004191,C00239,P003,Urban Bottle 03,1,34.03,34.03,2025-05-06
T004192,C00451,P021,Bright Organizer 21,1,32.63,32.63,2025-07-09
T004193,C00460,P027,Urban Bottle 27,2,52.48,104.96,2025-01-25
T004194,C00473,P014,Active Mat 14,1,39.22,39.22,2025-07-02
T004195,C00251,P029,Bright Organizer 29,1,88.5,88.5,2025-07-18
T004196,C00924,P028,Essential Bag 28,3,84.77,254.31,2025-11-11
T004197,C00803,P015,Calm Cream 15,2,31.0,62.0,2025-05-16
T004198,C00666,P007,Calm Cream 07,1,58.41,58.41,2025-05-27
T004199,C00363,P026,Pure Band 26,1,96.86,96.86,2025-10-28
T004200,C00986,P023,Calm Cream 23,1,45.7,45.7,2025-01-15
T004201,C00289,P001,Daily Lamp 01,2,98.45,196.9,2025-09-01
T004202,C00479,P011,Urban Bottle 11,1,37.52,37.52,2025-08-04
T004203,C00078,P010,Pure Band 10,1,81.11,81.11,2025-02-15
T004204,C00637,P018,Pure Band 18,2,75.46,150.92,2025-01-31
T004205,C00757,P001,Daily Lamp 01,1,96.7,96.7,2025-05-23
T004206,C00248,P023,Calm Cream 23,2,45.48,90.96,2025-03-18
T004207,C00671,P020,Essential Bag 20,1,54.61,54.61,2025-06-20
T004208,C00886,P021,Bright Organizer 21,3,33.26,99.78,2025-04-13
T004209,C00938,P028,Essential Bag 28,2,73.81,147.62,2025-12-16
T004210,C00030,P026,Pure Band 26,1,95.53,95.53,2025-08-27
T004211,C00835,P010,Pure Band 10,4,80.64,322.56,2025-05-06
T004212,C00081,P018,Pure Band 18,2,77.03,154.06,2025-02-09
T004213,C00854,P010,Pure Band 10,1,80.73,80.73,2025-07-24
T004214,C00515,P007,Calm Cream 07,3,55.42,166.26,2025-06-12
T004215,C00079,P010,Pure Band 10,1,81.68,81.68,2025-08-07
T004216,C00659,P024,Modern Serum 24,1,68.8,68.8,2025-09-19
T004217,C00751,P018,Pure Band 18,1,77.85,77.85,2025-08-25
T004218,C00561,P027,Urban Bottle 27,2,58.17,116.34,2025-07-16
T004219,C00378,P012,Essential Bag 12,3,16.46,49.38,2025-03-10
T004220,C00634,P002,Pure Band 02,2,27.3,54.6,2025-11-25
T004221,C00748,P005,Bright Organizer 05,2,85.54,171.08,2025-01-02
T004222,C00324,P008,Modern Serum 08,1,28.33,28.33,2025-01-09
T004223,C00937,P005,Bright Organizer 05,1,82.19,82.19,2025-03-31
T004224,C00545,P012,Essential Bag 12,1,16.8,16.8,2025-02-15
T004225,C00219,P017,Daily Lamp 17,2,42.23,84.46,2025-05-05
T004226,C00348,P005,Bright Organizer 05,1,76.75,76.75,2025-09-14
T004227,C00193,P010,Pure Band 10,1,82.13,82.13,2025-01-02
T004228,C00171,P028,Essential Bag 28,1,84.09,84.09,2025-12-11
T004229,C00085,P016,Modern Serum 16,2,38.92,77.84,2025-07-02
T004230,C00318,P028,Essential Bag 28,2,80.57,161.14,2025-07-31
T004231,C00993,P006,Active Mat 06,1,20.83,20.83,2025-02-16
T004232,C00364,P016,Modern Serum 16,1,37.04,37.04,2025-03-14
T004233,C00548,P025,Daily Lamp 25,1,79.14,79.14,2025-06-12
T004234,C00374,P020,Essential Bag 20,1,56.33,56.33,2025-10-03
T004235,C00898,P019,Urban Bottle 19,1,28.46,28.46,2025-06-25
T004236,C00908,P021,Bright Organizer 21,3,31.89,95.67,2025-12-28
T004237,C00385,P010,Pure Band 10,2,74.26,148.52,2025-10-11
T004238,C00386,P014,Active Mat 14,2,40.81,81.62,2025-02-26
T004239,C00602,P007,Calm Cream 07,1,49.49,49.49,2025-02-19
T004240,C00750,P002,Pure Band 02,1,28.36,28.36,2025-01-22
T004241,C00194,P008,Modern Serum 08,2,23.55,47.1,2025-07-17
T004242,C00106,P022,Active Mat 22,2,86.03,172.06,2025-03-22
T004243,C00782,P026,Pure Band 26,2,89.83,179.66,2025-05-04
T004244,C00528,P010,Pure Band 10,1,79.07,79.07,2025-02-02
T004245,C00303,P023,Calm Cream 23,1,45.33,45.33,2025-02-14
T004246,C00365,P011,Urban Bottle 11,2,32.73,65.46,2025-11-25
T004247,C00195,P002,Pure Band 02,1,27.95,27.95,2025-01-20
T004248,C00688,P022,Active Mat 22,2,86.94,173.88,2025-02-15
T004249,C00370,P019,Urban Bottle 19,1,28.36,28.36,2025-07-28
T004250,C00760,P026,Pure Band 26,1,91.24,91.24,2025-07-28
T004251,C00123,P024,Modern Serum 24,2,69.48,138.96,2025-06-05
T004252,C00417,P028,Essential Bag 28,2,81.06,162.12,2025-03-14
T004253,C00427,P009,Daily Lamp 09,1,22.15,22.15,2025-01-29
T004254,C00024,P013,Bright Organizer 13,1,25.52,25.52,2025-02-22
T004255,C00390,P022,Active Mat 22,1,88.37,88.37,2025-11-25
T004256,C00745,P016,Modern Serum 16,1,40.73,40.73,2025-12-26
T004257,C00415,P016,Modern Serum 16,1,39.83,39.83,2025-03-05
T004258,C00086,P020,Essential Bag 20,1,50.87,50.87,2025-12-18
T004259,C00801,P012,Essential Bag 12,1,16.64,16.64,2025-11-29
T004260,C00542,P006,Active Mat 06,1,21.56,21.56,2025-01-16
T004261,C00764,P001,Daily Lamp 01,1,97.19,97.19,2025-02-14
T004262,C00649,P028,Essential Bag 28,3,82.46,247.38,2025-11-21
T004263,C00565,P019,Urban Bottle 19,1,29.56,29.56,2025-03-09
T004264,C00984,P020,Essential Bag 20,1,50.34,50.34,2025-01-24
T004265,C00506,P023,Calm Cream 23,1,46.58,46.58,2025-11-12
T004266,C00149,P019,Urban Bottle 19,1,30.49,30.49,2025-03-04
T004267,C00340,P021,Bright Organizer 21,1,31.0,31.0,2025-01-23
T004268,C00953,P005,Bright Organizer 05,1,83.57,83.57,2025-12-28
T004269,C00045,P009,Daily Lamp 09,1,21.02,21.02,2025-07-14
T004270,C00014,P013,Bright Organizer 13,1,26.78,26.78,2025-05-15
T004271,C00978,P025,Daily Lamp 25,1,91.77,91.77,2025-08-19
T004272,C00024,P008,Modern Serum 08,1,28.68,28.68,2025-10-24
T004273,C00339,P013,Bright Organizer 13,3,26.7,80.1,2025-09-16
T004274,C00338,P019,Urban Bottle 19,1,28.21,28.21,2025-07-19
T004275,C00504,P016,Modern Serum 16,3,41.56,124.68,2025-10-14
T004276,C00436,P022,Active Mat 22,3,86.33,258.99,2025-06-27
T004277,C00211,P012,Essential Bag 12,3,16.61,49.83,2025-02-07
T004278,C00864,P018,Pure Band 18,2,65.72,131.44,2025-03-12
T004279,C00570,P012,Essential Bag 12,3,16.79,50.37,2025-04-10
T004280,C00772,P014,Active Mat 14,2,39.78,79.56,2025-12-07
T004281,C00522,P001,Daily Lamp 01,1,91.9,91.9,2025-04-20
T004282,C00601,P025,Daily Lamp 25,2,88.37,176.74,2025-09-24
T004283,C00297,P010,Pure Band 10,1,76.22,76.22,2025-10-19
T004284,C00749,P002,Pure Band 02,1,27.75,27.75,2025-10-16
T004285,C00603,P011,Urban Bottle 11,1,35.74,35.74,2025-05-03
T004286,C00058,P025,Daily Lamp 25,1,94.69,94.69,2025-11-24
T004287,C00506,P001,Daily Lamp 01,1,87.67,87.67,2025-07-21
T004288,C00835,P019,Urban Bottle 19,2,30.42,60.84,2025-07-26
T004289,C00706,P020,Essential Bag 20,1,56.09,56.09,2025-07-14
T004290,C00548,P020,Essential Bag 20,2,57.72,115.44,2025-12-06
T004291,C00923,P001,Daily Lamp 01,2,96.04,192.08,2025-10-02
T004292,C00215,P002,Pure Band 02,2,27.74,55.48,2025-07-11
T004293,C00698,P029,Bright Organizer 29,1,81.18,81.18,2025-06-02
T004294,C00019,P019,Urban Bottle 19,1,30.35,30.35,2025-09-15
T004295,C00997,P008,Modern Serum 08,1,28.36,28.36,2025-09-03
T004296,C00151,P003,Urban Bottle 03,1,41.34,41.34,2025-06-21
T004297,C00919,P011,Urban Bottle 11,2,37.92,75.84,2025-06-15
T004298,C00717,P019,Urban Bottle 19,1,29.31,29.31,2025-09-15
T004299,C00991,P021,Bright Organizer 21,2,34.17,68.34,2025-02-14
T004300,C00909,P030,Active Mat 30,1,24.49,24.49,2025-12-17
T004301,C00121,P024,Modern Serum 24,1,70.74,70.74,2025-11-30
T004302,C00628,P012,Essential Bag 12,2,16.62,33.24,2025-05-18
T004303,C00447,P010,Pure Band 10,1,82.08,82.08,2025-11-25
T004304,C00244,P028,Essential Bag 28,1,78.09,78.09,2025-08-07
T004305,C00360,P023,Calm Cream 23,2,44.6,89.2,2025-04-16
T004306,C00858,P002,Pure Band 02,2,27.69,55.38,2025-04-09
T004307,C00159,P005,Bright Organizer 05,1,84.71,84.71,2025-11-24
T004308,C00811,P023,Calm Cream 23,1,45.42,45.42,2025-10-05
T004309,C00421,P017,Daily Lamp 17,1,41.65,41.65,2025-07-15
T004310,C00711,P002,Pure Band 02,1,28.51,28.51,2025-12-02
T004311,C00282,P001,Daily Lamp 01,1,87.46,87.46,2025-01-18
T004312,C00859,P026,Pure Band 26,2,95.97,191.94,2025-02-06
T004313,C00409,P012,Essential Bag 12,2,16.87,33.74,2025-09-27
T004314,C00280,P013,Bright Organizer 13,1,26.44,26.44,2025-05-14
T004315,C00042,P019,Urban Bottle 19,1,27.5,27.5,2025-07-21
T004316,C00649,P022,Active Mat 22,1,84.98,84.98,2025-07-26
T004317,C00405,P028,Essential Bag 28,2,81.56,163.12,2025-04-16
T004318,C00614,P022,Active Mat 22,2,80.73,161.46,2025-02-24
T004319,C00757,P019,Urban Bottle 19,2,28.49,56.98,2025-08-16
T004320,C00175,P030,Active Mat 30,2,21.87,43.74,2025-01-22
T004321,C00859,P020,Essential Bag 20,1,51.5,51.5,2025-11-29
T004322,C00349,P027,Urban Bottle 27,1,57.98,57.98,2025-08-21
T004323,C00427,P008,Modern Serum 08,3,27.94,83.82,2025-04-04
T004324,C00274,P009,Daily Lamp 09,1,22.15,22.15,2025-09-20
T004325,C00852,P015,Calm Cream 15,1,32.19,32.19,2025-01-12
T004326,C00584,P028,Essential Bag 28,1,83.45,83.45,2025-12-23
T004327,C00071,P005,Bright Organizer 05,1,82.01,82.01,2025-07-09
T004328,C00619,P024,Modern Serum 24,1,65.59,65.59,2025-06-07
T004329,C00635,P017,Daily Lamp 17,1,39.35,39.35,2025-05-22
T004330,C00345,P020,Essential Bag 20,1,56.68,56.68,2025-11-26
T004331,C00799,P010,Pure Band 10,2,79.59,159.18,2025-07-14
T004332,C00743,P019,Urban Bottle 19,1,28.54,28.54,2025-06-05
T004333,C00228,P030,Active Mat 30,1,23.59,23.59,2025-06-06
T004334,C00881,P013,Bright Organizer 13,1,23.05,23.05,2025-06-22
T004335,C00273,P024,Modern Serum 24,2,70.14,140.28,2025-10-26
T004336,C00247,P009,Daily Lamp 09,1,22.41,22.41,2025-12-22
T004337,C00128,P030,Active Mat 30,1,24.29,24.29,2025-08-27
T004338,C00259,P014,Active Mat 14,2,39.81,79.62,2025-11-26
T004339,C00247,P020,Essential Bag 20,2,55.62,111.24,2025-05-15
T004340,C00137,P005,Bright Organizer 05,3,84.08,252.24,2025-09-05
T004341,C00261,P003,Urban Bottle 03,1,41.19,41.19,2025-07-25
T004342,C00317,P003,Urban Bottle 03,1,36.79,36.79,2025-09-07
T004343,C00635,P021,Bright Organizer 21,1,30.53,30.53,2025-04-20
T004344,C00358,P017,Daily Lamp 17,2,40.07,80.14,2025-07-10
T004345,C00498,P023,Calm Cream 23,1,46.19,46.19,2025-06-26
T004346,C00670,P013,Bright Organizer 13,1,26.06,26.06,2025-02-20
T004347,C00644,P020,Essential Bag 20,2,54.61,109.22,2025-05-15
T004348,C00806,P029,Bright Organizer 29,1,90.49,90.49,2025-12-02
T004349,C00258,P012,Essential Bag 12,1,14.37,14.37,2025-02-22
T004350,C00261,P023,Calm Cream 23,1,46.0,46.0,2025-02-19
T004351,C00252,P030,Active Mat 30,1,24.05,24.05,2025-12-22
T004352,C00043,P016,Modern Serum 16,1,36.13,36.13,2025-06-24
T004353,C00038,P004,Essential Bag 04,1,19.15,19.15,2025-07-26
T004354,C00080,P014,Active Mat 14,1,41.61,41.61,2025-01-10
T004355,C00449,P023,Calm Cream 23,3,46.1,138.3,2025-02-23
T004356,C00589,P001,Daily Lamp 01,1,89.86,89.86,2025-05-19
T004357,C00321,P010,Pure Band 10,1,71.8,71.8,2025-09-28
T004358,C00593,P025,Daily Lamp 25,1,92.82,92.82,2025-07-06
T004359,C00435,P014,Active Mat 14,1,40.73,40.73,2025-10-27
T004360,C00499,P030,Active Mat 30,1,22.47,22.47,2025-08-08
T004361,C00609,P012,Essential Bag 12,1,16.73,16.73,2025-09-27
T004362,C00220,P008,Modern Serum 08,1,28.72,28.72,2025-10-03
T004363,C00772,P006,Active Mat 06,1,20.68,20.68,2025-02-24
T004364,C00933,P026,Pure Band 26,1,99.1,99.1,2025-08-28
T004365,C00443,P012,Essential Bag 12,1,16.7,16.7,2025-04-27
T004366,C00424,P014,Active Mat 14,2,41.54,83.08,2025-10-18
T004367,C00987,P001,Daily Lamp 01,2,88.95,177.9,2025-09-24
T004368,C00681,P002,Pure Band 02,1,26.99,26.99,2025-01-06
T004369,C00448,P026,Pure Band 26,1,100.27,100.27,2025-11-18
T004370,C00179,P030,Active Mat 30,1,21.69,21.69,2025-09-20
T004371,C00919,P023,Calm Cream 23,2,41.09,82.18,2025-05-02
T004372,C00145,P027,Urban Bottle 27,2,58.53,117.06,2025-02-04
T004373,C00107,P003,Urban Bottle 03,1,40.76,40.76,2025-10-26
T004374,C00078,P008,Modern Serum 08,1,27.6,27.6,2025-03-27
T004375,C00085,P028,Essential Bag 28,1,77.74,77.74,2025-07-13
T004376,C00864,P010,Pure Band 10,1,81.41,81.41,2025-03-17
T004377,C00463,P029,Bright Organizer 29,1,91.26,91.26,2025-06-13
T004378,C00220,P006,Active Mat 06,1,21.32,21.32,2025-12-25
T004379,C00113,P016,Modern Serum 16,2,38.81,77.62,2025-02-09
T004380,C00351,P003,Urban Bottle 03,1,41.67,41.67,2025-12-23
T004381,C00704,P010,Pure Band 10,1,81.14,81.14,2025-01-10
T004382,C00103,P022,Active Mat 22,1,78.42,78.42,2025-10-04
T004383,C00309,P024,Modern Serum 24,1,64.11,64.11,2025-09-20
T004384,C00267,P012,Essential Bag 12,1,16.56,16.56,2025-02-11
T004385,C00535,P007,Calm Cream 07,1,59.43,59.43,2025-12-05
T004386,C00114,P006,Active Mat 06,1,20.99,20.99,2025-02-19
T004387,C00002,P016,Modern Serum 16,2,39.94,79.88,2025-04-11
T004388,C00048,P023,Calm Cream 23,1,46.18,46.18,2025-09-05
T004389,C00112,P029,Bright Organizer 29,1,89.19,89.19,2025-08-11
T004390,C00383,P001,Daily Lamp 01,1,100.05,100.05,2025-11-06
T004391,C00427,P006,Active Mat 06,1,21.37,21.37,2025-11-22
T004392,C00866,P016,Modern Serum 16,1,40.22,40.22,2025-09-26
T004393,C00834,P018,Pure Band 18,1,69.36,69.36,2025-07-19
T004394,C00866,P009,Daily Lamp 09,1,21.95,21.95,2025-07-18
T004395,C00306,P003,Urban Bottle 03,1,40.73,40.73,2025-08-28
T004396,C00771,P007,Calm Cream 07,2,61.43,122.86,2025-12-17
T004397,C00034,P029,Bright Organizer 29,2,87.15,174.3,2025-10-19
T004398,C00306,P004,Essential Bag 04,2,16.37,32.74,2025-04-28
T004399,C00462,P021,Bright Organizer 21,1,35.39,35.39,2025-11-02
T004400,C00588,P003,Urban Bottle 03,1,41.37,41.37,2025-10-14
T004401,C00978,P001,Daily Lamp 01,1,96.29,96.29,2025-08-26
T004402,C00069,P018,Pure Band 18,1,74.99,74.99,2025-05-07
T004403,C00976,P005,Bright Organizer 05,2,81.92,163.84,2025-06-24
T004404,C00753,P028,Essential Bag 28,1,78.43,78.43,2025-10-20
T004405,C00527,P001,Daily Lamp 01,2,85.32,170.64,2025-05-22
T004406,C00559,P007,Calm Cream 07,1,59.47,59.47,2025-07-08
T004407,C00655,P003,Urban Bottle 03,1,42.4,42.4,2025-11-15
T004408,C00872,P003,Urban Bottle 03,1,36.37,36.37,2025-06-17
T004409,C00791,P022,Active Mat 22,1,83.83,83.83,2025-04-22
T004410,C00312,P002,Pure Band 02,2,28.38,56.76,2025-02-11
T004411,C00194,P003,Urban Bottle 03,1,40.75,40.75,2025-05-06
T004412,C00494,P017,Daily Lamp 17,1,43.5,43.5,2025-12-28
T004413,C00465,P003,Urban Bottle 03,3,41.74,125.22,2025-11-05
T004414,C00197,P001,Daily Lamp 01,1,95.3,95.3,2025-01-14
T004415,C00311,P003,Urban Bottle 03,1,36.95,36.95,2025-10-21
T004416,C00096,P029,Bright Organizer 29,1,86.21,86.21,2025-06-18
T004417,C00569,P018,Pure Band 18,1,78.56,78.56,2025-11-20
T004418,C00775,P017,Daily Lamp 17,2,42.02,84.04,2025-03-01
T004419,C00447,P026,Pure Band 26,1,98.13,98.13,2025-12-08
T004420,C00864,P023,Calm Cream 23,1,44.59,44.59,2025-12-02
T004421,C00863,P007,Calm Cream 07,1,58.05,58.05,2025-12-09
T004422,C00234,P007,Calm Cream 07,1,57.03,57.03,2025-01-23
T004423,C00342,P028,Essential Bag 28,4,73.24,292.96,2025-08-20
T004424,C00120,P024,Modern Serum 24,1,69.44,69.44,2025-06-24
T004425,C00601,P009,Daily Lamp 09,2,22.23,44.46,2025-01-23
T004426,C00555,P003,Urban Bottle 03,1,40.5,40.5,2025-03-01
T004427,C00167,P015,Calm Cream 15,1,29.84,29.84,2025-05-29
T004428,C00838,P018,Pure Band 18,2,72.32,144.64,2025-07-04
T004429,C00108,P003,Urban Bottle 03,1,34.6,34.6,2025-03-02
T004430,C00903,P014,Active Mat 14,1,38.39,38.39,2025-06-07
T004431,C00154,P016,Modern Serum 16,2,40.52,81.04,2025-08-25
T004432,C00216,P009,Daily Lamp 09,1,20.04,20.04,2025-10-23
T004433,C00594,P001,Daily Lamp 01,1,81.11,81.11,2025-04-15
T004434,C00760,P013,Bright Organizer 13,2,26.99,53.98,2025-06-28
T004435,C00187,P028,Essential Bag 28,3,79.24,237.72,2025-11-02
T004436,C00532,P004,Essential Bag 04,1,18.75,18.75,2025-04-22
T004437,C00905,P014,Active Mat 14,1,40.86,40.86,2025-08-15
T004438,C00211,P018,Pure Band 18,3,77.95,233.85,2025-12-01
T004439,C00480,P018,Pure Band 18,2,74.55,149.1,2025-09-12
T004440,C00687,P024,Modern Serum 24,1,69.08,69.08,2025-02-05
T004441,C00127,P004,Essential Bag 04,1,19.29,19.29,2025-07-03
T004442,C00417,P017,Daily Lamp 17,3,37.79,113.37,2025-01-17
T004443,C00238,P006,Active Mat 06,3,21.23,63.69,2025-03-25
T004444,C00632,P018,Pure Band 18,1,74.67,74.67,2025-04-21
T004445,C00834,P022,Active Mat 22,1,78.36,78.36,2025-07-25
T004446,C00998,P008,Modern Serum 08,1,25.46,25.46,2025-10-17
T004447,C00671,P004,Essential Bag 04,1,19.07,19.07,2025-06-26
T004448,C00614,P009,Daily Lamp 09,1,21.79,21.79,2025-03-13
T004449,C00034,P024,Modern Serum 24,2,70.01,140.02,2025-01-25
T004450,C00345,P009,Daily Lamp 09,1,19.69,19.69,2025-10-12
T004451,C00985,P018,Pure Band 18,2,73.52,147.04,2025-03-01
T004452,C00171,P011,Urban Bottle 11,3,33.93,101.79,2025-05-12
T004453,C00332,P007,Calm Cream 07,1,56.17,56.17,2025-01-04
T004454,C00374,P010,Pure Band 10,1,81.47,81.47,2025-03-09
T004455,C00564,P016,Modern Serum 16,3,39.82,119.46,2025-08-06
T004456,C00044,P007,Calm Cream 07,1,57.98,57.98,2025-04-03
T004457,C00940,P015,Calm Cream 15,2,32.15,64.3,2025-02-08
T004458,C00574,P012,Essential Bag 12,1,16.8,16.8,2025-06-16
T004459,C00678,P004,Essential Bag 04,2,19.65,39.3,2025-10-23
T004460,C00942,P027,Urban Bottle 27,1,55.83,55.83,2025-03-23
T004461,C00821,P005,Bright Organizer 05,1,82.67,82.67,2025-05-09
T004462,C00838,P004,Essential Bag 04,3,19.29,57.87,2025-10-23
T004463,C00438,P001,Daily Lamp 01,1,96.58,96.58,2025-02-28
T004464,C00483,P001,Daily Lamp 01,1,91.11,91.11,2025-01-04
T004465,C00320,P010,Pure Band 10,1,71.59,71.59,2025-09-07
T004466,C00749,P022,Active Mat 22,2,86.51,173.02,2025-03-23
T004467,C00305,P011,Urban Bottle 11,1,37.85,37.85,2025-07-04
T004468,C00141,P020,Essential Bag 20,1,57.74,57.74,2025-11-14
T004469,C00426,P004,Essential Bag 04,1,18.86,18.86,2025-07-27
T004470,C00365,P005,Bright Organizer 05,2,82.73,165.46,2025-02-20
T004471,C00846,P002,Pure Band 02,2,27.73,55.46,2025-03-29
T004472,C00300,P023,Calm Cream 23,3,42.62,127.86,2025-06-24
T004473,C00991,P012,Essential Bag 12,3,16.83,50.49,2025-10-21
T004474,C00222,P012,Essential Bag 12,2,16.69,33.38,2025-10-12
T004475,C00886,P008,Modern Serum 08,1,27.83,27.83,2025-02-15
T004476,C00498,P003,Urban Bottle 03,2,40.81,81.62,2025-07-25
T004477,C00636,P020,Essential Bag 20,1,56.06,56.06,2025-02-21
T004478,C00443,P015,Calm Cream 15,4,27.24,108.96,2025-10-17
T004479,C00633,P004,Essential Bag 04,1,19.04,19.04,2025-01-15
T004480,C00159,P017,Daily Lamp 17,2,42.1,84.2,2025-10-15
T004481,C00993,P017,Daily Lamp 17,2,37.9,75.8,2025-03-18
T004482,C00773,P015,Calm Cream 15,1,31.83,31.83,2025-04-12
T004483,C00549,P029,Bright Organizer 29,1,89.24,89.24,2025-06-25
T004484,C00080,P013,Bright Organizer 13,1,26.88,26.88,2025-03-05
T004485,C00616,P005,Bright Organizer 05,1,78.33,78.33,2025-05-25
T004486,C00310,P022,Active Mat 22,1,81.01,81.01,2025-08-24
T004487,C00307,P017,Daily Lamp 17,1,41.76,41.76,2025-04-04
T004488,C00134,P011,Urban Bottle 11,1,33.73,33.73,2025-07-17
T004489,C00183,P009,Daily Lamp 09,1,18.85,18.85,2025-02-05
T004490,C00746,P014,Active Mat 14,2,41.34,82.68,2025-08-29
T004491,C00492,P005,Bright Organizer 05,2,84.4,168.8,2025-08-25
T004492,C00645,P027,Urban Bottle 27,2,58.11,116.22,2025-04-12
T004493,C00169,P019,Urban Bottle 19,2,29.8,59.6,2025-09-11
T004494,C00771,P022,Active Mat 22,1,78.13,78.13,2025-07-27
T004495,C00045,P026,Pure Band 26,1,99.98,99.98,2025-11-28
T004496,C00277,P028,Essential Bag 28,1,80.06,80.06,2025-04-26
T004497,C00596,P027,Urban Bottle 27,3,59.39,178.17,2025-08-30
T004498,C00294,P001,Daily Lamp 01,1,92.56,92.56,2025-10-18
T004499,C00426,P004,Essential Bag 04,2,19.49,38.98,2025-09-02
T004500,C00854,P004,Essential Bag 04,1,19.96,19.96,2025-12-22
T004501,C00423,P024,Modern Serum 24,1,68.03,68.03,2025-04-24
T004502,C00946,P026,Pure Band 26,3,87.11,261.33,2025-05-18
T004503,C00478,P007,Calm Cream 07,3,58.89,176.67,2025-03-17
T004504,C00406,P010,Pure Band 10,1,80.9,80.9,2025-04-04
T004505,C00586,P029,Bright Organizer 29,1,88.81,88.81,2025-08-04
T004506,C00129,P028,Essential Bag 28,2,80.72,161.44,2025-05-17
T004507,C00755,P008,Modern Serum 08,2,28.45,56.9,2025-09-28
T004508,C00249,P026,Pure Band 26,3,98.26,294.78,2025-11-23
T004509,C00701,P013,Bright Organizer 13,1,25.98,25.98,2025-08-02
T004510,C00362,P007,Calm Cream 07,1,55.54,55.54,2025-02-12
T004511,C00760,P009,Daily Lamp 09,2,21.63,43.26,2025-03-25
T004512,C00737,P006,Active Mat 06,1,20.78,20.78,2025-01-22
T004513,C00057,P013,Bright Organizer 13,2,28.01,56.02,2025-11-22
T004514,C00320,P009,Daily Lamp 09,1,22.68,22.68,2025-11-27
T004515,C00333,P010,Pure Band 10,1,83.14,83.14,2025-12-28
T004516,C00657,P007,Calm Cream 07,1,58.05,58.05,2025-04-01
T004517,C00768,P002,Pure Band 02,1,24.47,24.47,2025-12-28
T004518,C00969,P018,Pure Band 18,1,75.28,75.28,2025-05-18
T004519,C00410,P018,Pure Band 18,1,70.37,70.37,2025-10-22
T004520,C00605,P027,Urban Bottle 27,2,56.09,112.18,2025-12-10
T004521,C00572,P022,Active Mat 22,1,87.12,87.12,2025-08-29
T004522,C00101,P027,Urban Bottle 27,1,52.55,52.55,2025-09-19
T004523,C00255,P019,Urban Bottle 19,2,29.55,59.1,2025-06-24
T004524,C00434,P010,Pure Band 10,2,80.44,160.88,2025-04-28
T004525,C00023,P020,Essential Bag 20,1,55.89,55.89,2025-05-10
T004526,C00057,P007,Calm Cream 07,1,57.94,57.94,2025-03-22
T004527,C00129,P007,Calm Cream 07,1,58.3,58.3,2025-01-25
T004528,C00092,P011,Urban Bottle 11,1,38.67,38.67,2025-12-29
T004529,C00979,P029,Bright Organizer 29,1,85.89,85.89,2025-10-28
T004530,C00917,P020,Essential Bag 20,1,55.02,55.02,2025-03-19
T004531,C00073,P003,Urban Bottle 03,1,40.37,40.37,2025-06-06
T004532,C00135,P010,Pure Band 10,1,77.57,77.57,2025-02-14
T004533,C00078,P018,Pure Band 18,2,74.08,148.16,2025-09-22
T004534,C00926,P001,Daily Lamp 01,2,96.82,193.64,2025-06-26
T004535,C00985,P008,Modern Serum 08,2,29.01,58.02,2025-11-09
T004536,C00113,P010,Pure Band 10,1,76.12,76.12,2025-08-29
T004537,C00916,P028,Essential Bag 28,1,83.19,83.19,2025-03-04
T004538,C00666,P004,Essential Bag 04,1,19.94,19.94,2025-11-20
T004539,C00124,P023,Calm Cream 23,1,41.41,41.41,2025-08-09
T004540,C00673,P011,Urban Bottle 11,3,38.0,114.0,2025-10-02
T004541,C00895,P024,Modern Serum 24,1,62.64,62.64,2025-01-05
T004542,C00158,P002,Pure Band 02,1,27.7,27.7,2025-05-29
T004543,C00684,P020,Essential Bag 20,1,54.46,54.46,2025-07-03
T004544,C00703,P007,Calm Cream 07,3,59.87,179.61,2025-04-08
T004545,C00764,P024,Modern Serum 24,1,71.12,71.12,2025-01-22
T004546,C00751,P003,Urban Bottle 03,1,40.29,40.29,2025-08-02
T004547,C00538,P016,Modern Serum 16,1,40.09,40.09,2025-09-20
T004548,C00673,P004,Essential Bag 04,3,18.92,56.76,2025-07-20
T004549,C00485,P022,Active Mat 22,2,87.31,174.62,2025-09-18
T004550,C00955,P013,Bright Organizer 13,1,22.98,22.98,2025-06-30
T004551,C00606,P012,Essential Bag 12,4,16.36,65.44,2025-12-05
T004552,C00390,P015,Calm Cream 15,1,31.93,31.93,2025-03-24
T004553,C00161,P026,Pure Band 26,2,81.5,163.0,2025-09-07
T004554,C00967,P027,Urban Bottle 27,1,59.72,59.72,2025-12-09
T004555,C00431,P009,Daily Lamp 09,1,21.99,21.99,2025-06-30
T004556,C00983,P016,Modern Serum 16,1,40.65,40.65,2025-01-15
T004557,C00779,P018,Pure Band 18,1,76.05,76.05,2025-09-24
T004558,C00355,P030,Active Mat 30,1,23.54,23.54,2025-05-11
T004559,C00267,P012,Essential Bag 12,1,16.81,16.81,2025-02-10
T004560,C00528,P023,Calm Cream 23,1,46.11,46.11,2025-09-27
T004561,C00915,P003,Urban Bottle 03,1,40.35,40.35,2025-09-09
T004562,C00623,P025,Daily Lamp 25,2,93.28,186.56,2025-12-09
T004563,C00516,P002,Pure Band 02,1,28.0,28.0,2025-02-15
T004564,C00017,P023,Calm Cream 23,1,46.28,46.28,2025-03-17
T004565,C00340,P024,Modern Serum 24,1,66.84,66.84,2025-08-08
T004566,C00814,P007,Calm Cream 07,1,59.54,59.54,2025-09-04
T004567,C00493,P003,Urban Bottle 03,2,36.53,73.06,2025-10-13
T004568,C00561,P015,Calm Cream 15,1,27.77,27.77,2025-05-25
T004569,C00059,P004,Essential Bag 04,1,18.55,18.55,2025-12-07
T004570,C00674,P002,Pure Band 02,1,27.52,27.52,2025-01-13
T004571,C00682,P017,Daily Lamp 17,3,38.21,114.63,2025-01-19
T004572,C00412,P019,Urban Bottle 19,1,29.83,29.83,2025-09-11
T004573,C00100,P012,Essential Bag 12,1,16.13,16.13,2025-07-13
T004574,C00539,P007,Calm Cream 07,1,58.96,58.96,2025-05-08
T004575,C00229,P010,Pure Band 10,1,78.78,78.78,2025-05-30
T004576,C00504,P022,Active Mat 22,2,87.76,175.52,2025-01-10
T004577,C00985,P020,Essential Bag 20,1,56.73,56.73,2025-10-17
T004578,C00525,P019,Urban Bottle 19,1,29.97,29.97,2025-03-20
T004579,C00161,P005,Bright Organizer 05,1,79.65,79.65,2025-07-13
T004580,C00005,P005,Bright Organizer 05,1,85.17,85.17,2025-01-29
T004581,C00040,P012,Essential Bag 12,2,16.95,33.9,2025-05-27
T004582,C00189,P011,Urban Bottle 11,2,38.27,76.54,2025-02-22
T004583,C00105,P028,Essential Bag 28,2,82.44,164.88,2025-05-15
T004584,C00345,P002,Pure Band 02,1,28.11,28.11,2025-01-07
T004585,C00871,P005,Bright Organizer 05,1,83.64,83.64,2025-02-28
T004586,C00498,P020,Essential Bag 20,1,55.86,55.86,2025-05-22
T004587,C00085,P010,Pure Band 10,1,81.31,81.31,2025-08-02
T004588,C00311,P009,Daily Lamp 09,1,22.15,22.15,2025-05-25
T004589,C00569,P005,Bright Organizer 05,1,75.8,75.8,2025-12-22
T004590,C00251,P027,Urban Bottle 27,1,58.36,58.36,2025-02-06
T004591,C00966,P003,Urban Bottle 03,2,40.59,81.18,2025-04-26
T004592,C00157,P012,Essential Bag 12,1,16.91,16.91,2025-12-23
T004593,C00807,P004,Essential Bag 04,2,19.03,38.06,2025-05-15
T004594,C00088,P001,Daily Lamp 01,1,90.04,90.04,2025-07-16
T004595,C00582,P026,Pure Band 26,1,97.79,97.79,2025-09-14
T004596,C00129,P023,Calm Cream 23,2,46.94,93.88,2025-11-12
T004597,C00147,P027,Urban Bottle 27,2,60.03,120.06,2025-11-03
T004598,C00297,P002,Pure Band 02,1,27.46,27.46,2025-04-19
T004599,C00774,P002,Pure Band 02,1,25.44,25.44,2025-04-12
T004600,C00649,P003,Urban Bottle 03,1,35.64,35.64,2025-10-15
T004601,C00721,P007,Calm Cream 07,1,61.29,61.29,2025-12-24
T004602,C00003,P010,Pure Band 10,1,81.63,81.63,2025-12-09
T004603,C00763,P008,Modern Serum 08,1,24.04,24.04,2025-10-21
T004604,C00304,P020,Essential Bag 20,1,54.61,54.61,2025-02-21
T004605,C00108,P008,Modern Serum 08,2,26.43,52.86,2025-04-12
T004606,C00486,P004,Essential Bag 04,2,19.25,38.5,2025-06-11
T004607,C00615,P008,Modern Serum 08,1,26.34,26.34,2025-08-30
T004608,C00879,P030,Active Mat 30,1,23.71,23.71,2025-04-20
T004609,C00944,P029,Bright Organizer 29,1,91.34,91.34,2025-11-11
T004610,C00110,P022,Active Mat 22,1,74.73,74.73,2025-11-08
T004611,C00191,P025,Daily Lamp 25,1,90.25,90.25,2025-02-15
T004612,C00018,P007,Calm Cream 07,1,55.82,55.82,2025-07-17
T004613,C00720,P020,Essential Bag 20,1,56.72,56.72,2025-02-03
T004614,C00090,P021,Bright Organizer 21,1,33.91,33.91,2025-05-04
T004615,C00660,P010,Pure Band 10,1,79.61,79.61,2025-07-27
T004616,C00039,P012,Essential Bag 12,1,16.78,16.78,2025-07-22
T004617,C00410,P014,Active Mat 14,1,41.59,41.59,2025-09-24
T004618,C00598,P025,Daily Lamp 25,1,94.17,94.17,2025-11-22
T004619,C00013,P027,Urban Bottle 27,1,54.84,54.84,2025-08-28
T004620,C00944,P027,Urban Bottle 27,2,57.75,115.5,2025-01-28
T004621,C00973,P029,Bright Organizer 29,2,90.15,180.3,2025-09-06
T004622,C00610,P006,Active Mat 06,1,17.48,17.48,2025-06-08
T004623,C00106,P003,Urban Bottle 03,3,41.3,123.9,2025-09-28
T004624,C00853,P002,Pure Band 02,1,27.56,27.56,2025-08-05
T004625,C00275,P009,Daily Lamp 09,1,18.5,18.5,2025-02-17
T004626,C00434,P014,Active Mat 14,1,41.5,41.5,2025-10-31
T004627,C00680,P017,Daily Lamp 17,1,39.54,39.54,2025-06-05
T004628,C00235,P017,Daily Lamp 17,1,39.1,39.1,2025-03-24
T004629,C00745,P007,Calm Cream 07,1,59.83,59.83,2025-04-19
T004630,C00319,P019,Urban Bottle 19,2,30.02,60.04,2025-01-29
T004631,C00357,P006,Active Mat 06,1,21.28,21.28,2025-07-26
T004632,C00664,P026,Pure Band 26,1,81.79,81.79,2025-09-02
T004633,C00890,P009,Daily Lamp 09,1,19.71,19.71,2025-10-18
T004634,C00735,P023,Calm Cream 23,3,46.37,139.11,2025-09-11
T004635,C00843,P011,Urban Bottle 11,1,35.13,35.13,2025-10-14
T004636,C00856,P019,Urban Bottle 19,2,29.72,59.44,2025-05-05
T004637,C00680,P003,Urban Bottle 03,2,35.47,70.94,2025-08-21
T004638,C00591,P006,Active Mat 06,1,20.22,20.22,2025-05-21
T004639,C00451,P028,Essential Bag 28,1,81.94,81.94,2025-07-19
T004640,C00490,P027,Urban Bottle 27,2,57.66,115.32,2025-02-21
T004641,C00398,P004,Essential Bag 04,1,18.3,18.3,2025-03-04
T004642,C00193,P028,Essential Bag 28,1,83.06,83.06,2025-11-10
T004643,C00840,P018,Pure Band 18,1,74.92,74.92,2025-04-17
T004644,C00679,P030,Active Mat 30,2,23.13,46.26,2025-06-01
T004645,C00614,P023,Calm Cream 23,1,45.64,45.64,2025-04-29
T004646,C00742,P017,Daily Lamp 17,1,35.93,35.93,2025-02-20
T004647,C00371,P010,Pure Band 10,1,70.6,70.6,2025-03-19
T004648,C00637,P028,Essential Bag 28,1,80.81,80.81,2025-01-13
T004649,C00803,P029,Bright Organizer 29,2,91.28,182.56,2025-02-11
T004650,C00838,P010,Pure Band 10,1,80.54,80.54,2025-02-12
T004651,C00576,P008,Modern Serum 08,1,26.68,26.68,2025-04-09
T004652,C00084,P004,Essential Bag 04,1,19.04,19.04,2025-09-21
T004653,C00525,P004,Essential Bag 04,2,19.27,38.54,2025-10-12
T004654,C00853,P018,Pure Band 18,1,73.95,73.95,2025-07-12
T004655,C00840,P017,Daily Lamp 17,1,43.26,43.26,2025-12-29
T004656,C00076,P002,Pure Band 02,1,27.69,27.69,2025-04-22
T004657,C00972,P019,Urban Bottle 19,1,30.69,30.69,2025-08-27
T004658,C00993,P010,Pure Band 10,1,78.74,78.74,2025-07-05
T004659,C00791,P030,Active Mat 30,1,21.0,21.0,2025-02-06
T004660,C00769,P003,Urban Bottle 03,2,40.21,80.42,2025-04-20
T004661,C00394,P002,Pure Band 02,1,23.58,23.58,2025-09-04
T004662,C00160,P006,Active Mat 06,1,21.3,21.3,2025-01-15
T004663,C00245,P013,Bright Organizer 13,1,24.97,24.97,2025-11-08
T004664,C00424,P026,Pure Band 26,1,96.02,96.02,2025-02-03
T004665,C00801,P018,Pure Band 18,1,75.28,75.28,2025-04-26
T004666,C00352,P004,Essential Bag 04,2,19.43,38.86,2025-04-02
T004667,C00825,P014,Active Mat 14,1,40.95,40.95,2025-07-25
T004668,C00598,P008,Modern Serum 08,2,28.63,57.26,2025-08-25
T004669,C00959,P006,Active Mat 06,1,21.2,21.2,2025-03-26
T004670,C00309,P021,Bright Organizer 21,1,29.13,29.13,2025-05-13
T004671,C00440,P024,Modern Serum 24,2,70.14,140.28,2025-11-19
T004672,C00077,P010,Pure Band 10,3,79.82,239.46,2025-03-01
T004673,C00620,P022,Active Mat 22,1,85.96,85.96,2025-01-13
T004674,C00325,P022,Active Mat 22,1,85.81,85.81,2025-06-20
T004675,C00932,P012,Essential Bag 12,2,16.37,32.74,2025-11-24
T004676,C00054,P005,Bright Organizer 05,1,84.3,84.3,2025-11-09
T004677,C00978,P012,Essential Bag 12,1,16.65,16.65,2025-05-17
T004678,C00405,P023,Calm Cream 23,1,45.59,45.59,2025-07-23
T004679,C00549,P025,Daily Lamp 25,1,92.78,92.78,2025-02-07
T004680,C00582,P029,Bright Organizer 29,1,91.08,91.08,2025-10-29
T004681,C00201,P018,Pure Band 18,1,77.68,77.68,2025-10-20
T004682,C00070,P017,Daily Lamp 17,1,42.34,42.34,2025-06-27
T004683,C00699,P003,Urban Bottle 03,1,39.26,39.26,2025-05-18
T004684,C00013,P007,Calm Cream 07,1,59.09,59.09,2025-08-22
T004685,C00475,P027,Urban Bottle 27,1,60.93,60.93,2025-12-01
T004686,C00748,P026,Pure Band 26,1,94.28,94.28,2025-05-30
T004687,C00371,P012,Essential Bag 12,1,16.06,16.06,2025-01-22
T004688,C00592,P029,Bright Organizer 29,1,76.64,76.64,2025-03-16
T004689,C00478,P007,Calm Cream 07,2,54.34,108.68,2025-09-19
T004690,C00910,P014,Active Mat 14,2,40.29,80.58,2025-01-21
T004691,C00452,P007,Calm Cream 07,1,61.55,61.55,2025-11-22
T004692,C00358,P005,Bright Organizer 05,1,82.9,82.9,2025-10-06
T004693,C00866,P001,Daily Lamp 01,1,95.87,95.87,2025-08-18
T004694,C00072,P013,Bright Organizer 13,2,27.8,55.6,2025-12-11
T004695,C00645,P012,Essential Bag 12,1,16.87,16.87,2025-04-18
T004696,C00340,P003,Urban Bottle 03,2,40.45,80.9,2025-06-30
T004697,C00034,P016,Modern Serum 16,1,38.96,38.96,2025-02-11
T004698,C00132,P004,Essential Bag 04,2,19.25,38.5,2025-12-30
T004699,C00429,P001,Daily Lamp 01,1,95.18,95.18,2025-04-18
T004700,C00764,P020,Essential Bag 20,1,51.94,51.94,2025-03-20
T004701,C00700,P005,Bright Organizer 05,2,84.64,169.28,2025-05-20
T004702,C00827,P006,Active Mat 06,1,21.04,21.04,2025-06-19
T004703,C00031,P027,Urban Bottle 27,1,58.91,58.91,2025-10-14
T004704,C00433,P026,Pure Band 26,2,97.87,195.74,2025-03-05
T004705,C00745,P021,Bright Organizer 21,1,33.6,33.6,2025-08-30
T004706,C00286,P028,Essential Bag 28,1,80.35,80.35,2025-07-11
T004707,C00271,P018,Pure Band 18,1,72.11,72.11,2025-07-20
T004708,C00566,P001,Daily Lamp 01,1,95.98,95.98,2025-06-19
T004709,C00147,P018,Pure Band 18,1,72.39,72.39,2025-06-03
T004710,C00133,P009,Daily Lamp 09,1,22.4,22.4,2025-10-28
T004711,C00625,P029,Bright Organizer 29,1,93.03,93.03,2025-12-01
T004712,C00749,P023,Calm Cream 23,1,44.98,44.98,2025-02-20
T004713,C00382,P005,Bright Organizer 05,1,83.69,83.69,2025-06-19
T004714,C00958,P002,Pure Band 02,1,28.71,28.71,2025-10-10
T004715,C00456,P020,Essential Bag 20,1,51.64,51.64,2025-11-28
T004716,C00872,P022,Active Mat 22,1,88.8,88.8,2025-12-25
T004717,C00204,P018,Pure Band 18,1,77.06,77.06,2025-12-13
T004718,C00795,P005,Bright Organizer 05,1,82.94,82.94,2025-06-18
T004719,C00475,P014,Active Mat 14,1,40.41,40.41,2025-04-03
T004720,C00085,P030,Active Mat 30,1,24.03,24.03,2025-04-24
T004721,C00261,P028,Essential Bag 28,1,75.25,75.25,2025-01-11
T004722,C00008,P022,Active Mat 22,1,86.36,86.36,2025-09-17
T004723,C00819,P027,Urban Bottle 27,2,54.94,109.88,2025-02-04
T004724,C00915,P007,Calm Cream 07,3,61.02,183.06,2025-11-08
T004725,C00677,P023,Calm Cream 23,1,45.0,45.0,2025-06-01
T004726,C00578,P012,Essential Bag 12,1,16.84,16.84,2025-06-30
T004727,C00110,P021,Bright Organizer 21,2,29.35,58.7,2025-02-15
T004728,C00019,P022,Active Mat 22,2,86.57,173.14,2025-04-25
T004729,C00896,P007,Calm Cream 07,2,55.48,110.96,2025-08-15
T004730,C00001,P017,Daily Lamp 17,3,38.59,115.77,2025-07-19
T004731,C00476,P028,Essential Bag 28,1,79.76,79.76,2025-10-20
T004732,C00951,P029,Bright Organizer 29,1,86.6,86.6,2025-12-04
T004733,C00535,P018,Pure Band 18,1,78.17,78.17,2025-12-30
T004734,C00470,P013,Bright Organizer 13,2,26.82,53.64,2025-05-20
T004735,C00910,P016,Modern Serum 16,1,41.26,41.26,2025-10-23
T004736,C00288,P012,Essential Bag 12,1,16.77,16.77,2025-09-11
T004737,C00619,P024,Modern Serum 24,1,64.22,64.22,2025-10-20
T004738,C00478,P003,Urban Bottle 03,2,40.56,81.12,2025-03-06
T004739,C00935,P024,Modern Serum 24,2,70.42,140.84,2025-01-25
T004740,C00904,P016,Modern Serum 16,1,38.88,38.88,2025-10-04
T004741,C00987,P029,Bright Organizer 29,2,92.34,184.68,2025-11-26
T004742,C00560,P024,Modern Serum 24,1,69.82,69.82,2025-02-23
T004743,C00714,P007,Calm Cream 07,2,52.19,104.38,2025-07-22
T004744,C00482,P007,Calm Cream 07,1,60.75,60.75,2025-01-03
T004745,C00844,P009,Daily Lamp 09,1,22.72,22.72,2025-12-01
T004746,C00259,P027,Urban Bottle 27,1,60.96,60.96,2025-12-04
T004747,C00413,P018,Pure Band 18,2,72.01,144.02,2025-08-20
T004748,C00790,P028,Essential Bag 28,1,84.59,84.59,2025-11-24
T004749,C00582,P003,Urban Bottle 03,1,36.95,36.95,2025-07-01
T004750,C00350,P018,Pure Band 18,3,76.43,229.29,2025-05-08
T004751,C00978,P019,Urban Bottle 19,2,29.38,58.76,2025-06-18
T004752,C00721,P024,Modern Serum 24,3,72.27,216.81,2025-11-07
T004753,C00520,P024,Modern Serum 24,3,69.68,209.04,2025-08-19
T004754,C00074,P012,Essential Bag 12,1,14.28,14.28,2025-10-10
T004755,C00694,P002,Pure Band 02,2,25.86,51.72,2025-06-06
T004756,C00668,P021,Bright Organizer 21,2,30.74,61.48,2025-08-15
T004757,C00097,P027,Urban Bottle 27,1,52.25,52.25,2025-07-18
T004758,C00658,P019,Urban Bottle 19,1,30.09,30.09,2025-01-14
T004759,C00153,P006,Active Mat 06,2,20.81,41.62,2025-03-22
T004760,C00926,P006,Active Mat 06,1,20.62,20.62,2025-05-01
T004761,C00342,P021,Bright Organizer 21,1,33.88,33.88,2025-10-11
T004762,C00953,P025,Daily Lamp 25,2,90.49,180.98,2025-03-12
T004763,C00322,P022,Active Mat 22,2,80.01,160.02,2025-05-02
T004764,C00160,P008,Modern Serum 08,1,28.75,28.75,2025-08-19
T004765,C00275,P015,Calm Cream 15,1,31.43,31.43,2025-05-06
T004766,C00600,P007,Calm Cream 07,1,59.95,59.95,2025-01-18
T004767,C00936,P030,Active Mat 30,1,23.82,23.82,2025-01-22
T004768,C00200,P013,Bright Organizer 13,1,24.63,24.63,2025-02-07
T004769,C00281,P025,Daily Lamp 25,2,91.71,183.42,2025-10-16
T004770,C00578,P007,Calm Cream 07,1,60.1,60.1,2025-10-10
T004771,C00694,P023,Calm Cream 23,2,40.99,81.98,2025-09-02
T004772,C00753,P012,Essential Bag 12,2,16.64,33.28,2025-08-13
T004773,C00665,P007,Calm Cream 07,2,59.49,118.98,2025-10-05
T004774,C00430,P017,Daily Lamp 17,1,40.46,40.46,2025-05-26
T004775,C00379,P010,Pure Band 10,3,78.54,235.62,2025-07-09
T004776,C00218,P022,Active Mat 22,1,85.53,85.53,2025-07-28
T004777,C00621,P025,Daily Lamp 25,1,87.29,87.29,2025-10-03
T004778,C00500,P013,Bright Organizer 13,4,27.03,108.12,2025-03-12
T004779,C00695,P025,Daily Lamp 25,1,92.09,92.09,2025-05-15
T004780,C00410,P017,Daily Lamp 17,2,36.04,72.08,2025-05-06
T004781,C00912,P028,Essential Bag 28,1,72.84,72.84,2025-08-06
T004782,C00578,P014,Active Mat 14,3,38.7,116.1,2025-02-01
T004783,C00792,P019,Urban Bottle 19,1,27.13,27.13,2025-08-23
T004784,C00980,P010,Pure Band 10,1,79.42,79.42,2025-02-04
T004785,C00259,P010,Pure Band 10,1,79.58,79.58,2025-04-17
T004786,C00935,P004,Essential Bag 04,1,19.26,19.26,2025-03-25
T004787,C00244,P024,Modern Serum 24,2,71.49,142.98,2025-12-18
T004788,C00759,P018,Pure Band 18,1,77.23,77.23,2025-02-07
T004789,C00116,P001,Daily Lamp 01,1,94.55,94.55,2025-03-17
T004790,C00942,P013,Bright Organizer 13,2,23.81,47.62,2025-03-30
T004791,C00524,P007,Calm Cream 07,1,55.33,55.33,2025-03-16
T004792,C00324,P009,Daily Lamp 09,1,21.99,21.99,2025-01-28
T004793,C00809,P005,Bright Organizer 05,1,83.5,83.5,2025-08-16
T004794,C00163,P022,Active Mat 22,1,81.75,81.75,2025-03-19
T004795,C00172,P013,Bright Organizer 13,1,26.81,26.81,2025-02-10
T004796,C00721,P013,Bright Organizer 13,1,27.28,27.28,2025-08-01
T004797,C00503,P012,Essential Bag 12,2,16.84,33.68,2025-05-19
T004798,C00663,P013,Bright Organizer 13,2,26.79,53.58,2025-01-10
T004799,C00264,P028,Essential Bag 28,4,83.58,334.32,2025-11-18
T004800,C00564,P014,Active Mat 14,1,41.61,41.61,2025-08-20
T004801,C00015,P014,Active Mat 14,2,38.13,76.26,2025-05-14
T004802,C00491,P014,Active Mat 14,2,40.46,80.92,2025-06-12
T004803,C00927,P019,Urban Bottle 19,1,30.47,30.47,2025-03-14
T004804,C00314,P005,Bright Organizer 05,1,78.99,78.99,2025-10-07
T004805,C00916,P012,Essential Bag 12,2,16.09,32.18,2025-03-17
T004806,C00123,P013,Bright Organizer 13,1,26.8,26.8,2025-05-12
T004807,C00529,P029,Bright Organizer 29,1,93.09,93.09,2025-11-27
T004808,C00528,P001,Daily Lamp 01,1,94.26,94.26,2025-10-05
T004809,C00388,P009,Daily Lamp 09,1,19.95,19.95,2025-07-25
T004810,C00066,P005,Bright Organizer 05,1,84.18,84.18,2025-11-22
T004811,C00780,P024,Modern Serum 24,1,68.91,68.91,2025-03-31
T004812,C00689,P021,Bright Organizer 21,1,33.37,33.37,2025-07-11
T004813,C00619,P003,Urban Bottle 03,1,39.28,39.28,2025-10-23
T004814,C00451,P001,Daily Lamp 01,2,98.07,196.14,2025-09-25
T004815,C00410,P015,Calm Cream 15,2,31.58,63.16,2025-12-17
T004816,C00665,P003,Urban Bottle 03,3,40.67,122.01,2025-08-28
T004817,C00232,P007,Calm Cream 07,4,59.35,237.4,2025-05-26
T004818,C00389,P014,Active Mat 14,1,37.42,37.42,2025-11-02
T004819,C00055,P010,Pure Band 10,1,82.99,82.99,2025-12-09
T004820,C00053,P021,Bright Organizer 21,1,34.43,34.43,2025-01-01
T004821,C00029,P023,Calm Cream 23,1,45.19,45.19,2025-07-05
T004822,C00579,P015,Calm Cream 15,1,27.87,27.87,2025-05-28
T004823,C00633,P005,Bright Organizer 05,1,71.58,71.58,2025-12-16
T004824,C00374,P028,Essential Bag 28,2,82.75,165.5,2025-08-29
T004825,C00710,P020,Essential Bag 20,2,56.16,112.32,2025-12-12
T004826,C00433,P010,Pure Band 10,2,70.4,140.8,2025-11-03
T004827,C00852,P024,Modern Serum 24,1,69.66,69.66,2025-05-11
T004828,C00782,P023,Calm Cream 23,1,46.24,46.24,2025-11-12
T004829,C00292,P004,Essential Bag 04,2,19.07,38.14,2025-07-27
T004830,C00872,P011,Urban Bottle 11,2,32.57,65.14,2025-12-15
T004831,C00786,P007,Calm Cream 07,1,61.16,61.16,2025-11-10
T004832,C00790,P024,Modern Serum 24,1,69.31,69.31,2025-10-21
T004833,C00923,P012,Essential Bag 12,3,15.36,46.08,2025-12-13
T004834,C00786,P003,Urban Bottle 03,2,41.37,82.74,2025-09-12
T004835,C00534,P009,Daily Lamp 09,2,21.44,42.88,2025-07-05
T004836,C00603,P019,Urban Bottle 19,1,30.24,30.24,2025-05-20
T004837,C00516,P012,Essential Bag 12,1,16.65,16.65,2025-06-22
T004838,C00272,P010,Pure Band 10,1,79.41,79.41,2025-05-11
T004839,C00265,P012,Essential Bag 12,1,16.7,16.7,2025-04-04
T004840,C00112,P003,Urban Bottle 03,1,38.51,38.51,2025-10-30
T004841,C00531,P012,Essential Bag 12,2,17.19,34.38,2025-12-25
T004842,C00694,P013,Bright Organizer 13,1,27.55,27.55,2025-07-30
T004843,C00611,P007,Calm Cream 07,1,59.65,59.65,2025-06-14
T004844,C00121,P016,Modern Serum 16,1,38.45,38.45,2025-07-30
T004845,C00204,P020,Essential Bag 20,1,50.04,50.04,2025-12-22
T004846,C00906,P005,Bright Organizer 05,1,82.78,82.78,2025-01-21
T004847,C00992,P029,Bright Organizer 29,2,91.73,183.46,2025-11-12
T004848,C00304,P017,Daily Lamp 17,1,42.55,42.55,2025-06-19
T004849,C00944,P025,Daily Lamp 25,2,86.69,173.38,2025-09-05
T004850,C00875,P024,Modern Serum 24,1,58.78,58.78,2025-02-02
T004851,C00287,P014,Active Mat 14,1,41.31,41.31,2025-10-04
T004852,C00982,P003,Urban Bottle 03,2,37.16,74.32,2025-08-22
T004853,C00083,P008,Modern Serum 08,1,27.78,27.78,2025-04-03
T004854,C00829,P008,Modern Serum 08,2,28.67,57.34,2025-01-25
T004855,C00457,P027,Urban Bottle 27,2,58.65,117.3,2025-08-05
T004856,C00634,P014,Active Mat 14,4,42.44,169.76,2025-11-29
T004857,C00301,P008,Modern Serum 08,1,25.44,25.44,2025-06-19
T004858,C00242,P008,Modern Serum 08,1,28.73,28.73,2025-02-05
T004859,C00709,P030,Active Mat 30,1,21.17,21.17,2025-10-25
T004860,C00986,P018,Pure Band 18,1,76.75,76.75,2025-06-18
T004861,C00716,P018,Pure Band 18,1,69.19,69.19,2025-02-02
T004862,C00114,P005,Bright Organizer 05,1,70.81,70.81,2025-01-14
T004863,C00491,P019,Urban Bottle 19,1,28.2,28.2,2025-05-31
T004864,C00944,P027,Urban Bottle 27,4,59.17,236.68,2025-03-02
T004865,C00723,P004,Essential Bag 04,3,16.96,50.88,2025-03-11
T004866,C00029,P020,Essential Bag 20,1,54.8,54.8,2025-08-27
T004867,C00992,P007,Calm Cream 07,1,57.99,57.99,2025-06-11
T004868,C00946,P009,Daily Lamp 09,1,22.32,22.32,2025-11-22
T004869,C00181,P025,Daily Lamp 25,3,90.75,272.25,2025-12-12
T004870,C00550,P013,Bright Organizer 13,2,27.01,54.02,2025-02-04
T004871,C00429,P006,Active Mat 06,1,19.66,19.66,2025-06-30
T004872,C00215,P017,Daily Lamp 17,1,41.67,41.67,2025-02-09
T004873,C00553,P024,Modern Serum 24,1,68.92,68.92,2025-09-07
T004874,C00904,P009,Daily Lamp 09,1,22.33,22.33,2025-12-23
T004875,C00238,P011,Urban Bottle 11,1,33.49,33.49,2025-07-12
T004876,C00170,P019,Urban Bottle 19,1,30.03,30.03,2025-01-15
T004877,C00961,P005,Bright Organizer 05,1,79.15,79.15,2025-02-08
T004878,C00043,P028,Essential Bag 28,1,69.68,69.68,2025-10-27
T004879,C00945,P023,Calm Cream 23,1,46.16,46.16,2025-10-29
T004880,C00710,P026,Pure Band 26,4,94.58,378.32,2025-03-22
T004881,C00046,P007,Calm Cream 07,1,52.36,52.36,2025-03-20
T004882,C00554,P017,Daily Lamp 17,2,43.51,87.02,2025-11-12
T004883,C00215,P023,Calm Cream 23,3,45.26,135.78,2025-03-27
T004884,C00536,P013,Bright Organizer 13,1,26.04,26.04,2025-07-15
T004885,C00559,P012,Essential Bag 12,1,17.04,17.04,2025-09-04
T004886,C00191,P014,Active Mat 14,1,39.32,39.32,2025-06-23
T004887,C00154,P001,Daily Lamp 01,4,96.05,384.2,2025-05-05
T004888,C00449,P029,Bright Organizer 29,3,88.5,265.5,2025-05-18
T004889,C00234,P025,Daily Lamp 25,1,94.04,94.04,2025-10-02
T004890,C00722,P011,Urban Bottle 11,1,34.45,34.45,2025-11-22
T004891,C00133,P026,Pure Band 26,2,99.51,199.02,2025-11-29
T004892,C00058,P008,Modern Serum 08,1,28.48,28.48,2025-01-19
T004893,C00224,P002,Pure Band 02,1,28.3,28.3,2025-08-29
T004894,C00845,P004,Essential Bag 04,1,18.9,18.9,2025-12-09
T004895,C00320,P022,Active Mat 22,2,86.83,173.66,2025-01-12
T004896,C00340,P010,Pure Band 10,1,80.19,80.19,2025-03-20
T004897,C00701,P007,Calm Cream 07,1,61.39,61.39,2025-12-25
T004898,C00665,P002,Pure Band 02,1,28.53,28.53,2025-08-23
T004899,C00875,P029,Bright Organizer 29,1,91.61,91.61,2025-10-03
T004900,C00410,P027,Urban Bottle 27,1,58.96,58.96,2025-05-27
T004901,C00390,P019,Urban Bottle 19,1,25.46,25.46,2025-06-25
T004902,C00765,P021,Bright Organizer 21,1,33.44,33.44,2025-05-16
T004903,C00639,P026,Pure Band 26,3,96.43,289.29,2025-04-02
T004904,C00361,P016,Modern Serum 16,3,39.53,118.59,2025-06-19
T004905,C00913,P005,Bright Organizer 05,1,83.06,83.06,2025-08-05
T004906,C00694,P026,Pure Band 26,3,95.99,287.97,2025-10-31
T004907,C00025,P020,Essential Bag 20,1,54.7,54.7,2025-07-31
T004908,C00231,P026,Pure Band 26,1,97.9,97.9,2025-01-25
T004909,C00739,P029,Bright Organizer 29,1,80.27,80.27,2025-05-04
T004910,C00230,P007,Calm Cream 07,1,59.33,59.33,2025-10-06
T004911,C00794,P030,Active Mat 30,1,23.18,23.18,2025-10-08
T004912,C00839,P007,Calm Cream 07,1,52.49,52.49,2025-07-07
T004913,C00470,P001,Daily Lamp 01,1,95.2,95.2,2025-07-26
T004914,C00073,P030,Active Mat 30,3,23.78,71.34,2025-08-24
T004915,C00377,P014,Active Mat 14,3,41.38,124.14,2025-11-14
T004916,C00349,P017,Daily Lamp 17,1,42.21,42.21,2025-09-11
T004917,C00332,P027,Urban Bottle 27,1,57.45,57.45,2025-06-25
T004918,C00647,P003,Urban Bottle 03,1,42.24,42.24,2025-12-30
T004919,C00920,P003,Urban Bottle 03,1,40.0,40.0,2025-05-27
T004920,C00135,P023,Calm Cream 23,1,45.9,45.9,2025-06-10
T004921,C00966,P014,Active Mat 14,2,41.68,83.36,2025-02-01
T004922,C00794,P024,Modern Serum 24,1,70.38,70.38,2025-03-25
T004923,C00645,P022,Active Mat 22,1,78.37,78.37,2025-11-09
T004924,C00728,P009,Daily Lamp 09,1,20.27,20.27,2025-06-01
T004925,C00139,P015,Calm Cream 15,1,31.89,31.89,2025-12-07
T004926,C00027,P016,Modern Serum 16,2,40.99,81.98,2025-04-14
T004927,C00843,P023,Calm Cream 23,1,45.74,45.74,2025-04-07
T004928,C00805,P005,Bright Organizer 05,4,74.6,298.4,2025-02-16
T004929,C00178,P018,Pure Band 18,4,77.51,310.04,2025-12-26
T004930,C00590,P007,Calm Cream 07,1,57.29,57.29,2025-01-12
T004931,C00371,P023,Calm Cream 23,1,45.94,45.94,2025-01-20
T004932,C00582,P002,Pure Band 02,1,25.35,25.35,2025-10-26
T004933,C00091,P004,Essential Bag 04,3,18.83,56.49,2025-05-10
T004934,C00417,P001,Daily Lamp 01,1,97.64,97.64,2025-06-04
T004935,C00209,P025,Daily Lamp 25,2,86.37,172.74,2025-02-28
T004936,C00728,P011,Urban Bottle 11,1,38.62,38.62,2025-09-15
T004937,C00443,P022,Active Mat 22,2,87.22,174.44,2025-11-16
T004938,C00506,P007,Calm Cream 07,2,57.96,115.92,2025-04-06
T004939,C00792,P005,Bright Organizer 05,1,78.88,78.88,2025-01-14
T004940,C00230,P002,Pure Band 02,1,25.19,25.19,2025-02-12
T004941,C00633,P016,Modern Serum 16,1,40.57,40.57,2025-03-25
T004942,C00072,P018,Pure Band 18,1,77.68,77.68,2025-12-31
T004943,C00120,P026,Pure Band 26,1,96.56,96.56,2025-04-07
T004944,C00158,P002,Pure Band 02,1,28.63,28.63,2025-09-20
T004945,C00212,P003,Urban Bottle 03,3,41.54,124.62,2025-12-23
T004946,C00409,P015,Calm Cream 15,4,27.63,110.52,2025-11-17
T004947,C00071,P028,Essential Bag 28,1,74.31,74.31,2025-12-23
T004948,C00924,P017,Daily Lamp 17,1,38.74,38.74,2025-10-08
T004949,C00298,P002,Pure Band 02,2,27.76,55.52,2025-09-03
T004950,C00801,P005,Bright Organizer 05,2,69.94,139.88,2025-04-16
T004951,C00607,P011,Urban Bottle 11,1,37.29,37.29,2025-05-15
T004952,C00487,P024,Modern Serum 24,1,66.71,66.71,2025-09-23
T004953,C00770,P022,Active Mat 22,1,76.56,76.56,2025-06-27
T004954,C00078,P026,Pure Band 26,2,95.7,191.4,2025-04-26
T004955,C00679,P015,Calm Cream 15,2,29.27,58.54,2025-04-11
T004956,C00763,P030,Active Mat 30,1,23.22,23.22,2025-12-10
T004957,C01000,P026,Pure Band 26,1,98.44,98.44,2025-08-14
T004958,C00389,P026,Pure Band 26,1,100.46,100.46,2025-11-10
T004959,C00014,P011,Urban Bottle 11,1,38.29,38.29,2025-01-12
T004960,C00407,P021,Bright Organizer 21,1,33.01,33.01,2025-07-23
T004961,C00224,P022,Active Mat 22,1,85.77,85.77,2025-05-07
T004962,C00536,P025,Daily Lamp 25,2,92.85,185.7,2025-06-12
T004963,C00281,P020,Essential Bag 20,1,55.01,55.01,2025-02-03
T004964,C00221,P026,Pure Band 26,2,97.66,195.32,2025-06-02
T004965,C00301,P009,Daily Lamp 09,2,20.97,41.94,2025-09-09
T004966,C00897,P020,Essential Bag 20,1,57.38,57.38,2025-11-16
T004967,C00505,P006,Active Mat 06,1,19.49,19.49,2025-10-23
T004968,C00145,P021,Bright Organizer 21,1,34.49,34.49,2025-12-21
T004969,C00892,P004,Essential Bag 04,1,19.18,19.18,2025-06-11
T004970,C00801,P001,Daily Lamp 01,1,98.02,98.02,2025-08-04
T004971,C00439,P015,Calm Cream 15,1,31.55,31.55,2025-05-01
T004972,C00406,P027,Urban Bottle 27,2,59.26,118.52,2025-04-11
T004973,C00018,P001,Daily Lamp 01,1,97.13,97.13,2025-09-30
T004974,C00319,P013,Bright Organizer 13,2,27.15,54.3,2025-09-23
T004975,C00967,P022,Active Mat 22,1,86.97,86.97,2025-09-03
T004976,C00040,P012,Essential Bag 12,1,17.05,17.05,2025-03-08
T004977,C00453,P015,Calm Cream 15,1,31.86,31.86,2025-10-22
T004978,C00526,P003,Urban Bottle 03,2,41.6,83.2,2025-01-03
T004979,C00450,P005,Bright Organizer 05,1,82.4,82.4,2025-07-09
T004980,C00914,P002,Pure Band 02,1,27.39,27.39,2025-07-14
T004981,C00940,P001,Daily Lamp 01,1,94.78,94.78,2025-07-17
T004982,C00171,P012,Essential Bag 12,2,16.25,32.5,2025-11-08
T004983,C00646,P008,Modern Serum 08,4,25.46,101.84,2025-12-30
T004984,C00513,P029,Bright Organizer 29,1,87.16,87.16,2025-07-23
T004985,C00512,P014,Active Mat 14,4,38.02,152.08,2025-04-29
T004986,C00280,P019,Urban Bottle 19,1,26.46,26.46,2025-12-13
T004987,C00691,P013,Bright Organizer 13,1,27.43,27.43,2025-07-01
T004988,C00095,P018,Pure Band 18,1,64.28,64.28,2025-02-14
T004989,C00980,P007,Calm Cream 07,1,55.96,55.96,2025-03-18
T004990,C00704,P004,Essential Bag 04,1,17.51,17.51,2025-05-17
T004991,C00762,P027,Urban Bottle 27,1,55.21,55.21,2025-08-16
T004992,C00674,P024,Modern Serum 24,1,70.41,70.41,2025-07-08
T004993,C00462,P001,Daily Lamp 01,2,96.83,193.66,2025-11-20
T004994,C00588,P003,Urban Bottle 03,1,36.88,36.88,2025-11-06
T004995,C00072,P006,Active Mat 06,2,20.28,40.56,2025-02-28
T004996,C00247,P008,Modern Serum 08,1,28.03,28.03,2025-01-10
T004997,C00833,P014,Active Mat 14,1,41.52,41.52,2025-08-31
T004998,C00339,P022,Active Mat 22,1,76.64,76.64,2025-10-20
T004999,C00609,P029,Bright Organizer 29,1,89.37,89.37,2025-04-03
T005000,C00338,P009,Daily Lamp 09,2,18.98,37.96,2025-10-22
T005001,C00863,P022,Active Mat 22,3,76.28,228.84,2025-09-01
T005002,C00173,P016,Modern Serum 16,3,41.1,123.3,2025-06-25
T005003,C00664,P030,Active Mat 30,1,23.88,23.88,2025-02-04
T005004,C00714,P023,Calm Cream 23,1,45.61,45.61,2025-05-26
T005005,C00729,P006,Active Mat 06,1,20.9,20.9,2025-07-29
T005006,C00621,P015,Calm Cream 15,1,27.38,27.38,2025-09-21
T005007,C00093,P014,Active Mat 14,1,34.24,34.24,2025-01-28
T005008,C00730,P019,Urban Bottle 19,1,30.58,30.58,2025-12-16
T005009,C00756,P023,Calm Cream 23,1,46.59,46.59,2025-02-08
T005010,C00309,P017,Daily Lamp 17,1,37.99,37.99,2025-10-17
T005011,C00723,P027,Urban Bottle 27,2,56.48,112.96,2025-11-17
T005012,C00793,P005,Bright Organizer 05,4,79.22,316.88,2025-06-29
T005013,C00219,P015,Calm Cream 15,1,30.87,30.87,2025-11-24
T005014,C00675,P015,Calm Cream 15,4,31.14,124.56,2025-07-27
T005015,C00425,P027,Urban Bottle 27,1,59.43,59.43,2025-03-12
T005016,C00099,P026,Pure Band 26,1,98.78,98.78,2025-08-30
T005017,C00856,P016,Modern Serum 16,4,39.87,159.48,2025-02-03
T005018,C00810,P018,Pure Band 18,1,71.96,71.96,2025-09-25
T005019,C00124,P004,Essential Bag 04,1,19.77,19.77,2025-10-23
T005020,C00261,P012,Essential Bag 12,2,14.49,28.98,2025-05-12
T005021,C00247,P002,Pure Band 02,1,27.88,27.88,2025-09-16
T005022,C00895,P028,Essential Bag 28,1,78.1,78.1,2025-06-04
T005023,C00940,P017,Daily Lamp 17,1,42.84,42.84,2025-09-22
T005024,C00509,P030,Active Mat 30,1,20.09,20.09,2025-05-04
T005025,C00470,P001,Daily Lamp 01,1,95.69,95.69,2025-09-11
T005026,C00349,P007,Calm Cream 07,1,58.01,58.01,2025-03-17
T005027,C00745,P024,Modern Serum 24,2,70.25,140.5,2025-11-29
T005028,C00416,P015,Calm Cream 15,4,31.25,125.0,2025-03-26
T005029,C00422,P023,Calm Cream 23,1,46.35,46.35,2025-07-27
T005030,C00563,P030,Active Mat 30,2,23.46,46.92,2025-04-15
T005031,C00420,P010,Pure Band 10,2,79.21,158.42,2025-02-02
T005032,C00787,P023,Calm Cream 23,2,46.46,92.92,2025-02-25
T005033,C00010,P026,Pure Band 26,2,85.88,171.76,2025-08-30
T005034,C00831,P007,Calm Cream 07,1,59.75,59.75,2025-01-24
T005035,C00942,P022,Active Mat 22,2,82.79,165.58,2025-08-02
T005036,C00169,P002,Pure Band 02,2,26.53,53.06,2025-04-26
T005037,C00988,P027,Urban Bottle 27,1,58.63,58.63,2025-10-20
T005038,C00689,P022,Active Mat 22,1,81.08,81.08,2025-03-21
T005039,C00957,P021,Bright Organizer 21,1,34.6,34.6,2025-07-29
T005040,C00690,P027,Urban Bottle 27,2,58.03,116.06,2025-05-27
T005041,C00483,P012,Essential Bag 12,1,16.92,16.92,2025-08-07
T005042,C00515,P003,Urban Bottle 03,4,40.6,162.4,2025-03-24
T005043,C00004,P026,Pure Band 26,2,95.76,191.52,2025-06-29
T005044,C00773,P005,Bright Organizer 05,1,70.56,70.56,2025-03-09
T005045,C00060,P007,Calm Cream 07,2,59.85,119.7,2025-04-26
T005046,C00354,P005,Bright Organizer 05,3,69.75,209.25,2025-05-11
T005047,C00627,P028,Essential Bag 28,2,69.92,139.84,2025-01-06
T005048,C00795,P024,Modern Serum 24,2,68.02,136.04,2025-05-13
T005049,C00352,P005,Bright Organizer 05,1,85.07,85.07,2025-09-21
T005050,C00126,P004,Essential Bag 04,2,19.38,38.76,2025-07-08
T005051,C00608,P030,Active Mat 30,1,23.11,23.11,2025-10-22
T005052,C00410,P023,Calm Cream 23,2,44.78,89.56,2025-04-18
T005053,C00505,P013,Bright Organizer 13,1,26.54,26.54,2025-03-11
T005054,C00714,P012,Essential Bag 12,2,15.76,31.52,2025-07-01
T005055,C00917,P024,Modern Serum 24,2,69.92,139.84,2025-03-13
T005056,C00346,P023,Calm Cream 23,1,45.9,45.9,2025-04-06
T005057,C00845,P024,Modern Serum 24,1,61.78,61.78,2025-08-30
T005058,C00599,P010,Pure Band 10,1,83.12,83.12,2025-12-21
T005059,C00761,P014,Active Mat 14,1,41.16,41.16,2025-04-15
T005060,C00700,P004,Essential Bag 04,1,17.21,17.21,2025-04-11
T005061,C00288,P011,Urban Bottle 11,1,32.05,32.05,2025-10-01
T005062,C00499,P027,Urban Bottle 27,1,59.79,59.79,2025-11-27
T005063,C00104,P018,Pure Band 18,2,76.46,152.92,2025-08-14
T005064,C00694,P004,Essential Bag 04,3,19.54,58.62,2025-12-18
T005065,C00916,P030,Active Mat 30,1,24.22,24.22,2025-01-09
T005066,C00315,P009,Daily Lamp 09,2,21.69,43.38,2025-07-02
T005067,C00714,P017,Daily Lamp 17,1,42.47,42.47,2025-12-07
T005068,C00031,P010,Pure Band 10,2,79.49,158.98,2025-05-29
T005069,C00993,P030,Active Mat 30,1,24.14,24.14,2025-11-28
T005070,C00270,P023,Calm Cream 23,1,38.07,38.07,2025-04-15
T005071,C00039,P007,Calm Cream 07,1,53.77,53.77,2025-10-20
T005072,C00689,P016,Modern Serum 16,1,41.71,41.71,2025-12-13
T005073,C00244,P005,Bright Organizer 05,1,84.32,84.32,2025-01-12
T005074,C00431,P029,Bright Organizer 29,2,88.22,176.44,2025-12-12
T005075,C00131,P010,Pure Band 10,1,81.92,81.92,2025-01-16
T005076,C00537,P012,Essential Bag 12,1,17.3,17.3,2025-11-29
T005077,C00305,P015,Calm Cream 15,1,28.53,28.53,2025-04-25
T005078,C00695,P016,Modern Serum 16,1,40.72,40.72,2025-10-23
T005079,C00092,P027,Urban Bottle 27,1,59.15,59.15,2025-11-12
T005080,C00878,P014,Active Mat 14,1,40.4,40.4,2025-03-17
T005081,C00248,P028,Essential Bag 28,1,82.4,82.4,2025-07-25
T005082,C00234,P018,Pure Band 18,1,76.99,76.99,2025-08-01
T005083,C00206,P017,Daily Lamp 17,1,39.96,39.96,2025-01-04
T005084,C00446,P024,Modern Serum 24,1,69.36,69.36,2025-07-05
T005085,C00503,P007,Calm Cream 07,1,55.76,55.76,2025-09-20
T005086,C00150,P023,Calm Cream 23,3,41.74,125.22,2025-12-06
T005087,C00227,P021,Bright Organizer 21,3,33.88,101.64,2025-07-12
T005088,C00210,P023,Calm Cream 23,2,46.23,92.46,2025-08-25
T005089,C00941,P016,Modern Serum 16,1,41.02,41.02,2025-05-26
T005090,C00684,P012,Essential Bag 12,2,16.54,33.08,2025-08-07
T005091,C00310,P017,Daily Lamp 17,1,40.66,40.66,2025-01-06
T005092,C00213,P030,Active Mat 30,2,23.63,47.26,2025-08-15
T005093,C00793,P024,Modern Serum 24,2,69.05,138.1,2025-08-18
T005094,C00527,P011,Urban Bottle 11,1,33.75,33.75,2025-08-29
T005095,C00815,P002,Pure Band 02,2,26.65,53.3,2025-08-09
T005096,C00100,P028,Essential Bag 28,1,74.78,74.78,2025-09-11
T005097,C00375,P020,Essential Bag 20,1,56.46,56.46,2025-12-05
T005098,C00835,P007,Calm Cream 07,1,59.77,59.77,2025-09-09
T005099,C00262,P028,Essential Bag 28,2,78.71,157.42,2025-06-03
T005100,C00452,P024,Modern Serum 24,2,67.56,135.12,2025-10-04
T005101,C00334,P004,Essential Bag 04,3,19.47,58.41,2025-12-31
T005102,C00354,P028,Essential Bag 28,1,82.19,82.19,2025-08-12
T005103,C00758,P014,Active Mat 14,1,40.95,40.95,2025-06-05
T005104,C00243,P030,Active Mat 30,1,22.59,22.59,2025-09-15
T005105,C00840,P012,Essential Bag 12,1,16.9,16.9,2025-11-07
T005106,C00765,P010,Pure Band 10,1,80.99,80.99,2025-03-22
T005107,C00606,P026,Pure Band 26,1,99.37,99.37,2025-11-27
T005108,C00170,P008,Modern Serum 08,1,27.02,27.02,2025-11-24
T005109,C00542,P012,Essential Bag 12,1,14.02,14.02,2025-05-09
T005110,C00703,P011,Urban Bottle 11,1,37.84,37.84,2025-02-22
T005111,C00534,P017,Daily Lamp 17,1,38.07,38.07,2025-01-03
T005112,C00391,P013,Bright Organizer 13,2,26.35,52.7,2025-05-29
T005113,C00413,P008,Modern Serum 08,1,28.74,28.74,2025-09-02
T005114,C00673,P023,Calm Cream 23,1,44.93,44.93,2025-03-04
T005115,C00046,P030,Active Mat 30,1,23.81,23.81,2025-06-23
T005116,C00321,P030,Active Mat 30,1,24.23,24.23,2025-12-24
T005117,C00072,P020,Essential Bag 20,2,57.35,114.7,2025-12-26
T005118,C00126,P010,Pure Band 10,1,79.27,79.27,2025-06-04
T005119,C00426,P023,Calm Cream 23,1,46.62,46.62,2025-10-06
T005120,C00322,P010,Pure Band 10,1,71.78,71.78,2025-09-21
T005121,C00805,P026,Pure Band 26,1,94.82,94.82,2025-06-23
T005122,C00071,P006,Active Mat 06,1,21.16,21.16,2025-01-16
T005123,C00095,P028,Essential Bag 28,1,83.99,83.99,2025-10-05
T005124,C00613,P009,Daily Lamp 09,1,21.62,21.62,2025-02-16
T005125,C00641,P024,Modern Serum 24,1,62.27,62.27,2025-07-25
T005126,C00098,P021,Bright Organizer 21,2,34.93,69.86,2025-10-22
T005127,C00422,P016,Modern Serum 16,1,41.22,41.22,2025-10-23
T005128,C00495,P001,Daily Lamp 01,1,98.37,98.37,2025-02-09
T005129,C00872,P006,Active Mat 06,1,19.76,19.76,2025-11-02
T005130,C00929,P023,Calm Cream 23,2,41.23,82.46,2025-10-13
T005131,C00941,P028,Essential Bag 28,1,81.25,81.25,2025-09-09
T005132,C00226,P006,Active Mat 06,1,20.06,20.06,2025-10-30
T005133,C00168,P029,Bright Organizer 29,1,82.1,82.1,2025-06-30
T005134,C00043,P021,Bright Organizer 21,3,32.14,96.42,2025-05-16
T005135,C00075,P028,Essential Bag 28,1,83.77,83.77,2025-12-13
T005136,C00159,P023,Calm Cream 23,1,45.35,45.35,2025-07-17
T005137,C00708,P028,Essential Bag 28,3,81.75,245.25,2025-02-04
T005138,C00739,P001,Daily Lamp 01,1,95.81,95.81,2025-03-09
T005139,C00966,P003,Urban Bottle 03,1,38.17,38.17,2025-07-09
T005140,C00568,P013,Bright Organizer 13,2,26.5,53.0,2025-03-02
T005141,C00684,P023,Calm Cream 23,2,43.72,87.44,2025-03-04
T005142,C00630,P026,Pure Band 26,3,97.57,292.71,2025-12-14
T005143,C00598,P027,Urban Bottle 27,1,58.87,58.87,2025-07-02
T005144,C00061,P013,Bright Organizer 13,1,26.69,26.69,2025-03-11
T005145,C00350,P018,Pure Band 18,1,74.99,74.99,2025-12-06
T005146,C00867,P001,Daily Lamp 01,1,94.92,94.92,2025-02-23
T005147,C00881,P017,Daily Lamp 17,3,41.88,125.64,2025-07-27
T005148,C00067,P004,Essential Bag 04,1,19.18,19.18,2025-02-15
T005149,C00126,P012,Essential Bag 12,1,17.1,17.1,2025-09-23
T005150,C00788,P001,Daily Lamp 01,1,92.25,92.25,2025-10-13
T005151,C00898,P017,Daily Lamp 17,1,43.01,43.01,2025-01-22
T005152,C00040,P025,Daily Lamp 25,1,91.1,91.1,2025-05-12
T005153,C00270,P009,Daily Lamp 09,2,21.68,43.36,2025-06-16
T005154,C00697,P025,Daily Lamp 25,2,89.83,179.66,2025-10-30
T005155,C00424,P026,Pure Band 26,1,96.63,96.63,2025-01-18
T005156,C00609,P017,Daily Lamp 17,2,42.93,85.86,2025-08-10
T005157,C00586,P020,Essential Bag 20,1,56.43,56.43,2025-06-28
T005158,C00313,P005,Bright Organizer 05,1,84.09,84.09,2025-02-10
T005159,C00953,P026,Pure Band 26,2,86.32,172.64,2025-08-21
T005160,C00691,P024,Modern Serum 24,1,69.95,69.95,2025-04-08
T005161,C00088,P027,Urban Bottle 27,2,58.93,117.86,2025-11-06
T005162,C00508,P004,Essential Bag 04,4,19.08,76.32,2025-05-27
T005163,C00689,P022,Active Mat 22,2,86.39,172.78,2025-05-31
T005164,C00990,P024,Modern Serum 24,1,70.32,70.32,2025-03-10
T005165,C00087,P004,Essential Bag 04,1,19.38,19.38,2025-07-18
T005166,C00446,P001,Daily Lamp 01,1,95.02,95.02,2025-07-24
T005167,C00898,P017,Daily Lamp 17,3,36.06,108.18,2025-07-24
T005168,C00667,P002,Pure Band 02,1,28.44,28.44,2025-09-05
T005169,C00842,P021,Bright Organizer 21,1,34.14,34.14,2025-09-09
T005170,C00975,P004,Essential Bag 04,1,17.31,17.31,2025-09-12
T005171,C00184,P029,Bright Organizer 29,1,90.51,90.51,2025-05-21
T005172,C00001,P016,Modern Serum 16,2,40.91,81.82,2025-01-18
T005173,C00400,P027,Urban Bottle 27,1,60.99,60.99,2025-11-04
T005174,C00348,P024,Modern Serum 24,1,70.53,70.53,2025-01-29
T005175,C00339,P006,Active Mat 06,1,19.9,19.9,2025-04-27
T005176,C00941,P013,Bright Organizer 13,1,23.01,23.01,2025-07-10
T005177,C00680,P005,Bright Organizer 05,1,79.53,79.53,2025-05-28
T005178,C00620,P003,Urban Bottle 03,1,36.65,36.65,2025-01-04
T005179,C00911,P023,Calm Cream 23,2,42.63,85.26,2025-05-13
T005180,C00657,P025,Daily Lamp 25,1,95.4,95.4,2025-12-24
T005181,C00525,P007,Calm Cream 07,1,55.9,55.9,2025-09-06
T005182,C00477,P027,Urban Bottle 27,1,56.1,56.1,2025-11-22
T005183,C00047,P024,Modern Serum 24,1,70.42,70.42,2025-06-05
T005184,C00234,P003,Urban Bottle 03,1,37.14,37.14,2025-03-17
T005185,C00083,P016,Modern Serum 16,1,35.15,35.15,2025-09-22
T005186,C00393,P005,Bright Organizer 05,1,71.32,71.32,2025-10-18
T005187,C00532,P024,Modern Serum 24,2,69.19,138.38,2025-08-26
T005188,C00371,P016,Modern Serum 16,1,41.04,41.04,2025-06-20
T005189,C00888,P004,Essential Bag 04,1,18.2,18.2,2025-06-27
T005190,C00148,P006,Active Mat 06,2,21.38,42.76,2025-09-30
T005191,C00319,P009,Daily Lamp 09,1,21.5,21.5,2025-06-11
T005192,C00070,P027,Urban Bottle 27,3,56.12,168.36,2025-03-01
T005193,C00026,P010,Pure Band 10,4,80.54,322.16,2025-10-11
T005194,C00754,P016,Modern Serum 16,1,40.12,40.12,2025-10-11
T005195,C00452,P012,Essential Bag 12,1,15.16,15.16,2025-05-15
T005196,C00132,P017,Daily Lamp 17,3,42.87,128.61,2025-09-30
T005197,C00458,P003,Urban Bottle 03,1,41.07,41.07,2025-09-14
T005198,C00074,P021,Bright Organizer 21,2,32.05,64.1,2025-04-17
T005199,C00619,P006,Active Mat 06,1,19.67,19.67,2025-07-04
T005200,C00098,P020,Essential Bag 20,1,50.33,50.33,2025-03-07
T005201,C00264,P024,Modern Serum 24,1,70.62,70.62,2025-02-12
T005202,C00825,P012,Essential Bag 12,1,16.69,16.69,2025-01-08
T005203,C00392,P028,Essential Bag 28,1,82.95,82.95,2025-11-02
T005204,C00219,P002,Pure Band 02,2,24.54,49.08,2025-04-15
T005205,C00700,P026,Pure Band 26,1,93.18,93.18,2025-03-04
T005206,C00956,P014,Active Mat 14,1,37.06,37.06,2025-10-25
T005207,C00026,P023,Calm Cream 23,2,42.99,85.98,2025-02-17
T005208,C00309,P018,Pure Band 18,1,72.46,72.46,2025-05-31
T005209,C00834,P017,Daily Lamp 17,1,42.05,42.05,2025-07-02
T005210,C00095,P026,Pure Band 26,1,99.26,99.26,2025-09-17
T005211,C00119,P011,Urban Bottle 11,1,37.46,37.46,2025-03-08
T005212,C00448,P030,Active Mat 30,1,24.23,24.23,2025-08-22
T005213,C00889,P002,Pure Band 02,3,27.8,83.4,2025-10-26
T005214,C00235,P027,Urban Bottle 27,1,59.22,59.22,2025-04-06
T005215,C00015,P009,Daily Lamp 09,1,21.77,21.77,2025-08-13
T005216,C00224,P025,Daily Lamp 25,1,92.71,92.71,2025-09-26
T005217,C00262,P001,Daily Lamp 01,1,96.83,96.83,2025-09-12
T005218,C00412,P001,Daily Lamp 01,2,97.92,195.84,2025-06-30
T005219,C00166,P026,Pure Band 26,1,97.88,97.88,2025-03-13
T005220,C00807,P021,Bright Organizer 21,1,34.37,34.37,2025-04-03
T005221,C00880,P026,Pure Band 26,1,80.62,80.62,2025-04-19
T005222,C00810,P008,Modern Serum 08,1,28.63,28.63,2025-10-12
T005223,C00614,P006,Active Mat 06,2,19.01,38.02,2025-04-21
T005224,C00660,P018,Pure Band 18,2,76.88,153.76,2025-07-04
T005225,C00922,P012,Essential Bag 12,1,17.17,17.17,2025-01-19
T005226,C00361,P030,Active Mat 30,1,24.12,24.12,2025-10-06
T005227,C00211,P030,Active Mat 30,1,22.47,22.47,2025-05-16
T005228,C00094,P004,Essential Bag 04,1,19.71,19.71,2025-10-15
T005229,C00360,P003,Urban Bottle 03,3,40.14,120.42,2025-08-10
T005230,C00768,P007,Calm Cream 07,1,59.74,59.74,2025-07-19
T005231,C00315,P017,Daily Lamp 17,2,42.18,84.36,2025-01-10
T005232,C00973,P016,Modern Serum 16,1,41.18,41.18,2025-11-17
T005233,C00948,P011,Urban Bottle 11,4,37.97,151.88,2025-06-29
T005234,C00587,P028,Essential Bag 28,1,81.65,81.65,2025-07-10
T005235,C00944,P003,Urban Bottle 03,2,41.23,82.46,2025-04-12
T005236,C00345,P018,Pure Band 18,1,76.35,76.35,2025-07-21
T005237,C00488,P015,Calm Cream 15,1,31.8,31.8,2025-09-10
T005238,C00214,P026,Pure Band 26,1,98.9,98.9,2025-02-06
T005239,C00599,P011,Urban Bottle 11,2,31.68,63.36,2025-02-07
T005240,C00669,P017,Daily Lamp 17,1,42.53,42.53,2025-10-08
T005241,C00197,P006,Active Mat 06,1,19.97,19.97,2025-03-08
T005242,C00118,P011,Urban Bottle 11,1,37.3,37.3,2025-07-27
T005243,C00109,P010,Pure Band 10,1,81.3,81.3,2025-11-09
T005244,C00423,P029,Bright Organizer 29,1,88.18,88.18,2025-04-12
T005245,C00619,P001,Daily Lamp 01,1,94.33,94.33,2025-10-27
T005246,C00820,P028,Essential Bag 28,2,72.92,145.84,2025-02-19
T005247,C00721,P019,Urban Bottle 19,1,30.56,30.56,2025-08-24
T005248,C00585,P029,Bright Organizer 29,1,82.19,82.19,2025-11-05
T005249,C00945,P001,Daily Lamp 01,1,88.33,88.33,2025-12-05
T005250,C00237,P012,Essential Bag 12,1,17.31,17.31,2025-12-08
T005251,C00047,P025,Daily Lamp 25,2,91.62,183.24,2025-03-02
T005252,C00691,P005,Bright Organizer 05,1,79.06,79.06,2025-04-25
T005253,C00163,P027,Urban Bottle 27,3,58.64,175.92,2025-08-13
T005254,C00865,P023,Calm Cream 23,1,41.84,41.84,2025-12-07
T005255,C00161,P024,Modern Serum 24,1,68.17,68.17,2025-04-11
T005256,C00316,P021,Bright Organizer 21,1,29.06,29.06,2025-06-21
T005257,C00641,P025,Daily Lamp 25,2,80.66,161.32,2025-04-16
T005258,C00435,P016,Modern Serum 16,1,41.02,41.02,2025-10-28
T005259,C00704,P017,Daily Lamp 17,2,43.53,87.06,2025-11-25
T005260,C00690,P019,Urban Bottle 19,1,29.79,29.79,2025-06-25
T005261,C00883,P026,Pure Band 26,3,98.62,295.86,2025-09-03
T005262,C00938,P006,Active Mat 06,2,21.84,43.68,2025-12-23
T005263,C00173,P012,Essential Bag 12,1,16.88,16.88,2025-01-27
T005264,C00907,P025,Daily Lamp 25,2,93.31,186.62,2025-08-06
T005265,C00754,P010,Pure Band 10,1,75.28,75.28,2025-05-16
T005266,C00839,P018,Pure Band 18,1,74.81,74.81,2025-05-13
T005267,C00863,P019,Urban Bottle 19,2,29.89,59.78,2025-07-01
T005268,C00885,P010,Pure Band 10,1,78.82,78.82,2025-05-10
T005269,C00248,P014,Active Mat 14,1,40.77,40.77,2025-07-06
T005270,C00696,P026,Pure Band 26,1,97.56,97.56,2025-05-20
T005271,C00639,P008,Modern Serum 08,2,29.1,58.2,2025-11-25
T005272,C00287,P017,Daily Lamp 17,3,39.85,119.55,2025-06-28
T005273,C00384,P007,Calm Cream 07,1,56.33,56.33,2025-01-04
T005274,C00595,P006,Active Mat 06,2,21.0,42.0,2025-07-26
T005275,C00311,P030,Active Mat 30,1,22.31,22.31,2025-07-14
T005276,C00487,P007,Calm Cream 07,1,51.34,51.34,2025-01-15
T005277,C00361,P001,Daily Lamp 01,2,97.77,195.54,2025-02-14
T005278,C00264,P026,Pure Band 26,1,99.62,99.62,2025-12-28
T005279,C00418,P011,Urban Bottle 11,1,38.0,38.0,2025-03-14
T005280,C00211,P006,Active Mat 06,1,20.94,20.94,2025-08-10
T005281,C00273,P022,Active Mat 22,4,72.54,290.16,2025-08-07
T005282,C00764,P002,Pure Band 02,1,24.79,24.79,2025-08-10
T005283,C00202,P025,Daily Lamp 25,1,91.16,91.16,2025-09-06
T005284,C00151,P024,Modern Serum 24,2,67.1,134.2,2025-11-01
T005285,C00055,P027,Urban Bottle 27,1,58.53,58.53,2025-02-05
T005286,C00824,P016,Modern Serum 16,1,40.14,40.14,2025-09-05
T005287,C00531,P008,Modern Serum 08,3,28.09,84.27,2025-06-03
T005288,C00531,P006,Active Mat 06,1,18.8,18.8,2025-04-14
T005289,C00258,P007,Calm Cream 07,1,52.63,52.63,2025-05-15
T005290,C00970,P014,Active Mat 14,1,36.72,36.72,2025-12-28
T005291,C00685,P024,Modern Serum 24,2,68.07,136.14,2025-06-26
T005292,C00030,P023,Calm Cream 23,2,45.71,91.42,2025-08-28
T005293,C00062,P015,Calm Cream 15,1,28.55,28.55,2025-08-29
T005294,C00965,P005,Bright Organizer 05,1,74.78,74.78,2025-03-03
T005295,C00884,P007,Calm Cream 07,1,59.11,59.11,2025-02-18
T005296,C00613,P020,Essential Bag 20,1,55.8,55.8,2025-07-06
T005297,C00755,P029,Bright Organizer 29,2,91.75,183.5,2025-12-25
T005298,C00457,P001,Daily Lamp 01,3,99.06,297.18,2025-09-14
T005299,C00593,P002,Pure Band 02,1,26.56,26.56,2025-09-08
T005300,C00373,P004,Essential Bag 04,1,19.31,19.31,2025-11-25
T005301,C00989,P014,Active Mat 14,1,41.22,41.22,2025-01-19
T005302,C00544,P023,Calm Cream 23,1,44.84,44.84,2025-08-14
T005303,C00530,P026,Pure Band 26,1,97.74,97.74,2025-05-11
T005304,C00676,P009,Daily Lamp 09,2,19.89,39.78,2025-06-18
T005305,C00133,P015,Calm Cream 15,1,31.83,31.83,2025-11-14
T005306,C00568,P027,Urban Bottle 27,1,56.48,56.48,2025-08-20
T005307,C00252,P023,Calm Cream 23,1,45.31,45.31,2025-05-12
T005308,C00515,P026,Pure Band 26,3,85.45,256.35,2025-11-16
T005309,C00576,P020,Essential Bag 20,2,47.88,95.76,2025-10-10
T005310,C00205,P030,Active Mat 30,3,24.0,72.0,2025-01-13
T005311,C00447,P001,Daily Lamp 01,2,95.97,191.94,2025-07-10
T005312,C00800,P002,Pure Band 02,2,28.9,57.8,2025-11-16
T005313,C00039,P027,Urban Bottle 27,1,60.16,60.16,2025-11-29
T005314,C00201,P007,Calm Cream 07,3,55.39,166.17,2025-07-15
T005315,C00367,P026,Pure Band 26,1,94.18,94.18,2025-05-06
T005316,C00031,P014,Active Mat 14,1,40.26,40.26,2025-05-06
T005317,C00824,P005,Bright Organizer 05,1,74.0,74.0,2025-01-31
T005318,C00888,P030,Active Mat 30,1,23.72,23.72,2025-03-16
T005319,C00005,P001,Daily Lamp 01,1,97.72,97.72,2025-06-17
T005320,C00717,P002,Pure Band 02,4,25.45,101.8,2025-03-13
T005321,C00828,P028,Essential Bag 28,1,74.33,74.33,2025-03-06
T005322,C00581,P007,Calm Cream 07,3,53.22,159.66,2025-01-17
T005323,C00295,P022,Active Mat 22,1,86.13,86.13,2025-09-29
T005324,C00615,P014,Active Mat 14,1,39.68,39.68,2025-09-06
T005325,C00278,P026,Pure Band 26,1,90.63,90.63,2025-03-18
T005326,C00384,P026,Pure Band 26,1,98.11,98.11,2025-02-23
T005327,C00784,P016,Modern Serum 16,1,36.77,36.77,2025-04-07
T005328,C00364,P027,Urban Bottle 27,1,60.07,60.07,2025-10-28
T005329,C00663,P014,Active Mat 14,1,40.71,40.71,2025-07-06
T005330,C00345,P028,Essential Bag 28,1,83.39,83.39,2025-02-10
T005331,C00589,P013,Bright Organizer 13,2,24.08,48.16,2025-03-05
T005332,C00269,P023,Calm Cream 23,1,45.87,45.87,2025-06-05
T005333,C00845,P022,Active Mat 22,1,86.39,86.39,2025-01-08
T005334,C00907,P022,Active Mat 22,1,85.69,85.69,2025-02-28
T005335,C00262,P009,Daily Lamp 09,2,22.74,45.48,2025-12-02
T005336,C00455,P028,Essential Bag 28,1,73.61,73.61,2025-01-14
T005337,C00616,P022,Active Mat 22,2,86.47,172.94,2025-06-30
T005338,C00524,P003,Urban Bottle 03,1,38.51,38.51,2025-09-18
T005339,C00458,P013,Bright Organizer 13,1,27.25,27.25,2025-03-20
T005340,C00509,P028,Essential Bag 28,1,82.64,82.64,2025-11-18
T005341,C00901,P022,Active Mat 22,1,83.79,83.79,2025-05-26
T005342,C00755,P018,Pure Band 18,2,76.04,152.08,2025-05-28
T005343,C00018,P015,Calm Cream 15,2,28.94,57.88,2025-01-20
T005344,C00292,P017,Daily Lamp 17,1,40.81,40.81,2025-11-04
T005345,C00945,P023,Calm Cream 23,2,44.62,89.24,2025-05-16
T005346,C00578,P010,Pure Band 10,1,72.56,72.56,2025-12-14
T005347,C00373,P018,Pure Band 18,1,75.24,75.24,2025-06-18
T005348,C00442,P014,Active Mat 14,1,38.7,38.7,2025-08-19
T005349,C00802,P005,Bright Organizer 05,2,82.22,164.44,2025-03-05
T005350,C00407,P011,Urban Bottle 11,2,34.78,69.56,2025-09-05
T005351,C00711,P019,Urban Bottle 19,1,30.54,30.54,2025-02-27
T005352,C00058,P010,Pure Band 10,3,79.64,238.92,2025-01-26
T005353,C00362,P011,Urban Bottle 11,3,33.73,101.19,2025-05-29
T005354,C00821,P006,Active Mat 06,1,18.29,18.29,2025-08-11
T005355,C00220,P006,Active Mat 06,2,19.37,38.74,2025-12-06
T005356,C00425,P016,Modern Serum 16,1,38.31,38.31,2025-08-01
T005357,C00309,P030,Active Mat 30,2,23.91,47.82,2025-01-04
T005358,C00301,P006,Active Mat 06,1,21.01,21.01,2025-01-27
T005359,C00573,P010,Pure Band 10,1,80.85,80.85,2025-08-30
T005360,C00238,P007,Calm Cream 07,1,54.45,54.45,2025-10-26
T005361,C00699,P029,Bright Organizer 29,2,92.04,184.08,2025-11-12
T005362,C00590,P029,Bright Organizer 29,3,77.53,232.59,2025-09-26
T005363,C00696,P001,Daily Lamp 01,1,99.81,99.81,2025-11-27
T005364,C00202,P018,Pure Band 18,1,76.48,76.48,2025-10-10
T005365,C00166,P012,Essential Bag 12,1,16.69,16.69,2025-01-23
T005366,C00752,P007,Calm Cream 07,1,59.83,59.83,2025-12-14
T005367,C00044,P006,Active Mat 06,1,21.08,21.08,2025-10-28
T005368,C00652,P014,Active Mat 14,1,41.95,41.95,2025-10-14
T005369,C00546,P019,Urban Bottle 19,1,30.9,30.9,2025-10-14
T005370,C00102,P023,Calm Cream 23,1,45.81,45.81,2025-09-24
T005371,C00902,P026,Pure Band 26,1,95.08,95.08,2025-05-20
T005372,C00717,P003,Urban Bottle 03,1,38.94,38.94,2025-09-20
T005373,C00493,P008,Modern Serum 08,2,27.68,55.36,2025-05-30
T005374,C00264,P014,Active Mat 14,1,39.37,39.37,2025-01-16
T005375,C00614,P025,Daily Lamp 25,1,93.71,93.71,2025-09-11
T005376,C00531,P003,Urban Bottle 03,2,41.14,82.28,2025-06-17
T005377,C00280,P019,Urban Bottle 19,1,29.81,29.81,2025-06-04
T005378,C00314,P028,Essential Bag 28,1,76.92,76.92,2025-02-15
T005379,C00632,P022,Active Mat 22,1,81.57,81.57,2025-10-19
T005380,C00414,P010,Pure Band 10,1,78.81,78.81,2025-08-12
T005381,C00642,P012,Essential Bag 12,2,16.14,32.28,2025-03-20
T005382,C00825,P012,Essential Bag 12,2,16.93,33.86,2025-10-17
T005383,C00828,P016,Modern Serum 16,3,42.21,126.63,2025-12-08
T005384,C00860,P004,Essential Bag 04,2,19.25,38.5,2025-04-04
T005385,C00646,P030,Active Mat 30,2,24.33,48.66,2025-11-29
T005386,C00191,P028,Essential Bag 28,1,81.55,81.55,2025-03-12
T005387,C00793,P008,Modern Serum 08,4,26.51,106.04,2025-10-13
T005388,C00424,P015,Calm Cream 15,1,28.61,28.61,2025-09-21
T005389,C00508,P016,Modern Serum 16,1,40.04,40.04,2025-06-17
T005390,C00395,P021,Bright Organizer 21,3,34.85,104.55,2025-10-27
T005391,C00409,P020,Essential Bag 20,1,53.68,53.68,2025-12-06
T005392,C00515,P012,Essential Bag 12,1,16.8,16.8,2025-08-24
T005393,C00871,P023,Calm Cream 23,3,45.67,137.01,2025-02-04
T005394,C00268,P020,Essential Bag 20,3,56.72,170.16,2025-08-06
T005395,C00170,P014,Active Mat 14,1,41.26,41.26,2025-04-25
T005396,C00198,P027,Urban Bottle 27,2,57.33,114.66,2025-07-01
T005397,C00090,P030,Active Mat 30,1,23.61,23.61,2025-03-19
T005398,C00887,P011,Urban Bottle 11,1,38.12,38.12,2025-02-21
T005399,C00586,P029,Bright Organizer 29,1,79.71,79.71,2025-02-17
T005400,C00419,P012,Essential Bag 12,1,17.01,17.01,2025-06-24
T005401,C00328,P002,Pure Band 02,1,27.81,27.81,2025-10-08
T005402,C00853,P006,Active Mat 06,1,18.85,18.85,2025-04-06
T005403,C00421,P022,Active Mat 22,1,77.64,77.64,2025-08-05
T005404,C00734,P002,Pure Band 02,1,28.51,28.51,2025-12-21
T005405,C00412,P002,Pure Band 02,4,26.81,107.24,2025-01-01
T005406,C00755,P025,Daily Lamp 25,1,90.79,90.79,2025-02-09
T005407,C00542,P008,Modern Serum 08,1,25.62,25.62,2025-02-11
T005408,C00595,P026,Pure Band 26,1,94.31,94.31,2025-06-01
T005409,C00485,P001,Daily Lamp 01,1,95.97,95.97,2025-03-09
T005410,C00822,P009,Daily Lamp 09,1,18.81,18.81,2025-02-27
T005411,C00320,P029,Bright Organizer 29,1,91.48,91.48,2025-01-23
T005412,C00127,P007,Calm Cream 07,1,59.62,59.62,2025-07-07
T005413,C00112,P012,Essential Bag 12,1,16.98,16.98,2025-03-13
T005414,C00843,P014,Active Mat 14,1,41.29,41.29,2025-04-13
T005415,C00045,P009,Daily Lamp 09,1,21.6,21.6,2025-03-21
T005416,C00184,P013,Bright Organizer 13,1,26.53,26.53,2025-02-14
T005417,C00207,P012,Essential Bag 12,2,14.12,28.24,2025-04-24
T005418,C00429,P024,Modern Serum 24,1,69.6,69.6,2025-01-12
T005419,C00468,P029,Bright Organizer 29,2,85.54,171.08,2025-08-04
T005420,C00766,P002,Pure Band 02,1,27.48,27.48,2025-08-31
T005421,C00926,P023,Calm Cream 23,2,43.06,86.12,2025-07-02
T005422,C00043,P013,Bright Organizer 13,1,26.71,26.71,2025-09-07
T005423,C00995,P005,Bright Organizer 05,1,83.34,83.34,2025-02-06
T005424,C00614,P006,Active Mat 06,1,21.77,21.77,2025-12-19
T005425,C00589,P025,Daily Lamp 25,2,80.75,161.5,2025-04-07
T005426,C00280,P016,Modern Serum 16,2,39.12,78.24,2025-07-09
T005427,C00339,P015,Calm Cream 15,1,31.29,31.29,2025-08-03
T005428,C00882,P003,Urban Bottle 03,1,40.31,40.31,2025-03-16
T005429,C00700,P008,Modern Serum 08,2,26.83,53.66,2025-07-22
T005430,C00339,P023,Calm Cream 23,1,45.69,45.69,2025-12-17
T005431,C00877,P024,Modern Serum 24,3,69.26,207.78,2025-02-05
T005432,C00034,P024,Modern Serum 24,1,69.31,69.31,2025-09-16
T005433,C00794,P011,Urban Bottle 11,1,31.82,31.82,2025-07-20
T005434,C00007,P010,Pure Band 10,2,78.98,157.96,2025-05-02
T005435,C00718,P027,Urban Bottle 27,1,56.79,56.79,2025-08-27
T005436,C00416,P024,Modern Serum 24,1,69.39,69.39,2025-03-03
T005437,C00663,P005,Bright Organizer 05,2,87.05,174.1,2025-11-24
T005438,C00452,P002,Pure Band 02,2,27.91,55.82,2025-05-19
T005439,C00174,P017,Daily Lamp 17,1,41.54,41.54,2025-11-15
T005440,C00840,P017,Daily Lamp 17,1,43.69,43.69,2025-11-18
T005441,C00384,P012,Essential Bag 12,1,16.95,16.95,2025-10-04
T005442,C00364,P019,Urban Bottle 19,1,29.23,29.23,2025-01-19
T005443,C00245,P001,Daily Lamp 01,2,83.48,166.96,2025-10-16
T005444,C00914,P026,Pure Band 26,1,97.52,97.52,2025-07-05
T005445,C00254,P023,Calm Cream 23,1,46.24,46.24,2025-04-07
T005446,C00295,P020,Essential Bag 20,1,56.17,56.17,2025-07-12
T005447,C00045,P012,Essential Bag 12,2,15.76,31.52,2025-06-03
T005448,C00848,P005,Bright Organizer 05,2,84.71,169.42,2025-07-01
T005449,C00479,P001,Daily Lamp 01,1,86.21,86.21,2025-07-08
T005450,C00007,P018,Pure Band 18,1,68.7,68.7,2025-07-08
T005451,C00329,P013,Bright Organizer 13,1,26.17,26.17,2025-11-28
T005452,C00678,P025,Daily Lamp 25,1,90.05,90.05,2025-10-25
T005453,C00674,P012,Essential Bag 12,2,14.41,28.82,2025-11-20
T005454,C00525,P026,Pure Band 26,1,98.92,98.92,2025-08-12
T005455,C00447,P026,Pure Band 26,1,95.27,95.27,2025-04-23
T005456,C00004,P025,Daily Lamp 25,1,91.31,91.31,2025-10-20
T005457,C00140,P015,Calm Cream 15,1,30.72,30.72,2025-04-11
T005458,C00683,P022,Active Mat 22,1,84.2,84.2,2025-12-09
T005459,C00087,P008,Modern Serum 08,1,28.09,28.09,2025-01-26
T005460,C00903,P029,Bright Organizer 29,1,90.58,90.58,2025-03-08
T005461,C00931,P012,Essential Bag 12,1,14.6,14.6,2025-11-04
T005462,C00326,P029,Bright Organizer 29,1,87.92,87.92,2025-11-22
T005463,C00608,P025,Daily Lamp 25,1,93.07,93.07,2025-02-27
T005464,C00995,P006,Active Mat 06,1,19.11,19.11,2025-03-03
T005465,C00957,P023,Calm Cream 23,1,46.14,46.14,2025-10-19
T005466,C00625,P005,Bright Organizer 05,1,84.03,84.03,2025-12-10
T005467,C00765,P008,Modern Serum 08,2,28.41,56.82,2025-08-28
T005468,C00372,P017,Daily Lamp 17,1,39.78,39.78,2025-04-07
T005469,C00269,P016,Modern Serum 16,3,40.73,122.19,2025-09-12
T005470,C00383,P027,Urban Bottle 27,1,58.56,58.56,2025-05-03
T005471,C00671,P017,Daily Lamp 17,1,41.75,41.75,2025-06-20
T005472,C00605,P014,Active Mat 14,1,41.68,41.68,2025-10-24
T005473,C00627,P006,Active Mat 06,1,18.94,18.94,2025-02-11
T005474,C00127,P005,Bright Organizer 05,2,83.07,166.14,2025-10-23
T005475,C00986,P018,Pure Band 18,1,77.28,77.28,2025-08-04
T005476,C00643,P003,Urban Bottle 03,2,40.09,80.18,2025-04-19
T005477,C00657,P012,Essential Bag 12,1,16.04,16.04,2025-06-14
T005478,C00383,P007,Calm Cream 07,1,59.35,59.35,2025-09-02
T005479,C00055,P004,Essential Bag 04,1,18.51,18.51,2025-03-29
T005480,C00492,P016,Modern Serum 16,1,40.08,40.08,2025-05-10
T005481,C00604,P006,Active Mat 06,2,21.31,42.62,2025-12-07
T005482,C00820,P004,Essential Bag 04,1,19.25,19.25,2025-03-26
T005483,C00442,P010,Pure Band 10,3,76.98,230.94,2025-09-19
T005484,C00703,P023,Calm Cream 23,2,45.76,91.52,2025-05-22
T005485,C00057,P010,Pure Band 10,3,77.86,233.58,2025-11-28
T005486,C00800,P026,Pure Band 26,1,95.71,95.71,2025-09-05
T005487,C00686,P009,Daily Lamp 09,1,21.7,21.7,2025-03-06
T005488,C00948,P022,Active Mat 22,1,85.68,85.68,2025-09-15
T005489,C00145,P027,Urban Bottle 27,1,58.65,58.65,2025-10-28
T005490,C00751,P024,Modern Serum 24,1,66.16,66.16,2025-01-18
T005491,C00361,P030,Active Mat 30,1,23.98,23.98,2025-11-26
T005492,C00103,P012,Essential Bag 12,1,16.13,16.13,2025-10-23
T005493,C00826,P016,Modern Serum 16,1,40.92,40.92,2025-01-03
T005494,C00234,P024,Modern Serum 24,1,61.67,61.67,2025-05-20
T005495,C00062,P024,Modern Serum 24,1,70.6,70.6,2025-02-24
T005496,C00486,P008,Modern Serum 08,1,28.52,28.52,2025-10-31
T005497,C00943,P029,Bright Organizer 29,1,88.6,88.6,2025-02-28
T005498,C00899,P020,Essential Bag 20,1,50.76,50.76,2025-10-07
T005499,C00220,P029,Bright Organizer 29,2,81.41,162.82,2025-02-28
T005500,C00460,P029,Bright Organizer 29,1,91.11,91.11,2025-07-09
T005501,C00080,P003,Urban Bottle 03,1,42.34,42.34,2025-11-21
T005502,C00470,P011,Urban Bottle 11,1,38.41,38.41,2025-06-03
T005503,C00294,P026,Pure Band 26,2,95.61,191.22,2025-07-30
T005504,C00931,P010,Pure Band 10,1,81.11,81.11,2025-06-21
T005505,C00851,P007,Calm Cream 07,2,56.4,112.8,2025-03-05
T005506,C00174,P005,Bright Organizer 05,1,85.23,85.23,2025-12-23
T005507,C00769,P014,Active Mat 14,1,40.65,40.65,2025-02-12
T005508,C00941,P029,Bright Organizer 29,1,92.06,92.06,2025-02-01
T005509,C00702,P002,Pure Band 02,1,28.37,28.37,2025-08-30
T005510,C00949,P018,Pure Band 18,2,75.91,151.82,2025-05-08
T005511,C00111,P012,Essential Bag 12,1,16.86,16.86,2025-07-03
T005512,C00758,P005,Bright Organizer 05,3,84.09,252.27,2025-02-13
T005513,C00347,P012,Essential Bag 12,1,17.01,17.01,2025-09-07
T005514,C00260,P021,Bright Organizer 21,1,33.01,33.01,2025-08-12
T005515,C00125,P006,Active Mat 06,1,20.82,20.82,2025-05-19
T005516,C00144,P016,Modern Serum 16,4,41.47,165.88,2025-01-07
T005517,C00927,P013,Bright Organizer 13,2,26.45,52.9,2025-06-18
T005518,C00628,P003,Urban Bottle 03,1,41.19,41.19,2025-11-28
T005519,C00721,P010,Pure Band 10,2,79.38,158.76,2025-01-31
T005520,C00834,P018,Pure Band 18,1,73.31,73.31,2025-02-13
T005521,C00585,P018,Pure Band 18,1,75.66,75.66,2025-03-23
T005522,C00008,P023,Calm Cream 23,1,45.05,45.05,2025-05-26
T005523,C00407,P028,Essential Bag 28,1,82.75,82.75,2025-12-27
T005524,C00423,P010,Pure Band 10,1,78.71,78.71,2025-03-28
T005525,C00032,P003,Urban Bottle 03,1,40.87,40.87,2025-12-30
T005526,C00663,P009,Daily Lamp 09,1,22.05,22.05,2025-09-17
T005527,C00401,P012,Essential Bag 12,1,17.1,17.1,2025-09-24
T005528,C00475,P006,Active Mat 06,2,21.14,42.28,2025-03-17
T005529,C00909,P021,Bright Organizer 21,3,29.59,88.77,2025-08-23
T005530,C00980,P008,Modern Serum 08,1,28.41,28.41,2025-06-09
T005531,C00196,P025,Daily Lamp 25,2,89.76,179.52,2025-06-10
T005532,C00101,P006,Active Mat 06,1,18.76,18.76,2025-02-18
T005533,C00413,P026,Pure Band 26,1,98.25,98.25,2025-07-03
T005534,C00188,P017,Daily Lamp 17,3,35.91,107.73,2025-05-29
T005535,C00903,P023,Calm Cream 23,2,44.84,89.68,2025-03-17
T005536,C00489,P026,Pure Band 26,1,81.07,81.07,2025-07-21
T005537,C00321,P007,Calm Cream 07,2,55.51,111.02,2025-03-13
T005538,C00550,P013,Bright Organizer 13,2,25.44,50.88,2025-05-04
T005539,C00319,P024,Modern Serum 24,1,66.92,66.92,2025-01-16
T005540,C00957,P020,Essential Bag 20,1,57.16,57.16,2025-11-21
T005541,C00726,P012,Essential Bag 12,1,16.88,16.88,2025-08-07
T005542,C00499,P027,Urban Bottle 27,1,58.59,58.59,2025-09-13
T005543,C00864,P021,Bright Organizer 21,1,30.74,30.74,2025-05-30
T005544,C00875,P003,Urban Bottle 03,1,39.08,39.08,2025-07-09
T005545,C00990,P028,Essential Bag 28,1,83.96,83.96,2025-09-10
T005546,C00284,P006,Active Mat 06,1,18.84,18.84,2025-06-26
T005547,C00545,P018,Pure Band 18,1,79.86,79.86,2025-12-08
T005548,C00771,P023,Calm Cream 23,2,43.57,87.14,2025-08-11
T005549,C00717,P006,Active Mat 06,1,21.01,21.01,2025-06-13
T005550,C00591,P006,Active Mat 06,1,21.39,21.39,2025-09-19
T005551,C00796,P026,Pure Band 26,1,94.47,94.47,2025-03-27
T005552,C00281,P006,Active Mat 06,2,21.52,43.04,2025-01-21
T005553,C00237,P003,Urban Bottle 03,1,41.29,41.29,2025-11-30
T005554,C00743,P013,Bright Organizer 13,1,26.58,26.58,2025-02-11
T005555,C00327,P007,Calm Cream 07,2,55.56,111.12,2025-04-08
T005556,C00876,P030,Active Mat 30,1,23.39,23.39,2025-08-29
T005557,C00565,P028,Essential Bag 28,2,83.19,166.38,2025-10-13
T005558,C00627,P025,Daily Lamp 25,1,89.27,89.27,2025-11-09
T005559,C00427,P022,Active Mat 22,1,81.03,81.03,2025-09-16
T005560,C00832,P010,Pure Band 10,1,81.61,81.61,2025-01-06
T005561,C00566,P008,Modern Serum 08,1,26.16,26.16,2025-05-12
T005562,C00597,P010,Pure Band 10,1,76.96,76.96,2025-07-09
T005563,C00036,P023,Calm Cream 23,1,45.75,45.75,2025-12-29
T005564,C00214,P020,Essential Bag 20,1,50.47,50.47,2025-07-31
T005565,C00027,P018,Pure Band 18,1,77.15,77.15,2025-02-20
T005566,C00235,P012,Essential Bag 12,1,17.16,17.16,2025-08-08
T005567,C00752,P001,Daily Lamp 01,1,97.51,97.51,2025-06-21
T005568,C00145,P007,Calm Cream 07,1,53.08,53.08,2025-03-14
T005569,C00806,P025,Daily Lamp 25,2,80.35,160.7,2025-09-15
T005570,C00905,P029,Bright Organizer 29,2,90.88,181.76,2025-04-12
T005571,C00144,P016,Modern Serum 16,1,36.97,36.97,2025-02-27
T005572,C00670,P023,Calm Cream 23,2,47.32,94.64,2025-11-15
T005573,C00454,P023,Calm Cream 23,2,45.91,91.82,2025-12-12
T005574,C00073,P028,Essential Bag 28,1,81.96,81.96,2025-03-03
T005575,C00776,P026,Pure Band 26,2,94.5,189.0,2025-05-06
T005576,C00862,P029,Bright Organizer 29,1,79.74,79.74,2025-11-07
T005577,C00516,P012,Essential Bag 12,4,16.94,67.76,2025-10-01
T005578,C00801,P029,Bright Organizer 29,2,83.73,167.46,2025-06-21
T005579,C00834,P028,Essential Bag 28,1,76.41,76.41,2025-05-01
T005580,C00305,P017,Daily Lamp 17,1,41.4,41.4,2025-08-02
T005581,C00133,P002,Pure Band 02,1,27.73,27.73,2025-01-23
T005582,C00090,P014,Active Mat 14,1,41.06,41.06,2025-10-06
T005583,C00650,P017,Daily Lamp 17,1,42.43,42.43,2025-08-06
T005584,C00778,P002,Pure Band 02,1,28.13,28.13,2025-04-05
T005585,C00215,P021,Bright Organizer 21,3,34.53,103.59,2025-01-06
T005586,C00508,P008,Modern Serum 08,2,28.3,56.6,2025-12-07
T005587,C00422,P011,Urban Bottle 11,2,35.88,71.76,2025-01-23
T005588,C00002,P002,Pure Band 02,1,27.45,27.45,2025-07-22
T005589,C00376,P010,Pure Band 10,2,78.64,157.28,2025-06-22
T005590,C00779,P030,Active Mat 30,1,22.84,22.84,2025-08-30
T005591,C00984,P011,Urban Bottle 11,2,32.93,65.86,2025-11-02
T005592,C00088,P015,Calm Cream 15,2,32.23,64.46,2025-12-03
T005593,C00913,P024,Modern Serum 24,3,71.87,215.61,2025-11-04
T005594,C00503,P013,Bright Organizer 13,2,24.75,49.5,2025-08-21
T005595,C00513,P015,Calm Cream 15,2,30.94,61.88,2025-04-22
T005596,C00087,P016,Modern Serum 16,1,41.13,41.13,2025-10-02
T005597,C00043,P008,Modern Serum 08,1,27.84,27.84,2025-03-24
T005598,C00259,P010,Pure Band 10,2,81.07,162.14,2025-10-28
T005599,C00661,P023,Calm Cream 23,1,42.98,42.98,2025-02-13
T005600,C00569,P027,Urban Bottle 27,1,50.4,50.4,2025-10-03
T005601,C00798,P010,Pure Band 10,2,80.6,161.2,2025-07-26
T005602,C00357,P027,Urban Bottle 27,2,58.79,117.58,2025-02-24
T005603,C00109,P024,Modern Serum 24,1,70.84,70.84,2025-10-19
T005604,C00034,P011,Urban Bottle 11,1,37.34,37.34,2025-03-13
T005605,C00598,P006,Active Mat 06,1,20.72,20.72,2025-05-01
T005606,C00234,P016,Modern Serum 16,2,35.77,71.54,2025-07-30
T005607,C00757,P014,Active Mat 14,1,38.41,38.41,2025-01-28
T005608,C00673,P008,Modern Serum 08,1,25.42,25.42,2025-10-14
T005609,C00357,P023,Calm Cream 23,2,43.88,87.76,2025-11-29
T005610,C00461,P024,Modern Serum 24,3,66.96,200.88,2025-01-19
T005611,C00480,P022,Active Mat 22,1,87.53,87.53,2025-08-22
T005612,C00950,P027,Urban Bottle 27,1,52.49,52.49,2025-10-28
T005613,C00781,P028,Essential Bag 28,2,80.6,161.2,2025-02-24
T005614,C00010,P028,Essential Bag 28,1,78.84,78.84,2025-12-08
T005615,C00128,P024,Modern Serum 24,1,69.66,69.66,2025-02-04
T005616,C00504,P016,Modern Serum 16,1,36.66,36.66,2025-12-09
T005617,C00976,P022,Active Mat 22,1,85.99,85.99,2025-01-12
T005618,C00429,P008,Modern Serum 08,1,23.74,23.74,2025-09-25
T005619,C00308,P025,Daily Lamp 25,3,90.54,271.62,2025-05-30
T005620,C00425,P014,Active Mat 14,1,40.56,40.56,2025-10-08
T005621,C00478,P024,Modern Serum 24,1,69.88,69.88,2025-08-26
T005622,C00710,P009,Daily Lamp 09,1,20.47,20.47,2025-01-25
T005623,C00138,P010,Pure Band 10,1,79.7,79.7,2025-05-06
T005624,C00896,P015,Calm Cream 15,3,32.63,97.89,2025-11-11
T005625,C00773,P006,Active Mat 06,2,21.53,43.06,2025-01-31
T005626,C00104,P025,Daily Lamp 25,1,93.65,93.65,2025-09-20
T005627,C00588,P005,Bright Organizer 05,1,83.74,83.74,2025-10-30
T005628,C00290,P026,Pure Band 26,1,88.23,88.23,2025-01-12
T005629,C00096,P016,Modern Serum 16,2,40.05,80.1,2025-01-31
T005630,C00834,P008,Modern Serum 08,1,28.0,28.0,2025-02-12
T005631,C00807,P004,Essential Bag 04,1,19.69,19.69,2025-09-19
T005632,C00059,P001,Daily Lamp 01,1,87.19,87.19,2025-09-01
T005633,C00747,P026,Pure Band 26,1,96.88,96.88,2025-04-12
T005634,C00030,P029,Bright Organizer 29,2,84.63,169.26,2025-06-01
T005635,C00142,P010,Pure Band 10,2,75.13,150.26,2025-07-14
T005636,C00842,P010,Pure Band 10,1,80.62,80.62,2025-02-07
T005637,C00656,P004,Essential Bag 04,1,19.14,19.14,2025-01-14
T005638,C00666,P018,Pure Band 18,1,77.75,77.75,2025-07-25
T005639,C00078,P030,Active Mat 30,1,23.96,23.96,2025-04-01
T005640,C00670,P030,Active Mat 30,1,22.9,22.9,2025-08-13
T005641,C00272,P021,Bright Organizer 21,1,33.93,33.93,2025-10-14
T005642,C00112,P029,Bright Organizer 29,1,86.03,86.03,2025-07-29
T005643,C00319,P008,Modern Serum 08,1,26.87,26.87,2025-11-09
T005644,C00872,P026,Pure Band 26,1,97.16,97.16,2025-05-21
T005645,C00549,P029,Bright Organizer 29,1,90.27,90.27,2025-06-12
T005646,C00062,P016,Modern Serum 16,1,40.93,40.93,2025-07-08
T005647,C00319,P029,Bright Organizer 29,1,91.13,91.13,2025-12-03
T005648,C00380,P018,Pure Band 18,2,78.0,156.0,2025-10-12
T005649,C00755,P028,Essential Bag 28,1,83.64,83.64,2025-12-09
T005650,C00345,P001,Daily Lamp 01,2,98.44,196.88,2025-01-16
T005651,C00521,P003,Urban Bottle 03,1,38.02,38.02,2025-12-07
T005652,C00370,P008,Modern Serum 08,2,27.52,55.04,2025-04-19
T005653,C00288,P022,Active Mat 22,1,84.25,84.25,2025-04-03
T005654,C00580,P012,Essential Bag 12,2,16.58,33.16,2025-05-21
T005655,C00827,P002,Pure Band 02,1,27.73,27.73,2025-05-25
T005656,C00947,P004,Essential Bag 04,1,19.74,19.74,2025-09-19
T005657,C00469,P011,Urban Bottle 11,1,38.69,38.69,2025-12-10
T005658,C00805,P027,Urban Bottle 27,4,58.51,234.04,2025-04-27
T005659,C00669,P025,Daily Lamp 25,1,90.04,90.04,2025-05-29
T005660,C00025,P014,Active Mat 14,2,41.28,82.56,2025-05-11
T005661,C00618,P013,Bright Organizer 13,1,26.91,26.91,2025-04-12
T005662,C00875,P030,Active Mat 30,1,22.07,22.07,2025-11-11
T005663,C00032,P014,Active Mat 14,1,34.65,34.65,2025-08-28
T005664,C00724,P015,Calm Cream 15,1,30.24,30.24,2025-02-23
T005665,C00135,P012,Essential Bag 12,1,16.84,16.84,2025-04-22
T005666,C00796,P018,Pure Band 18,1,78.23,78.23,2025-12-21
T005667,C00265,P029,Bright Organizer 29,3,91.34,274.02,2025-09-29
T005668,C00703,P028,Essential Bag 28,1,77.43,77.43,2025-03-21
T005669,C00584,P013,Bright Organizer 13,1,23.94,23.94,2025-05-16
T005670,C00767,P027,Urban Bottle 27,2,59.64,119.28,2025-12-24
T005671,C00897,P004,Essential Bag 04,1,19.08,19.08,2025-09-17
T005672,C00896,P009,Daily Lamp 09,2,21.99,43.98,2025-12-30
T005673,C00542,P007,Calm Cream 07,2,52.77,105.54,2025-02-24
T005674,C00166,P006,Active Mat 06,3,21.34,64.02,2025-01-13
T005675,C00488,P012,Essential Bag 12,1,14.97,14.97,2025-03-08
T005676,C00785,P021,Bright Organizer 21,3,34.86,104.58,2025-01-16
T005677,C00680,P011,Urban Bottle 11,1,37.35,37.35,2025-06-22
T005678,C00980,P004,Essential Bag 04,1,18.98,18.98,2025-02-10
T005679,C00545,P023,Calm Cream 23,1,45.76,45.76,2025-03-09
T005680,C00652,P010,Pure Band 10,1,79.13,79.13,2025-12-14
T005681,C00453,P024,Modern Serum 24,2,70.28,140.56,2025-03-11
T005682,C00212,P019,Urban Bottle 19,1,30.39,30.39,2025-04-04
T005683,C00840,P020,Essential Bag 20,2,55.83,111.66,2025-04-28
T005684,C00533,P029,Bright Organizer 29,1,86.27,86.27,2025-08-14
T005685,C00845,P029,Bright Organizer 29,1,89.95,89.95,2025-02-10
T005686,C00452,P024,Modern Serum 24,1,70.47,70.47,2025-09-08
T005687,C00977,P030,Active Mat 30,1,20.1,20.1,2025-05-09
T005688,C00995,P024,Modern Serum 24,2,69.53,139.06,2025-07-15
T005689,C00925,P011,Urban Bottle 11,1,31.95,31.95,2025-07-04
T005690,C00574,P017,Daily Lamp 17,1,41.96,41.96,2025-01-03
T005691,C00830,P017,Daily Lamp 17,1,42.56,42.56,2025-12-07
T005692,C00479,P014,Active Mat 14,2,41.29,82.58,2025-04-30
T005693,C00488,P030,Active Mat 30,2,23.89,47.78,2025-11-10
T005694,C00530,P010,Pure Band 10,2,76.28,152.56,2025-06-09
T005695,C00686,P028,Essential Bag 28,1,83.46,83.46,2025-08-21
T005696,C00539,P005,Bright Organizer 05,1,84.39,84.39,2025-01-14
T005697,C00155,P005,Bright Organizer 05,1,82.62,82.62,2025-08-30
T005698,C00967,P023,Calm Cream 23,1,41.65,41.65,2025-03-22
T005699,C00185,P007,Calm Cream 07,4,56.17,224.68,2025-06-27
T005700,C00135,P007,Calm Cream 07,1,59.76,59.76,2025-01-20
T005701,C00529,P023,Calm Cream 23,3,46.39,139.17,2025-11-16
T005702,C00031,P006,Active Mat 06,1,20.53,20.53,2025-11-14
T005703,C00059,P025,Daily Lamp 25,2,82.87,165.74,2025-10-03
T005704,C00477,P010,Pure Band 10,1,75.67,75.67,2025-02-04
T005705,C00956,P001,Daily Lamp 01,1,95.54,95.54,2025-04-24
T005706,C00358,P016,Modern Serum 16,2,41.73,83.46,2025-11-29
T005707,C00973,P030,Active Mat 30,1,23.26,23.26,2025-06-23
T005708,C00045,P009,Daily Lamp 09,2,22.12,44.24,2025-06-21
T005709,C00423,P019,Urban Bottle 19,1,29.65,29.65,2025-07-20
T005710,C00979,P010,Pure Band 10,1,81.19,81.19,2025-08-08
T005711,C00041,P010,Pure Band 10,3,80.13,240.39,2025-03-10
T005712,C00332,P028,Essential Bag 28,1,80.74,80.74,2025-12-06
T005713,C00109,P015,Calm Cream 15,1,31.94,31.94,2025-03-16
T005714,C00891,P006,Active Mat 06,1,21.5,21.5,2025-11-06
T005715,C00460,P008,Modern Serum 08,1,28.26,28.26,2025-07-13
T005716,C00899,P022,Active Mat 22,1,84.24,84.24,2025-12-11
T005717,C00920,P026,Pure Band 26,1,97.83,97.83,2025-12-23
T005718,C00981,P023,Calm Cream 23,1,46.48,46.48,2025-02-08
T005719,C00657,P005,Bright Organizer 05,1,75.54,75.54,2025-08-23
T005720,C00242,P020,Essential Bag 20,1,56.44,56.44,2025-11-16
T005721,C00485,P002,Pure Band 02,3,27.67,83.01,2025-08-21
T005722,C00442,P023,Calm Cream 23,1,45.59,45.59,2025-02-26
T005723,C00949,P027,Urban Bottle 27,4,49.47,197.88,2025-03-17
T005724,C00277,P014,Active Mat 14,1,41.2,41.2,2025-01-08
T005725,C00353,P002,Pure Band 02,1,27.74,27.74,2025-07-19
T005726,C00183,P030,Active Mat 30,3,21.29,63.87,2025-10-24
T005727,C00854,P029,Bright Organizer 29,2,77.53,155.06,2025-01-26
T005728,C00481,P029,Bright Organizer 29,3,84.08,252.24,2025-03-23
T005729,C00399,P027,Urban Bottle 27,4,48.94,195.76,2025-07-06
T005730,C00005,P001,Daily Lamp 01,2,95.83,191.66,2025-05-08
T005731,C00358,P024,Modern Serum 24,1,70.97,70.97,2025-10-22
T005732,C00349,P024,Modern Serum 24,1,69.39,69.39,2025-04-03
T005733,C00897,P027,Urban Bottle 27,3,55.39,166.17,2025-01-01
T005734,C00621,P002,Pure Band 02,3,28.96,86.88,2025-12-01
T005735,C00075,P025,Daily Lamp 25,3,86.48,259.44,2025-05-18
T005736,C00194,P004,Essential Bag 04,1,20.0,20.0,2025-12-01
T005737,C00632,P027,Urban Bottle 27,1,53.1,53.1,2025-05-17
T005738,C00836,P029,Bright Organizer 29,2,85.74,171.48,2025-08-14
T005739,C00511,P008,Modern Serum 08,1,25.74,25.74,2025-01-13
T005740,C00893,P014,Active Mat 14,4,38.84,155.36,2025-05-07
T005741,C00748,P027,Urban Bottle 27,1,59.69,59.69,2025-02-10
T005742,C00397,P017,Daily Lamp 17,1,40.31,40.31,2025-04-11
T005743,C00245,P016,Modern Serum 16,2,41.06,82.12,2025-07-15
T005744,C00914,P015,Calm Cream 15,1,30.78,30.78,2025-07-03
T005745,C00262,P029,Bright Organizer 29,2,88.44,176.88,2025-06-16
T005746,C00298,P024,Modern Serum 24,2,68.77,137.54,2025-03-18
T005747,C00519,P011,Urban Bottle 11,1,37.58,37.58,2025-09-08
T005748,C00516,P016,Modern Serum 16,1,41.05,41.05,2025-11-06
T005749,C00177,P003,Urban Bottle 03,1,40.79,40.79,2025-10-20
T005750,C00855,P025,Daily Lamp 25,2,87.16,174.32,2025-10-27
T005751,C00577,P024,Modern Serum 24,1,64.8,64.8,2025-06-10
T005752,C00678,P022,Active Mat 22,1,85.34,85.34,2025-03-12
T005753,C00430,P014,Active Mat 14,2,41.17,82.34,2025-06-29
T005754,C00273,P003,Urban Bottle 03,3,41.51,124.53,2025-12-08
T005755,C00304,P010,Pure Band 10,1,72.87,72.87,2025-01-04
T005756,C00412,P021,Bright Organizer 21,2,34.31,68.62,2025-02-20
T005757,C00943,P024,Modern Serum 24,2,71.0,142.0,2025-09-09
T005758,C00837,P015,Calm Cream 15,1,31.12,31.12,2025-07-10
T005759,C00048,P017,Daily Lamp 17,1,42.5,42.5,2025-07-21
T005760,C00871,P020,Essential Bag 20,1,56.19,56.19,2025-06-25
T005761,C00073,P015,Calm Cream 15,1,31.38,31.38,2025-04-05
T005762,C00542,P004,Essential Bag 04,1,19.09,19.09,2025-09-11
T005763,C00307,P023,Calm Cream 23,1,44.69,44.69,2025-07-04
T005764,C00568,P011,Urban Bottle 11,1,34.36,34.36,2025-12-25
T005765,C00479,P024,Modern Serum 24,1,71.1,71.1,2025-10-02
T005766,C00036,P002,Pure Band 02,2,27.6,55.2,2025-05-22
T005767,C00208,P018,Pure Band 18,1,71.76,71.76,2025-08-10
T005768,C00057,P006,Active Mat 06,1,20.99,20.99,2025-05-07
T005769,C00248,P025,Daily Lamp 25,3,89.96,269.88,2025-05-03
T005770,C00270,P021,Bright Organizer 21,1,34.41,34.41,2025-09-18
T005771,C00536,P015,Calm Cream 15,1,29.63,29.63,2025-06-25
T005772,C00403,P003,Urban Bottle 03,1,41.43,41.43,2025-10-19
T005773,C00355,P014,Active Mat 14,3,39.81,119.43,2025-05-10
T005774,C00981,P018,Pure Band 18,1,76.79,76.79,2025-08-20
T005775,C00673,P007,Calm Cream 07,1,59.05,59.05,2025-02-15
T005776,C00443,P030,Active Mat 30,1,20.9,20.9,2025-11-13
T005777,C00730,P025,Daily Lamp 25,1,83.73,83.73,2025-10-05
T005778,C00257,P002,Pure Band 02,1,25.47,25.47,2025-12-07
T005779,C00397,P028,Essential Bag 28,1,84.4,84.4,2025-12-16
T005780,C00794,P025,Daily Lamp 25,2,93.25,186.5,2025-02-26
T005781,C00314,P020,Essential Bag 20,1,51.36,51.36,2025-11-05
T005782,C00821,P027,Urban Bottle 27,3,58.35,175.05,2025-07-21
T005783,C00857,P004,Essential Bag 04,3,19.12,57.36,2025-07-05
T005784,C00745,P026,Pure Band 26,2,99.0,198.0,2025-10-17
T005785,C00135,P020,Essential Bag 20,3,51.0,153.0,2025-01-03
T005786,C00778,P002,Pure Band 02,2,28.93,57.86,2025-11-07
T005787,C00885,P004,Essential Bag 04,1,19.77,19.77,2025-12-13
T005788,C00104,P028,Essential Bag 28,1,72.94,72.94,2025-03-23
T005789,C00586,P002,Pure Band 02,1,28.26,28.26,2025-02-08
T005790,C00847,P009,Daily Lamp 09,4,21.93,87.72,2025-03-29
T005791,C00037,P003,Urban Bottle 03,1,40.88,40.88,2025-03-19
T005792,C00617,P006,Active Mat 06,1,20.64,20.64,2025-05-01
T005793,C00750,P004,Essential Bag 04,1,19.15,19.15,2025-04-07
T005794,C00015,P007,Calm Cream 07,1,59.84,59.84,2025-05-22
T005795,C00775,P016,Modern Serum 16,1,40.0,40.0,2025-11-01
T005796,C00145,P027,Urban Bottle 27,1,59.77,59.77,2025-02-01
T005797,C00500,P008,Modern Serum 08,1,24.08,24.08,2025-01-26
T005798,C00965,P006,Active Mat 06,1,21.3,21.3,2025-05-07
T005799,C00623,P024,Modern Serum 24,1,68.98,68.98,2025-10-17
T005800,C00089,P001,Daily Lamp 01,1,94.34,94.34,2025-04-14
T005801,C00179,P007,Calm Cream 07,1,57.8,57.8,2025-10-13
T005802,C00775,P027,Urban Bottle 27,1,58.39,58.39,2025-03-08
T005803,C00352,P008,Modern Serum 08,1,27.95,27.95,2025-07-01
T005804,C00970,P007,Calm Cream 07,1,58.59,58.59,2025-09-01
T005805,C00961,P003,Urban Bottle 03,2,40.38,80.76,2025-08-28
T005806,C00253,P018,Pure Band 18,2,79.4,158.8,2025-12-16
T005807,C00273,P005,Bright Organizer 05,2,78.36,156.72,2025-11-07
T005808,C00061,P028,Essential Bag 28,1,74.33,74.33,2025-06-27
T005809,C00652,P007,Calm Cream 07,1,59.07,59.07,2025-04-24
T005810,C00996,P019,Urban Bottle 19,2,30.82,61.64,2025-10-04
T005811,C00485,P006,Active Mat 06,2,18.71,37.42,2025-08-17
T005812,C00618,P027,Urban Bottle 27,2,59.38,118.76,2025-03-09
T005813,C00615,P003,Urban Bottle 03,4,41.24,164.96,2025-12-19
T005814,C00807,P011,Urban Bottle 11,1,35.45,35.45,2025-12-23
T005815,C00087,P024,Modern Serum 24,1,61.57,61.57,2025-04-03
T005816,C00035,P026,Pure Band 26,2,87.41,174.82,2025-04-01
T005817,C00613,P003,Urban Bottle 03,1,40.21,40.21,2025-06-16
T005818,C00258,P027,Urban Bottle 27,1,57.83,57.83,2025-07-21
T005819,C00767,P024,Modern Serum 24,2,68.22,136.44,2025-03-24
T005820,C00161,P022,Active Mat 22,4,81.41,325.64,2025-03-17
T005821,C00645,P005,Bright Organizer 05,3,71.07,213.21,2025-08-26
T005822,C00245,P010,Pure Band 10,1,81.17,81.17,2025-09-14
T005823,C00944,P017,Daily Lamp 17,1,42.45,42.45,2025-08-17
T005824,C00193,P017,Daily Lamp 17,1,41.09,41.09,2025-04-22
T005825,C00922,P002,Pure Band 02,1,27.6,27.6,2025-01-23
T005826,C00749,P026,Pure Band 26,1,97.35,97.35,2025-09-21
T005827,C00291,P012,Essential Bag 12,1,16.52,16.52,2025-06-19
T005828,C00317,P029,Bright Organizer 29,2,91.43,182.86,2025-12-03
T005829,C00654,P007,Calm Cream 07,1,58.99,58.99,2025-08-04
T005830,C00808,P029,Bright Organizer 29,1,83.15,83.15,2025-11-29
T005831,C00343,P009,Daily Lamp 09,1,21.6,21.6,2025-02-03
T005832,C00507,P006,Active Mat 06,3,20.16,60.48,2025-06-10
T005833,C00376,P003,Urban Bottle 03,2,34.83,69.66,2025-09-21
T005834,C00396,P011,Urban Bottle 11,2,38.86,77.72,2025-12-12
T005835,C00809,P013,Bright Organizer 13,1,24.58,24.58,2025-06-17
T005836,C00723,P007,Calm Cream 07,2,58.95,117.9,2025-04-28
T005837,C00755,P008,Modern Serum 08,1,27.54,27.54,2025-07-22
T005838,C00189,P029,Bright Organizer 29,1,89.03,89.03,2025-03-23
T005839,C00492,P028,Essential Bag 28,1,72.5,72.5,2025-06-30
T005840,C00134,P007,Calm Cream 07,1,59.49,59.49,2025-11-25
T005841,C00959,P013,Bright Organizer 13,1,27.28,27.28,2025-03-15
T005842,C00559,P003,Urban Bottle 03,2,41.13,82.26,2025-01-24
T005843,C00125,P001,Daily Lamp 01,2,97.16,194.32,2025-03-15
T005844,C00914,P030,Active Mat 30,1,23.71,23.71,2025-06-09
T005845,C00034,P003,Urban Bottle 03,4,41.43,165.72,2025-07-09
T005846,C00404,P027,Urban Bottle 27,1,59.89,59.89,2025-10-18
T005847,C00662,P021,Bright Organizer 21,2,34.21,68.42,2025-12-13
T005848,C00480,P017,Daily Lamp 17,1,35.87,35.87,2025-10-07
T005849,C00413,P014,Active Mat 14,1,41.87,41.87,2025-09-13
T005850,C00160,P010,Pure Band 10,1,68.33,68.33,2025-09-16
T005851,C00705,P017,Daily Lamp 17,1,39.01,39.01,2025-06-08
T005852,C00649,P010,Pure Band 10,1,82.23,82.23,2025-10-17
T005853,C00928,P023,Calm Cream 23,1,44.87,44.87,2025-07-02
T005854,C00438,P005,Bright Organizer 05,1,85.06,85.06,2025-11-21
T005855,C00216,P025,Daily Lamp 25,2,92.56,185.12,2025-03-16
T005856,C00500,P007,Calm Cream 07,3,56.85,170.55,2025-03-23
T005857,C00840,P023,Calm Cream 23,2,45.21,90.42,2025-10-04
T005858,C00277,P014,Active Mat 14,1,39.16,39.16,2025-12-16
T005859,C00258,P027,Urban Bottle 27,3,58.94,176.82,2025-11-23
T005860,C00103,P028,Essential Bag 28,1,77.11,77.11,2025-06-30
T005861,C00050,P030,Active Mat 30,2,23.98,47.96,2025-10-07
T005862,C00396,P024,Modern Serum 24,2,68.04,136.08,2025-10-09
T005863,C00991,P005,Bright Organizer 05,4,87.14,348.56,2025-11-12
T005864,C00773,P007,Calm Cream 07,3,56.97,170.91,2025-01-10
T005865,C00369,P003,Urban Bottle 03,3,41.46,124.38,2025-11-15
T005866,C00236,P021,Bright Organizer 21,1,31.3,31.3,2025-02-14
T005867,C00713,P020,Essential Bag 20,2,55.3,110.6,2025-04-27
T005868,C00405,P018,Pure Band 18,1,76.75,76.75,2025-03-04
T005869,C00661,P026,Pure Band 26,3,96.47,289.41,2025-03-11
T005870,C00647,P029,Bright Organizer 29,1,90.62,90.62,2025-05-07
T005871,C00164,P028,Essential Bag 28,1,80.18,80.18,2025-03-22
T005872,C00185,P001,Daily Lamp 01,1,94.68,94.68,2025-07-07
T005873,C00222,P003,Urban Bottle 03,1,38.47,38.47,2025-03-19
T005874,C00223,P021,Bright Organizer 21,1,34.89,34.89,2025-12-18
T005875,C00172,P015,Calm Cream 15,1,31.67,31.67,2025-02-10
T005876,C00496,P006,Active Mat 06,2,20.99,41.98,2025-08-07
T005877,C00920,P026,Pure Band 26,1,97.19,97.19,2025-01-10
T005878,C00328,P012,Essential Bag 12,1,16.03,16.03,2025-11-22
T005879,C00707,P003,Urban Bottle 03,1,35.29,35.29,2025-01-03
T005880,C00386,P027,Urban Bottle 27,2,53.63,107.26,2025-08-26
T005881,C00962,P009,Daily Lamp 09,1,22.19,22.19,2025-03-31
T005882,C00932,P024,Modern Serum 24,1,62.71,62.71,2025-09-19
T005883,C00312,P013,Bright Organizer 13,1,27.32,27.32,2025-09-10
T005884,C00566,P014,Active Mat 14,1,42.41,42.41,2025-12-20
T005885,C00865,P008,Modern Serum 08,1,28.81,28.81,2025-01-17
T005886,C00010,P026,Pure Band 26,1,91.91,91.91,2025-09-24
T005887,C00657,P004,Essential Bag 04,2,19.34,38.68,2025-10-18
T005888,C00013,P001,Daily Lamp 01,2,87.67,175.34,2025-12-15
T005889,C00715,P003,Urban Bottle 03,1,38.9,38.9,2025-05-16
T005890,C00729,P014,Active Mat 14,1,41.16,41.16,2025-04-06
T005891,C00091,P007,Calm Cream 07,1,58.56,58.56,2025-03-25
T005892,C00170,P016,Modern Serum 16,2,40.89,81.78,2025-05-29
T005893,C00696,P001,Daily Lamp 01,2,96.94,193.88,2025-09-10
T005894,C00116,P025,Daily Lamp 25,4,93.14,372.56,2025-02-26
T005895,C00422,P023,Calm Cream 23,3,45.69,137.07,2025-10-02
T005896,C00194,P016,Modern Serum 16,2,38.21,76.42,2025-06-20
T005897,C00799,P001,Daily Lamp 01,1,95.05,95.05,2025-04-30
T005898,C00703,P025,Daily Lamp 25,3,93.91,281.73,2025-09-05
T005899,C00969,P021,Bright Organizer 21,1,34.02,34.02,2025-05-25
T005900,C00799,P003,Urban Bottle 03,1,40.26,40.26,2025-05-24
T005901,C00003,P016,Modern Serum 16,1,39.96,39.96,2025-06-13
T005902,C00458,P002,Pure Band 02,2,28.0,56.0,2025-09-08
T005903,C00504,P002,Pure Band 02,1,28.22,28.22,2025-11-09
T005904,C00667,P014,Active Mat 14,1,40.27,40.27,2025-01-13
T005905,C00238,P010,Pure Band 10,2,80.8,161.6,2025-09-19
T005906,C00453,P005,Bright Organizer 05,1,69.98,69.98,2025-03-25
T005907,C00562,P006,Active Mat 06,1,18.95,18.95,2025-03-12
T005908,C00134,P001,Daily Lamp 01,1,89.44,89.44,2025-05-01
T005909,C00262,P001,Daily Lamp 01,2,86.45,172.9,2025-04-09
T005910,C00908,P019,Urban Bottle 19,1,29.88,29.88,2025-02-07
T005911,C00323,P002,Pure Band 02,1,28.25,28.25,2025-07-25
T005912,C00822,P003,Urban Bottle 03,1,40.87,40.87,2025-09-01
T005913,C00361,P028,Essential Bag 28,2,83.98,167.96,2025-10-04
T005914,C00416,P029,Bright Organizer 29,1,92.61,92.61,2025-10-12
T005915,C00850,P002,Pure Band 02,2,27.48,54.96,2025-05-11
T005916,C00557,P021,Bright Organizer 21,3,34.1,102.3,2025-06-02
T005917,C00592,P002,Pure Band 02,1,24.09,24.09,2025-03-03
T005918,C00841,P028,Essential Bag 28,1,81.91,81.91,2025-05-21
T005919,C00450,P013,Bright Organizer 13,1,24.05,24.05,2025-08-26
T005920,C00409,P023,Calm Cream 23,1,45.44,45.44,2025-10-17
T005921,C00461,P013,Bright Organizer 13,1,24.29,24.29,2025-02-18
T005922,C00777,P025,Daily Lamp 25,1,91.38,91.38,2025-08-27
T005923,C00258,P022,Active Mat 22,1,85.99,85.99,2025-01-03
T005924,C00451,P014,Active Mat 14,1,36.88,36.88,2025-03-25
T005925,C00633,P028,Essential Bag 28,1,81.04,81.04,2025-01-31
T005926,C00537,P017,Daily Lamp 17,1,42.19,42.19,2025-05-18
T005927,C00179,P030,Active Mat 30,3,24.27,72.81,2025-09-13
T005928,C00221,P019,Urban Bottle 19,1,30.11,30.11,2025-04-08
T005929,C00168,P022,Active Mat 22,1,77.82,77.82,2025-01-09
T005930,C00516,P012,Essential Bag 12,1,16.35,16.35,2025-10-22
T005931,C00785,P012,Essential Bag 12,1,16.85,16.85,2025-06-07
T005932,C00600,P017,Daily Lamp 17,1,40.22,40.22,2025-05-08
T005933,C00135,P022,Active Mat 22,1,85.39,85.39,2025-06-27
T005934,C00465,P012,Essential Bag 12,2,17.02,34.04,2025-12-05
T005935,C00851,P007,Calm Cream 07,1,58.53,58.53,2025-04-26
T005936,C00058,P026,Pure Band 26,1,95.48,95.48,2025-03-22
T005937,C00120,P008,Modern Serum 08,2,28.08,56.16,2025-01-31
T005938,C00262,P027,Urban Bottle 27,4,59.07,236.28,2025-04-11
T005939,C00411,P005,Bright Organizer 05,2,81.96,163.92,2025-04-19
T005940,C00200,P011,Urban Bottle 11,1,37.47,37.47,2025-04-22
T005941,C00758,P028,Essential Bag 28,2,80.96,161.92,2025-03-02
T005942,C00957,P005,Bright Organizer 05,1,82.24,82.24,2025-05-29
T005943,C00272,P009,Daily Lamp 09,1,21.92,21.92,2025-10-22
T005944,C00647,P017,Daily Lamp 17,2,42.4,84.8,2025-02-11
T005945,C00388,P007,Calm Cream 07,1,58.03,58.03,2025-06-03
T005946,C00126,P030,Active Mat 30,1,22.66,22.66,2025-02-26
T005947,C00924,P007,Calm Cream 07,1,59.12,59.12,2025-03-30
T005948,C00453,P005,Bright Organizer 05,1,83.22,83.22,2025-09-14
T005949,C00634,P016,Modern Serum 16,1,39.49,39.49,2025-11-15
T005950,C00369,P007,Calm Cream 07,1,59.83,59.83,2025-03-02
T005951,C00378,P030,Active Mat 30,1,22.15,22.15,2025-05-14
T005952,C00492,P027,Urban Bottle 27,1,54.66,54.66,2025-05-23
T005953,C00981,P014,Active Mat 14,3,40.32,120.96,2025-06-23
T005954,C00079,P001,Daily Lamp 01,1,95.54,95.54,2025-04-11
T005955,C00926,P029,Bright Organizer 29,2,90.35,180.7,2025-06-03
T005956,C00963,P005,Bright Organizer 05,1,84.5,84.5,2025-07-16
T005957,C00944,P008,Modern Serum 08,1,28.44,28.44,2025-02-06
T005958,C00399,P004,Essential Bag 04,1,18.54,18.54,2025-10-30
T005959,C00249,P023,Calm Cream 23,3,46.33,138.99,2025-07-31
T005960,C00819,P026,Pure Band 26,1,87.12,87.12,2025-03-17
T005961,C00644,P002,Pure Band 02,1,28.84,28.84,2025-12-25
T005962,C00449,P003,Urban Bottle 03,1,41.18,41.18,2025-05-17
T005963,C00003,P004,Essential Bag 04,4,18.78,75.12,2025-06-13
T005964,C00780,P002,Pure Band 02,3,27.75,83.25,2025-05-11
T005965,C00555,P013,Bright Organizer 13,4,25.31,101.24,2025-11-14
T005966,C00137,P004,Essential Bag 04,1,19.97,19.97,2025-11-24
T005967,C00766,P022,Active Mat 22,1,83.38,83.38,2025-05-16
T005968,C00634,P012,Essential Bag 12,1,17.0,17.0,2025-08-25
T005969,C00518,P027,Urban Bottle 27,1,53.21,53.21,2025-08-20
T005970,C00087,P008,Modern Serum 08,1,27.39,27.39,2025-05-27
T005971,C00229,P026,Pure Band 26,1,92.57,92.57,2025-09-01
T005972,C00070,P023,Calm Cream 23,1,45.7,45.7,2025-08-05
T005973,C00758,P018,Pure Band 18,2,77.67,155.34,2025-06-14
T005974,C00482,P022,Active Mat 22,1,83.03,83.03,2025-12-04
T005975,C00516,P005,Bright Organizer 05,1,85.48,85.48,2025-11-08
T005976,C00481,P020,Essential Bag 20,1,56.92,56.92,2025-10-22
T005977,C00455,P013,Bright Organizer 13,1,25.21,25.21,2025-07-19
T005978,C00601,P007,Calm Cream 07,1,55.2,55.2,2025-07-08
T005979,C00791,P009,Daily Lamp 09,2,22.45,44.9,2025-01-03
T005980,C00997,P025,Daily Lamp 25,2,82.56,165.12,2025-06-24
T005981,C00648,P013,Bright Organizer 13,1,27.5,27.5,2025-10-10
T005982,C00430,P006,Active Mat 06,1,21.92,21.92,2025-11-13
T005983,C00929,P015,Calm Cream 15,2,29.62,59.24,2025-01-09
T005984,C00513,P009,Daily Lamp 09,1,21.79,21.79,2025-02-15
T005985,C00293,P028,Essential Bag 28,1,74.18,74.18,2025-12-02
T005986,C00354,P018,Pure Band 18,1,76.98,76.98,2025-05-23
T005987,C00240,P010,Pure Band 10,1,82.98,82.98,2025-11-21
T005988,C00251,P014,Active Mat 14,1,39.77,39.77,2025-11-25
T005989,C00843,P014,Active Mat 14,2,37.51,75.02,2025-01-20
T005990,C00470,P027,Urban Bottle 27,1,52.55,52.55,2025-06-15
T005991,C00745,P028,Essential Bag 28,1,80.47,80.47,2025-06-30
T005992,C00961,P025,Daily Lamp 25,1,91.42,91.42,2025-06-19
T005993,C00866,P020,Essential Bag 20,1,55.79,55.79,2025-10-31
T005994,C00873,P005,Bright Organizer 05,1,80.29,80.29,2025-03-28
T005995,C00281,P017,Daily Lamp 17,2,36.39,72.78,2025-11-15
T005996,C00215,P024,Modern Serum 24,1,70.38,70.38,2025-03-24
T005997,C00632,P002,Pure Band 02,1,28.19,28.19,2025-10-16
T005998,C00039,P013,Bright Organizer 13,1,26.37,26.37,2025-05-18
T005999,C00732,P003,Urban Bottle 03,1,41.36,41.36,2025-10-20
T006000,C00482,P027,Urban Bottle 27,1,54.97,54.97,2025-06-13
