send_id,campaign_id,campaign_name,customer_id,channel,message,sent_date,clicked,purchased
SEND000001,CMP04,Summer Essentials,C00725,ads,Simple essentials for warmer days.,2025-08-26,false,false
SEND000002,CMP05,Back to Routine,C00165,email,Get back into your everyday rhythm.,2025-08-27,false,false
SEND000003,CMP01,New Year Reset,C00278,email,Start fresh with practical favorites.,2025-02-02,true,false
SEND000004,CMP07,Early Holiday,C00907,email,A head start on thoughtful gifting.,2025-11-03,false,false
SEND000005,CMP03,Member Picks,C00148,email,Popular picks selected for you.,2025-06-11,false,false
SEND000006,CMP04,Summer Essentials,C00675,ads,Simple essentials for warmer days.,2025-08-28,false,false
SEND000007,CMP02,Spring Refresh,C00493,ads,Refresh your routine for spring.,2025-04-21,false,false
SEND000008,CMP04,Summer Essentials,C00849,ads,Simple essentials for warmer days.,2025-06-08,false,false
SEND000009,CMP04,Summer Essentials,C00309,ads,Simple essentials for warmer days.,2025-07-24,false,false
SEND000010,CMP04,Summer Essentials,C00017,ads,Simple essentials for warmer days.,2025-06-12,false,false
SEND000011,CMP02,Spring Refresh,C00701,ads,Refresh your routine for spring.,2025-03-03,false,false
SEND000012,CMP07,Early Holiday,C00955,email,A head start on thoughtful gifting.,2025-11-16,false,false
SEND000013,CMP08,Holiday Highlights,C00351,ads,Explore customer favorites this holiday.,2025-11-25,false,false
SEND000014,CMP05,Back to Routine,C00214,email,Get back into your everyday rhythm.,2025-09-27,true,false
SEND000015,CMP04,Summer Essentials,C00257,ads,Simple essentials for warmer days.,2025-07-16,false,true
SEND000016,CMP04,Summer Essentials,C00391,ads,Simple essentials for warmer days.,2025-08-13,false,false
SEND000017,CMP03,Member Picks,C00750,email,Popular picks selected for you.,2025-05-13,false,false
SEND000018,CMP02,Spring Refresh,C00374,ads,Refresh your routine for spring.,2025-03-20,false,false
SEND000019,CMP01,New Year Reset,C00476,email,Start fresh with practical favorites.,2025-01-10,true,false
SEND000020,CMP07,Early Holiday,C00015,email,A head start on thoughtful gifting.,2025-11-15,true,true
SEND000021,CMP05,Back to Routine,C00845,email,Get back into your everyday rhythm.,2025-08-20,false,false
SEND000022,CMP07,Early Holiday,C00927,email,A head start on thoughtful gifting.,2025-11-10,false,false
SEND000023,CMP08,Holiday Highlights,C00465,ads,Explore customer favorites this holiday.,2025-11-16,false,false
SEND000024,CMP08,Holiday Highlights,C00845,ads,Explore customer favorites this holiday.,2025-12-29,false,false
SEND000025,CMP06,Autumn Edit,C00817,ads,Discover this season's useful upgrades.,2025-10-03,false,false
SEND000026,CMP03,Member Picks,C00560,email,Popular picks selected for you.,2025-06-04,false,false
SEND000027,CMP05,Back to Routine,C00606,email,Get back into your everyday rhythm.,2025-09-23,false,false
SEND000028,CMP02,Spring Refresh,C00640,ads,Refresh your routine for spring.,2025-04-17,false,false
SEND000029,CMP05,Back to Routine,C00673,email,Get back into your everyday rhythm.,2025-08-20,false,false
SEND000030,CMP01,New Year Reset,C00007,email,Start fresh with practical favorites.,2025-01-17,false,false
SEND000031,CMP07,Early Holiday,C00898,email,A head start on thoughtful gifting.,2025-11-16,false,true
SEND000032,CMP08,Holiday Highlights,C00071,ads,Explore customer favorites this holiday.,2025-12-19,false,false
SEND000033,CMP05,Back to Routine,C00702,email,Get back into your everyday rhythm.,2025-08-25,true,false
SEND000034,CMP07,Early Holiday,C00234,email,A head start on thoughtful gifting.,2025-11-16,false,true
SEND000035,CMP01,New Year Reset,C00132,email,Start fresh with practical favorites.,2025-01-04,false,false
SEND000036,CMP01,New Year Reset,C00729,email,Start fresh with practical favorites.,2025-02-23,false,false
SEND000037,CMP04,Summer Essentials,C00690,ads,Simple essentials for warmer days.,2025-06-14,false,false
SEND000038,CMP03,Member Picks,C00602,email,Popular picks selected for you.,2025-06-21,true,false
SEND000039,CMP03,Member Picks,C00332,email,Popular picks selected for you.,2025-06-01,false,false
SEND000040,CMP04,Summer Essentials,C00683,ads,Simple essentials for warmer days.,2025-06-17,false,false
SEND000041,CMP02,Spring Refresh,C00347,ads,Refresh your routine for spring.,2025-03-23,false,false
SEND000042,CMP02,Spring Refresh,C00521,ads,Refresh your routine for spring.,2025-03-23,false,false
SEND000043,CMP07,Early Holiday,C00426,email,A head start on thoughtful gifting.,2025-11-03,false,false
SEND000044,CMP04,Summer Essentials,C00045,ads,Simple essentials for warmer days.,2025-07-24,false,false
SEND000045,CMP06,Autumn Edit,C00350,ads,Discover this season's useful upgrades.,2025-09-21,false,false
SEND000046,CMP06,Autumn Edit,C00213,ads,Discover this season's useful upgrades.,2025-09-27,false,false
SEND000047,CMP03,Member Picks,C00077,email,Popular picks selected for you.,2025-05-24,false,false
SEND000048,CMP07,Early Holiday,C00149,email,A head start on thoughtful gifting.,2025-11-29,false,false
SEND000049,CMP07,Early Holiday,C00779,email,A head start on thoughtful gifting.,2025-11-19,false,false
SEND000050,CMP07,Early Holiday,C00520,email,A head start on thoughtful gifting.,2025-11-24,false,false
SEND000051,CMP08,Holiday Highlights,C00166,ads,Explore customer favorites this holiday.,2025-12-11,false,false
SEND000052,CMP03,Member Picks,C00188,email,Popular picks selected for you.,2025-06-18,false,false
SEND000053,CMP01,New Year Reset,C00241,email,Start fresh with practical favorites.,2025-01-08,false,false
SEND000054,CMP02,Spring Refresh,C00011,ads,Refresh your routine for spring.,2025-04-01,false,false
SEND000055,CMP07,Early Holiday,C00846,email,A head start on thoughtful gifting.,2025-11-08,false,false
SEND000056,CMP06,Autumn Edit,C00684,ads,Discover this season's useful upgrades.,2025-09-15,true,false
SEND000057,CMP07,Early Holiday,C00013,email,A head start on thoughtful gifting.,2025-11-07,false,false
SEND000058,CMP06,Autumn Edit,C00466,ads,Discover this season's useful upgrades.,2025-09-26,false,false
SEND000059,CMP02,Spring Refresh,C00820,ads,Refresh your routine for spring.,2025-03-01,false,false
SEND000060,CMP03,Member Picks,C00223,email,Popular picks selected for you.,2025-05-31,false,false
SEND000061,CMP08,Holiday Highlights,C00179,ads,Explore customer favorites this holiday.,2025-11-20,false,false
SEND000062,CMP04,Summer Essentials,C00131,ads,Simple essentials for warmer days.,2025-07-14,true,false
SEND000063,CMP01,New Year Reset,C00155,email,Start fresh with practical favorites.,2025-01-16,false,false
SEND000064,CMP06,Autumn Edit,C00845,ads,Discover this season's useful upgrades.,2025-10-03,false,false
SEND000065,CMP04,Summer Essentials,C00343,ads,Simple essentials for warmer days.,2025-08-23,false,false
SEND000066,CMP03,Member Picks,C00953,email,Popular picks selected for you.,2025-06-02,false,true
SEND000067,CMP04,Summer Essentials,C00962,ads,Simple essentials for warmer days.,2025-08-21,false,false
SEND000068,CMP05,Back to Routine,C00962,email,Get back into your everyday rhythm.,2025-08-31,true,false
SEND000069,CMP06,Autumn Edit,C00870,ads,Discover this season's useful upgrades.,2025-10-08,false,false
SEND000070,CMP01,New Year Reset,C00504,email,Start fresh with practical favorites.,2025-02-15,false,false
SEND000071,CMP04,Summer Essentials,C00853,ads,Simple essentials for warmer days.,2025-08-02,false,false
SEND000072,CMP04,Summer Essentials,C00111,ads,Simple essentials for warmer days.,2025-06-20,false,false
SEND000073,CMP06,Autumn Edit,C00976,ads,Discover this season's useful upgrades.,2025-09-27,false,false
SEND000074,CMP04,Summer Essentials,C00826,ads,Simple essentials for warmer days.,2025-06-07,false,false
SEND000075,CMP03,Member Picks,C00069,email,Popular picks selected for you.,2025-06-14,false,false
SEND000076,CMP05,Back to Routine,C00638,email,Get back into your everyday rhythm.,2025-09-20,true,false
SEND000077,CMP04,Summer Essentials,C00614,ads,Simple essentials for warmer days.,2025-08-04,false,false
SEND000078,CMP02,Spring Refresh,C00336,ads,Refresh your routine for spring.,2025-03-18,false,false
SEND000079,CMP07,Early Holiday,C00252,email,A head start on thoughtful gifting.,2025-11-24,false,false
SEND000080,CMP03,Member Picks,C00141,email,Popular picks selected for you.,2025-05-09,false,false
SEND000081,CMP06,Autumn Edit,C00672,ads,Discover this season's useful upgrades.,2025-10-13,false,true
SEND000082,CMP03,Member Picks,C00878,email,Popular picks selected for you.,2025-06-06,false,false
SEND000083,CMP05,Back to Routine,C00688,email,Get back into your everyday rhythm.,2025-09-17,false,false
SEND000084,CMP07,Early Holiday,C00885,email,A head start on thoughtful gifting.,2025-11-03,false,false
SEND000085,CMP06,Autumn Edit,C00352,ads,Discover this season's useful upgrades.,2025-09-02,false,false
SEND000086,CMP02,Spring Refresh,C00597,ads,Refresh your routine for spring.,2025-04-14,false,false
SEND000087,CMP03,Member Picks,C00193,email,Popular picks selected for you.,2025-06-30,false,false
SEND000088,CMP04,Summer Essentials,C00374,ads,Simple essentials for warmer days.,2025-07-20,false,false
SEND000089,CMP08,Holiday Highlights,C00158,ads,Explore customer favorites this holiday.,2025-11-02,true,false
SEND000090,CMP01,New Year Reset,C00420,email,Start fresh with practical favorites.,2025-02-15,false,false
SEND000091,CMP03,Member Picks,C00001,email,Popular picks selected for you.,2025-05-02,false,false
SEND000092,CMP02,Spring Refresh,C00564,ads,Refresh your routine for spring.,2025-04-30,true,false
SEND000093,CMP08,Holiday Highlights,C00406,ads,Explore customer favorites this holiday.,2025-11-28,false,false
SEND000094,CMP04,Summer Essentials,C00455,ads,Simple essentials for warmer days.,2025-07-08,false,false
SEND000095,CMP08,Holiday Highlights,C00431,ads,Explore customer favorites this holiday.,2025-11-01,true,true
SEND000096,CMP06,Autumn Edit,C00416,ads,Discover this season's useful upgrades.,2025-10-02,false,false
SEND000097,CMP08,Holiday Highlights,C00501,ads,Explore customer favorites this holiday.,2025-11-03,false,false
SEND000098,CMP07,Early Holiday,C00078,email,A head start on thoughtful gifting.,2025-11-09,true,false
SEND000099,CMP07,Early Holiday,C00278,email,A head start on thoughtful gifting.,2025-11-29,false,false
SEND000100,CMP01,New Year Reset,C00677,email,Start fresh with practical favorites.,2025-02-18,false,false
SEND000101,CMP03,Member Picks,C00871,email,Popular picks selected for you.,2025-05-22,true,false
SEND000102,CMP07,Early Holiday,C00433,email,A head start on thoughtful gifting.,2025-11-05,false,false
SEND000103,CMP01,New Year Reset,C00703,email,Start fresh with practical favorites.,2025-02-06,true,true
SEND000104,CMP07,Early Holiday,C00301,email,A head start on thoughtful gifting.,2025-11-04,false,false
SEND000105,CMP01,New Year Reset,C00042,email,Start fresh with practical favorites.,2025-01-05,false,false
SEND000106,CMP04,Summer Essentials,C00462,ads,Simple essentials for warmer days.,2025-08-06,false,false
SEND000107,CMP04,Summer Essentials,C00727,ads,Simple essentials for warmer days.,2025-08-20,false,false
SEND000108,CMP04,Summer Essentials,C00587,ads,Simple essentials for warmer days.,2025-08-13,true,true
SEND000109,CMP06,Autumn Edit,C00110,ads,Discover this season's useful upgrades.,2025-10-31,false,false
SEND000110,CMP01,New Year Reset,C00206,email,Start fresh with practical favorites.,2025-01-23,false,false
SEND000111,CMP03,Member Picks,C00812,email,Popular picks selected for you.,2025-05-23,true,false
SEND000112,CMP04,Summer Essentials,C00043,ads,Simple essentials for warmer days.,2025-07-16,false,false
SEND000113,CMP05,Back to Routine,C00678,email,Get back into your everyday rhythm.,2025-08-05,false,false
SEND000114,CMP01,New Year Reset,C00841,email,Start fresh with practical favorites.,2025-02-16,false,false
SEND000115,CMP08,Holiday Highlights,C00727,ads,Explore customer favorites this holiday.,2025-12-14,false,true
SEND000116,CMP07,Early Holiday,C00648,email,A head start on thoughtful gifting.,2025-11-27,false,false
SEND000117,CMP02,Spring Refresh,C00858,ads,Refresh your routine for spring.,2025-04-27,false,false
SEND000118,CMP08,Holiday Highlights,C00578,ads,Explore customer favorites this holiday.,2025-12-06,false,false
SEND000119,CMP01,New Year Reset,C00200,email,Start fresh with practical favorites.,2025-02-03,false,false
SEND000120,CMP04,Summer Essentials,C00583,ads,Simple essentials for warmer days.,2025-08-21,false,true
SEND000121,CMP07,Early Holiday,C00395,email,A head start on thoughtful gifting.,2025-11-08,false,false
SEND000122,CMP02,Spring Refresh,C00317,ads,Refresh your routine for spring.,2025-04-05,false,false
SEND000123,CMP08,Holiday Highlights,C00833,ads,Explore customer favorites this holiday.,2025-12-03,false,false
SEND000124,CMP08,Holiday Highlights,C00464,ads,Explore customer favorites this holiday.,2025-11-05,false,false
SEND000125,CMP03,Member Picks,C00573,email,Popular picks selected for you.,2025-06-18,false,false
SEND000126,CMP06,Autumn Edit,C00455,ads,Discover this season's useful upgrades.,2025-10-22,true,false
SEND000127,CMP04,Summer Essentials,C00191,ads,Simple essentials for warmer days.,2025-08-26,false,false
SEND000128,CMP08,Holiday Highlights,C00543,ads,Explore customer favorites this holiday.,2025-11-08,false,false
SEND000129,CMP03,Member Picks,C00679,email,Popular picks selected for you.,2025-05-25,false,false
SEND000130,CMP05,Back to Routine,C00415,email,Get back into your everyday rhythm.,2025-09-06,false,false
SEND000131,CMP05,Back to Routine,C00712,email,Get back into your everyday rhythm.,2025-08-21,false,false
SEND000132,CMP05,Back to Routine,C00308,email,Get back into your everyday rhythm.,2025-09-13,false,false
SEND000133,CMP03,Member Picks,C00331,email,Popular picks selected for you.,2025-06-16,false,false
SEND000134,CMP02,Spring Refresh,C00725,ads,Refresh your routine for spring.,2025-04-22,false,false
SEND000135,CMP06,Autumn Edit,C00115,ads,Discover this season's useful upgrades.,2025-10-18,false,false
SEND000136,CMP02,Spring Refresh,C00353,ads,Refresh your routine for spring.,2025-03-21,false,false
SEND000137,CMP06,Autumn Edit,C00665,ads,Discover this season's useful upgrades.,2025-09-04,false,false
SEND000138,CMP04,Summer Essentials,C00994,ads,Simple essentials for warmer days.,2025-08-04,false,false
SEND000139,CMP06,Autumn Edit,C00445,ads,Discover this season's useful upgrades.,2025-10-15,false,false
SEND000140,CMP04,Summer Essentials,C00053,ads,Simple essentials for warmer days.,2025-08-20,false,false
SEND000141,CMP04,Summer Essentials,C00247,ads,Simple essentials for warmer days.,2025-08-09,false,false
SEND000142,CMP05,Back to Routine,C00142,email,Get back into your everyday rhythm.,2025-09-19,true,false
SEND000143,CMP06,Autumn Edit,C00895,ads,Discover this season's useful upgrades.,2025-10-17,false,false
SEND000144,CMP01,New Year Reset,C00197,email,Start fresh with practical favorites.,2025-02-22,false,false
SEND000145,CMP03,Member Picks,C00757,email,Popular picks selected for you.,2025-05-30,false,false
SEND000146,CMP03,Member Picks,C00792,email,Popular picks selected for you.,2025-06-15,false,false
SEND000147,CMP05,Back to Routine,C00474,email,Get back into your everyday rhythm.,2025-08-31,false,false
SEND000148,CMP08,Holiday Highlights,C00648,ads,Explore customer favorites this holiday.,2025-11-02,false,false
SEND000149,CMP08,Holiday Highlights,C00574,ads,Explore customer favorites this holiday.,2025-12-19,false,false
SEND000150,CMP04,Summer Essentials,C00889,ads,Simple essentials for warmer days.,2025-06-16,false,false
SEND000151,CMP03,Member Picks,C00093,email,Popular picks selected for you.,2025-06-29,false,false
SEND000152,CMP07,Early Holiday,C00888,email,A head start on thoughtful gifting.,2025-11-06,false,false
SEND000153,CMP06,Autumn Edit,C00934,ads,Discover this season's useful upgrades.,2025-09-18,false,false
SEND000154,CMP04,Summer Essentials,C00326,ads,Simple essentials for warmer days.,2025-06-11,true,false
SEND000155,CMP01,New Year Reset,C00231,email,Start fresh with practical favorites.,2025-01-13,false,false
SEND000156,CMP05,Back to Routine,C00335,email,Get back into your everyday rhythm.,2025-09-25,false,false
SEND000157,CMP07,Early Holiday,C00560,email,A head start on thoughtful gifting.,2025-11-12,false,false
SEND000158,CMP03,Member Picks,C00448,email,Popular picks selected for you.,2025-05-06,false,true
SEND000159,CMP03,Member Picks,C00428,email,Popular picks selected for you.,2025-06-24,false,false
SEND000160,CMP04,Summer Essentials,C00641,ads,Simple essentials for warmer days.,2025-07-09,true,false
SEND000161,CMP03,Member Picks,C00966,email,Popular picks selected for you.,2025-05-14,false,false
SEND000162,CMP05,Back to Routine,C00534,email,Get back into your everyday rhythm.,2025-08-26,false,false
SEND000163,CMP04,Summer Essentials,C00407,ads,Simple essentials for warmer days.,2025-07-02,false,false
SEND000164,CMP07,Early Holiday,C00162,email,A head start on thoughtful gifting.,2025-11-29,false,false
SEND000165,CMP07,Early Holiday,C00912,email,A head start on thoughtful gifting.,2025-11-10,false,false
SEND000166,CMP08,Holiday Highlights,C00684,ads,Explore customer favorites this holiday.,2025-11-19,false,false
SEND000167,CMP04,Summer Essentials,C00261,ads,Simple essentials for warmer days.,2025-08-27,false,false
SEND000168,CMP07,Early Holiday,C00101,email,A head start on thoughtful gifting.,2025-11-14,false,false
SEND000169,CMP05,Back to Routine,C00148,email,Get back into your everyday rhythm.,2025-08-24,false,true
SEND000170,CMP06,Autumn Edit,C00651,ads,Discover this season's useful upgrades.,2025-09-30,false,false
SEND000171,CMP06,Autumn Edit,C00917,ads,Discover this season's useful upgrades.,2025-09-05,true,false
SEND000172,CMP02,Spring Refresh,C00438,ads,Refresh your routine for spring.,2025-03-03,false,true
SEND000173,CMP01,New Year Reset,C00676,email,Start fresh with practical favorites.,2025-01-12,false,false
SEND000174,CMP02,Spring Refresh,C00653,ads,Refresh your routine for spring.,2025-03-29,false,false
SEND000175,CMP02,Spring Refresh,C00640,ads,Refresh your routine for spring.,2025-04-28,false,false
SEND000176,CMP02,Spring Refresh,C00285,ads,Refresh your routine for spring.,2025-03-02,false,false
SEND000177,CMP04,Summer Essentials,C00482,ads,Simple essentials for warmer days.,2025-06-19,false,false
SEND000178,CMP05,Back to Routine,C00700,email,Get back into your everyday rhythm.,2025-08-10,false,false
SEND000179,CMP05,Back to Routine,C00761,email,Get back into your everyday rhythm.,2025-09-24,false,false
SEND000180,CMP08,Holiday Highlights,C00016,ads,Explore customer favorites this holiday.,2025-12-19,false,false
SEND000181,CMP01,New Year Reset,C00675,email,Start fresh with practical favorites.,2025-01-23,false,false
SEND000182,CMP05,Back to Routine,C00097,email,Get back into your everyday rhythm.,2025-09-04,false,false
SEND000183,CMP02,Spring Refresh,C00512,ads,Refresh your routine for spring.,2025-03-17,false,false
SEND000184,CMP03,Member Picks,C00068,email,Popular picks selected for you.,2025-06-06,false,false
SEND000185,CMP03,Member Picks,C00777,email,Popular picks selected for you.,2025-05-11,false,false
SEND000186,CMP02,Spring Refresh,C00563,ads,Refresh your routine for spring.,2025-03-23,false,false
SEND000187,CMP06,Autumn Edit,C00697,ads,Discover this season's useful upgrades.,2025-09-09,false,true
SEND000188,CMP03,Member Picks,C00996,email,Popular picks selected for you.,2025-05-27,false,false
SEND000189,CMP01,New Year Reset,C00778,email,Start fresh with practical favorites.,2025-01-31,false,false
SEND000190,CMP02,Spring Refresh,C00615,ads,Refresh your routine for spring.,2025-03-15,false,false
SEND000191,CMP03,Member Picks,C00705,email,Popular picks selected for you.,2025-05-24,false,false
SEND000192,CMP03,Member Picks,C00834,email,Popular picks selected for you.,2025-06-20,false,false
SEND000193,CMP04,Summer Essentials,C00049,ads,Simple essentials for warmer days.,2025-08-01,false,false
SEND000194,CMP03,Member Picks,C00273,email,Popular picks selected for you.,2025-06-23,false,true
SEND000195,CMP01,New Year Reset,C00231,email,Start fresh with practical favorites.,2025-02-03,false,false
SEND000196,CMP04,Summer Essentials,C00672,ads,Simple essentials for warmer days.,2025-06-17,true,true
SEND000197,CMP01,New Year Reset,C00998,email,Start fresh with practical favorites.,2025-02-18,false,false
SEND000198,CMP06,Autumn Edit,C00109,ads,Discover this season's useful upgrades.,2025-10-08,false,false
SEND000199,CMP08,Holiday Highlights,C00478,ads,Explore customer favorites this holiday.,2025-11-11,false,false
SEND000200,CMP04,Summer Essentials,C00482,ads,Simple essentials for warmer days.,2025-08-12,true,false
SEND000201,CMP01,New Year Reset,C00875,email,Start fresh with practical favorites.,2025-01-02,false,false
SEND000202,CMP05,Back to Routine,C00517,email,Get back into your everyday rhythm.,2025-09-28,false,false
SEND000203,CMP08,Holiday Highlights,C00214,ads,Explore customer favorites this holiday.,2025-11-19,false,false
SEND000204,CMP03,Member Picks,C00454,email,Popular picks selected for you.,2025-05-15,false,false
SEND000205,CMP08,Holiday Highlights,C00815,ads,Explore customer favorites this holiday.,2025-11-17,true,true
SEND000206,CMP04,Summer Essentials,C00447,ads,Simple essentials for warmer days.,2025-08-04,false,false
SEND000207,CMP05,Back to Routine,C00695,email,Get back into your everyday rhythm.,2025-08-01,false,false
SEND000208,CMP03,Member Picks,C00019,email,Popular picks selected for you.,2025-05-26,false,false
SEND000209,CMP07,Early Holiday,C00136,email,A head start on thoughtful gifting.,2025-11-14,false,false
SEND000210,CMP02,Spring Refresh,C00759,ads,Refresh your routine for spring.,2025-03-28,false,false
SEND000211,CMP02,Spring Refresh,C00268,ads,Refresh your routine for spring.,2025-03-16,false,false
SEND000212,CMP04,Summer Essentials,C00850,ads,Simple essentials for warmer days.,2025-08-18,false,false
SEND000213,CMP06,Autumn Edit,C00247,ads,Discover this season's useful upgrades.,2025-09-09,false,false
SEND000214,CMP06,Autumn Edit,C00551,ads,Discover this season's useful upgrades.,2025-09-13,false,false
SEND000215,CMP01,New Year Reset,C00298,email,Start fresh with practical favorites.,2025-01-06,false,false
SEND000216,CMP08,Holiday Highlights,C00312,ads,Explore customer favorites this holiday.,2025-11-22,false,false
SEND000217,CMP08,Holiday Highlights,C00877,ads,Explore customer favorites this holiday.,2025-11-03,false,false
SEND000218,CMP08,Holiday Highlights,C00428,ads,Explore customer favorites this holiday.,2025-12-05,false,false
SEND000219,CMP06,Autumn Edit,C00881,ads,Discover this season's useful upgrades.,2025-10-07,false,false
SEND000220,CMP01,New Year Reset,C00952,email,Start fresh with practical favorites.,2025-02-12,false,false
SEND000221,CMP07,Early Holiday,C00931,email,A head start on thoughtful gifting.,2025-11-18,false,true
SEND000222,CMP01,New Year Reset,C00887,email,Start fresh with practical favorites.,2025-01-19,false,false
SEND000223,CMP05,Back to Routine,C00440,email,Get back into your everyday rhythm.,2025-09-26,false,false
SEND000224,CMP08,Holiday Highlights,C00107,ads,Explore customer favorites this holiday.,2025-12-13,true,false
SEND000225,CMP02,Spring Refresh,C00591,ads,Refresh your routine for spring.,2025-03-25,false,false
SEND000226,CMP02,Spring Refresh,C00782,ads,Refresh your routine for spring.,2025-03-08,false,false
SEND000227,CMP07,Early Holiday,C00940,email,A head start on thoughtful gifting.,2025-11-15,true,false
SEND000228,CMP03,Member Picks,C00489,email,Popular picks selected for you.,2025-06-05,false,false
SEND000229,CMP02,Spring Refresh,C00861,ads,Refresh your routine for spring.,2025-03-11,false,false
SEND000230,CMP06,Autumn Edit,C00522,ads,Discover this season's useful upgrades.,2025-10-29,false,false
SEND000231,CMP07,Early Holiday,C00640,email,A head start on thoughtful gifting.,2025-11-01,false,false
SEND000232,CMP06,Autumn Edit,C00574,ads,Discover this season's useful upgrades.,2025-10-27,false,false
SEND000233,CMP04,Summer Essentials,C00285,ads,Simple essentials for warmer days.,2025-07-29,false,false
SEND000234,CMP08,Holiday Highlights,C00414,ads,Explore customer favorites this holiday.,2025-11-02,false,false
SEND000235,CMP02,Spring Refresh,C00262,ads,Refresh your routine for spring.,2025-03-18,true,false
SEND000236,CMP08,Holiday Highlights,C00038,ads,Explore customer favorites this holiday.,2025-11-24,false,false
SEND000237,CMP07,Early Holiday,C00053,email,A head start on thoughtful gifting.,2025-11-10,true,false
SEND000238,CMP07,Early Holiday,C00163,email,A head start on thoughtful gifting.,2025-11-17,true,false
SEND000239,CMP05,Back to Routine,C00339,email,Get back into your everyday rhythm.,2025-08-10,false,false
SEND000240,CMP08,Holiday Highlights,C00729,ads,Explore customer favorites this holiday.,2025-12-07,false,false
SEND000241,CMP08,Holiday Highlights,C00817,ads,Explore customer favorites this holiday.,2025-12-15,false,false
SEND000242,CMP08,Holiday Highlights,C00283,ads,Explore customer favorites this holiday.,2025-12-17,false,false
SEND000243,CMP04,Summer Essentials,C00720,ads,Simple essentials for warmer days.,2025-08-25,true,false
SEND000244,CMP03,Member Picks,C00193,email,Popular picks selected for you.,2025-05-23,false,false
SEND000245,CMP08,Holiday Highlights,C00508,ads,Explore customer favorites this holiday.,2025-11-08,false,false
SEND000246,CMP08,Holiday Highlights,C00110,ads,Explore customer favorites this holiday.,2025-11-19,false,false
SEND000247,CMP06,Autumn Edit,C00162,ads,Discover this season's useful upgrades.,2025-09-25,true,false
SEND000248,CMP07,Early Holiday,C00102,email,A head start on thoughtful gifting.,2025-11-22,false,false
SEND000249,CMP08,Holiday Highlights,C00001,ads,Explore customer favorites this holiday.,2025-11-08,false,false
SEND000250,CMP08,Holiday Highlights,C00706,ads,Explore customer favorites this holiday.,2025-11-07,false,true
SEND000251,CMP05,Back to Routine,C00895,email,Get back into your everyday rhythm.,2025-08-12,false,false
SEND000252,CMP05,Back to Routine,C00025,email,Get back into your everyday rhythm.,2025-08-14,false,false
SEND000253,CMP07,Early Holiday,C00473,email,A head start on thoughtful gifting.,2025-11-05,false,true
SEND000254,CMP06,Autumn Edit,C00756,ads,Discover this season's useful upgrades.,2025-09-20,true,false
SEND000255,CMP02,Spring Refresh,C00589,ads,Refresh your routine for spring.,2025-03-21,false,false
SEND000256,CMP07,Early Holiday,C00344,email,A head start on thoughtful gifting.,2025-11-02,false,false
SEND000257,CMP01,New Year Reset,C00162,email,Start fresh with practical favorites.,2025-02-13,false,false
SEND000258,CMP06,Autumn Edit,C00328,ads,Discover this season's useful upgrades.,2025-09-03,false,false
SEND000259,CMP08,Holiday Highlights,C00031,ads,Explore customer favorites this holiday.,2025-11-15,false,false
SEND000260,CMP07,Early Holiday,C00836,email,A head start on thoughtful gifting.,2025-11-13,false,false
SEND000261,CMP04,Summer Essentials,C00333,ads,Simple essentials for warmer days.,2025-08-21,false,false
SEND000262,CMP07,Early Holiday,C00884,email,A head start on thoughtful gifting.,2025-11-19,false,false
SEND000263,CMP07,Early Holiday,C00513,email,A head start on thoughtful gifting.,2025-11-30,false,false
SEND000264,CMP04,Summer Essentials,C00070,ads,Simple essentials for warmer days.,2025-08-06,false,false
SEND000265,CMP08,Holiday Highlights,C00388,ads,Explore customer favorites this holiday.,2025-12-25,false,false
SEND000266,CMP06,Autumn Edit,C00366,ads,Discover this season's useful upgrades.,2025-10-24,false,true
SEND000267,CMP06,Autumn Edit,C00012,ads,Discover this season's useful upgrades.,2025-10-13,false,false
SEND000268,CMP06,Autumn Edit,C00638,ads,Discover this season's useful upgrades.,2025-09-03,false,false
SEND000269,CMP03,Member Picks,C00095,email,Popular picks selected for you.,2025-06-19,false,false
SEND000270,CMP07,Early Holiday,C00991,email,A head start on thoughtful gifting.,2025-11-21,false,false
SEND000271,CMP07,Early Holiday,C00896,email,A head start on thoughtful gifting.,2025-11-08,true,true
SEND000272,CMP06,Autumn Edit,C00682,ads,Discover this season's useful upgrades.,2025-09-05,false,false
SEND000273,CMP08,Holiday Highlights,C00774,ads,Explore customer favorites this holiday.,2025-12-15,true,false
SEND000274,CMP05,Back to Routine,C00534,email,Get back into your everyday rhythm.,2025-09-07,true,false
SEND000275,CMP05,Back to Routine,C00203,email,Get back into your everyday rhythm.,2025-09-18,false,false
SEND000276,CMP02,Spring Refresh,C00686,ads,Refresh your routine for spring.,2025-04-09,false,false
SEND000277,CMP07,Early Holiday,C00276,email,A head start on thoughtful gifting.,2025-11-25,false,false
SEND000278,CMP07,Early Holiday,C00962,email,A head start on thoughtful gifting.,2025-11-25,true,false
SEND000279,CMP05,Back to Routine,C00810,email,Get back into your everyday rhythm.,2025-09-27,false,false
SEND000280,CMP02,Spring Refresh,C00003,ads,Refresh your routine for spring.,2025-03-18,false,false
SEND000281,CMP05,Back to Routine,C00631,email,Get back into your everyday rhythm.,2025-08-03,false,false
SEND000282,CMP08,Holiday Highlights,C00253,ads,Explore customer favorites this holiday.,2025-12-20,false,false
SEND000283,CMP02,Spring Refresh,C00664,ads,Refresh your routine for spring.,2025-04-21,false,false
SEND000284,CMP04,Summer Essentials,C00616,ads,Simple essentials for warmer days.,2025-06-02,false,false
SEND000285,CMP01,New Year Reset,C00826,email,Start fresh with practical favorites.,2025-01-22,false,false
SEND000286,CMP01,New Year Reset,C00275,email,Start fresh with practical favorites.,2025-01-13,false,false
SEND000287,CMP02,Spring Refresh,C00567,ads,Refresh your routine for spring.,2025-04-14,true,false
SEND000288,CMP06,Autumn Edit,C00227,ads,Discover this season's useful upgrades.,2025-10-12,false,false
SEND000289,CMP01,New Year Reset,C00605,email,Start fresh with practical favorites.,2025-02-10,true,true
SEND000290,CMP07,Early Holiday,C00421,email,A head start on thoughtful gifting.,2025-11-19,true,false
SEND000291,CMP05,Back to Routine,C00165,email,Get back into your everyday rhythm.,2025-09-27,false,false
SEND000292,CMP02,Spring Refresh,C00518,ads,Refresh your routine for spring.,2025-03-10,false,false
SEND000293,CMP07,Early Holiday,C00195,email,A head start on thoughtful gifting.,2025-11-25,false,false
SEND000294,CMP05,Back to Routine,C00844,email,Get back into your everyday rhythm.,2025-09-07,false,false
SEND000295,CMP01,New Year Reset,C00399,email,Start fresh with practical favorites.,2025-02-25,true,false
SEND000296,CMP07,Early Holiday,C00266,email,A head start on thoughtful gifting.,2025-11-12,false,false
SEND000297,CMP07,Early Holiday,C00123,email,A head start on thoughtful gifting.,2025-11-13,false,false
SEND000298,CMP01,New Year Reset,C00217,email,Start fresh with practical favorites.,2025-01-19,false,false
SEND000299,CMP07,Early Holiday,C00950,email,A head start on thoughtful gifting.,2025-11-10,false,false
SEND000300,CMP06,Autumn Edit,C00148,ads,Discover this season's useful upgrades.,2025-09-13,false,false
SEND000301,CMP03,Member Picks,C00484,email,Popular picks selected for you.,2025-05-18,false,false
SEND000302,CMP02,Spring Refresh,C00261,ads,Refresh your routine for spring.,2025-04-28,true,false
SEND000303,CMP06,Autumn Edit,C00373,ads,Discover this season's useful upgrades.,2025-10-02,false,false
SEND000304,CMP06,Autumn Edit,C00705,ads,Discover this season's useful upgrades.,2025-10-25,false,false
SEND000305,CMP04,Summer Essentials,C00531,ads,Simple essentials for warmer days.,2025-07-18,false,false
SEND000306,CMP08,Holiday Highlights,C00655,ads,Explore customer favorites this holiday.,2025-12-03,false,false
SEND000307,CMP01,New Year Reset,C00177,email,Start fresh with practical favorites.,2025-01-28,false,false
SEND000308,CMP07,Early Holiday,C00681,email,A head start on thoughtful gifting.,2025-11-26,false,false
SEND000309,CMP04,Summer Essentials,C00425,ads,Simple essentials for warmer days.,2025-06-11,false,false
SEND000310,CMP04,Summer Essentials,C00546,ads,Simple essentials for warmer days.,2025-08-18,false,false
SEND000311,CMP08,Holiday Highlights,C00651,ads,Explore customer favorites this holiday.,2025-12-24,false,false
SEND000312,CMP03,Member Picks,C00985,email,Popular picks selected for you.,2025-06-27,true,true
SEND000313,CMP01,New Year Reset,C00997,email,Start fresh with practical favorites.,2025-01-27,false,true
SEND000314,CMP07,Early Holiday,C00767,email,A head start on thoughtful gifting.,2025-11-22,false,false
SEND000315,CMP04,Summer Essentials,C00683,ads,Simple essentials for warmer days.,2025-07-06,false,false
SEND000316,CMP02,Spring Refresh,C00637,ads,Refresh your routine for spring.,2025-03-02,false,false
SEND000317,CMP07,Early Holiday,C00847,email,A head start on thoughtful gifting.,2025-11-27,false,false
SEND000318,CMP07,Early Holiday,C00052,email,A head start on thoughtful gifting.,2025-11-14,false,false
SEND000319,CMP03,Member Picks,C00650,email,Popular picks selected for you.,2025-06-18,false,false
SEND000320,CMP01,New Year Reset,C00303,email,Start fresh with practical favorites.,2025-02-05,false,false
SEND000321,CMP07,Early Holiday,C00178,email,A head start on thoughtful gifting.,2025-11-01,false,false
SEND000322,CMP06,Autumn Edit,C00805,ads,Discover this season's useful upgrades.,2025-10-12,false,false
SEND000323,CMP06,Autumn Edit,C00137,ads,Discover this season's useful upgrades.,2025-09-14,false,false
SEND000324,CMP08,Holiday Highlights,C00369,ads,Explore customer favorites this holiday.,2025-12-01,false,false
SEND000325,CMP06,Autumn Edit,C00691,ads,Discover this season's useful upgrades.,2025-09-04,true,false
SEND000326,CMP03,Member Picks,C00353,email,Popular picks selected for you.,2025-05-06,false,false
SEND000327,CMP04,Summer Essentials,C00036,ads,Simple essentials for warmer days.,2025-08-31,false,false
SEND000328,CMP08,Holiday Highlights,C00785,ads,Explore customer favorites this holiday.,2025-12-05,false,false
SEND000329,CMP05,Back to Routine,C00777,email,Get back into your everyday rhythm.,2025-08-30,false,false
SEND000330,CMP04,Summer Essentials,C00574,ads,Simple essentials for warmer days.,2025-07-18,false,false
SEND000331,CMP07,Early Holiday,C00058,email,A head start on thoughtful gifting.,2025-11-19,false,false
SEND000332,CMP06,Autumn Edit,C00539,ads,Discover this season's useful upgrades.,2025-09-16,false,false
SEND000333,CMP05,Back to Routine,C00325,email,Get back into your everyday rhythm.,2025-08-27,false,false
SEND000334,CMP05,Back to Routine,C00607,email,Get back into your everyday rhythm.,2025-08-27,false,false
SEND000335,CMP07,Early Holiday,C00070,email,A head start on thoughtful gifting.,2025-11-07,false,false
SEND000336,CMP06,Autumn Edit,C00588,ads,Discover this season's useful upgrades.,2025-10-10,false,false
SEND000337,CMP02,Spring Refresh,C00139,ads,Refresh your routine for spring.,2025-03-08,false,false
SEND000338,CMP06,Autumn Edit,C00648,ads,Discover this season's useful upgrades.,2025-10-11,false,false
SEND000339,CMP07,Early Holiday,C00585,email,A head start on thoughtful gifting.,2025-11-05,false,false
SEND000340,CMP06,Autumn Edit,C00905,ads,Discover this season's useful upgrades.,2025-09-19,false,false
SEND000341,CMP02,Spring Refresh,C00476,ads,Refresh your routine for spring.,2025-04-15,false,false
SEND000342,CMP01,New Year Reset,C00139,email,Start fresh with practical favorites.,2025-01-03,false,false
SEND000343,CMP05,Back to Routine,C00761,email,Get back into your everyday rhythm.,2025-08-12,false,false
SEND000344,CMP06,Autumn Edit,C00187,ads,Discover this season's useful upgrades.,2025-09-06,false,false
SEND000345,CMP01,New Year Reset,C00597,email,Start fresh with practical favorites.,2025-02-06,false,false
SEND000346,CMP01,New Year Reset,C00824,email,Start fresh with practical favorites.,2025-02-12,true,false
SEND000347,CMP08,Holiday Highlights,C00528,ads,Explore customer favorites this holiday.,2025-12-28,false,false
SEND000348,CMP05,Back to Routine,C00922,email,Get back into your everyday rhythm.,2025-09-26,false,false
SEND000349,CMP03,Member Picks,C00721,email,Popular picks selected for you.,2025-06-09,false,false
SEND000350,CMP02,Spring Refresh,C00354,ads,Refresh your routine for spring.,2025-03-30,false,true
SEND000351,CMP04,Summer Essentials,C00669,ads,Simple essentials for warmer days.,2025-07-03,false,false
SEND000352,CMP06,Autumn Edit,C00475,ads,Discover this season's useful upgrades.,2025-10-14,false,false
SEND000353,CMP03,Member Picks,C00740,email,Popular picks selected for you.,2025-05-25,false,false
SEND000354,CMP04,Summer Essentials,C00050,ads,Simple essentials for warmer days.,2025-08-25,false,false
SEND000355,CMP05,Back to Routine,C00095,email,Get back into your everyday rhythm.,2025-08-01,false,false
SEND000356,CMP01,New Year Reset,C00187,email,Start fresh with practical favorites.,2025-02-20,false,false
SEND000357,CMP05,Back to Routine,C00493,email,Get back into your everyday rhythm.,2025-08-26,false,false
SEND000358,CMP05,Back to Routine,C00853,email,Get back into your everyday rhythm.,2025-08-31,false,false
SEND000359,CMP03,Member Picks,C00123,email,Popular picks selected for you.,2025-05-19,false,false
SEND000360,CMP01,New Year Reset,C00251,email,Start fresh with practical favorites.,2025-01-14,false,false
SEND000361,CMP06,Autumn Edit,C00940,ads,Discover this season's useful upgrades.,2025-10-16,false,false
SEND000362,CMP07,Early Holiday,C00911,email,A head start on thoughtful gifting.,2025-11-16,false,false
SEND000363,CMP01,New Year Reset,C00096,email,Start fresh with practical favorites.,2025-02-12,false,false
SEND000364,CMP08,Holiday Highlights,C00832,ads,Explore customer favorites this holiday.,2025-12-24,false,false
SEND000365,CMP02,Spring Refresh,C00963,ads,Refresh your routine for spring.,2025-03-12,true,false
SEND000366,CMP04,Summer Essentials,C00623,ads,Simple essentials for warmer days.,2025-08-24,false,false
SEND000367,CMP08,Holiday Highlights,C00181,ads,Explore customer favorites this holiday.,2025-11-22,false,false
SEND000368,CMP06,Autumn Edit,C00040,ads,Discover this season's useful upgrades.,2025-09-05,false,false
SEND000369,CMP01,New Year Reset,C00223,email,Start fresh with practical favorites.,2025-01-04,false,false
SEND000370,CMP01,New Year Reset,C00812,email,Start fresh with practical favorites.,2025-01-23,false,false
SEND000371,CMP01,New Year Reset,C00892,email,Start fresh with practical favorites.,2025-02-25,false,false
SEND000372,CMP06,Autumn Edit,C00670,ads,Discover this season's useful upgrades.,2025-10-19,false,false
SEND000373,CMP04,Summer Essentials,C00488,ads,Simple essentials for warmer days.,2025-08-17,false,false
SEND000374,CMP06,Autumn Edit,C00168,ads,Discover this season's useful upgrades.,2025-10-08,false,false
SEND000375,CMP06,Autumn Edit,C00343,ads,Discover this season's useful upgrades.,2025-09-20,false,false
SEND000376,CMP07,Early Holiday,C00187,email,A head start on thoughtful gifting.,2025-11-20,false,false
SEND000377,CMP08,Holiday Highlights,C00188,ads,Explore customer favorites this holiday.,2025-11-01,false,false
SEND000378,CMP02,Spring Refresh,C00846,ads,Refresh your routine for spring.,2025-03-14,false,false
SEND000379,CMP07,Early Holiday,C00269,email,A head start on thoughtful gifting.,2025-11-01,false,false
SEND000380,CMP02,Spring Refresh,C00295,ads,Refresh your routine for spring.,2025-03-24,true,false
SEND000381,CMP05,Back to Routine,C00070,email,Get back into your everyday rhythm.,2025-08-12,false,false
SEND000382,CMP07,Early Holiday,C00816,email,A head start on thoughtful gifting.,2025-11-25,false,false
SEND000383,CMP03,Member Picks,C00572,email,Popular picks selected for you.,2025-05-10,false,false
SEND000384,CMP08,Holiday Highlights,C00331,ads,Explore customer favorites this holiday.,2025-12-13,false,true
SEND000385,CMP03,Member Picks,C00683,email,Popular picks selected for you.,2025-06-19,false,false
SEND000386,CMP04,Summer Essentials,C00229,ads,Simple essentials for warmer days.,2025-07-16,false,false
SEND000387,CMP06,Autumn Edit,C00107,ads,Discover this season's useful upgrades.,2025-10-17,false,false
SEND000388,CMP08,Holiday Highlights,C00308,ads,Explore customer favorites this holiday.,2025-12-31,false,false
SEND000389,CMP07,Early Holiday,C00273,email,A head start on thoughtful gifting.,2025-11-09,false,false
SEND000390,CMP04,Summer Essentials,C00533,ads,Simple essentials for warmer days.,2025-06-14,false,false
SEND000391,CMP01,New Year Reset,C00362,email,Start fresh with practical favorites.,2025-02-03,false,false
SEND000392,CMP06,Autumn Edit,C00318,ads,Discover this season's useful upgrades.,2025-10-19,false,false
SEND000393,CMP01,New Year Reset,C00328,email,Start fresh with practical favorites.,2025-01-07,false,false
SEND000394,CMP08,Holiday Highlights,C00431,ads,Explore customer favorites this holiday.,2025-12-09,false,false
SEND000395,CMP04,Summer Essentials,C00603,ads,Simple essentials for warmer days.,2025-07-28,false,false
SEND000396,CMP07,Early Holiday,C00199,email,A head start on thoughtful gifting.,2025-11-26,false,false
SEND000397,CMP05,Back to Routine,C00240,email,Get back into your everyday rhythm.,2025-09-22,false,false
SEND000398,CMP08,Holiday Highlights,C00204,ads,Explore customer favorites this holiday.,2025-12-07,true,false
SEND000399,CMP03,Member Picks,C00441,email,Popular picks selected for you.,2025-06-02,false,false
SEND000400,CMP05,Back to Routine,C00497,email,Get back into your everyday rhythm.,2025-08-14,false,false
SEND000401,CMP06,Autumn Edit,C00052,ads,Discover this season's useful upgrades.,2025-09-11,false,false
SEND000402,CMP08,Holiday Highlights,C00259,ads,Explore customer favorites this holiday.,2025-11-09,true,false
SEND000403,CMP07,Early Holiday,C00578,email,A head start on thoughtful gifting.,2025-11-06,false,false
SEND000404,CMP07,Early Holiday,C00242,email,A head start on thoughtful gifting.,2025-11-13,false,false
SEND000405,CMP02,Spring Refresh,C00118,ads,Refresh your routine for spring.,2025-03-29,false,false
SEND000406,CMP04,Summer Essentials,C00374,ads,Simple essentials for warmer days.,2025-08-18,false,false
SEND000407,CMP06,Autumn Edit,C00307,ads,Discover this season's useful upgrades.,2025-10-28,false,false
SEND000408,CMP05,Back to Routine,C00647,email,Get back into your everyday rhythm.,2025-08-17,false,false
SEND000409,CMP07,Early Holiday,C00941,email,A head start on thoughtful gifting.,2025-11-08,false,false
SEND000410,CMP08,Holiday Highlights,C00489,ads,Explore customer favorites this holiday.,2025-11-18,false,false
SEND000411,CMP08,Holiday Highlights,C00281,ads,Explore customer favorites this holiday.,2025-11-29,false,false
SEND000412,CMP02,Spring Refresh,C00636,ads,Refresh your routine for spring.,2025-04-29,false,false
SEND000413,CMP04,Summer Essentials,C00505,ads,Simple essentials for warmer days.,2025-06-17,false,false
SEND000414,CMP01,New Year Reset,C00941,email,Start fresh with practical favorites.,2025-01-21,false,false
SEND000415,CMP07,Early Holiday,C00236,email,A head start on thoughtful gifting.,2025-11-11,false,false
SEND000416,CMP04,Summer Essentials,C00586,ads,Simple essentials for warmer days.,2025-07-06,false,false
SEND000417,CMP08,Holiday Highlights,C00758,ads,Explore customer favorites this holiday.,2025-11-07,false,false
SEND000418,CMP01,New Year Reset,C00933,email,Start fresh with practical favorites.,2025-02-19,false,false
SEND000419,CMP04,Summer Essentials,C00811,ads,Simple essentials for warmer days.,2025-08-31,false,false
SEND000420,CMP01,New Year Reset,C00600,email,Start fresh with practical favorites.,2025-02-06,false,false
SEND000421,CMP07,Early Holiday,C00123,email,A head start on thoughtful gifting.,2025-11-30,false,false
SEND000422,CMP08,Holiday Highlights,C00649,ads,Explore customer favorites this holiday.,2025-12-03,false,false
SEND000423,CMP08,Holiday Highlights,C00195,ads,Explore customer favorites this holiday.,2025-12-25,false,false
SEND000424,CMP04,Summer Essentials,C00225,ads,Simple essentials for warmer days.,2025-07-26,false,false
SEND000425,CMP06,Autumn Edit,C00511,ads,Discover this season's useful upgrades.,2025-10-30,true,true
SEND000426,CMP05,Back to Routine,C00659,email,Get back into your everyday rhythm.,2025-08-18,false,false
SEND000427,CMP03,Member Picks,C00410,email,Popular picks selected for you.,2025-06-30,false,false
SEND000428,CMP02,Spring Refresh,C00028,ads,Refresh your routine for spring.,2025-03-02,false,false
SEND000429,CMP07,Early Holiday,C00152,email,A head start on thoughtful gifting.,2025-11-12,false,false
SEND000430,CMP06,Autumn Edit,C00017,ads,Discover this season's useful upgrades.,2025-10-10,true,false
SEND000431,CMP08,Holiday Highlights,C00070,ads,Explore customer favorites this holiday.,2025-11-29,false,false
SEND000432,CMP08,Holiday Highlights,C00969,ads,Explore customer favorites this holiday.,2025-11-11,false,false
SEND000433,CMP08,Holiday Highlights,C00605,ads,Explore customer favorites this holiday.,2025-12-13,false,true
SEND000434,CMP06,Autumn Edit,C00338,ads,Discover this season's useful upgrades.,2025-10-19,false,false
SEND000435,CMP06,Autumn Edit,C00402,ads,Discover this season's useful upgrades.,2025-10-10,false,false
SEND000436,CMP06,Autumn Edit,C00969,ads,Discover this season's useful upgrades.,2025-09-03,false,false
SEND000437,CMP04,Summer Essentials,C00817,ads,Simple essentials for warmer days.,2025-06-06,false,false
SEND000438,CMP02,Spring Refresh,C00548,ads,Refresh your routine for spring.,2025-03-21,false,true
SEND000439,CMP03,Member Picks,C00954,email,Popular picks selected for you.,2025-05-31,false,false
SEND000440,CMP03,Member Picks,C00899,email,Popular picks selected for you.,2025-05-08,false,false
SEND000441,CMP08,Holiday Highlights,C00229,ads,Explore customer favorites this holiday.,2025-11-07,true,false
SEND000442,CMP01,New Year Reset,C00580,email,Start fresh with practical favorites.,2025-02-23,false,false
SEND000443,CMP04,Summer Essentials,C00268,ads,Simple essentials for warmer days.,2025-07-25,false,false
SEND000444,CMP04,Summer Essentials,C00166,ads,Simple essentials for warmer days.,2025-08-08,false,false
SEND000445,CMP08,Holiday Highlights,C00487,ads,Explore customer favorites this holiday.,2025-11-24,false,false
SEND000446,CMP06,Autumn Edit,C00753,ads,Discover this season's useful upgrades.,2025-09-19,true,false
SEND000447,CMP08,Holiday Highlights,C00686,ads,Explore customer favorites this holiday.,2025-12-01,false,false
SEND000448,CMP06,Autumn Edit,C00184,ads,Discover this season's useful upgrades.,2025-10-15,false,false
SEND000449,CMP02,Spring Refresh,C00562,ads,Refresh your routine for spring.,2025-03-02,false,false
SEND000450,CMP04,Summer Essentials,C00155,ads,Simple essentials for warmer days.,2025-07-14,false,false
SEND000451,CMP01,New Year Reset,C00153,email,Start fresh with practical favorites.,2025-02-03,false,false
SEND000452,CMP06,Autumn Edit,C00088,ads,Discover this season's useful upgrades.,2025-09-04,false,false
SEND000453,CMP02,Spring Refresh,C00251,ads,Refresh your routine for spring.,2025-03-26,false,false
SEND000454,CMP02,Spring Refresh,C00842,ads,Refresh your routine for spring.,2025-03-06,false,false
SEND000455,CMP05,Back to Routine,C00237,email,Get back into your everyday rhythm.,2025-08-02,false,false
SEND000456,CMP05,Back to Routine,C00043,email,Get back into your everyday rhythm.,2025-08-22,true,false
SEND000457,CMP08,Holiday Highlights,C00134,ads,Explore customer favorites this holiday.,2025-11-02,false,true
SEND000458,CMP07,Early Holiday,C00667,email,A head start on thoughtful gifting.,2025-11-10,false,false
SEND000459,CMP01,New Year Reset,C00357,email,Start fresh with practical favorites.,2025-02-28,false,false
SEND000460,CMP05,Back to Routine,C00414,email,Get back into your everyday rhythm.,2025-09-01,false,false
SEND000461,CMP02,Spring Refresh,C00939,ads,Refresh your routine for spring.,2025-04-01,false,false
SEND000462,CMP05,Back to Routine,C00782,email,Get back into your everyday rhythm.,2025-09-25,false,false
SEND000463,CMP07,Early Holiday,C00803,email,A head start on thoughtful gifting.,2025-11-13,false,true
SEND000464,CMP05,Back to Routine,C00036,email,Get back into your everyday rhythm.,2025-08-23,false,true
SEND000465,CMP07,Early Holiday,C00719,email,A head start on thoughtful gifting.,2025-11-16,false,true
SEND000466,CMP07,Early Holiday,C00590,email,A head start on thoughtful gifting.,2025-11-04,true,false
SEND000467,CMP02,Spring Refresh,C00216,ads,Refresh your routine for spring.,2025-04-01,false,false
SEND000468,CMP07,Early Holiday,C00408,email,A head start on thoughtful gifting.,2025-11-18,true,false
SEND000469,CMP05,Back to Routine,C00642,email,Get back into your everyday rhythm.,2025-08-25,false,false
SEND000470,CMP07,Early Holiday,C00104,email,A head start on thoughtful gifting.,2025-11-09,false,false
SEND000471,CMP04,Summer Essentials,C00450,ads,Simple essentials for warmer days.,2025-06-15,false,false
SEND000472,CMP08,Holiday Highlights,C00413,ads,Explore customer favorites this holiday.,2025-11-26,false,false
SEND000473,CMP06,Autumn Edit,C00599,ads,Discover this season's useful upgrades.,2025-10-30,false,false
SEND000474,CMP06,Autumn Edit,C00287,ads,Discover this season's useful upgrades.,2025-09-03,false,false
SEND000475,CMP02,Spring Refresh,C00463,ads,Refresh your routine for spring.,2025-03-30,false,false
SEND000476,CMP02,Spring Refresh,C00508,ads,Refresh your routine for spring.,2025-04-29,false,false
SEND000477,CMP02,Spring Refresh,C00847,ads,Refresh your routine for spring.,2025-03-17,false,false
SEND000478,CMP01,New Year Reset,C00341,email,Start fresh with practical favorites.,2025-02-24,false,false
SEND000479,CMP06,Autumn Edit,C00291,ads,Discover this season's useful upgrades.,2025-10-14,false,false
SEND000480,CMP05,Back to Routine,C00425,email,Get back into your everyday rhythm.,2025-09-16,false,false
SEND000481,CMP02,Spring Refresh,C00818,ads,Refresh your routine for spring.,2025-04-23,false,true
SEND000482,CMP08,Holiday Highlights,C00610,ads,Explore customer favorites this holiday.,2025-12-24,true,false
SEND000483,CMP08,Holiday Highlights,C00197,ads,Explore customer favorites this holiday.,2025-11-16,false,false
SEND000484,CMP08,Holiday Highlights,C00178,ads,Explore customer favorites this holiday.,2025-12-13,false,false
SEND000485,CMP05,Back to Routine,C00124,email,Get back into your everyday rhythm.,2025-08-28,false,false
SEND000486,CMP02,Spring Refresh,C00446,ads,Refresh your routine for spring.,2025-03-13,false,false
SEND000487,CMP04,Summer Essentials,C00089,ads,Simple essentials for warmer days.,2025-06-19,false,false
SEND000488,CMP05,Back to Routine,C00547,email,Get back into your everyday rhythm.,2025-09-30,false,false
SEND000489,CMP06,Autumn Edit,C00590,ads,Discover this season's useful upgrades.,2025-09-18,false,false
SEND000490,CMP08,Holiday Highlights,C00888,ads,Explore customer favorites this holiday.,2025-11-22,false,false
SEND000491,CMP05,Back to Routine,C00523,email,Get back into your everyday rhythm.,2025-09-11,false,false
SEND000492,CMP02,Spring Refresh,C00483,ads,Refresh your routine for spring.,2025-03-10,false,false
SEND000493,CMP04,Summer Essentials,C00673,ads,Simple essentials for warmer days.,2025-08-02,false,false
SEND000494,CMP03,Member Picks,C00482,email,Popular picks selected for you.,2025-05-29,false,false
SEND000495,CMP07,Early Holiday,C00938,email,A head start on thoughtful gifting.,2025-11-15,false,false
SEND000496,CMP02,Spring Refresh,C00521,ads,Refresh your routine for spring.,2025-04-07,false,false
SEND000497,CMP08,Holiday Highlights,C00656,ads,Explore customer favorites this holiday.,2025-12-19,false,false
SEND000498,CMP04,Summer Essentials,C00622,ads,Simple essentials for warmer days.,2025-06-10,false,false
SEND000499,CMP07,Early Holiday,C00888,email,A head start on thoughtful gifting.,2025-11-14,false,false
SEND000500,CMP06,Autumn Edit,C00932,ads,Discover this season's useful upgrades.,2025-09-15,false,false
SEND000501,CMP03,Member Picks,C00782,email,Popular picks selected for you.,2025-05-03,false,false
SEND000502,CMP02,Spring Refresh,C00212,ads,Refresh your routine for spring.,2025-03-31,true,true
SEND000503,CMP04,Summer Essentials,C00213,ads,Simple essentials for warmer days.,2025-06-25,false,false
SEND000504,CMP02,Spring Refresh,C00909,ads,Refresh your routine for spring.,2025-04-02,false,false
SEND000505,CMP04,Summer Essentials,C00162,ads,Simple essentials for warmer days.,2025-07-25,true,false
SEND000506,CMP06,Autumn Edit,C00513,ads,Discover this season's useful upgrades.,2025-09-13,false,false
SEND000507,CMP08,Holiday Highlights,C00247,ads,Explore customer favorites this holiday.,2025-12-05,false,false
SEND000508,CMP06,Autumn Edit,C00881,ads,Discover this season's useful upgrades.,2025-10-08,true,false
SEND000509,CMP07,Early Holiday,C00513,email,A head start on thoughtful gifting.,2025-11-28,false,false
SEND000510,CMP03,Member Picks,C00039,email,Popular picks selected for you.,2025-05-27,false,false
SEND000511,CMP08,Holiday Highlights,C00975,ads,Explore customer favorites this holiday.,2025-12-06,false,false
SEND000512,CMP03,Member Picks,C00108,email,Popular picks selected for you.,2025-06-25,false,false
SEND000513,CMP04,Summer Essentials,C00795,ads,Simple essentials for warmer days.,2025-07-14,false,false
SEND000514,CMP02,Spring Refresh,C00034,ads,Refresh your routine for spring.,2025-03-21,false,false
SEND000515,CMP01,New Year Reset,C00668,email,Start fresh with practical favorites.,2025-01-26,false,true
SEND000516,CMP08,Holiday Highlights,C00627,ads,Explore customer favorites this holiday.,2025-12-12,false,false
SEND000517,CMP06,Autumn Edit,C00956,ads,Discover this season's useful upgrades.,2025-09-04,false,false
SEND000518,CMP03,Member Picks,C00571,email,Popular picks selected for you.,2025-05-08,false,false
SEND000519,CMP08,Holiday Highlights,C00056,ads,Explore customer favorites this holiday.,2025-11-06,false,false
SEND000520,CMP03,Member Picks,C00011,email,Popular picks selected for you.,2025-05-02,false,false
SEND000521,CMP07,Early Holiday,C00182,email,A head start on thoughtful gifting.,2025-11-26,true,false
SEND000522,CMP08,Holiday Highlights,C00292,ads,Explore customer favorites this holiday.,2025-11-19,false,false
SEND000523,CMP03,Member Picks,C00734,email,Popular picks selected for you.,2025-05-05,false,false
SEND000524,CMP03,Member Picks,C00962,email,Popular picks selected for you.,2025-05-10,false,false
SEND000525,CMP03,Member Picks,C00687,email,Popular picks selected for you.,2025-06-19,true,false
SEND000526,CMP04,Summer Essentials,C00693,ads,Simple essentials for warmer days.,2025-08-10,false,false
SEND000527,CMP05,Back to Routine,C00377,email,Get back into your everyday rhythm.,2025-08-16,false,false
SEND000528,CMP05,Back to Routine,C00615,email,Get back into your everyday rhythm.,2025-08-30,true,false
SEND000529,CMP03,Member Picks,C00588,email,Popular picks selected for you.,2025-06-17,false,false
SEND000530,CMP04,Summer Essentials,C00614,ads,Simple essentials for warmer days.,2025-08-01,false,false
SEND000531,CMP05,Back to Routine,C00018,email,Get back into your everyday rhythm.,2025-09-23,false,false
SEND000532,CMP08,Holiday Highlights,C00014,ads,Explore customer favorites this holiday.,2025-12-18,true,false
SEND000533,CMP08,Holiday Highlights,C00119,ads,Explore customer favorites this holiday.,2025-12-21,false,false
SEND000534,CMP01,New Year Reset,C00372,email,Start fresh with practical favorites.,2025-01-19,false,false
SEND000535,CMP07,Early Holiday,C00431,email,A head start on thoughtful gifting.,2025-11-09,true,true
SEND000536,CMP04,Summer Essentials,C00908,ads,Simple essentials for warmer days.,2025-06-27,true,false
SEND000537,CMP07,Early Holiday,C00179,email,A head start on thoughtful gifting.,2025-11-02,false,false
SEND000538,CMP07,Early Holiday,C00134,email,A head start on thoughtful gifting.,2025-11-13,false,false
SEND000539,CMP03,Member Picks,C00054,email,Popular picks selected for you.,2025-05-13,true,false
SEND000540,CMP05,Back to Routine,C00617,email,Get back into your everyday rhythm.,2025-08-21,false,false
SEND000541,CMP06,Autumn Edit,C00619,ads,Discover this season's useful upgrades.,2025-09-02,false,true
SEND000542,CMP06,Autumn Edit,C00850,ads,Discover this season's useful upgrades.,2025-09-27,false,false
SEND000543,CMP07,Early Holiday,C00822,email,A head start on thoughtful gifting.,2025-11-08,false,false
SEND000544,CMP03,Member Picks,C00371,email,Popular picks selected for you.,2025-05-17,false,false
SEND000545,CMP07,Early Holiday,C00826,email,A head start on thoughtful gifting.,2025-11-16,true,false
SEND000546,CMP03,Member Picks,C00023,email,Popular picks selected for you.,2025-05-19,false,false
SEND000547,CMP05,Back to Routine,C00455,email,Get back into your everyday rhythm.,2025-08-06,false,false
SEND000548,CMP04,Summer Essentials,C00346,ads,Simple essentials for warmer days.,2025-06-20,false,false
SEND000549,CMP08,Holiday Highlights,C00868,ads,Explore customer favorites this holiday.,2025-12-15,false,false
SEND000550,CMP08,Holiday Highlights,C00324,ads,Explore customer favorites this holiday.,2025-12-31,false,false
SEND000551,CMP02,Spring Refresh,C00610,ads,Refresh your routine for spring.,2025-03-26,false,false
SEND000552,CMP06,Autumn Edit,C00109,ads,Discover this season's useful upgrades.,2025-10-26,true,false
SEND000553,CMP03,Member Picks,C00119,email,Popular picks selected for you.,2025-05-19,false,false
SEND000554,CMP07,Early Holiday,C00990,email,A head start on thoughtful gifting.,2025-11-15,false,false
SEND000555,CMP08,Holiday Highlights,C00946,ads,Explore customer favorites this holiday.,2025-12-28,false,false
SEND000556,CMP07,Early Holiday,C00001,email,A head start on thoughtful gifting.,2025-11-13,false,false
SEND000557,CMP06,Autumn Edit,C00556,ads,Discover this season's useful upgrades.,2025-10-01,true,false
SEND000558,CMP02,Spring Refresh,C00666,ads,Refresh your routine for spring.,2025-04-29,false,true
SEND000559,CMP04,Summer Essentials,C00107,ads,Simple essentials for warmer days.,2025-08-23,true,false
SEND000560,CMP04,Summer Essentials,C00546,ads,Simple essentials for warmer days.,2025-06-12,false,false
SEND000561,CMP01,New Year Reset,C00167,email,Start fresh with practical favorites.,2025-01-16,false,false
SEND000562,CMP05,Back to Routine,C00433,email,Get back into your everyday rhythm.,2025-08-01,false,false
SEND000563,CMP06,Autumn Edit,C00953,ads,Discover this season's useful upgrades.,2025-09-19,false,false
SEND000564,CMP08,Holiday Highlights,C00895,ads,Explore customer favorites this holiday.,2025-12-06,true,true
SEND000565,CMP05,Back to Routine,C00891,email,Get back into your everyday rhythm.,2025-08-14,false,false
SEND000566,CMP02,Spring Refresh,C00863,ads,Refresh your routine for spring.,2025-04-23,false,false
SEND000567,CMP07,Early Holiday,C00675,email,A head start on thoughtful gifting.,2025-11-14,false,false
SEND000568,CMP01,New Year Reset,C00976,email,Start fresh with practical favorites.,2025-02-11,false,false
SEND000569,CMP02,Spring Refresh,C00816,ads,Refresh your routine for spring.,2025-03-28,false,false
SEND000570,CMP06,Autumn Edit,C00973,ads,Discover this season's useful upgrades.,2025-09-07,false,false
SEND000571,CMP07,Early Holiday,C00706,email,A head start on thoughtful gifting.,2025-11-13,true,false
SEND000572,CMP06,Autumn Edit,C00264,ads,Discover this season's useful upgrades.,2025-09-13,false,false
SEND000573,CMP06,Autumn Edit,C00277,ads,Discover this season's useful upgrades.,2025-09-01,false,false
SEND000574,CMP04,Summer Essentials,C00099,ads,Simple essentials for warmer days.,2025-07-31,false,false
SEND000575,CMP05,Back to Routine,C00691,email,Get back into your everyday rhythm.,2025-09-11,false,false
SEND000576,CMP01,New Year Reset,C00701,email,Start fresh with practical favorites.,2025-02-01,false,false
SEND000577,CMP06,Autumn Edit,C00439,ads,Discover this season's useful upgrades.,2025-09-29,true,false
SEND000578,CMP01,New Year Reset,C00233,email,Start fresh with practical favorites.,2025-01-18,false,false
SEND000579,CMP05,Back to Routine,C00655,email,Get back into your everyday rhythm.,2025-09-01,false,false
SEND000580,CMP08,Holiday Highlights,C00381,ads,Explore customer favorites this holiday.,2025-11-16,false,false
SEND000581,CMP06,Autumn Edit,C00515,ads,Discover this season's useful upgrades.,2025-09-10,false,false
SEND000582,CMP08,Holiday Highlights,C00862,ads,Explore customer favorites this holiday.,2025-12-22,true,false
SEND000583,CMP08,Holiday Highlights,C00220,ads,Explore customer favorites this holiday.,2025-11-02,false,false
SEND000584,CMP08,Holiday Highlights,C00571,ads,Explore customer favorites this holiday.,2025-11-18,false,false
SEND000585,CMP06,Autumn Edit,C00336,ads,Discover this season's useful upgrades.,2025-09-03,false,false
SEND000586,CMP05,Back to Routine,C00544,email,Get back into your everyday rhythm.,2025-08-29,false,false
SEND000587,CMP03,Member Picks,C00211,email,Popular picks selected for you.,2025-05-19,false,false
SEND000588,CMP05,Back to Routine,C00883,email,Get back into your everyday rhythm.,2025-08-03,false,false
SEND000589,CMP07,Early Holiday,C00953,email,A head start on thoughtful gifting.,2025-11-06,false,false
SEND000590,CMP01,New Year Reset,C00523,email,Start fresh with practical favorites.,2025-01-26,false,false
SEND000591,CMP02,Spring Refresh,C00684,ads,Refresh your routine for spring.,2025-03-30,false,false
SEND000592,CMP03,Member Picks,C00798,email,Popular picks selected for you.,2025-05-14,true,false
SEND000593,CMP06,Autumn Edit,C00141,ads,Discover this season's useful upgrades.,2025-09-01,false,false
SEND000594,CMP07,Early Holiday,C00966,email,A head start on thoughtful gifting.,2025-11-04,false,false
SEND000595,CMP02,Spring Refresh,C00268,ads,Refresh your routine for spring.,2025-03-13,false,false
SEND000596,CMP04,Summer Essentials,C00148,ads,Simple essentials for warmer days.,2025-07-11,false,false
SEND000597,CMP02,Spring Refresh,C00930,ads,Refresh your routine for spring.,2025-04-13,false,false
SEND000598,CMP08,Holiday Highlights,C00036,ads,Explore customer favorites this holiday.,2025-12-09,false,false
SEND000599,CMP02,Spring Refresh,C00467,ads,Refresh your routine for spring.,2025-04-09,false,false
SEND000600,CMP06,Autumn Edit,C00679,ads,Discover this season's useful upgrades.,2025-10-07,false,false
SEND000601,CMP01,New Year Reset,C00891,email,Start fresh with practical favorites.,2025-02-25,false,false
SEND000602,CMP08,Holiday Highlights,C00561,ads,Explore customer favorites this holiday.,2025-12-02,false,false
SEND000603,CMP03,Member Picks,C00688,email,Popular picks selected for you.,2025-06-01,false,false
SEND000604,CMP02,Spring Refresh,C00739,ads,Refresh your routine for spring.,2025-03-28,false,false
SEND000605,CMP04,Summer Essentials,C00088,ads,Simple essentials for warmer days.,2025-07-12,false,false
SEND000606,CMP01,New Year Reset,C00213,email,Start fresh with practical favorites.,2025-01-07,false,false
SEND000607,CMP03,Member Picks,C00046,email,Popular picks selected for you.,2025-06-25,false,false
SEND000608,CMP05,Back to Routine,C00795,email,Get back into your everyday rhythm.,2025-09-15,true,false
SEND000609,CMP03,Member Picks,C00130,email,Popular picks selected for you.,2025-05-15,false,false
SEND000610,CMP06,Autumn Edit,C00537,ads,Discover this season's useful upgrades.,2025-10-27,false,false
SEND000611,CMP05,Back to Routine,C00783,email,Get back into your everyday rhythm.,2025-08-14,false,true
SEND000612,CMP06,Autumn Edit,C00540,ads,Discover this season's useful upgrades.,2025-10-06,false,false
SEND000613,CMP04,Summer Essentials,C00127,ads,Simple essentials for warmer days.,2025-06-15,false,false
SEND000614,CMP01,New Year Reset,C00666,email,Start fresh with practical favorites.,2025-02-03,false,false
SEND000615,CMP02,Spring Refresh,C00382,ads,Refresh your routine for spring.,2025-04-09,false,false
SEND000616,CMP04,Summer Essentials,C00732,ads,Simple essentials for warmer days.,2025-08-09,false,false
SEND000617,CMP04,Summer Essentials,C00910,ads,Simple essentials for warmer days.,2025-08-09,false,false
SEND000618,CMP05,Back to Routine,C00257,email,Get back into your everyday rhythm.,2025-08-26,false,true
SEND000619,CMP08,Holiday Highlights,C00877,ads,Explore customer favorites this holiday.,2025-12-27,true,false
SEND000620,CMP03,Member Picks,C00330,email,Popular picks selected for you.,2025-06-24,false,false
SEND000621,CMP01,New Year Reset,C00798,email,Start fresh with practical favorites.,2025-02-12,false,false
SEND000622,CMP01,New Year Reset,C00330,email,Start fresh with practical favorites.,2025-02-21,false,false
SEND000623,CMP03,Member Picks,C00606,email,Popular picks selected for you.,2025-05-22,false,false
SEND000624,CMP07,Early Holiday,C00381,email,A head start on thoughtful gifting.,2025-11-25,false,false
SEND000625,CMP01,New Year Reset,C00222,email,Start fresh with practical favorites.,2025-01-29,false,false
SEND000626,CMP07,Early Holiday,C00063,email,A head start on thoughtful gifting.,2025-11-07,false,false
SEND000627,CMP07,Early Holiday,C00071,email,A head start on thoughtful gifting.,2025-11-23,true,false
SEND000628,CMP04,Summer Essentials,C00762,ads,Simple essentials for warmer days.,2025-06-04,false,false
SEND000629,CMP01,New Year Reset,C00262,email,Start fresh with practical favorites.,2025-01-15,false,true
SEND000630,CMP04,Summer Essentials,C00971,ads,Simple essentials for warmer days.,2025-08-02,false,false
SEND000631,CMP03,Member Picks,C00552,email,Popular picks selected for you.,2025-06-26,true,false
SEND000632,CMP01,New Year Reset,C00133,email,Start fresh with practical favorites.,2025-01-31,true,false
SEND000633,CMP05,Back to Routine,C00998,email,Get back into your everyday rhythm.,2025-08-09,false,false
SEND000634,CMP06,Autumn Edit,C00369,ads,Discover this season's useful upgrades.,2025-09-04,false,false
SEND000635,CMP01,New Year Reset,C00621,email,Start fresh with practical favorites.,2025-01-22,false,false
SEND000636,CMP02,Spring Refresh,C00640,ads,Refresh your routine for spring.,2025-03-09,false,false
SEND000637,CMP01,New Year Reset,C00746,email,Start fresh with practical favorites.,2025-02-09,false,false
SEND000638,CMP04,Summer Essentials,C00868,ads,Simple essentials for warmer days.,2025-07-11,false,false
SEND000639,CMP07,Early Holiday,C00102,email,A head start on thoughtful gifting.,2025-11-18,false,false
SEND000640,CMP06,Autumn Edit,C00446,ads,Discover this season's useful upgrades.,2025-10-31,false,false
SEND000641,CMP02,Spring Refresh,C00799,ads,Refresh your routine for spring.,2025-04-22,false,true
SEND000642,CMP05,Back to Routine,C00323,email,Get back into your everyday rhythm.,2025-08-04,false,false
SEND000643,CMP06,Autumn Edit,C00944,ads,Discover this season's useful upgrades.,2025-10-30,false,false
SEND000644,CMP03,Member Picks,C00010,email,Popular picks selected for you.,2025-05-04,false,false
SEND000645,CMP04,Summer Essentials,C00754,ads,Simple essentials for warmer days.,2025-06-05,true,false
SEND000646,CMP02,Spring Refresh,C00643,ads,Refresh your routine for spring.,2025-03-20,false,true
SEND000647,CMP08,Holiday Highlights,C00646,ads,Explore customer favorites this holiday.,2025-11-02,false,false
SEND000648,CMP06,Autumn Edit,C00444,ads,Discover this season's useful upgrades.,2025-09-20,true,true
SEND000649,CMP01,New Year Reset,C00301,email,Start fresh with practical favorites.,2025-01-02,false,false
SEND000650,CMP07,Early Holiday,C00474,email,A head start on thoughtful gifting.,2025-11-17,false,false
SEND000651,CMP03,Member Picks,C00360,email,Popular picks selected for you.,2025-05-24,false,false
SEND000652,CMP05,Back to Routine,C00146,email,Get back into your everyday rhythm.,2025-08-26,false,false
SEND000653,CMP01,New Year Reset,C00198,email,Start fresh with practical favorites.,2025-02-14,false,false
SEND000654,CMP03,Member Picks,C00115,email,Popular picks selected for you.,2025-06-12,false,false
SEND000655,CMP06,Autumn Edit,C00674,ads,Discover this season's useful upgrades.,2025-09-04,false,false
SEND000656,CMP04,Summer Essentials,C00316,ads,Simple essentials for warmer days.,2025-06-14,true,false
SEND000657,CMP08,Holiday Highlights,C00073,ads,Explore customer favorites this holiday.,2025-11-17,false,false
SEND000658,CMP07,Early Holiday,C00496,email,A head start on thoughtful gifting.,2025-11-29,false,false
SEND000659,CMP04,Summer Essentials,C00708,ads,Simple essentials for warmer days.,2025-06-21,false,false
SEND000660,CMP06,Autumn Edit,C00167,ads,Discover this season's useful upgrades.,2025-09-20,false,false
SEND000661,CMP07,Early Holiday,C00285,email,A head start on thoughtful gifting.,2025-11-19,false,false
SEND000662,CMP03,Member Picks,C00925,email,Popular picks selected for you.,2025-05-17,true,false
SEND000663,CMP02,Spring Refresh,C00521,ads,Refresh your routine for spring.,2025-04-25,false,false
SEND000664,CMP05,Back to Routine,C00131,email,Get back into your everyday rhythm.,2025-09-30,false,false
SEND000665,CMP03,Member Picks,C00610,email,Popular picks selected for you.,2025-06-19,false,false
SEND000666,CMP05,Back to Routine,C00735,email,Get back into your everyday rhythm.,2025-09-28,false,false
SEND000667,CMP01,New Year Reset,C00314,email,Start fresh with practical favorites.,2025-02-26,false,false
SEND000668,CMP05,Back to Routine,C00885,email,Get back into your everyday rhythm.,2025-09-27,false,false
SEND000669,CMP05,Back to Routine,C00767,email,Get back into your everyday rhythm.,2025-09-05,false,true
SEND000670,CMP08,Holiday Highlights,C00981,ads,Explore customer favorites this holiday.,2025-12-19,false,false
SEND000671,CMP05,Back to Routine,C00429,email,Get back into your everyday rhythm.,2025-09-24,false,true
SEND000672,CMP05,Back to Routine,C00255,email,Get back into your everyday rhythm.,2025-09-24,false,false
SEND000673,CMP07,Early Holiday,C00126,email,A head start on thoughtful gifting.,2025-11-05,false,false
SEND000674,CMP07,Early Holiday,C00469,email,A head start on thoughtful gifting.,2025-11-14,false,false
SEND000675,CMP02,Spring Refresh,C00603,ads,Refresh your routine for spring.,2025-04-08,false,false
SEND000676,CMP04,Summer Essentials,C00351,ads,Simple essentials for warmer days.,2025-06-15,false,false
SEND000677,CMP06,Autumn Edit,C00016,ads,Discover this season's useful upgrades.,2025-09-27,false,true
SEND000678,CMP07,Early Holiday,C00384,email,A head start on thoughtful gifting.,2025-11-24,false,false
SEND000679,CMP07,Early Holiday,C00845,email,A head start on thoughtful gifting.,2025-11-16,false,false
SEND000680,CMP08,Holiday Highlights,C00990,ads,Explore customer favorites this holiday.,2025-12-29,true,false
SEND000681,CMP08,Holiday Highlights,C00867,ads,Explore customer favorites this holiday.,2025-12-31,true,false
SEND000682,CMP02,Spring Refresh,C00019,ads,Refresh your routine for spring.,2025-03-24,false,true
SEND000683,CMP06,Autumn Edit,C00851,ads,Discover this season's useful upgrades.,2025-09-30,false,false
SEND000684,CMP05,Back to Routine,C00503,email,Get back into your everyday rhythm.,2025-09-30,false,false
SEND000685,CMP06,Autumn Edit,C00751,ads,Discover this season's useful upgrades.,2025-10-16,false,false
SEND000686,CMP07,Early Holiday,C00690,email,A head start on thoughtful gifting.,2025-11-07,false,false
SEND000687,CMP06,Autumn Edit,C00726,ads,Discover this season's useful upgrades.,2025-09-02,false,false
SEND000688,CMP08,Holiday Highlights,C00703,ads,Explore customer favorites this holiday.,2025-11-11,false,false
SEND000689,CMP03,Member Picks,C00713,email,Popular picks selected for you.,2025-05-31,false,false
SEND000690,CMP05,Back to Routine,C00062,email,Get back into your everyday rhythm.,2025-09-23,false,false
SEND000691,CMP07,Early Holiday,C00837,email,A head start on thoughtful gifting.,2025-11-01,false,false
SEND000692,CMP03,Member Picks,C00807,email,Popular picks selected for you.,2025-06-19,false,false
SEND000693,CMP05,Back to Routine,C00657,email,Get back into your everyday rhythm.,2025-08-13,true,false
SEND000694,CMP02,Spring Refresh,C00408,ads,Refresh your routine for spring.,2025-03-28,false,false
SEND000695,CMP05,Back to Routine,C00539,email,Get back into your everyday rhythm.,2025-08-09,true,false
SEND000696,CMP02,Spring Refresh,C00067,ads,Refresh your routine for spring.,2025-03-25,false,true
SEND000697,CMP08,Holiday Highlights,C00857,ads,Explore customer favorites this holiday.,2025-12-22,false,false
SEND000698,CMP02,Spring Refresh,C00621,ads,Refresh your routine for spring.,2025-03-23,false,false
SEND000699,CMP04,Summer Essentials,C00146,ads,Simple essentials for warmer days.,2025-06-07,true,false
SEND000700,CMP05,Back to Routine,C00773,email,Get back into your everyday rhythm.,2025-09-22,true,false
SEND000701,CMP04,Summer Essentials,C00307,ads,Simple essentials for warmer days.,2025-06-23,false,false
SEND000702,CMP05,Back to Routine,C00799,email,Get back into your everyday rhythm.,2025-09-09,false,false
SEND000703,CMP06,Autumn Edit,C00592,ads,Discover this season's useful upgrades.,2025-10-29,true,true
SEND000704,CMP05,Back to Routine,C00868,email,Get back into your everyday rhythm.,2025-08-27,true,true
SEND000705,CMP08,Holiday Highlights,C00160,ads,Explore customer favorites this holiday.,2025-12-09,false,false
SEND000706,CMP02,Spring Refresh,C00099,ads,Refresh your routine for spring.,2025-04-11,false,false
SEND000707,CMP01,New Year Reset,C00928,email,Start fresh with practical favorites.,2025-01-24,false,false
SEND000708,CMP05,Back to Routine,C00594,email,Get back into your everyday rhythm.,2025-08-10,false,false
SEND000709,CMP04,Summer Essentials,C00692,ads,Simple essentials for warmer days.,2025-08-01,false,false
SEND000710,CMP03,Member Picks,C00908,email,Popular picks selected for you.,2025-06-03,false,false
SEND000711,CMP06,Autumn Edit,C00314,ads,Discover this season's useful upgrades.,2025-09-04,true,true
SEND000712,CMP08,Holiday Highlights,C00460,ads,Explore customer favorites this holiday.,2025-12-21,false,false
SEND000713,CMP02,Spring Refresh,C00834,ads,Refresh your routine for spring.,2025-03-26,true,false
SEND000714,CMP07,Early Holiday,C00162,email,A head start on thoughtful gifting.,2025-11-15,true,false
SEND000715,CMP04,Summer Essentials,C00313,ads,Simple essentials for warmer days.,2025-08-28,false,false
SEND000716,CMP08,Holiday Highlights,C00725,ads,Explore customer favorites this holiday.,2025-12-08,false,false
SEND000717,CMP05,Back to Routine,C00853,email,Get back into your everyday rhythm.,2025-09-25,false,false
SEND000718,CMP03,Member Picks,C00454,email,Popular picks selected for you.,2025-06-02,false,false
SEND000719,CMP02,Spring Refresh,C00632,ads,Refresh your routine for spring.,2025-03-04,false,false
SEND000720,CMP07,Early Holiday,C00170,email,A head start on thoughtful gifting.,2025-11-28,false,false
SEND000721,CMP02,Spring Refresh,C00289,ads,Refresh your routine for spring.,2025-04-17,false,true
SEND000722,CMP05,Back to Routine,C00019,email,Get back into your everyday rhythm.,2025-08-02,false,false
SEND000723,CMP02,Spring Refresh,C00581,ads,Refresh your routine for spring.,2025-03-09,false,false
SEND000724,CMP01,New Year Reset,C00468,email,Start fresh with practical favorites.,2025-01-12,false,false
SEND000725,CMP04,Summer Essentials,C00406,ads,Simple essentials for warmer days.,2025-07-16,true,false
SEND000726,CMP02,Spring Refresh,C00065,ads,Refresh your routine for spring.,2025-03-02,false,false
SEND000727,CMP04,Summer Essentials,C00454,ads,Simple essentials for warmer days.,2025-06-12,false,false
SEND000728,CMP02,Spring Refresh,C00734,ads,Refresh your routine for spring.,2025-04-12,false,false
SEND000729,CMP06,Autumn Edit,C00462,ads,Discover this season's useful upgrades.,2025-09-27,false,true
SEND000730,CMP02,Spring Refresh,C00967,ads,Refresh your routine for spring.,2025-04-15,false,false
SEND000731,CMP04,Summer Essentials,C00465,ads,Simple essentials for warmer days.,2025-07-01,false,false
SEND000732,CMP01,New Year Reset,C00862,email,Start fresh with practical favorites.,2025-01-07,false,false
SEND000733,CMP03,Member Picks,C00079,email,Popular picks selected for you.,2025-06-28,false,false
SEND000734,CMP07,Early Holiday,C00001,email,A head start on thoughtful gifting.,2025-11-03,false,false
SEND000735,CMP07,Early Holiday,C00437,email,A head start on thoughtful gifting.,2025-11-02,false,false
SEND000736,CMP04,Summer Essentials,C00278,ads,Simple essentials for warmer days.,2025-07-14,true,false
SEND000737,CMP01,New Year Reset,C00066,email,Start fresh with practical favorites.,2025-02-20,false,false
SEND000738,CMP04,Summer Essentials,C00765,ads,Simple essentials for warmer days.,2025-06-09,false,false
SEND000739,CMP07,Early Holiday,C00916,email,A head start on thoughtful gifting.,2025-11-02,true,false
SEND000740,CMP05,Back to Routine,C00819,email,Get back into your everyday rhythm.,2025-09-20,false,false
SEND000741,CMP01,New Year Reset,C00428,email,Start fresh with practical favorites.,2025-02-24,false,false
SEND000742,CMP06,Autumn Edit,C00154,ads,Discover this season's useful upgrades.,2025-10-01,false,false
SEND000743,CMP05,Back to Routine,C00886,email,Get back into your everyday rhythm.,2025-09-18,false,false
SEND000744,CMP07,Early Holiday,C00513,email,A head start on thoughtful gifting.,2025-11-25,false,false
SEND000745,CMP02,Spring Refresh,C00901,ads,Refresh your routine for spring.,2025-04-17,false,false
SEND000746,CMP02,Spring Refresh,C00308,ads,Refresh your routine for spring.,2025-03-25,false,false
SEND000747,CMP06,Autumn Edit,C00512,ads,Discover this season's useful upgrades.,2025-09-23,true,false
SEND000748,CMP07,Early Holiday,C00562,email,A head start on thoughtful gifting.,2025-11-28,false,false
SEND000749,CMP05,Back to Routine,C00094,email,Get back into your everyday rhythm.,2025-09-27,false,false
SEND000750,CMP03,Member Picks,C00785,email,Popular picks selected for you.,2025-06-17,false,false
SEND000751,CMP06,Autumn Edit,C00717,ads,Discover this season's useful upgrades.,2025-10-25,false,false
SEND000752,CMP07,Early Holiday,C00525,email,A head start on thoughtful gifting.,2025-11-25,false,false
SEND000753,CMP01,New Year Reset,C00455,email,Start fresh with practical favorites.,2025-01-19,true,false
SEND000754,CMP05,Back to Routine,C00120,email,Get back into your everyday rhythm.,2025-08-10,false,false
SEND000755,CMP02,Spring Refresh,C00552,ads,Refresh your routine for spring.,2025-03-29,true,false
SEND000756,CMP07,Early Holiday,C00226,email,A head start on thoughtful gifting.,2025-11-12,true,false
SEND000757,CMP08,Holiday Highlights,C00667,ads,Explore customer favorites this holiday.,2025-11-26,true,false
SEND000758,CMP08,Holiday Highlights,C00887,ads,Explore customer favorites this holiday.,2025-12-21,true,false
SEND000759,CMP08,Holiday Highlights,C00083,ads,Explore customer favorites this holiday.,2025-11-23,true,false
SEND000760,CMP08,Holiday Highlights,C00006,ads,Explore customer favorites this holiday.,2025-12-29,false,false
SEND000761,CMP08,Holiday Highlights,C00372,ads,Explore customer favorites this holiday.,2025-11-28,false,false
SEND000762,CMP07,Early Holiday,C00047,email,A head start on thoughtful gifting.,2025-11-14,false,false
SEND000763,CMP03,Member Picks,C00848,email,Popular picks selected for you.,2025-06-05,false,false
SEND000764,CMP03,Member Picks,C00011,email,Popular picks selected for you.,2025-05-08,false,false
SEND000765,CMP04,Summer Essentials,C00497,ads,Simple essentials for warmer days.,2025-06-26,false,false
SEND000766,CMP01,New Year Reset,C00705,email,Start fresh with practical favorites.,2025-02-27,false,false
SEND000767,CMP05,Back to Routine,C00354,email,Get back into your everyday rhythm.,2025-09-21,false,false
SEND000768,CMP01,New Year Reset,C00753,email,Start fresh with practical favorites.,2025-01-06,false,false
SEND000769,CMP01,New Year Reset,C00133,email,Start fresh with practical favorites.,2025-02-04,true,false
SEND000770,CMP03,Member Picks,C00040,email,Popular picks selected for you.,2025-05-23,false,false
SEND000771,CMP03,Member Picks,C00896,email,Popular picks selected for you.,2025-06-15,false,false
SEND000772,CMP06,Autumn Edit,C00232,ads,Discover this season's useful upgrades.,2025-10-30,false,false
SEND000773,CMP07,Early Holiday,C00127,email,A head start on thoughtful gifting.,2025-11-15,false,false
SEND000774,CMP07,Early Holiday,C00587,email,A head start on thoughtful gifting.,2025-11-29,false,false
SEND000775,CMP04,Summer Essentials,C00765,ads,Simple essentials for warmer days.,2025-07-20,true,false
SEND000776,CMP07,Early Holiday,C00883,email,A head start on thoughtful gifting.,2025-11-17,false,false
SEND000777,CMP06,Autumn Edit,C00183,ads,Discover this season's useful upgrades.,2025-10-26,true,false
SEND000778,CMP07,Early Holiday,C00021,email,A head start on thoughtful gifting.,2025-11-20,false,false
SEND000779,CMP04,Summer Essentials,C00840,ads,Simple essentials for warmer days.,2025-08-23,false,false
SEND000780,CMP04,Summer Essentials,C00937,ads,Simple essentials for warmer days.,2025-08-21,false,false
SEND000781,CMP01,New Year Reset,C00656,email,Start fresh with practical favorites.,2025-01-28,false,false
SEND000782,CMP04,Summer Essentials,C00991,ads,Simple essentials for warmer days.,2025-08-31,false,true
SEND000783,CMP05,Back to Routine,C00006,email,Get back into your everyday rhythm.,2025-08-28,false,false
SEND000784,CMP01,New Year Reset,C00425,email,Start fresh with practical favorites.,2025-02-15,false,false
SEND000785,CMP07,Early Holiday,C00040,email,A head start on thoughtful gifting.,2025-11-09,false,false
SEND000786,CMP01,New Year Reset,C00816,email,Start fresh with practical favorites.,2025-01-19,false,false
SEND000787,CMP06,Autumn Edit,C00970,ads,Discover this season's useful upgrades.,2025-10-18,false,true
SEND000788,CMP01,New Year Reset,C00501,email,Start fresh with practical favorites.,2025-01-11,false,false
SEND000789,CMP01,New Year Reset,C00005,email,Start fresh with practical favorites.,2025-01-21,false,false
SEND000790,CMP06,Autumn Edit,C00639,ads,Discover this season's useful upgrades.,2025-10-29,false,false
SEND000791,CMP01,New Year Reset,C00794,email,Start fresh with practical favorites.,2025-02-04,false,false
SEND000792,CMP06,Autumn Edit,C00169,ads,Discover this season's useful upgrades.,2025-10-21,false,false
SEND000793,CMP03,Member Picks,C00380,email,Popular picks selected for you.,2025-06-04,false,false
SEND000794,CMP06,Autumn Edit,C00194,ads,Discover this season's useful upgrades.,2025-09-11,true,false
SEND000795,CMP06,Autumn Edit,C00486,ads,Discover this season's useful upgrades.,2025-09-01,false,false
SEND000796,CMP02,Spring Refresh,C00709,ads,Refresh your routine for spring.,2025-04-26,false,false
SEND000797,CMP05,Back to Routine,C00095,email,Get back into your everyday rhythm.,2025-08-07,false,true
SEND000798,CMP01,New Year Reset,C00265,email,Start fresh with practical favorites.,2025-01-18,false,false
SEND000799,CMP04,Summer Essentials,C00937,ads,Simple essentials for warmer days.,2025-06-28,false,false
SEND000800,CMP07,Early Holiday,C00804,email,A head start on thoughtful gifting.,2025-11-18,false,false
SEND000801,CMP04,Summer Essentials,C00477,ads,Simple essentials for warmer days.,2025-06-06,false,false
SEND000802,CMP01,New Year Reset,C00618,email,Start fresh with practical favorites.,2025-01-25,false,false
SEND000803,CMP02,Spring Refresh,C00450,ads,Refresh your routine for spring.,2025-03-10,false,false
SEND000804,CMP05,Back to Routine,C00625,email,Get back into your everyday rhythm.,2025-09-09,false,false
SEND000805,CMP04,Summer Essentials,C00582,ads,Simple essentials for warmer days.,2025-07-26,false,false
SEND000806,CMP07,Early Holiday,C00992,email,A head start on thoughtful gifting.,2025-11-12,false,false
SEND000807,CMP06,Autumn Edit,C00992,ads,Discover this season's useful upgrades.,2025-10-15,false,false
SEND000808,CMP02,Spring Refresh,C00566,ads,Refresh your routine for spring.,2025-03-24,false,false
SEND000809,CMP07,Early Holiday,C00301,email,A head start on thoughtful gifting.,2025-11-23,false,false
SEND000810,CMP08,Holiday Highlights,C00633,ads,Explore customer favorites this holiday.,2025-12-27,false,false
SEND000811,CMP04,Summer Essentials,C00132,ads,Simple essentials for warmer days.,2025-06-02,false,false
SEND000812,CMP04,Summer Essentials,C00709,ads,Simple essentials for warmer days.,2025-06-14,false,false
SEND000813,CMP03,Member Picks,C00626,email,Popular picks selected for you.,2025-06-01,true,false
SEND000814,CMP07,Early Holiday,C00856,email,A head start on thoughtful gifting.,2025-11-30,false,false
SEND000815,CMP03,Member Picks,C00668,email,Popular picks selected for you.,2025-05-25,false,false
SEND000816,CMP07,Early Holiday,C00621,email,A head start on thoughtful gifting.,2025-11-14,false,false
SEND000817,CMP04,Summer Essentials,C00498,ads,Simple essentials for warmer days.,2025-08-07,false,false
SEND000818,CMP04,Summer Essentials,C00207,ads,Simple essentials for warmer days.,2025-06-06,true,false
SEND000819,CMP03,Member Picks,C00556,email,Popular picks selected for you.,2025-05-19,true,false
SEND000820,CMP07,Early Holiday,C00537,email,A head start on thoughtful gifting.,2025-11-05,false,false
SEND000821,CMP07,Early Holiday,C00672,email,A head start on thoughtful gifting.,2025-11-27,false,false
SEND000822,CMP02,Spring Refresh,C00518,ads,Refresh your routine for spring.,2025-04-26,false,true
SEND000823,CMP07,Early Holiday,C00794,email,A head start on thoughtful gifting.,2025-11-28,false,false
SEND000824,CMP08,Holiday Highlights,C00164,ads,Explore customer favorites this holiday.,2025-12-08,false,false
SEND000825,CMP05,Back to Routine,C00689,email,Get back into your everyday rhythm.,2025-08-25,false,false
SEND000826,CMP08,Holiday Highlights,C00694,ads,Explore customer favorites this holiday.,2025-12-09,false,false
SEND000827,CMP08,Holiday Highlights,C00806,ads,Explore customer favorites this holiday.,2025-12-09,false,false
SEND000828,CMP05,Back to Routine,C00218,email,Get back into your everyday rhythm.,2025-09-05,false,false
SEND000829,CMP05,Back to Routine,C00743,email,Get back into your everyday rhythm.,2025-08-17,false,true
SEND000830,CMP05,Back to Routine,C00840,email,Get back into your everyday rhythm.,2025-09-27,false,false
SEND000831,CMP07,Early Holiday,C00326,email,A head start on thoughtful gifting.,2025-11-30,false,false
SEND000832,CMP02,Spring Refresh,C00188,ads,Refresh your routine for spring.,2025-03-14,false,false
SEND000833,CMP07,Early Holiday,C00433,email,A head start on thoughtful gifting.,2025-11-10,false,false
SEND000834,CMP05,Back to Routine,C00651,email,Get back into your everyday rhythm.,2025-08-15,false,true
SEND000835,CMP04,Summer Essentials,C00720,ads,Simple essentials for warmer days.,2025-07-27,false,false
SEND000836,CMP04,Summer Essentials,C00945,ads,Simple essentials for warmer days.,2025-07-27,false,false
SEND000837,CMP01,New Year Reset,C00509,email,Start fresh with practical favorites.,2025-01-19,true,false
SEND000838,CMP02,Spring Refresh,C00554,ads,Refresh your routine for spring.,2025-03-16,false,false
SEND000839,CMP02,Spring Refresh,C00172,ads,Refresh your routine for spring.,2025-04-23,false,false
SEND000840,CMP05,Back to Routine,C00609,email,Get back into your everyday rhythm.,2025-09-16,false,false
SEND000841,CMP08,Holiday Highlights,C00163,ads,Explore customer favorites this holiday.,2025-11-15,true,false
SEND000842,CMP07,Early Holiday,C00419,email,A head start on thoughtful gifting.,2025-11-05,false,false
SEND000843,CMP05,Back to Routine,C00534,email,Get back into your everyday rhythm.,2025-09-15,false,false
SEND000844,CMP08,Holiday Highlights,C00453,ads,Explore customer favorites this holiday.,2025-11-19,false,false
SEND000845,CMP06,Autumn Edit,C00498,ads,Discover this season's useful upgrades.,2025-10-24,false,false
SEND000846,CMP05,Back to Routine,C00875,email,Get back into your everyday rhythm.,2025-08-10,false,false
SEND000847,CMP03,Member Picks,C00625,email,Popular picks selected for you.,2025-06-06,false,false
SEND000848,CMP08,Holiday Highlights,C00431,ads,Explore customer favorites this holiday.,2025-12-10,false,false
SEND000849,CMP05,Back to Routine,C00793,email,Get back into your everyday rhythm.,2025-08-07,false,false
SEND000850,CMP07,Early Holiday,C00571,email,A head start on thoughtful gifting.,2025-11-22,false,false
SEND000851,CMP07,Early Holiday,C00208,email,A head start on thoughtful gifting.,2025-11-05,false,false
SEND000852,CMP07,Early Holiday,C00758,email,A head start on thoughtful gifting.,2025-11-06,false,false
SEND000853,CMP07,Early Holiday,C00370,email,A head start on thoughtful gifting.,2025-11-12,false,false
SEND000854,CMP08,Holiday Highlights,C00206,ads,Explore customer favorites this holiday.,2025-12-12,false,false
SEND000855,CMP03,Member Picks,C00421,email,Popular picks selected for you.,2025-05-31,false,true
SEND000856,CMP02,Spring Refresh,C00748,ads,Refresh your routine for spring.,2025-03-10,false,false
SEND000857,CMP01,New Year Reset,C00848,email,Start fresh with practical favorites.,2025-02-07,true,true
SEND000858,CMP02,Spring Refresh,C00929,ads,Refresh your routine for spring.,2025-03-01,true,false
SEND000859,CMP06,Autumn Edit,C00608,ads,Discover this season's useful upgrades.,2025-09-20,false,true
SEND000860,CMP08,Holiday Highlights,C00099,ads,Explore customer favorites this holiday.,2025-12-27,false,false
SEND000861,CMP08,Holiday Highlights,C00891,ads,Explore customer favorites this holiday.,2025-12-17,false,false
SEND000862,CMP06,Autumn Edit,C00005,ads,Discover this season's useful upgrades.,2025-09-12,false,false
SEND000863,CMP08,Holiday Highlights,C00519,ads,Explore customer favorites this holiday.,2025-12-14,false,false
SEND000864,CMP02,Spring Refresh,C00162,ads,Refresh your routine for spring.,2025-03-27,false,false
SEND000865,CMP02,Spring Refresh,C00908,ads,Refresh your routine for spring.,2025-03-03,true,false
SEND000866,CMP02,Spring Refresh,C00770,ads,Refresh your routine for spring.,2025-04-25,false,false
SEND000867,CMP03,Member Picks,C00001,email,Popular picks selected for you.,2025-05-23,true,false
SEND000868,CMP07,Early Holiday,C00470,email,A head start on thoughtful gifting.,2025-11-30,false,false
SEND000869,CMP07,Early Holiday,C00782,email,A head start on thoughtful gifting.,2025-11-11,false,false
SEND000870,CMP06,Autumn Edit,C00868,ads,Discover this season's useful upgrades.,2025-09-13,false,false
SEND000871,CMP07,Early Holiday,C00084,email,A head start on thoughtful gifting.,2025-11-01,false,false
SEND000872,CMP08,Holiday Highlights,C00735,ads,Explore customer favorites this holiday.,2025-11-22,false,false
SEND000873,CMP03,Member Picks,C00578,email,Popular picks selected for you.,2025-05-04,true,false
SEND000874,CMP03,Member Picks,C00986,email,Popular picks selected for you.,2025-06-18,false,false
SEND000875,CMP04,Summer Essentials,C00281,ads,Simple essentials for warmer days.,2025-06-03,false,false
SEND000876,CMP08,Holiday Highlights,C00983,ads,Explore customer favorites this holiday.,2025-11-30,false,false
SEND000877,CMP03,Member Picks,C00795,email,Popular picks selected for you.,2025-06-07,false,false
SEND000878,CMP08,Holiday Highlights,C00941,ads,Explore customer favorites this holiday.,2025-12-15,false,false
SEND000879,CMP08,Holiday Highlights,C00878,ads,Explore customer favorites this holiday.,2025-12-31,false,false
SEND000880,CMP08,Holiday Highlights,C00281,ads,Explore customer favorites this holiday.,2025-11-10,false,false
SEND000881,CMP05,Back to Routine,C00793,email,Get back into your everyday rhythm.,2025-08-07,true,false
SEND000882,CMP02,Spring Refresh,C00675,ads,Refresh your routine for spring.,2025-03-02,false,false
SEND000883,CMP03,Member Picks,C00178,email,Popular picks selected for you.,2025-06-07,true,true
SEND000884,CMP03,Member Picks,C00132,email,Popular picks selected for you.,2025-05-28,false,false
SEND000885,CMP03,Member Picks,C00052,email,Popular picks selected for you.,2025-05-19,true,false
SEND000886,CMP02,Spring Refresh,C00578,ads,Refresh your routine for spring.,2025-03-24,false,false
SEND000887,CMP06,Autumn Edit,C00695,ads,Discover this season's useful upgrades.,2025-10-28,false,false
SEND000888,CMP05,Back to Routine,C00229,email,Get back into your everyday rhythm.,2025-08-14,false,false
SEND000889,CMP01,New Year Reset,C00028,email,Start fresh with practical favorites.,2025-01-27,false,false
SEND000890,CMP05,Back to Routine,C00337,email,Get back into your everyday rhythm.,2025-08-16,false,false
SEND000891,CMP06,Autumn Edit,C00276,ads,Discover this season's useful upgrades.,2025-10-10,false,false
SEND000892,CMP03,Member Picks,C00127,email,Popular picks selected for you.,2025-06-03,false,false
SEND000893,CMP03,Member Picks,C00316,email,Popular picks selected for you.,2025-05-07,false,false
SEND000894,CMP04,Summer Essentials,C00508,ads,Simple essentials for warmer days.,2025-07-30,false,false
SEND000895,CMP08,Holiday Highlights,C00029,ads,Explore customer favorites this holiday.,2025-11-02,false,false
SEND000896,CMP03,Member Picks,C00956,email,Popular picks selected for you.,2025-05-25,false,false
SEND000897,CMP04,Summer Essentials,C00731,ads,Simple essentials for warmer days.,2025-06-17,false,false
SEND000898,CMP01,New Year Reset,C00621,email,Start fresh with practical favorites.,2025-01-17,true,false
SEND000899,CMP04,Summer Essentials,C00761,ads,Simple essentials for warmer days.,2025-07-27,false,false
SEND000900,CMP04,Summer Essentials,C00718,ads,Simple essentials for warmer days.,2025-08-19,false,false
SEND000901,CMP02,Spring Refresh,C00825,ads,Refresh your routine for spring.,2025-04-21,false,false
SEND000902,CMP04,Summer Essentials,C00826,ads,Simple essentials for warmer days.,2025-08-04,false,false
SEND000903,CMP03,Member Picks,C00540,email,Popular picks selected for you.,2025-05-26,false,false
SEND000904,CMP06,Autumn Edit,C00940,ads,Discover this season's useful upgrades.,2025-09-07,false,false
SEND000905,CMP08,Holiday Highlights,C00291,ads,Explore customer favorites this holiday.,2025-12-25,false,false
SEND000906,CMP06,Autumn Edit,C00370,ads,Discover this season's useful upgrades.,2025-10-18,false,false
SEND000907,CMP04,Summer Essentials,C00588,ads,Simple essentials for warmer days.,2025-06-10,false,false
SEND000908,CMP07,Early Holiday,C00919,email,A head start on thoughtful gifting.,2025-11-29,false,false
SEND000909,CMP06,Autumn Edit,C00389,ads,Discover this season's useful upgrades.,2025-10-11,false,true
SEND000910,CMP03,Member Picks,C00045,email,Popular picks selected for you.,2025-06-01,false,false
SEND000911,CMP08,Holiday Highlights,C00910,ads,Explore customer favorites this holiday.,2025-11-04,false,false
SEND000912,CMP01,New Year Reset,C00233,email,Start fresh with practical favorites.,2025-02-25,false,false
SEND000913,CMP04,Summer Essentials,C00339,ads,Simple essentials for warmer days.,2025-08-03,false,false
SEND000914,CMP08,Holiday Highlights,C00570,ads,Explore customer favorites this holiday.,2025-12-11,false,false
SEND000915,CMP08,Holiday Highlights,C00979,ads,Explore customer favorites this holiday.,2025-11-19,false,false
SEND000916,CMP08,Holiday Highlights,C00933,ads,Explore customer favorites this holiday.,2025-11-21,true,true
SEND000917,CMP04,Summer Essentials,C00267,ads,Simple essentials for warmer days.,2025-08-08,false,false
SEND000918,CMP04,Summer Essentials,C00618,ads,Simple essentials for warmer days.,2025-06-13,false,false
SEND000919,CMP02,Spring Refresh,C00829,ads,Refresh your routine for spring.,2025-04-07,false,false
SEND000920,CMP07,Early Holiday,C00589,email,A head start on thoughtful gifting.,2025-11-06,false,true
SEND000921,CMP03,Member Picks,C00589,email,Popular picks selected for you.,2025-06-19,false,false
SEND000922,CMP04,Summer Essentials,C00875,ads,Simple essentials for warmer days.,2025-08-25,false,false
SEND000923,CMP02,Spring Refresh,C00329,ads,Refresh your routine for spring.,2025-04-27,false,false
SEND000924,CMP04,Summer Essentials,C00032,ads,Simple essentials for warmer days.,2025-06-12,false,true
SEND000925,CMP02,Spring Refresh,C00364,ads,Refresh your routine for spring.,2025-03-18,false,false
SEND000926,CMP07,Early Holiday,C00080,email,A head start on thoughtful gifting.,2025-11-26,false,true
SEND000927,CMP06,Autumn Edit,C00095,ads,Discover this season's useful upgrades.,2025-09-04,false,false
SEND000928,CMP03,Member Picks,C00002,email,Popular picks selected for you.,2025-05-26,false,false
SEND000929,CMP07,Early Holiday,C00380,email,A head start on thoughtful gifting.,2025-11-28,false,false
SEND000930,CMP04,Summer Essentials,C00469,ads,Simple essentials for warmer days.,2025-06-18,false,false
SEND000931,CMP06,Autumn Edit,C00061,ads,Discover this season's useful upgrades.,2025-09-01,false,false
SEND000932,CMP03,Member Picks,C00744,email,Popular picks selected for you.,2025-05-16,false,false
SEND000933,CMP03,Member Picks,C00780,email,Popular picks selected for you.,2025-05-08,false,false
SEND000934,CMP07,Early Holiday,C00101,email,A head start on thoughtful gifting.,2025-11-27,false,false
SEND000935,CMP01,New Year Reset,C00856,email,Start fresh with practical favorites.,2025-01-21,false,false
SEND000936,CMP08,Holiday Highlights,C00001,ads,Explore customer favorites this holiday.,2025-12-16,false,false
SEND000937,CMP01,New Year Reset,C00208,email,Start fresh with practical favorites.,2025-02-06,false,false
SEND000938,CMP01,New Year Reset,C00115,email,Start fresh with practical favorites.,2025-01-28,false,false
SEND000939,CMP08,Holiday Highlights,C00891,ads,Explore customer favorites this holiday.,2025-11-04,true,false
SEND000940,CMP08,Holiday Highlights,C00861,ads,Explore customer favorites this holiday.,2025-11-29,false,false
SEND000941,CMP07,Early Holiday,C00292,email,A head start on thoughtful gifting.,2025-11-15,false,true
SEND000942,CMP05,Back to Routine,C00473,email,Get back into your everyday rhythm.,2025-09-09,true,false
SEND000943,CMP04,Summer Essentials,C00953,ads,Simple essentials for warmer days.,2025-06-03,false,false
SEND000944,CMP08,Holiday Highlights,C00481,ads,Explore customer favorites this holiday.,2025-12-25,false,false
SEND000945,CMP08,Holiday Highlights,C00222,ads,Explore customer favorites this holiday.,2025-11-23,false,false
SEND000946,CMP03,Member Picks,C00442,email,Popular picks selected for you.,2025-05-29,false,false
SEND000947,CMP01,New Year Reset,C00013,email,Start fresh with practical favorites.,2025-02-06,true,false
SEND000948,CMP06,Autumn Edit,C00341,ads,Discover this season's useful upgrades.,2025-09-02,false,false
SEND000949,CMP07,Early Holiday,C00222,email,A head start on thoughtful gifting.,2025-11-15,false,false
SEND000950,CMP08,Holiday Highlights,C00392,ads,Explore customer favorites this holiday.,2025-12-19,false,false
SEND000951,CMP03,Member Picks,C00929,email,Popular picks selected for you.,2025-06-30,false,false
SEND000952,CMP02,Spring Refresh,C00850,ads,Refresh your routine for spring.,2025-04-11,true,true
SEND000953,CMP03,Member Picks,C00286,email,Popular picks selected for you.,2025-06-12,false,false
SEND000954,CMP04,Summer Essentials,C00419,ads,Simple essentials for warmer days.,2025-07-31,true,false
SEND000955,CMP02,Spring Refresh,C00850,ads,Refresh your routine for spring.,2025-03-24,false,false
SEND000956,CMP01,New Year Reset,C00595,email,Start fresh with practical favorites.,2025-01-02,false,false
SEND000957,CMP05,Back to Routine,C00313,email,Get back into your everyday rhythm.,2025-09-08,false,false
SEND000958,CMP02,Spring Refresh,C00337,ads,Refresh your routine for spring.,2025-04-08,false,false
SEND000959,CMP02,Spring Refresh,C00579,ads,Refresh your routine for spring.,2025-04-25,false,false
SEND000960,CMP01,New Year Reset,C00445,email,Start fresh with practical favorites.,2025-01-02,false,false
SEND000961,CMP07,Early Holiday,C00656,email,A head start on thoughtful gifting.,2025-11-27,true,false
SEND000962,CMP02,Spring Refresh,C00881,ads,Refresh your routine for spring.,2025-03-28,false,false
SEND000963,CMP08,Holiday Highlights,C00489,ads,Explore customer favorites this holiday.,2025-12-14,false,true
SEND000964,CMP08,Holiday Highlights,C00910,ads,Explore customer favorites this holiday.,2025-11-04,true,false
SEND000965,CMP03,Member Picks,C00353,email,Popular picks selected for you.,2025-05-18,true,false
SEND000966,CMP06,Autumn Edit,C00729,ads,Discover this season's useful upgrades.,2025-10-15,false,false
SEND000967,CMP02,Spring Refresh,C00203,ads,Refresh your routine for spring.,2025-03-24,false,false
SEND000968,CMP07,Early Holiday,C00356,email,A head start on thoughtful gifting.,2025-11-06,false,false
SEND000969,CMP07,Early Holiday,C00480,email,A head start on thoughtful gifting.,2025-11-09,true,false
SEND000970,CMP04,Summer Essentials,C00355,ads,Simple essentials for warmer days.,2025-06-24,true,true
SEND000971,CMP07,Early Holiday,C00140,email,A head start on thoughtful gifting.,2025-11-08,false,false
SEND000972,CMP08,Holiday Highlights,C00454,ads,Explore customer favorites this holiday.,2025-12-15,true,false
SEND000973,CMP03,Member Picks,C00696,email,Popular picks selected for you.,2025-05-28,false,false
SEND000974,CMP05,Back to Routine,C00380,email,Get back into your everyday rhythm.,2025-08-13,false,false
SEND000975,CMP01,New Year Reset,C00536,email,Start fresh with practical favorites.,2025-01-08,false,false
SEND000976,CMP02,Spring Refresh,C00284,ads,Refresh your routine for spring.,2025-04-13,false,false
SEND000977,CMP06,Autumn Edit,C00782,ads,Discover this season's useful upgrades.,2025-09-24,false,false
SEND000978,CMP01,New Year Reset,C00371,email,Start fresh with practical favorites.,2025-02-02,false,false
SEND000979,CMP03,Member Picks,C00919,email,Popular picks selected for you.,2025-06-22,false,false
SEND000980,CMP05,Back to Routine,C00241,email,Get back into your everyday rhythm.,2025-09-14,false,false
SEND000981,CMP07,Early Holiday,C00495,email,A head start on thoughtful gifting.,2025-11-11,true,false
SEND000982,CMP06,Autumn Edit,C00229,ads,Discover this season's useful upgrades.,2025-09-02,false,false
SEND000983,CMP01,New Year Reset,C00334,email,Start fresh with practical favorites.,2025-02-27,false,false
SEND000984,CMP03,Member Picks,C00488,email,Popular picks selected for you.,2025-06-03,false,false
SEND000985,CMP04,Summer Essentials,C00185,ads,Simple essentials for warmer days.,2025-07-28,false,false
SEND000986,CMP08,Holiday Highlights,C00370,ads,Explore customer favorites this holiday.,2025-12-17,true,false
SEND000987,CMP03,Member Picks,C00137,email,Popular picks selected for you.,2025-05-27,false,false
SEND000988,CMP08,Holiday Highlights,C00419,ads,Explore customer favorites this holiday.,2025-11-24,true,false
SEND000989,CMP08,Holiday Highlights,C00652,ads,Explore customer favorites this holiday.,2025-12-18,false,false
SEND000990,CMP05,Back to Routine,C00850,email,Get back into your everyday rhythm.,2025-09-29,false,false
SEND000991,CMP07,Early Holiday,C00715,email,A head start on thoughtful gifting.,2025-11-07,true,false
SEND000992,CMP08,Holiday Highlights,C00602,ads,Explore customer favorites this holiday.,2025-11-01,false,false
SEND000993,CMP03,Member Picks,C00255,email,Popular picks selected for you.,2025-06-04,false,false
SEND000994,CMP03,Member Picks,C00722,email,Popular picks selected for you.,2025-06-11,false,false
SEND000995,CMP06,Autumn Edit,C00821,ads,Discover this season's useful upgrades.,2025-09-29,false,false
SEND000996,CMP07,Early Holiday,C00812,email,A head start on thoughtful gifting.,2025-11-09,false,false
SEND000997,CMP03,Member Picks,C00393,email,Popular picks selected for you.,2025-06-30,true,false
SEND000998,CMP05,Back to Routine,C00804,email,Get back into your everyday rhythm.,2025-09-19,false,false
SEND000999,CMP07,Early Holiday,C00603,email,A head start on thoughtful gifting.,2025-11-04,true,false
SEND001000,CMP07,Early Holiday,C00966,email,A head start on thoughtful gifting.,2025-11-02,false,false
SEND001001,CMP05,Back to Routine,C00620,email,Get back into your everyday rhythm.,2025-08-22,false,false
SEND001002,CMP03,Member Picks,C00532,email,Popular picks selected for you.,2025-06-09,false,false
SEND001003,CMP07,Early Holiday,C00749,email,A head start on thoughtful gifting.,2025-11-01,false,false
SEND001004,CMP02,Spring Refresh,C00815,ads,Refresh your routine for spring.,2025-04-18,false,true
SEND001005,CMP06,Autumn Edit,C00386,ads,Discover this season's useful upgrades.,2025-10-12,false,false
SEND001006,CMP07,Early Holiday,C00036,email,A head start on thoughtful gifting.,2025-11-20,false,false
SEND001007,CMP01,New Year Reset,C00560,email,Start fresh with practical favorites.,2025-02-13,false,false
SEND001008,CMP07,Early Holiday,C00959,email,A head start on thoughtful gifting.,2025-11-25,true,true
SEND001009,CMP05,Back to Routine,C00102,email,Get back into your everyday rhythm.,2025-09-08,false,false
SEND001010,CMP07,Early Holiday,C00251,email,A head start on thoughtful gifting.,2025-11-17,false,false
SEND001011,CMP05,Back to Routine,C00294,email,Get back into your everyday rhythm.,2025-09-20,false,false
SEND001012,CMP04,Summer Essentials,C00116,ads,Simple essentials for warmer days.,2025-06-23,false,false
SEND001013,CMP07,Early Holiday,C00875,email,A head start on thoughtful gifting.,2025-11-07,false,false
SEND001014,CMP02,Spring Refresh,C00733,ads,Refresh your routine for spring.,2025-04-13,true,false
SEND001015,CMP04,Summer Essentials,C00305,ads,Simple essentials for warmer days.,2025-06-06,false,false
SEND001016,CMP07,Early Holiday,C00982,email,A head start on thoughtful gifting.,2025-11-17,false,false
SEND001017,CMP01,New Year Reset,C00778,email,Start fresh with practical favorites.,2025-01-05,false,false
SEND001018,CMP02,Spring Refresh,C00613,ads,Refresh your routine for spring.,2025-04-15,false,false
SEND001019,CMP06,Autumn Edit,C00396,ads,Discover this season's useful upgrades.,2025-10-10,false,false
SEND001020,CMP04,Summer Essentials,C00703,ads,Simple essentials for warmer days.,2025-06-14,false,false
SEND001021,CMP05,Back to Routine,C00018,email,Get back into your everyday rhythm.,2025-08-12,false,false
SEND001022,CMP02,Spring Refresh,C00558,ads,Refresh your routine for spring.,2025-04-25,false,true
SEND001023,CMP01,New Year Reset,C00224,email,Start fresh with practical favorites.,2025-02-24,false,false
SEND001024,CMP07,Early Holiday,C00898,email,A head start on thoughtful gifting.,2025-11-03,false,false
SEND001025,CMP01,New Year Reset,C00100,email,Start fresh with practical favorites.,2025-01-02,false,false
SEND001026,CMP06,Autumn Edit,C00186,ads,Discover this season's useful upgrades.,2025-09-05,false,false
SEND001027,CMP01,New Year Reset,C00668,email,Start fresh with practical favorites.,2025-01-05,false,true
SEND001028,CMP02,Spring Refresh,C00580,ads,Refresh your routine for spring.,2025-04-23,true,false
SEND001029,CMP07,Early Holiday,C00398,email,A head start on thoughtful gifting.,2025-11-03,false,false
SEND001030,CMP03,Member Picks,C00508,email,Popular picks selected for you.,2025-06-27,true,false
SEND001031,CMP01,New Year Reset,C00713,email,Start fresh with practical favorites.,2025-01-28,false,false
SEND001032,CMP04,Summer Essentials,C00360,ads,Simple essentials for warmer days.,2025-07-01,false,false
SEND001033,CMP07,Early Holiday,C00192,email,A head start on thoughtful gifting.,2025-11-05,true,false
SEND001034,CMP07,Early Holiday,C00279,email,A head start on thoughtful gifting.,2025-11-04,true,false
SEND001035,CMP06,Autumn Edit,C00830,ads,Discover this season's useful upgrades.,2025-09-07,false,false
SEND001036,CMP01,New Year Reset,C00208,email,Start fresh with practical favorites.,2025-02-25,false,false
SEND001037,CMP01,New Year Reset,C00301,email,Start fresh with practical favorites.,2025-01-31,false,false
SEND001038,CMP07,Early Holiday,C00697,email,A head start on thoughtful gifting.,2025-11-14,false,false
SEND001039,CMP06,Autumn Edit,C00231,ads,Discover this season's useful upgrades.,2025-10-01,false,false
SEND001040,CMP01,New Year Reset,C00517,email,Start fresh with practical favorites.,2025-02-14,false,false
SEND001041,CMP07,Early Holiday,C00699,email,A head start on thoughtful gifting.,2025-11-16,true,false
SEND001042,CMP02,Spring Refresh,C00664,ads,Refresh your routine for spring.,2025-03-18,true,true
SEND001043,CMP05,Back to Routine,C00592,email,Get back into your everyday rhythm.,2025-09-19,false,false
SEND001044,CMP05,Back to Routine,C00734,email,Get back into your everyday rhythm.,2025-08-25,false,false
SEND001045,CMP01,New Year Reset,C00109,email,Start fresh with practical favorites.,2025-01-09,true,false
SEND001046,CMP01,New Year Reset,C00615,email,Start fresh with practical favorites.,2025-01-26,false,false
SEND001047,CMP01,New Year Reset,C00358,email,Start fresh with practical favorites.,2025-01-30,true,false
SEND001048,CMP07,Early Holiday,C00166,email,A head start on thoughtful gifting.,2025-11-27,false,true
SEND001049,CMP02,Spring Refresh,C00411,ads,Refresh your routine for spring.,2025-04-26,false,false
SEND001050,CMP05,Back to Routine,C00528,email,Get back into your everyday rhythm.,2025-08-13,false,false
SEND001051,CMP08,Holiday Highlights,C00762,ads,Explore customer favorites this holiday.,2025-12-21,true,false
SEND001052,CMP08,Holiday Highlights,C00994,ads,Explore customer favorites this holiday.,2025-11-06,false,false
SEND001053,CMP05,Back to Routine,C00233,email,Get back into your everyday rhythm.,2025-09-01,false,false
SEND001054,CMP08,Holiday Highlights,C00740,ads,Explore customer favorites this holiday.,2025-11-08,false,false
SEND001055,CMP02,Spring Refresh,C00224,ads,Refresh your routine for spring.,2025-04-25,false,false
SEND001056,CMP01,New Year Reset,C00985,email,Start fresh with practical favorites.,2025-01-04,false,false
SEND001057,CMP06,Autumn Edit,C00597,ads,Discover this season's useful upgrades.,2025-09-20,false,false
SEND001058,CMP08,Holiday Highlights,C00139,ads,Explore customer favorites this holiday.,2025-12-15,false,false
SEND001059,CMP01,New Year Reset,C00977,email,Start fresh with practical favorites.,2025-02-06,true,false
SEND001060,CMP05,Back to Routine,C00120,email,Get back into your everyday rhythm.,2025-09-15,false,false
SEND001061,CMP01,New Year Reset,C00429,email,Start fresh with practical favorites.,2025-01-29,false,true
SEND001062,CMP06,Autumn Edit,C00178,ads,Discover this season's useful upgrades.,2025-09-11,false,false
SEND001063,CMP05,Back to Routine,C00193,email,Get back into your everyday rhythm.,2025-09-17,false,false
SEND001064,CMP06,Autumn Edit,C00930,ads,Discover this season's useful upgrades.,2025-09-20,false,true
SEND001065,CMP04,Summer Essentials,C00398,ads,Simple essentials for warmer days.,2025-07-28,false,false
SEND001066,CMP02,Spring Refresh,C00567,ads,Refresh your routine for spring.,2025-03-29,false,false
SEND001067,CMP02,Spring Refresh,C00416,ads,Refresh your routine for spring.,2025-03-02,false,false
SEND001068,CMP07,Early Holiday,C00821,email,A head start on thoughtful gifting.,2025-11-21,false,false
SEND001069,CMP07,Early Holiday,C00063,email,A head start on thoughtful gifting.,2025-11-10,false,false
SEND001070,CMP05,Back to Routine,C00386,email,Get back into your everyday rhythm.,2025-08-30,false,false
SEND001071,CMP05,Back to Routine,C00569,email,Get back into your everyday rhythm.,2025-09-28,false,false
SEND001072,CMP05,Back to Routine,C00907,email,Get back into your everyday rhythm.,2025-08-16,false,false
SEND001073,CMP08,Holiday Highlights,C00365,ads,Explore customer favorites this holiday.,2025-12-27,false,false
SEND001074,CMP01,New Year Reset,C00123,email,Start fresh with practical favorites.,2025-01-10,false,false
SEND001075,CMP03,Member Picks,C00245,email,Popular picks selected for you.,2025-05-21,false,false
SEND001076,CMP07,Early Holiday,C00689,email,A head start on thoughtful gifting.,2025-11-11,true,true
SEND001077,CMP01,New Year Reset,C00860,email,Start fresh with practical favorites.,2025-02-19,false,false
SEND001078,CMP01,New Year Reset,C00903,email,Start fresh with practical favorites.,2025-02-24,false,false
SEND001079,CMP01,New Year Reset,C00911,email,Start fresh with practical favorites.,2025-02-16,false,false
SEND001080,CMP05,Back to Routine,C00540,email,Get back into your everyday rhythm.,2025-08-02,false,false
SEND001081,CMP03,Member Picks,C00607,email,Popular picks selected for you.,2025-06-14,true,true
SEND001082,CMP06,Autumn Edit,C00018,ads,Discover this season's useful upgrades.,2025-09-01,false,true
SEND001083,CMP08,Holiday Highlights,C00363,ads,Explore customer favorites this holiday.,2025-11-19,false,false
SEND001084,CMP07,Early Holiday,C00026,email,A head start on thoughtful gifting.,2025-11-19,false,false
SEND001085,CMP07,Early Holiday,C00466,email,A head start on thoughtful gifting.,2025-11-16,false,false
SEND001086,CMP06,Autumn Edit,C00948,ads,Discover this season's useful upgrades.,2025-10-18,false,false
SEND001087,CMP08,Holiday Highlights,C00937,ads,Explore customer favorites this holiday.,2025-12-10,false,false
SEND001088,CMP08,Holiday Highlights,C00734,ads,Explore customer favorites this holiday.,2025-11-14,false,false
SEND001089,CMP02,Spring Refresh,C00196,ads,Refresh your routine for spring.,2025-04-06,true,false
SEND001090,CMP02,Spring Refresh,C00700,ads,Refresh your routine for spring.,2025-04-29,true,false
SEND001091,CMP08,Holiday Highlights,C00915,ads,Explore customer favorites this holiday.,2025-11-26,false,false
SEND001092,CMP08,Holiday Highlights,C00520,ads,Explore customer favorites this holiday.,2025-11-25,false,false
SEND001093,CMP06,Autumn Edit,C00035,ads,Discover this season's useful upgrades.,2025-10-22,true,false
SEND001094,CMP05,Back to Routine,C00164,email,Get back into your everyday rhythm.,2025-08-12,false,false
SEND001095,CMP04,Summer Essentials,C00678,ads,Simple essentials for warmer days.,2025-07-30,true,true
SEND001096,CMP04,Summer Essentials,C00270,ads,Simple essentials for warmer days.,2025-07-07,false,false
SEND001097,CMP07,Early Holiday,C00825,email,A head start on thoughtful gifting.,2025-11-24,false,false
SEND001098,CMP08,Holiday Highlights,C00294,ads,Explore customer favorites this holiday.,2025-11-25,false,false
SEND001099,CMP08,Holiday Highlights,C00552,ads,Explore customer favorites this holiday.,2025-12-27,false,false
SEND001100,CMP06,Autumn Edit,C00845,ads,Discover this season's useful upgrades.,2025-10-30,false,false
SEND001101,CMP04,Summer Essentials,C00960,ads,Simple essentials for warmer days.,2025-06-09,false,false
SEND001102,CMP07,Early Holiday,C00181,email,A head start on thoughtful gifting.,2025-11-13,false,false
SEND001103,CMP05,Back to Routine,C00663,email,Get back into your everyday rhythm.,2025-08-15,true,false
SEND001104,CMP02,Spring Refresh,C00486,ads,Refresh your routine for spring.,2025-03-26,false,false
SEND001105,CMP05,Back to Routine,C00912,email,Get back into your everyday rhythm.,2025-09-27,false,false
SEND001106,CMP05,Back to Routine,C00133,email,Get back into your everyday rhythm.,2025-08-19,false,false
SEND001107,CMP07,Early Holiday,C00175,email,A head start on thoughtful gifting.,2025-11-03,false,false
SEND001108,CMP08,Holiday Highlights,C00832,ads,Explore customer favorites this holiday.,2025-11-14,false,false
SEND001109,CMP02,Spring Refresh,C00200,ads,Refresh your routine for spring.,2025-04-03,false,false
SEND001110,CMP04,Summer Essentials,C00756,ads,Simple essentials for warmer days.,2025-08-06,true,false
SEND001111,CMP04,Summer Essentials,C00004,ads,Simple essentials for warmer days.,2025-07-06,false,false
SEND001112,CMP03,Member Picks,C00262,email,Popular picks selected for you.,2025-06-16,false,false
SEND001113,CMP04,Summer Essentials,C00099,ads,Simple essentials for warmer days.,2025-06-30,false,false
SEND001114,CMP08,Holiday Highlights,C00651,ads,Explore customer favorites this holiday.,2025-12-22,false,false
SEND001115,CMP04,Summer Essentials,C00920,ads,Simple essentials for warmer days.,2025-08-24,false,false
SEND001116,CMP03,Member Picks,C00955,email,Popular picks selected for you.,2025-05-06,false,false
SEND001117,CMP05,Back to Routine,C00251,email,Get back into your everyday rhythm.,2025-08-05,false,false
SEND001118,CMP08,Holiday Highlights,C00159,ads,Explore customer favorites this holiday.,2025-11-20,true,false
SEND001119,CMP05,Back to Routine,C00703,email,Get back into your everyday rhythm.,2025-09-03,true,false
SEND001120,CMP07,Early Holiday,C00091,email,A head start on thoughtful gifting.,2025-11-16,false,false
SEND001121,CMP04,Summer Essentials,C00625,ads,Simple essentials for warmer days.,2025-08-17,false,false
SEND001122,CMP01,New Year Reset,C00775,email,Start fresh with practical favorites.,2025-02-19,false,false
SEND001123,CMP02,Spring Refresh,C00459,ads,Refresh your routine for spring.,2025-03-18,false,false
SEND001124,CMP07,Early Holiday,C00793,email,A head start on thoughtful gifting.,2025-11-19,false,false
SEND001125,CMP08,Holiday Highlights,C00044,ads,Explore customer favorites this holiday.,2025-11-11,false,false
SEND001126,CMP06,Autumn Edit,C00088,ads,Discover this season's useful upgrades.,2025-09-28,false,false
SEND001127,CMP01,New Year Reset,C00237,email,Start fresh with practical favorites.,2025-02-22,false,false
SEND001128,CMP07,Early Holiday,C00287,email,A head start on thoughtful gifting.,2025-11-16,true,true
SEND001129,CMP01,New Year Reset,C00155,email,Start fresh with practical favorites.,2025-01-17,true,false
SEND001130,CMP04,Summer Essentials,C00039,ads,Simple essentials for warmer days.,2025-07-24,false,false
SEND001131,CMP04,Summer Essentials,C00191,ads,Simple essentials for warmer days.,2025-07-28,false,false
SEND001132,CMP04,Summer Essentials,C00949,ads,Simple essentials for warmer days.,2025-06-17,false,false
SEND001133,CMP04,Summer Essentials,C00998,ads,Simple essentials for warmer days.,2025-08-18,false,false
SEND001134,CMP01,New Year Reset,C00418,email,Start fresh with practical favorites.,2025-01-28,false,false
SEND001135,CMP05,Back to Routine,C00562,email,Get back into your everyday rhythm.,2025-09-11,false,false
SEND001136,CMP04,Summer Essentials,C00692,ads,Simple essentials for warmer days.,2025-07-31,false,false
SEND001137,CMP05,Back to Routine,C00882,email,Get back into your everyday rhythm.,2025-08-23,false,false
SEND001138,CMP06,Autumn Edit,C00538,ads,Discover this season's useful upgrades.,2025-10-07,false,false
SEND001139,CMP02,Spring Refresh,C00424,ads,Refresh your routine for spring.,2025-04-04,false,false
SEND001140,CMP05,Back to Routine,C00451,email,Get back into your everyday rhythm.,2025-08-20,false,false
SEND001141,CMP07,Early Holiday,C00908,email,A head start on thoughtful gifting.,2025-11-02,false,false
SEND001142,CMP07,Early Holiday,C00853,email,A head start on thoughtful gifting.,2025-11-16,false,false
SEND001143,CMP06,Autumn Edit,C00178,ads,Discover this season's useful upgrades.,2025-10-21,false,false
SEND001144,CMP02,Spring Refresh,C00778,ads,Refresh your routine for spring.,2025-04-16,false,false
SEND001145,CMP05,Back to Routine,C00166,email,Get back into your everyday rhythm.,2025-08-01,false,false
SEND001146,CMP05,Back to Routine,C00032,email,Get back into your everyday rhythm.,2025-08-14,true,false
SEND001147,CMP01,New Year Reset,C00842,email,Start fresh with practical favorites.,2025-02-02,false,true
SEND001148,CMP02,Spring Refresh,C00424,ads,Refresh your routine for spring.,2025-04-09,false,false
SEND001149,CMP04,Summer Essentials,C00869,ads,Simple essentials for warmer days.,2025-08-19,false,false
SEND001150,CMP03,Member Picks,C00034,email,Popular picks selected for you.,2025-06-13,false,false
SEND001151,CMP02,Spring Refresh,C00044,ads,Refresh your routine for spring.,2025-04-26,false,false
SEND001152,CMP07,Early Holiday,C00309,email,A head start on thoughtful gifting.,2025-11-07,false,false
SEND001153,CMP08,Holiday Highlights,C00683,ads,Explore customer favorites this holiday.,2025-12-13,true,true
SEND001154,CMP06,Autumn Edit,C00911,ads,Discover this season's useful upgrades.,2025-09-21,false,false
SEND001155,CMP02,Spring Refresh,C00291,ads,Refresh your routine for spring.,2025-03-04,true,false
SEND001156,CMP02,Spring Refresh,C00389,ads,Refresh your routine for spring.,2025-03-27,false,false
SEND001157,CMP02,Spring Refresh,C00199,ads,Refresh your routine for spring.,2025-03-29,true,false
SEND001158,CMP06,Autumn Edit,C00711,ads,Discover this season's useful upgrades.,2025-09-25,false,false
SEND001159,CMP04,Summer Essentials,C00219,ads,Simple essentials for warmer days.,2025-08-28,false,false
SEND001160,CMP08,Holiday Highlights,C00337,ads,Explore customer favorites this holiday.,2025-11-22,false,true
SEND001161,CMP04,Summer Essentials,C00570,ads,Simple essentials for warmer days.,2025-07-05,false,false
SEND001162,CMP03,Member Picks,C00892,email,Popular picks selected for you.,2025-06-22,false,false
SEND001163,CMP07,Early Holiday,C00410,email,A head start on thoughtful gifting.,2025-11-24,false,false
SEND001164,CMP02,Spring Refresh,C00702,ads,Refresh your routine for spring.,2025-04-02,false,false
SEND001165,CMP01,New Year Reset,C00297,email,Start fresh with practical favorites.,2025-01-13,false,false
SEND001166,CMP02,Spring Refresh,C00342,ads,Refresh your routine for spring.,2025-03-09,false,false
SEND001167,CMP08,Holiday Highlights,C00888,ads,Explore customer favorites this holiday.,2025-12-10,false,false
SEND001168,CMP01,New Year Reset,C00214,email,Start fresh with practical favorites.,2025-02-08,false,false
SEND001169,CMP03,Member Picks,C00703,email,Popular picks selected for you.,2025-05-06,false,false
SEND001170,CMP08,Holiday Highlights,C00852,ads,Explore customer favorites this holiday.,2025-12-09,true,false
SEND001171,CMP07,Early Holiday,C00411,email,A head start on thoughtful gifting.,2025-11-26,false,false
SEND001172,CMP07,Early Holiday,C00059,email,A head start on thoughtful gifting.,2025-11-21,false,false
SEND001173,CMP08,Holiday Highlights,C00203,ads,Explore customer favorites this holiday.,2025-12-15,false,false
SEND001174,CMP02,Spring Refresh,C00292,ads,Refresh your routine for spring.,2025-03-16,false,false
SEND001175,CMP06,Autumn Edit,C00621,ads,Discover this season's useful upgrades.,2025-10-22,false,false
SEND001176,CMP03,Member Picks,C00976,email,Popular picks selected for you.,2025-05-18,false,false
SEND001177,CMP08,Holiday Highlights,C00432,ads,Explore customer favorites this holiday.,2025-11-21,false,false
SEND001178,CMP05,Back to Routine,C00031,email,Get back into your everyday rhythm.,2025-08-22,true,false
SEND001179,CMP05,Back to Routine,C00905,email,Get back into your everyday rhythm.,2025-09-27,false,false
SEND001180,CMP08,Holiday Highlights,C00861,ads,Explore customer favorites this holiday.,2025-11-26,false,false
SEND001181,CMP05,Back to Routine,C00499,email,Get back into your everyday rhythm.,2025-09-19,false,false
SEND001182,CMP01,New Year Reset,C00401,email,Start fresh with practical favorites.,2025-02-03,false,false
SEND001183,CMP05,Back to Routine,C00978,email,Get back into your everyday rhythm.,2025-08-08,false,false
SEND001184,CMP05,Back to Routine,C00921,email,Get back into your everyday rhythm.,2025-09-09,false,false
SEND001185,CMP08,Holiday Highlights,C00191,ads,Explore customer favorites this holiday.,2025-11-04,false,false
SEND001186,CMP07,Early Holiday,C00492,email,A head start on thoughtful gifting.,2025-11-03,false,false
SEND001187,CMP08,Holiday Highlights,C00563,ads,Explore customer favorites this holiday.,2025-11-18,false,false
SEND001188,CMP02,Spring Refresh,C00252,ads,Refresh your routine for spring.,2025-04-29,false,false
SEND001189,CMP01,New Year Reset,C00573,email,Start fresh with practical favorites.,2025-01-15,false,false
SEND001190,CMP01,New Year Reset,C00693,email,Start fresh with practical favorites.,2025-02-05,false,false
SEND001191,CMP08,Holiday Highlights,C00913,ads,Explore customer favorites this holiday.,2025-11-23,false,false
SEND001192,CMP03,Member Picks,C00859,email,Popular picks selected for you.,2025-05-21,false,false
SEND001193,CMP05,Back to Routine,C00490,email,Get back into your everyday rhythm.,2025-09-19,false,false
SEND001194,CMP08,Holiday Highlights,C00491,ads,Explore customer favorites this holiday.,2025-11-05,false,false
SEND001195,CMP07,Early Holiday,C00784,email,A head start on thoughtful gifting.,2025-11-03,false,false
SEND001196,CMP02,Spring Refresh,C00213,ads,Refresh your routine for spring.,2025-03-16,false,false
SEND001197,CMP07,Early Holiday,C00311,email,A head start on thoughtful gifting.,2025-11-10,false,false
SEND001198,CMP08,Holiday Highlights,C00284,ads,Explore customer favorites this holiday.,2025-11-29,false,false
SEND001199,CMP04,Summer Essentials,C00979,ads,Simple essentials for warmer days.,2025-07-03,false,false
SEND001200,CMP08,Holiday Highlights,C00669,ads,Explore customer favorites this holiday.,2025-11-25,false,false
SEND001201,CMP03,Member Picks,C00718,email,Popular picks selected for you.,2025-06-25,false,false
SEND001202,CMP01,New Year Reset,C00546,email,Start fresh with practical favorites.,2025-02-28,false,true
SEND001203,CMP07,Early Holiday,C00253,email,A head start on thoughtful gifting.,2025-11-11,false,false
SEND001204,CMP01,New Year Reset,C00429,email,Start fresh with practical favorites.,2025-01-03,false,false
SEND001205,CMP06,Autumn Edit,C00805,ads,Discover this season's useful upgrades.,2025-09-09,true,false
SEND001206,CMP06,Autumn Edit,C00951,ads,Discover this season's useful upgrades.,2025-10-11,false,false
SEND001207,CMP07,Early Holiday,C00474,email,A head start on thoughtful gifting.,2025-11-17,false,false
SEND001208,CMP04,Summer Essentials,C00460,ads,Simple essentials for warmer days.,2025-07-01,false,false
SEND001209,CMP03,Member Picks,C00319,email,Popular picks selected for you.,2025-05-02,false,false
SEND001210,CMP07,Early Holiday,C00987,email,A head start on thoughtful gifting.,2025-11-03,false,false
SEND001211,CMP06,Autumn Edit,C00590,ads,Discover this season's useful upgrades.,2025-09-04,false,false
SEND001212,CMP02,Spring Refresh,C00315,ads,Refresh your routine for spring.,2025-04-10,false,false
SEND001213,CMP07,Early Holiday,C00185,email,A head start on thoughtful gifting.,2025-11-12,false,false
SEND001214,CMP06,Autumn Edit,C00718,ads,Discover this season's useful upgrades.,2025-09-19,true,false
SEND001215,CMP05,Back to Routine,C00226,email,Get back into your everyday rhythm.,2025-09-17,false,false
SEND001216,CMP01,New Year Reset,C00692,email,Start fresh with practical favorites.,2025-01-05,false,false
SEND001217,CMP02,Spring Refresh,C00723,ads,Refresh your routine for spring.,2025-04-27,false,false
SEND001218,CMP05,Back to Routine,C00898,email,Get back into your everyday rhythm.,2025-09-22,false,false
SEND001219,CMP07,Early Holiday,C00850,email,A head start on thoughtful gifting.,2025-11-26,true,false
SEND001220,CMP04,Summer Essentials,C00856,ads,Simple essentials for warmer days.,2025-08-04,false,false
SEND001221,CMP05,Back to Routine,C00251,email,Get back into your everyday rhythm.,2025-09-19,false,false
SEND001222,CMP06,Autumn Edit,C00753,ads,Discover this season's useful upgrades.,2025-09-02,false,false
SEND001223,CMP01,New Year Reset,C00267,email,Start fresh with practical favorites.,2025-02-18,false,false
SEND001224,CMP02,Spring Refresh,C00360,ads,Refresh your routine for spring.,2025-03-09,false,false
SEND001225,CMP02,Spring Refresh,C00112,ads,Refresh your routine for spring.,2025-04-09,false,false
SEND001226,CMP08,Holiday Highlights,C00655,ads,Explore customer favorites this holiday.,2025-11-10,false,false
SEND001227,CMP07,Early Holiday,C00280,email,A head start on thoughtful gifting.,2025-11-10,false,false
SEND001228,CMP03,Member Picks,C00854,email,Popular picks selected for you.,2025-06-05,false,false
SEND001229,CMP04,Summer Essentials,C00169,ads,Simple essentials for warmer days.,2025-06-14,false,false
SEND001230,CMP04,Summer Essentials,C00509,ads,Simple essentials for warmer days.,2025-06-02,false,true
SEND001231,CMP04,Summer Essentials,C00039,ads,Simple essentials for warmer days.,2025-07-05,false,false
SEND001232,CMP03,Member Picks,C00638,email,Popular picks selected for you.,2025-06-26,true,false
SEND001233,CMP06,Autumn Edit,C00727,ads,Discover this season's useful upgrades.,2025-10-16,false,false
SEND001234,CMP05,Back to Routine,C00910,email,Get back into your everyday rhythm.,2025-09-08,false,false
SEND001235,CMP04,Summer Essentials,C00560,ads,Simple essentials for warmer days.,2025-06-30,false,false
SEND001236,CMP06,Autumn Edit,C00031,ads,Discover this season's useful upgrades.,2025-09-06,false,false
SEND001237,CMP03,Member Picks,C00451,email,Popular picks selected for you.,2025-06-20,false,false
SEND001238,CMP08,Holiday Highlights,C00349,ads,Explore customer favorites this holiday.,2025-11-12,false,false
SEND001239,CMP01,New Year Reset,C00204,email,Start fresh with practical favorites.,2025-02-13,false,false
SEND001240,CMP05,Back to Routine,C00647,email,Get back into your everyday rhythm.,2025-08-26,false,false
SEND001241,CMP05,Back to Routine,C00772,email,Get back into your everyday rhythm.,2025-08-22,false,false
SEND001242,CMP08,Holiday Highlights,C00656,ads,Explore customer favorites this holiday.,2025-11-01,false,false
SEND001243,CMP08,Holiday Highlights,C00827,ads,Explore customer favorites this holiday.,2025-11-23,false,false
SEND001244,CMP01,New Year Reset,C00892,email,Start fresh with practical favorites.,2025-02-12,false,false
SEND001245,CMP01,New Year Reset,C00130,email,Start fresh with practical favorites.,2025-01-17,false,false
SEND001246,CMP04,Summer Essentials,C00295,ads,Simple essentials for warmer days.,2025-08-14,false,false
SEND001247,CMP08,Holiday Highlights,C00492,ads,Explore customer favorites this holiday.,2025-11-13,true,false
SEND001248,CMP05,Back to Routine,C00845,email,Get back into your everyday rhythm.,2025-08-01,false,false
SEND001249,CMP01,New Year Reset,C00931,email,Start fresh with practical favorites.,2025-01-08,true,false
SEND001250,CMP03,Member Picks,C00932,email,Popular picks selected for you.,2025-06-09,false,false
SEND001251,CMP05,Back to Routine,C00646,email,Get back into your everyday rhythm.,2025-09-29,false,false
SEND001252,CMP07,Early Holiday,C00402,email,A head start on thoughtful gifting.,2025-11-22,false,false
SEND001253,CMP04,Summer Essentials,C00587,ads,Simple essentials for warmer days.,2025-07-15,false,false
SEND001254,CMP01,New Year Reset,C00725,email,Start fresh with practical favorites.,2025-02-04,false,false
SEND001255,CMP01,New Year Reset,C00198,email,Start fresh with practical favorites.,2025-02-11,false,false
SEND001256,CMP03,Member Picks,C00227,email,Popular picks selected for you.,2025-05-06,false,false
SEND001257,CMP08,Holiday Highlights,C00978,ads,Explore customer favorites this holiday.,2025-11-19,false,false
SEND001258,CMP04,Summer Essentials,C00275,ads,Simple essentials for warmer days.,2025-06-05,true,false
SEND001259,CMP04,Summer Essentials,C00680,ads,Simple essentials for warmer days.,2025-06-13,false,false
SEND001260,CMP05,Back to Routine,C00392,email,Get back into your everyday rhythm.,2025-08-18,true,false
SEND001261,CMP08,Holiday Highlights,C00441,ads,Explore customer favorites this holiday.,2025-12-12,false,false
SEND001262,CMP02,Spring Refresh,C00169,ads,Refresh your routine for spring.,2025-03-17,false,false
SEND001263,CMP01,New Year Reset,C00623,email,Start fresh with practical favorites.,2025-02-02,false,false
SEND001264,CMP01,New Year Reset,C00738,email,Start fresh with practical favorites.,2025-02-16,true,false
SEND001265,CMP05,Back to Routine,C00401,email,Get back into your everyday rhythm.,2025-08-30,false,false
SEND001266,CMP08,Holiday Highlights,C00380,ads,Explore customer favorites this holiday.,2025-12-19,false,false
SEND001267,CMP07,Early Holiday,C00231,email,A head start on thoughtful gifting.,2025-11-21,false,false
SEND001268,CMP05,Back to Routine,C00944,email,Get back into your everyday rhythm.,2025-09-19,false,false
SEND001269,CMP04,Summer Essentials,C00838,ads,Simple essentials for warmer days.,2025-08-01,false,false
SEND001270,CMP01,New Year Reset,C00223,email,Start fresh with practical favorites.,2025-02-04,false,false
SEND001271,CMP01,New Year Reset,C00218,email,Start fresh with practical favorites.,2025-01-17,false,false
SEND001272,CMP01,New Year Reset,C00034,email,Start fresh with practical favorites.,2025-01-02,false,false
SEND001273,CMP06,Autumn Edit,C00458,ads,Discover this season's useful upgrades.,2025-09-13,false,false
SEND001274,CMP02,Spring Refresh,C00729,ads,Refresh your routine for spring.,2025-04-30,false,false
SEND001275,CMP03,Member Picks,C00875,email,Popular picks selected for you.,2025-06-22,false,false
SEND001276,CMP03,Member Picks,C00520,email,Popular picks selected for you.,2025-05-06,false,false
SEND001277,CMP04,Summer Essentials,C00702,ads,Simple essentials for warmer days.,2025-06-04,false,false
SEND001278,CMP01,New Year Reset,C00265,email,Start fresh with practical favorites.,2025-02-04,false,false
SEND001279,CMP03,Member Picks,C00110,email,Popular picks selected for you.,2025-06-19,true,false
SEND001280,CMP07,Early Holiday,C00062,email,A head start on thoughtful gifting.,2025-11-11,false,false
SEND001281,CMP03,Member Picks,C00103,email,Popular picks selected for you.,2025-05-29,false,false
SEND001282,CMP02,Spring Refresh,C00922,ads,Refresh your routine for spring.,2025-04-24,false,false
SEND001283,CMP06,Autumn Edit,C00239,ads,Discover this season's useful upgrades.,2025-09-09,false,false
SEND001284,CMP08,Holiday Highlights,C00670,ads,Explore customer favorites this holiday.,2025-11-08,false,false
SEND001285,CMP07,Early Holiday,C00421,email,A head start on thoughtful gifting.,2025-11-09,false,false
SEND001286,CMP04,Summer Essentials,C00908,ads,Simple essentials for warmer days.,2025-07-15,false,false
SEND001287,CMP08,Holiday Highlights,C00197,ads,Explore customer favorites this holiday.,2025-11-19,false,false
SEND001288,CMP08,Holiday Highlights,C00389,ads,Explore customer favorites this holiday.,2025-12-16,false,false
SEND001289,CMP07,Early Holiday,C00091,email,A head start on thoughtful gifting.,2025-11-21,true,false
SEND001290,CMP04,Summer Essentials,C00667,ads,Simple essentials for warmer days.,2025-08-24,false,false
SEND001291,CMP06,Autumn Edit,C00018,ads,Discover this season's useful upgrades.,2025-10-16,true,false
SEND001292,CMP06,Autumn Edit,C00079,ads,Discover this season's useful upgrades.,2025-10-12,false,false
SEND001293,CMP04,Summer Essentials,C00684,ads,Simple essentials for warmer days.,2025-06-19,false,false
SEND001294,CMP07,Early Holiday,C00345,email,A head start on thoughtful gifting.,2025-11-03,false,false
SEND001295,CMP06,Autumn Edit,C00723,ads,Discover this season's useful upgrades.,2025-10-14,false,false
SEND001296,CMP05,Back to Routine,C00793,email,Get back into your everyday rhythm.,2025-08-06,false,false
SEND001297,CMP01,New Year Reset,C00700,email,Start fresh with practical favorites.,2025-01-28,false,false
SEND001298,CMP07,Early Holiday,C00713,email,A head start on thoughtful gifting.,2025-11-13,false,true
SEND001299,CMP01,New Year Reset,C00953,email,Start fresh with practical favorites.,2025-01-23,false,false
SEND001300,CMP04,Summer Essentials,C00281,ads,Simple essentials for warmer days.,2025-07-23,false,false
SEND001301,CMP08,Holiday Highlights,C00535,ads,Explore customer favorites this holiday.,2025-11-29,false,false
SEND001302,CMP03,Member Picks,C00499,email,Popular picks selected for you.,2025-05-19,false,false
SEND001303,CMP02,Spring Refresh,C00148,ads,Refresh your routine for spring.,2025-04-21,false,false
SEND001304,CMP08,Holiday Highlights,C00293,ads,Explore customer favorites this holiday.,2025-11-20,false,false
SEND001305,CMP05,Back to Routine,C00747,email,Get back into your everyday rhythm.,2025-09-03,false,false
SEND001306,CMP06,Autumn Edit,C00869,ads,Discover this season's useful upgrades.,2025-09-07,false,false
SEND001307,CMP06,Autumn Edit,C00320,ads,Discover this season's useful upgrades.,2025-09-17,false,false
SEND001308,CMP04,Summer Essentials,C00211,ads,Simple essentials for warmer days.,2025-06-14,false,false
SEND001309,CMP08,Holiday Highlights,C00787,ads,Explore customer favorites this holiday.,2025-11-26,false,false
SEND001310,CMP08,Holiday Highlights,C00638,ads,Explore customer favorites this holiday.,2025-12-26,false,false
SEND001311,CMP03,Member Picks,C00733,email,Popular picks selected for you.,2025-06-24,false,false
SEND001312,CMP06,Autumn Edit,C00818,ads,Discover this season's useful upgrades.,2025-10-31,false,false
SEND001313,CMP08,Holiday Highlights,C00074,ads,Explore customer favorites this holiday.,2025-11-07,false,false
SEND001314,CMP05,Back to Routine,C00336,email,Get back into your everyday rhythm.,2025-09-11,false,true
SEND001315,CMP06,Autumn Edit,C00024,ads,Discover this season's useful upgrades.,2025-10-22,false,false
SEND001316,CMP08,Holiday Highlights,C00045,ads,Explore customer favorites this holiday.,2025-11-27,false,false
SEND001317,CMP04,Summer Essentials,C00559,ads,Simple essentials for warmer days.,2025-06-16,false,false
SEND001318,CMP06,Autumn Edit,C00202,ads,Discover this season's useful upgrades.,2025-10-09,false,false
SEND001319,CMP05,Back to Routine,C00943,email,Get back into your everyday rhythm.,2025-08-24,false,false
SEND001320,CMP07,Early Holiday,C00122,email,A head start on thoughtful gifting.,2025-11-28,false,false
SEND001321,CMP08,Holiday Highlights,C00111,ads,Explore customer favorites this holiday.,2025-11-28,false,false
SEND001322,CMP02,Spring Refresh,C00102,ads,Refresh your routine for spring.,2025-04-11,false,false
SEND001323,CMP08,Holiday Highlights,C00690,ads,Explore customer favorites this holiday.,2025-12-26,false,false
SEND001324,CMP04,Summer Essentials,C00174,ads,Simple essentials for warmer days.,2025-07-11,false,false
SEND001325,CMP02,Spring Refresh,C00691,ads,Refresh your routine for spring.,2025-03-09,true,false
SEND001326,CMP02,Spring Refresh,C00715,ads,Refresh your routine for spring.,2025-04-28,false,false
SEND001327,CMP01,New Year Reset,C00854,email,Start fresh with practical favorites.,2025-02-23,false,false
SEND001328,CMP05,Back to Routine,C00932,email,Get back into your everyday rhythm.,2025-08-01,true,false
SEND001329,CMP03,Member Picks,C00995,email,Popular picks selected for you.,2025-05-11,true,false
SEND001330,CMP07,Early Holiday,C00620,email,A head start on thoughtful gifting.,2025-11-11,false,false
SEND001331,CMP07,Early Holiday,C00476,email,A head start on thoughtful gifting.,2025-11-09,false,false
SEND001332,CMP03,Member Picks,C00990,email,Popular picks selected for you.,2025-06-03,false,false
SEND001333,CMP03,Member Picks,C00430,email,Popular picks selected for you.,2025-05-27,true,false
SEND001334,CMP02,Spring Refresh,C00027,ads,Refresh your routine for spring.,2025-04-25,false,false
SEND001335,CMP01,New Year Reset,C00001,email,Start fresh with practical favorites.,2025-01-22,false,false
SEND001336,CMP08,Holiday Highlights,C00887,ads,Explore customer favorites this holiday.,2025-12-11,false,false
SEND001337,CMP04,Summer Essentials,C00931,ads,Simple essentials for warmer days.,2025-06-02,true,true
SEND001338,CMP07,Early Holiday,C00782,email,A head start on thoughtful gifting.,2025-11-19,false,false
SEND001339,CMP07,Early Holiday,C00479,email,A head start on thoughtful gifting.,2025-11-21,true,false
SEND001340,CMP02,Spring Refresh,C00714,ads,Refresh your routine for spring.,2025-04-07,true,false
SEND001341,CMP03,Member Picks,C00917,email,Popular picks selected for you.,2025-05-30,false,false
SEND001342,CMP05,Back to Routine,C00609,email,Get back into your everyday rhythm.,2025-09-24,false,false
SEND001343,CMP04,Summer Essentials,C00551,ads,Simple essentials for warmer days.,2025-07-10,false,false
SEND001344,CMP08,Holiday Highlights,C00790,ads,Explore customer favorites this holiday.,2025-12-12,false,false
SEND001345,CMP03,Member Picks,C00625,email,Popular picks selected for you.,2025-06-19,false,false
SEND001346,CMP06,Autumn Edit,C00538,ads,Discover this season's useful upgrades.,2025-09-30,false,false
SEND001347,CMP04,Summer Essentials,C00410,ads,Simple essentials for warmer days.,2025-08-22,false,false
SEND001348,CMP01,New Year Reset,C00615,email,Start fresh with practical favorites.,2025-01-23,false,false
SEND001349,CMP03,Member Picks,C00715,email,Popular picks selected for you.,2025-06-07,false,false
SEND001350,CMP05,Back to Routine,C00059,email,Get back into your everyday rhythm.,2025-08-05,false,false
SEND001351,CMP03,Member Picks,C00044,email,Popular picks selected for you.,2025-05-30,false,false
SEND001352,CMP05,Back to Routine,C00099,email,Get back into your everyday rhythm.,2025-08-22,false,false
SEND001353,CMP02,Spring Refresh,C00976,ads,Refresh your routine for spring.,2025-03-31,false,false
SEND001354,CMP08,Holiday Highlights,C00549,ads,Explore customer favorites this holiday.,2025-11-18,true,false
SEND001355,CMP03,Member Picks,C00431,email,Popular picks selected for you.,2025-06-05,false,false
SEND001356,CMP01,New Year Reset,C00861,email,Start fresh with practical favorites.,2025-02-26,false,false
SEND001357,CMP01,New Year Reset,C00654,email,Start fresh with practical favorites.,2025-01-23,true,false
SEND001358,CMP04,Summer Essentials,C00885,ads,Simple essentials for warmer days.,2025-08-24,false,false
SEND001359,CMP03,Member Picks,C00930,email,Popular picks selected for you.,2025-05-22,false,false
SEND001360,CMP07,Early Holiday,C00652,email,A head start on thoughtful gifting.,2025-11-17,false,false
SEND001361,CMP01,New Year Reset,C00747,email,Start fresh with practical favorites.,2025-01-01,false,false
SEND001362,CMP07,Early Holiday,C00217,email,A head start on thoughtful gifting.,2025-11-28,false,false
SEND001363,CMP05,Back to Routine,C00700,email,Get back into your everyday rhythm.,2025-09-20,true,false
SEND001364,CMP01,New Year Reset,C00119,email,Start fresh with practical favorites.,2025-01-26,false,false
SEND001365,CMP07,Early Holiday,C00800,email,A head start on thoughtful gifting.,2025-11-02,false,false
SEND001366,CMP03,Member Picks,C00920,email,Popular picks selected for you.,2025-06-23,false,false
SEND001367,CMP01,New Year Reset,C00976,email,Start fresh with practical favorites.,2025-02-13,false,false
SEND001368,CMP02,Spring Refresh,C00031,ads,Refresh your routine for spring.,2025-04-24,true,false
SEND001369,CMP05,Back to Routine,C00256,email,Get back into your everyday rhythm.,2025-09-11,false,false
SEND001370,CMP05,Back to Routine,C00840,email,Get back into your everyday rhythm.,2025-09-26,true,false
SEND001371,CMP08,Holiday Highlights,C00324,ads,Explore customer favorites this holiday.,2025-12-27,false,false
SEND001372,CMP03,Member Picks,C00569,email,Popular picks selected for you.,2025-06-29,false,false
SEND001373,CMP06,Autumn Edit,C00746,ads,Discover this season's useful upgrades.,2025-09-23,false,false
SEND001374,CMP06,Autumn Edit,C00898,ads,Discover this season's useful upgrades.,2025-09-02,false,false
SEND001375,CMP08,Holiday Highlights,C00513,ads,Explore customer favorites this holiday.,2025-12-04,false,false
SEND001376,CMP04,Summer Essentials,C00115,ads,Simple essentials for warmer days.,2025-06-06,false,false
SEND001377,CMP06,Autumn Edit,C00272,ads,Discover this season's useful upgrades.,2025-10-25,false,false
SEND001378,CMP05,Back to Routine,C00600,email,Get back into your everyday rhythm.,2025-09-10,false,true
SEND001379,CMP02,Spring Refresh,C00838,ads,Refresh your routine for spring.,2025-04-14,false,false
SEND001380,CMP04,Summer Essentials,C00218,ads,Simple essentials for warmer days.,2025-08-01,false,false
SEND001381,CMP02,Spring Refresh,C00068,ads,Refresh your routine for spring.,2025-04-07,true,false
SEND001382,CMP06,Autumn Edit,C00896,ads,Discover this season's useful upgrades.,2025-10-12,false,false
SEND001383,CMP02,Spring Refresh,C00538,ads,Refresh your routine for spring.,2025-04-12,false,false
SEND001384,CMP08,Holiday Highlights,C00631,ads,Explore customer favorites this holiday.,2025-12-25,false,false
SEND001385,CMP02,Spring Refresh,C00882,ads,Refresh your routine for spring.,2025-04-15,false,false
SEND001386,CMP04,Summer Essentials,C00838,ads,Simple essentials for warmer days.,2025-07-19,false,true
SEND001387,CMP06,Autumn Edit,C00608,ads,Discover this season's useful upgrades.,2025-10-09,true,false
SEND001388,CMP05,Back to Routine,C00588,email,Get back into your everyday rhythm.,2025-08-31,false,false
SEND001389,CMP07,Early Holiday,C00492,email,A head start on thoughtful gifting.,2025-11-23,false,false
SEND001390,CMP07,Early Holiday,C00084,email,A head start on thoughtful gifting.,2025-11-21,false,false
SEND001391,CMP07,Early Holiday,C00471,email,A head start on thoughtful gifting.,2025-11-10,false,false
SEND001392,CMP02,Spring Refresh,C00194,ads,Refresh your routine for spring.,2025-04-20,false,false
SEND001393,CMP08,Holiday Highlights,C00711,ads,Explore customer favorites this holiday.,2025-12-24,true,false
SEND001394,CMP02,Spring Refresh,C00199,ads,Refresh your routine for spring.,2025-03-09,true,false
SEND001395,CMP01,New Year Reset,C00307,email,Start fresh with practical favorites.,2025-01-09,false,false
SEND001396,CMP06,Autumn Edit,C00949,ads,Discover this season's useful upgrades.,2025-10-10,false,false
SEND001397,CMP06,Autumn Edit,C00329,ads,Discover this season's useful upgrades.,2025-10-07,true,false
SEND001398,CMP01,New Year Reset,C00233,email,Start fresh with practical favorites.,2025-02-01,false,false
SEND001399,CMP04,Summer Essentials,C00712,ads,Simple essentials for warmer days.,2025-07-15,false,false
SEND001400,CMP05,Back to Routine,C00762,email,Get back into your everyday rhythm.,2025-08-21,false,false
SEND001401,CMP01,New Year Reset,C00529,email,Start fresh with practical favorites.,2025-02-17,false,false
SEND001402,CMP07,Early Holiday,C00105,email,A head start on thoughtful gifting.,2025-11-06,false,false
SEND001403,CMP05,Back to Routine,C00933,email,Get back into your everyday rhythm.,2025-09-08,false,false
SEND001404,CMP03,Member Picks,C00057,email,Popular picks selected for you.,2025-05-14,false,true
SEND001405,CMP02,Spring Refresh,C00538,ads,Refresh your routine for spring.,2025-03-03,true,false
SEND001406,CMP05,Back to Routine,C00238,email,Get back into your everyday rhythm.,2025-08-18,false,false
SEND001407,CMP07,Early Holiday,C00990,email,A head start on thoughtful gifting.,2025-11-07,false,false
SEND001408,CMP03,Member Picks,C00654,email,Popular picks selected for you.,2025-06-07,false,false
SEND001409,CMP03,Member Picks,C00339,email,Popular picks selected for you.,2025-05-07,false,false
SEND001410,CMP04,Summer Essentials,C00980,ads,Simple essentials for warmer days.,2025-07-15,true,false
SEND001411,CMP06,Autumn Edit,C00391,ads,Discover this season's useful upgrades.,2025-09-03,false,false
SEND001412,CMP07,Early Holiday,C00174,email,A head start on thoughtful gifting.,2025-11-02,false,false
SEND001413,CMP05,Back to Routine,C00342,email,Get back into your everyday rhythm.,2025-09-11,false,false
SEND001414,CMP06,Autumn Edit,C00950,ads,Discover this season's useful upgrades.,2025-10-22,false,false
SEND001415,CMP02,Spring Refresh,C00985,ads,Refresh your routine for spring.,2025-03-15,true,false
SEND001416,CMP03,Member Picks,C00619,email,Popular picks selected for you.,2025-05-31,false,false
SEND001417,CMP01,New Year Reset,C00504,email,Start fresh with practical favorites.,2025-02-18,false,false
SEND001418,CMP04,Summer Essentials,C00231,ads,Simple essentials for warmer days.,2025-07-13,false,false
SEND001419,CMP02,Spring Refresh,C00569,ads,Refresh your routine for spring.,2025-04-03,false,false
SEND001420,CMP08,Holiday Highlights,C00797,ads,Explore customer favorites this holiday.,2025-11-20,false,true
SEND001421,CMP06,Autumn Edit,C00354,ads,Discover this season's useful upgrades.,2025-10-02,false,false
SEND001422,CMP01,New Year Reset,C00538,email,Start fresh with practical favorites.,2025-01-30,false,false
SEND001423,CMP05,Back to Routine,C00001,email,Get back into your everyday rhythm.,2025-08-01,false,true
SEND001424,CMP06,Autumn Edit,C00466,ads,Discover this season's useful upgrades.,2025-09-01,false,false
SEND001425,CMP01,New Year Reset,C00529,email,Start fresh with practical favorites.,2025-02-11,false,false
SEND001426,CMP03,Member Picks,C00887,email,Popular picks selected for you.,2025-05-11,false,false
SEND001427,CMP07,Early Holiday,C00063,email,A head start on thoughtful gifting.,2025-11-08,false,false
SEND001428,CMP08,Holiday Highlights,C00874,ads,Explore customer favorites this holiday.,2025-12-24,false,false
SEND001429,CMP02,Spring Refresh,C00349,ads,Refresh your routine for spring.,2025-04-18,false,false
SEND001430,CMP01,New Year Reset,C00151,email,Start fresh with practical favorites.,2025-02-23,false,false
SEND001431,CMP07,Early Holiday,C00162,email,A head start on thoughtful gifting.,2025-11-22,false,true
SEND001432,CMP03,Member Picks,C00790,email,Popular picks selected for you.,2025-06-10,false,false
SEND001433,CMP03,Member Picks,C00609,email,Popular picks selected for you.,2025-05-11,true,false
SEND001434,CMP01,New Year Reset,C00720,email,Start fresh with practical favorites.,2025-01-01,false,false
SEND001435,CMP03,Member Picks,C00176,email,Popular picks selected for you.,2025-05-17,false,false
SEND001436,CMP02,Spring Refresh,C00581,ads,Refresh your routine for spring.,2025-04-15,false,false
SEND001437,CMP07,Early Holiday,C00997,email,A head start on thoughtful gifting.,2025-11-04,false,false
SEND001438,CMP05,Back to Routine,C00916,email,Get back into your everyday rhythm.,2025-08-27,false,false
SEND001439,CMP08,Holiday Highlights,C00551,ads,Explore customer favorites this holiday.,2025-11-30,false,false
SEND001440,CMP04,Summer Essentials,C00004,ads,Simple essentials for warmer days.,2025-06-01,true,false
SEND001441,CMP04,Summer Essentials,C00953,ads,Simple essentials for warmer days.,2025-07-19,false,false
SEND001442,CMP06,Autumn Edit,C00993,ads,Discover this season's useful upgrades.,2025-09-28,false,false
SEND001443,CMP04,Summer Essentials,C00955,ads,Simple essentials for warmer days.,2025-07-25,false,false
SEND001444,CMP08,Holiday Highlights,C00559,ads,Explore customer favorites this holiday.,2025-12-16,false,false
SEND001445,CMP05,Back to Routine,C00708,email,Get back into your everyday rhythm.,2025-08-13,false,false
SEND001446,CMP03,Member Picks,C00164,email,Popular picks selected for you.,2025-05-12,false,false
SEND001447,CMP02,Spring Refresh,C00739,ads,Refresh your routine for spring.,2025-03-13,false,false
SEND001448,CMP01,New Year Reset,C00346,email,Start fresh with practical favorites.,2025-01-25,false,false
SEND001449,CMP01,New Year Reset,C00299,email,Start fresh with practical favorites.,2025-02-26,true,true
SEND001450,CMP06,Autumn Edit,C00319,ads,Discover this season's useful upgrades.,2025-10-30,false,false
SEND001451,CMP08,Holiday Highlights,C00398,ads,Explore customer favorites this holiday.,2025-12-14,false,false
SEND001452,CMP04,Summer Essentials,C00724,ads,Simple essentials for warmer days.,2025-08-29,true,true
SEND001453,CMP04,Summer Essentials,C00989,ads,Simple essentials for warmer days.,2025-06-26,false,false
SEND001454,CMP06,Autumn Edit,C00880,ads,Discover this season's useful upgrades.,2025-10-06,false,false
SEND001455,CMP08,Holiday Highlights,C00733,ads,Explore customer favorites this holiday.,2025-12-03,false,false
SEND001456,CMP01,New Year Reset,C00928,email,Start fresh with practical favorites.,2025-01-22,true,false
SEND001457,CMP08,Holiday Highlights,C00575,ads,Explore customer favorites this holiday.,2025-11-24,true,true
SEND001458,CMP08,Holiday Highlights,C00829,ads,Explore customer favorites this holiday.,2025-11-09,false,true
SEND001459,CMP01,New Year Reset,C00494,email,Start fresh with practical favorites.,2025-02-05,false,false
SEND001460,CMP05,Back to Routine,C00311,email,Get back into your everyday rhythm.,2025-08-26,false,false
SEND001461,CMP02,Spring Refresh,C00173,ads,Refresh your routine for spring.,2025-03-18,false,false
SEND001462,CMP01,New Year Reset,C00372,email,Start fresh with practical favorites.,2025-02-05,false,false
SEND001463,CMP01,New Year Reset,C00470,email,Start fresh with practical favorites.,2025-02-17,false,false
SEND001464,CMP05,Back to Routine,C00822,email,Get back into your everyday rhythm.,2025-09-27,false,true
SEND001465,CMP06,Autumn Edit,C00769,ads,Discover this season's useful upgrades.,2025-09-23,false,false
SEND001466,CMP07,Early Holiday,C00433,email,A head start on thoughtful gifting.,2025-11-15,false,false
SEND001467,CMP05,Back to Routine,C00584,email,Get back into your everyday rhythm.,2025-09-30,false,false
SEND001468,CMP04,Summer Essentials,C00255,ads,Simple essentials for warmer days.,2025-07-25,false,false
SEND001469,CMP04,Summer Essentials,C00778,ads,Simple essentials for warmer days.,2025-08-31,false,false
SEND001470,CMP03,Member Picks,C00231,email,Popular picks selected for you.,2025-05-27,false,false
SEND001471,CMP04,Summer Essentials,C00713,ads,Simple essentials for warmer days.,2025-08-01,false,false
SEND001472,CMP02,Spring Refresh,C00814,ads,Refresh your routine for spring.,2025-03-03,false,false
SEND001473,CMP01,New Year Reset,C00254,email,Start fresh with practical favorites.,2025-02-09,false,false
SEND001474,CMP03,Member Picks,C00080,email,Popular picks selected for you.,2025-05-11,false,false
SEND001475,CMP08,Holiday Highlights,C00601,ads,Explore customer favorites this holiday.,2025-11-19,false,false
SEND001476,CMP07,Early Holiday,C00685,email,A head start on thoughtful gifting.,2025-11-10,false,false
SEND001477,CMP08,Holiday Highlights,C00038,ads,Explore customer favorites this holiday.,2025-12-13,false,true
SEND001478,CMP01,New Year Reset,C00071,email,Start fresh with practical favorites.,2025-01-07,false,false
SEND001479,CMP06,Autumn Edit,C00010,ads,Discover this season's useful upgrades.,2025-09-26,false,false
SEND001480,CMP08,Holiday Highlights,C00522,ads,Explore customer favorites this holiday.,2025-11-20,false,false
SEND001481,CMP01,New Year Reset,C00072,email,Start fresh with practical favorites.,2025-02-12,false,false
SEND001482,CMP02,Spring Refresh,C00705,ads,Refresh your routine for spring.,2025-04-16,false,false
SEND001483,CMP04,Summer Essentials,C00291,ads,Simple essentials for warmer days.,2025-06-03,false,false
SEND001484,CMP02,Spring Refresh,C00134,ads,Refresh your routine for spring.,2025-03-04,false,false
SEND001485,CMP01,New Year Reset,C00077,email,Start fresh with practical favorites.,2025-02-21,false,false
SEND001486,CMP08,Holiday Highlights,C00535,ads,Explore customer favorites this holiday.,2025-12-06,false,false
SEND001487,CMP06,Autumn Edit,C00990,ads,Discover this season's useful upgrades.,2025-10-12,false,false
SEND001488,CMP06,Autumn Edit,C00074,ads,Discover this season's useful upgrades.,2025-09-26,false,false
SEND001489,CMP08,Holiday Highlights,C00469,ads,Explore customer favorites this holiday.,2025-11-04,true,false
SEND001490,CMP02,Spring Refresh,C00118,ads,Refresh your routine for spring.,2025-03-22,true,true
SEND001491,CMP08,Holiday Highlights,C00743,ads,Explore customer favorites this holiday.,2025-12-25,false,false
SEND001492,CMP01,New Year Reset,C00115,email,Start fresh with practical favorites.,2025-01-26,false,true
SEND001493,CMP08,Holiday Highlights,C00261,ads,Explore customer favorites this holiday.,2025-11-12,false,false
SEND001494,CMP04,Summer Essentials,C00509,ads,Simple essentials for warmer days.,2025-08-03,false,false
SEND001495,CMP01,New Year Reset,C00752,email,Start fresh with practical favorites.,2025-02-04,false,false
SEND001496,CMP01,New Year Reset,C00308,email,Start fresh with practical favorites.,2025-02-05,false,false
SEND001497,CMP03,Member Picks,C00691,email,Popular picks selected for you.,2025-05-21,false,true
SEND001498,CMP01,New Year Reset,C00689,email,Start fresh with practical favorites.,2025-02-07,false,false
SEND001499,CMP02,Spring Refresh,C00893,ads,Refresh your routine for spring.,2025-04-30,false,true
SEND001500,CMP02,Spring Refresh,C00610,ads,Refresh your routine for spring.,2025-03-11,false,false
SEND001501,CMP03,Member Picks,C00811,email,Popular picks selected for you.,2025-06-12,false,false
SEND001502,CMP05,Back to Routine,C00879,email,Get back into your everyday rhythm.,2025-09-16,false,false
SEND001503,CMP06,Autumn Edit,C00154,ads,Discover this season's useful upgrades.,2025-09-17,false,false
SEND001504,CMP07,Early Holiday,C00415,email,A head start on thoughtful gifting.,2025-11-09,false,false
SEND001505,CMP07,Early Holiday,C00641,email,A head start on thoughtful gifting.,2025-11-27,false,false
SEND001506,CMP02,Spring Refresh,C00343,ads,Refresh your routine for spring.,2025-04-30,false,false
SEND001507,CMP03,Member Picks,C00480,email,Popular picks selected for you.,2025-06-22,true,false
SEND001508,CMP04,Summer Essentials,C00633,ads,Simple essentials for warmer days.,2025-08-24,false,false
SEND001509,CMP03,Member Picks,C00523,email,Popular picks selected for you.,2025-05-17,false,false
SEND001510,CMP04,Summer Essentials,C00086,ads,Simple essentials for warmer days.,2025-06-25,false,false
SEND001511,CMP03,Member Picks,C00057,email,Popular picks selected for you.,2025-06-12,false,false
SEND001512,CMP03,Member Picks,C00659,email,Popular picks selected for you.,2025-05-02,false,false
SEND001513,CMP06,Autumn Edit,C00991,ads,Discover this season's useful upgrades.,2025-10-17,false,false
SEND001514,CMP07,Early Holiday,C00060,email,A head start on thoughtful gifting.,2025-11-19,true,false
SEND001515,CMP05,Back to Routine,C00568,email,Get back into your everyday rhythm.,2025-08-01,false,false
SEND001516,CMP08,Holiday Highlights,C00671,ads,Explore customer favorites this holiday.,2025-11-26,false,false
SEND001517,CMP04,Summer Essentials,C00428,ads,Simple essentials for warmer days.,2025-06-27,false,false
SEND001518,CMP07,Early Holiday,C00401,email,A head start on thoughtful gifting.,2025-11-23,false,false
SEND001519,CMP06,Autumn Edit,C00349,ads,Discover this season's useful upgrades.,2025-09-02,true,false
SEND001520,CMP01,New Year Reset,C00050,email,Start fresh with practical favorites.,2025-02-05,false,false
SEND001521,CMP01,New Year Reset,C00709,email,Start fresh with practical favorites.,2025-01-23,false,false
SEND001522,CMP02,Spring Refresh,C00320,ads,Refresh your routine for spring.,2025-04-07,false,false
SEND001523,CMP07,Early Holiday,C00217,email,A head start on thoughtful gifting.,2025-11-03,false,false
SEND001524,CMP01,New Year Reset,C00770,email,Start fresh with practical favorites.,2025-01-29,false,false
SEND001525,CMP05,Back to Routine,C00760,email,Get back into your everyday rhythm.,2025-09-09,false,false
SEND001526,CMP04,Summer Essentials,C00015,ads,Simple essentials for warmer days.,2025-06-18,true,false
SEND001527,CMP02,Spring Refresh,C00979,ads,Refresh your routine for spring.,2025-03-08,false,true
SEND001528,CMP01,New Year Reset,C00710,email,Start fresh with practical favorites.,2025-01-18,false,false
SEND001529,CMP02,Spring Refresh,C00896,ads,Refresh your routine for spring.,2025-03-22,false,false
SEND001530,CMP03,Member Picks,C00915,email,Popular picks selected for you.,2025-06-09,false,false
SEND001531,CMP04,Summer Essentials,C00037,ads,Simple essentials for warmer days.,2025-08-14,false,false
SEND001532,CMP06,Autumn Edit,C00871,ads,Discover this season's useful upgrades.,2025-10-27,false,false
SEND001533,CMP02,Spring Refresh,C00333,ads,Refresh your routine for spring.,2025-04-26,false,false
SEND001534,CMP04,Summer Essentials,C00292,ads,Simple essentials for warmer days.,2025-08-16,false,false
SEND001535,CMP01,New Year Reset,C00470,email,Start fresh with practical favorites.,2025-02-18,true,true
SEND001536,CMP02,Spring Refresh,C00003,ads,Refresh your routine for spring.,2025-03-01,false,false
SEND001537,CMP04,Summer Essentials,C00868,ads,Simple essentials for warmer days.,2025-07-03,false,false
SEND001538,CMP01,New Year Reset,C00630,email,Start fresh with practical favorites.,2025-02-06,false,false
SEND001539,CMP02,Spring Refresh,C00363,ads,Refresh your routine for spring.,2025-04-26,true,false
SEND001540,CMP05,Back to Routine,C00267,email,Get back into your everyday rhythm.,2025-08-18,true,false
SEND001541,CMP07,Early Holiday,C00763,email,A head start on thoughtful gifting.,2025-11-23,false,false
SEND001542,CMP08,Holiday Highlights,C00478,ads,Explore customer favorites this holiday.,2025-11-09,true,false
SEND001543,CMP01,New Year Reset,C00878,email,Start fresh with practical favorites.,2025-01-11,true,false
SEND001544,CMP07,Early Holiday,C00310,email,A head start on thoughtful gifting.,2025-11-12,false,false
SEND001545,CMP06,Autumn Edit,C00602,ads,Discover this season's useful upgrades.,2025-09-25,false,false
SEND001546,CMP04,Summer Essentials,C00640,ads,Simple essentials for warmer days.,2025-06-25,false,false
SEND001547,CMP02,Spring Refresh,C00622,ads,Refresh your routine for spring.,2025-04-04,false,false
SEND001548,CMP05,Back to Routine,C00087,email,Get back into your everyday rhythm.,2025-08-20,false,false
SEND001549,CMP08,Holiday Highlights,C00787,ads,Explore customer favorites this holiday.,2025-12-28,false,false
SEND001550,CMP01,New Year Reset,C00866,email,Start fresh with practical favorites.,2025-02-02,false,false
SEND001551,CMP08,Holiday Highlights,C00314,ads,Explore customer favorites this holiday.,2025-11-26,true,false
SEND001552,CMP01,New Year Reset,C00185,email,Start fresh with practical favorites.,2025-01-01,false,false
SEND001553,CMP06,Autumn Edit,C00960,ads,Discover this season's useful upgrades.,2025-09-11,false,false
SEND001554,CMP02,Spring Refresh,C00325,ads,Refresh your routine for spring.,2025-04-20,false,false
SEND001555,CMP07,Early Holiday,C00504,email,A head start on thoughtful gifting.,2025-11-24,false,true
SEND001556,CMP07,Early Holiday,C00021,email,A head start on thoughtful gifting.,2025-11-29,false,false
SEND001557,CMP03,Member Picks,C00694,email,Popular picks selected for you.,2025-06-15,false,false
SEND001558,CMP04,Summer Essentials,C00134,ads,Simple essentials for warmer days.,2025-08-11,false,true
SEND001559,CMP05,Back to Routine,C00675,email,Get back into your everyday rhythm.,2025-09-16,false,false
SEND001560,CMP07,Early Holiday,C00564,email,A head start on thoughtful gifting.,2025-11-07,false,false
SEND001561,CMP07,Early Holiday,C00972,email,A head start on thoughtful gifting.,2025-11-20,false,false
SEND001562,CMP07,Early Holiday,C00544,email,A head start on thoughtful gifting.,2025-11-02,false,false
SEND001563,CMP04,Summer Essentials,C00188,ads,Simple essentials for warmer days.,2025-06-10,false,true
SEND001564,CMP02,Spring Refresh,C00914,ads,Refresh your routine for spring.,2025-04-09,false,false
SEND001565,CMP01,New Year Reset,C00436,email,Start fresh with practical favorites.,2025-01-05,false,false
SEND001566,CMP04,Summer Essentials,C00934,ads,Simple essentials for warmer days.,2025-07-06,true,false
SEND001567,CMP05,Back to Routine,C00662,email,Get back into your everyday rhythm.,2025-08-23,true,false
SEND001568,CMP02,Spring Refresh,C00574,ads,Refresh your routine for spring.,2025-03-20,false,false
SEND001569,CMP01,New Year Reset,C00359,email,Start fresh with practical favorites.,2025-01-30,false,false
SEND001570,CMP04,Summer Essentials,C00841,ads,Simple essentials for warmer days.,2025-08-16,false,false
SEND001571,CMP07,Early Holiday,C00454,email,A head start on thoughtful gifting.,2025-11-15,false,false
SEND001572,CMP06,Autumn Edit,C00195,ads,Discover this season's useful upgrades.,2025-10-01,false,false
SEND001573,CMP01,New Year Reset,C00731,email,Start fresh with practical favorites.,2025-02-11,false,false
SEND001574,CMP05,Back to Routine,C00070,email,Get back into your everyday rhythm.,2025-08-12,false,false
SEND001575,CMP02,Spring Refresh,C00849,ads,Refresh your routine for spring.,2025-04-23,false,false
SEND001576,CMP02,Spring Refresh,C00726,ads,Refresh your routine for spring.,2025-04-11,false,false
SEND001577,CMP05,Back to Routine,C00984,email,Get back into your everyday rhythm.,2025-09-11,false,false
SEND001578,CMP08,Holiday Highlights,C00166,ads,Explore customer favorites this holiday.,2025-12-14,false,false
SEND001579,CMP05,Back to Routine,C00070,email,Get back into your everyday rhythm.,2025-09-25,true,false
SEND001580,CMP07,Early Holiday,C00089,email,A head start on thoughtful gifting.,2025-11-10,false,false
SEND001581,CMP06,Autumn Edit,C00159,ads,Discover this season's useful upgrades.,2025-09-27,false,false
SEND001582,CMP07,Early Holiday,C00950,email,A head start on thoughtful gifting.,2025-11-27,false,false
SEND001583,CMP08,Holiday Highlights,C00486,ads,Explore customer favorites this holiday.,2025-12-01,false,false
SEND001584,CMP02,Spring Refresh,C00483,ads,Refresh your routine for spring.,2025-03-19,false,false
SEND001585,CMP03,Member Picks,C00007,email,Popular picks selected for you.,2025-06-04,false,false
SEND001586,CMP07,Early Holiday,C00661,email,A head start on thoughtful gifting.,2025-11-11,false,false
SEND001587,CMP03,Member Picks,C00398,email,Popular picks selected for you.,2025-05-30,false,false
SEND001588,CMP05,Back to Routine,C00240,email,Get back into your everyday rhythm.,2025-09-07,false,false
SEND001589,CMP08,Holiday Highlights,C00620,ads,Explore customer favorites this holiday.,2025-11-24,false,false
SEND001590,CMP03,Member Picks,C00962,email,Popular picks selected for you.,2025-05-12,false,true
SEND001591,CMP05,Back to Routine,C00264,email,Get back into your everyday rhythm.,2025-09-01,false,false
SEND001592,CMP01,New Year Reset,C00625,email,Start fresh with practical favorites.,2025-01-05,false,false
SEND001593,CMP03,Member Picks,C00895,email,Popular picks selected for you.,2025-06-23,false,false
SEND001594,CMP03,Member Picks,C00927,email,Popular picks selected for you.,2025-06-25,false,false
SEND001595,CMP04,Summer Essentials,C00707,ads,Simple essentials for warmer days.,2025-07-05,false,true
SEND001596,CMP08,Holiday Highlights,C00843,ads,Explore customer favorites this holiday.,2025-12-28,false,false
SEND001597,CMP05,Back to Routine,C00181,email,Get back into your everyday rhythm.,2025-08-04,false,false
SEND001598,CMP01,New Year Reset,C00549,email,Start fresh with practical favorites.,2025-01-20,false,false
SEND001599,CMP01,New Year Reset,C00643,email,Start fresh with practical favorites.,2025-02-04,false,false
SEND001600,CMP03,Member Picks,C00961,email,Popular picks selected for you.,2025-06-01,false,false
SEND001601,CMP08,Holiday Highlights,C00457,ads,Explore customer favorites this holiday.,2025-11-13,false,false
SEND001602,CMP07,Early Holiday,C00126,email,A head start on thoughtful gifting.,2025-11-06,false,false
SEND001603,CMP04,Summer Essentials,C00088,ads,Simple essentials for warmer days.,2025-08-07,false,false
SEND001604,CMP02,Spring Refresh,C00221,ads,Refresh your routine for spring.,2025-04-06,false,false
SEND001605,CMP02,Spring Refresh,C00736,ads,Refresh your routine for spring.,2025-03-28,false,false
SEND001606,CMP07,Early Holiday,C00559,email,A head start on thoughtful gifting.,2025-11-16,false,false
SEND001607,CMP03,Member Picks,C00142,email,Popular picks selected for you.,2025-05-20,false,false
SEND001608,CMP07,Early Holiday,C00506,email,A head start on thoughtful gifting.,2025-11-21,false,true
SEND001609,CMP08,Holiday Highlights,C00704,ads,Explore customer favorites this holiday.,2025-11-07,false,false
SEND001610,CMP06,Autumn Edit,C00585,ads,Discover this season's useful upgrades.,2025-09-30,false,false
SEND001611,CMP06,Autumn Edit,C00197,ads,Discover this season's useful upgrades.,2025-09-10,true,false
SEND001612,CMP05,Back to Routine,C00194,email,Get back into your everyday rhythm.,2025-09-18,false,false
SEND001613,CMP05,Back to Routine,C00132,email,Get back into your everyday rhythm.,2025-08-31,false,false
SEND001614,CMP06,Autumn Edit,C00897,ads,Discover this season's useful upgrades.,2025-10-04,false,false
SEND001615,CMP06,Autumn Edit,C00847,ads,Discover this season's useful upgrades.,2025-09-06,false,false
SEND001616,CMP07,Early Holiday,C00027,email,A head start on thoughtful gifting.,2025-11-15,false,false
SEND001617,CMP02,Spring Refresh,C00892,ads,Refresh your routine for spring.,2025-03-14,false,false
SEND001618,CMP04,Summer Essentials,C00250,ads,Simple essentials for warmer days.,2025-06-25,false,false
SEND001619,CMP04,Summer Essentials,C00876,ads,Simple essentials for warmer days.,2025-07-17,false,false
SEND001620,CMP02,Spring Refresh,C00180,ads,Refresh your routine for spring.,2025-03-03,false,false
SEND001621,CMP02,Spring Refresh,C00336,ads,Refresh your routine for spring.,2025-03-19,false,false
SEND001622,CMP08,Holiday Highlights,C00873,ads,Explore customer favorites this holiday.,2025-12-01,true,true
SEND001623,CMP03,Member Picks,C00439,email,Popular picks selected for you.,2025-05-24,false,false
SEND001624,CMP04,Summer Essentials,C00945,ads,Simple essentials for warmer days.,2025-07-13,false,false
SEND001625,CMP08,Holiday Highlights,C00406,ads,Explore customer favorites this holiday.,2025-12-10,false,false
SEND001626,CMP07,Early Holiday,C00513,email,A head start on thoughtful gifting.,2025-11-08,false,false
SEND001627,CMP05,Back to Routine,C00737,email,Get back into your everyday rhythm.,2025-09-27,false,false
SEND001628,CMP04,Summer Essentials,C00978,ads,Simple essentials for warmer days.,2025-06-17,false,false
SEND001629,CMP01,New Year Reset,C00649,email,Start fresh with practical favorites.,2025-01-25,false,false
SEND001630,CMP05,Back to Routine,C00595,email,Get back into your everyday rhythm.,2025-08-10,false,false
SEND001631,CMP03,Member Picks,C00850,email,Popular picks selected for you.,2025-05-18,false,false
SEND001632,CMP01,New Year Reset,C00350,email,Start fresh with practical favorites.,2025-01-28,false,true
SEND001633,CMP04,Summer Essentials,C00593,ads,Simple essentials for warmer days.,2025-08-04,false,false
SEND001634,CMP03,Member Picks,C00221,email,Popular picks selected for you.,2025-06-16,false,false
SEND001635,CMP01,New Year Reset,C00611,email,Start fresh with practical favorites.,2025-01-07,true,false
SEND001636,CMP06,Autumn Edit,C01000,ads,Discover this season's useful upgrades.,2025-10-10,false,false
SEND001637,CMP01,New Year Reset,C00573,email,Start fresh with practical favorites.,2025-02-16,false,false
SEND001638,CMP01,New Year Reset,C00318,email,Start fresh with practical favorites.,2025-01-01,false,false
SEND001639,CMP01,New Year Reset,C00431,email,Start fresh with practical favorites.,2025-01-06,false,false
SEND001640,CMP04,Summer Essentials,C00281,ads,Simple essentials for warmer days.,2025-07-01,false,false
SEND001641,CMP02,Spring Refresh,C00105,ads,Refresh your routine for spring.,2025-03-08,false,false
SEND001642,CMP03,Member Picks,C00757,email,Popular picks selected for you.,2025-06-06,false,false
SEND001643,CMP07,Early Holiday,C00611,email,A head start on thoughtful gifting.,2025-11-27,false,true
SEND001644,CMP02,Spring Refresh,C00886,ads,Refresh your routine for spring.,2025-03-16,true,false
SEND001645,CMP03,Member Picks,C00717,email,Popular picks selected for you.,2025-05-02,false,false
SEND001646,CMP04,Summer Essentials,C00650,ads,Simple essentials for warmer days.,2025-07-21,false,false
SEND001647,CMP07,Early Holiday,C00077,email,A head start on thoughtful gifting.,2025-11-27,true,false
SEND001648,CMP04,Summer Essentials,C00844,ads,Simple essentials for warmer days.,2025-07-24,false,false
SEND001649,CMP04,Summer Essentials,C00647,ads,Simple essentials for warmer days.,2025-08-23,false,false
SEND001650,CMP07,Early Holiday,C00871,email,A head start on thoughtful gifting.,2025-11-02,false,false
SEND001651,CMP01,New Year Reset,C00998,email,Start fresh with practical favorites.,2025-01-23,false,false
SEND001652,CMP05,Back to Routine,C00177,email,Get back into your everyday rhythm.,2025-09-13,false,false
SEND001653,CMP01,New Year Reset,C00990,email,Start fresh with practical favorites.,2025-02-25,false,false
SEND001654,CMP06,Autumn Edit,C00283,ads,Discover this season's useful upgrades.,2025-09-21,false,false
SEND001655,CMP03,Member Picks,C00216,email,Popular picks selected for you.,2025-06-15,false,false
SEND001656,CMP05,Back to Routine,C00462,email,Get back into your everyday rhythm.,2025-08-07,false,false
SEND001657,CMP01,New Year Reset,C00101,email,Start fresh with practical favorites.,2025-01-16,false,false
SEND001658,CMP07,Early Holiday,C00788,email,A head start on thoughtful gifting.,2025-11-16,true,false
SEND001659,CMP02,Spring Refresh,C00159,ads,Refresh your routine for spring.,2025-04-02,false,false
SEND001660,CMP01,New Year Reset,C00544,email,Start fresh with practical favorites.,2025-01-17,false,false
SEND001661,CMP03,Member Picks,C00034,email,Popular picks selected for you.,2025-05-21,false,false
SEND001662,CMP04,Summer Essentials,C00527,ads,Simple essentials for warmer days.,2025-08-17,false,false
SEND001663,CMP08,Holiday Highlights,C00220,ads,Explore customer favorites this holiday.,2025-12-01,true,false
SEND001664,CMP07,Early Holiday,C00810,email,A head start on thoughtful gifting.,2025-11-19,false,false
SEND001665,CMP05,Back to Routine,C00468,email,Get back into your everyday rhythm.,2025-09-03,false,false
SEND001666,CMP06,Autumn Edit,C00023,ads,Discover this season's useful upgrades.,2025-10-15,false,false
SEND001667,CMP02,Spring Refresh,C00074,ads,Refresh your routine for spring.,2025-03-16,false,false
SEND001668,CMP01,New Year Reset,C00003,email,Start fresh with practical favorites.,2025-01-18,false,false
SEND001669,CMP03,Member Picks,C00871,email,Popular picks selected for you.,2025-06-13,false,true
SEND001670,CMP05,Back to Routine,C00743,email,Get back into your everyday rhythm.,2025-09-13,false,false
SEND001671,CMP03,Member Picks,C00395,email,Popular picks selected for you.,2025-05-21,false,false
SEND001672,CMP08,Holiday Highlights,C00160,ads,Explore customer favorites this holiday.,2025-11-04,false,false
SEND001673,CMP06,Autumn Edit,C00125,ads,Discover this season's useful upgrades.,2025-09-10,true,true
SEND001674,CMP05,Back to Routine,C00099,email,Get back into your everyday rhythm.,2025-09-02,false,true
SEND001675,CMP06,Autumn Edit,C00416,ads,Discover this season's useful upgrades.,2025-10-30,false,false
SEND001676,CMP07,Early Holiday,C00127,email,A head start on thoughtful gifting.,2025-11-27,false,false
SEND001677,CMP01,New Year Reset,C00939,email,Start fresh with practical favorites.,2025-01-01,false,false
SEND001678,CMP02,Spring Refresh,C00024,ads,Refresh your routine for spring.,2025-03-27,false,false
SEND001679,CMP08,Holiday Highlights,C00400,ads,Explore customer favorites this holiday.,2025-12-28,false,false
SEND001680,CMP07,Early Holiday,C00197,email,A head start on thoughtful gifting.,2025-11-17,false,false
SEND001681,CMP03,Member Picks,C00174,email,Popular picks selected for you.,2025-06-21,false,false
SEND001682,CMP06,Autumn Edit,C00058,ads,Discover this season's useful upgrades.,2025-09-13,false,false
SEND001683,CMP06,Autumn Edit,C00014,ads,Discover this season's useful upgrades.,2025-10-17,true,false
SEND001684,CMP05,Back to Routine,C00994,email,Get back into your everyday rhythm.,2025-08-11,true,false
SEND001685,CMP08,Holiday Highlights,C00340,ads,Explore customer favorites this holiday.,2025-12-02,true,false
SEND001686,CMP02,Spring Refresh,C00294,ads,Refresh your routine for spring.,2025-03-04,false,false
SEND001687,CMP08,Holiday Highlights,C00359,ads,Explore customer favorites this holiday.,2025-12-28,false,false
SEND001688,CMP06,Autumn Edit,C00383,ads,Discover this season's useful upgrades.,2025-09-22,false,false
SEND001689,CMP03,Member Picks,C00377,email,Popular picks selected for you.,2025-06-09,false,false
SEND001690,CMP04,Summer Essentials,C00496,ads,Simple essentials for warmer days.,2025-06-17,false,false
SEND001691,CMP03,Member Picks,C00659,email,Popular picks selected for you.,2025-06-06,false,false
SEND001692,CMP08,Holiday Highlights,C00078,ads,Explore customer favorites this holiday.,2025-11-12,false,false
SEND001693,CMP03,Member Picks,C00270,email,Popular picks selected for you.,2025-05-03,false,false
SEND001694,CMP02,Spring Refresh,C00251,ads,Refresh your routine for spring.,2025-03-19,false,false
SEND001695,CMP01,New Year Reset,C00233,email,Start fresh with practical favorites.,2025-01-14,true,false
SEND001696,CMP02,Spring Refresh,C00016,ads,Refresh your routine for spring.,2025-03-08,false,false
SEND001697,CMP05,Back to Routine,C00086,email,Get back into your everyday rhythm.,2025-08-16,false,false
SEND001698,CMP06,Autumn Edit,C00988,ads,Discover this season's useful upgrades.,2025-09-22,false,false
SEND001699,CMP08,Holiday Highlights,C00989,ads,Explore customer favorites this holiday.,2025-11-02,true,false
SEND001700,CMP07,Early Holiday,C00478,email,A head start on thoughtful gifting.,2025-11-20,false,false
SEND001701,CMP08,Holiday Highlights,C00960,ads,Explore customer favorites this holiday.,2025-12-15,false,false
SEND001702,CMP02,Spring Refresh,C00314,ads,Refresh your routine for spring.,2025-03-05,true,false
SEND001703,CMP07,Early Holiday,C00297,email,A head start on thoughtful gifting.,2025-11-15,false,false
SEND001704,CMP01,New Year Reset,C00421,email,Start fresh with practical favorites.,2025-01-03,false,false
SEND001705,CMP01,New Year Reset,C00322,email,Start fresh with practical favorites.,2025-02-12,false,false
SEND001706,CMP03,Member Picks,C00068,email,Popular picks selected for you.,2025-06-26,false,false
SEND001707,CMP05,Back to Routine,C00750,email,Get back into your everyday rhythm.,2025-08-10,false,false
SEND001708,CMP03,Member Picks,C00242,email,Popular picks selected for you.,2025-05-14,true,false
SEND001709,CMP02,Spring Refresh,C00417,ads,Refresh your routine for spring.,2025-03-28,false,false
SEND001710,CMP05,Back to Routine,C00315,email,Get back into your everyday rhythm.,2025-09-28,false,false
SEND001711,CMP06,Autumn Edit,C00619,ads,Discover this season's useful upgrades.,2025-10-28,false,false
SEND001712,CMP03,Member Picks,C00465,email,Popular picks selected for you.,2025-05-16,false,false
SEND001713,CMP07,Early Holiday,C00378,email,A head start on thoughtful gifting.,2025-11-01,false,false
SEND001714,CMP05,Back to Routine,C00742,email,Get back into your everyday rhythm.,2025-08-22,false,false
SEND001715,CMP04,Summer Essentials,C00759,ads,Simple essentials for warmer days.,2025-07-28,false,false
SEND001716,CMP01,New Year Reset,C00886,email,Start fresh with practical favorites.,2025-02-03,false,false
SEND001717,CMP08,Holiday Highlights,C00070,ads,Explore customer favorites this holiday.,2025-12-04,false,false
SEND001718,CMP05,Back to Routine,C00500,email,Get back into your everyday rhythm.,2025-09-19,false,false
SEND001719,CMP04,Summer Essentials,C00453,ads,Simple essentials for warmer days.,2025-07-22,false,false
SEND001720,CMP08,Holiday Highlights,C00407,ads,Explore customer favorites this holiday.,2025-11-08,false,false
SEND001721,CMP08,Holiday Highlights,C00758,ads,Explore customer favorites this holiday.,2025-12-16,false,false
SEND001722,CMP07,Early Holiday,C00603,email,A head start on thoughtful gifting.,2025-11-15,false,false
SEND001723,CMP04,Summer Essentials,C00918,ads,Simple essentials for warmer days.,2025-08-28,false,false
SEND001724,CMP02,Spring Refresh,C00850,ads,Refresh your routine for spring.,2025-03-21,false,false
SEND001725,CMP06,Autumn Edit,C00811,ads,Discover this season's useful upgrades.,2025-09-18,false,false
SEND001726,CMP08,Holiday Highlights,C00612,ads,Explore customer favorites this holiday.,2025-12-11,false,false
SEND001727,CMP08,Holiday Highlights,C00488,ads,Explore customer favorites this holiday.,2025-12-12,false,false
SEND001728,CMP01,New Year Reset,C00216,email,Start fresh with practical favorites.,2025-01-02,false,false
SEND001729,CMP08,Holiday Highlights,C00155,ads,Explore customer favorites this holiday.,2025-11-12,false,false
SEND001730,CMP06,Autumn Edit,C00642,ads,Discover this season's useful upgrades.,2025-09-25,false,false
SEND001731,CMP03,Member Picks,C00808,email,Popular picks selected for you.,2025-05-21,true,false
SEND001732,CMP07,Early Holiday,C00364,email,A head start on thoughtful gifting.,2025-11-11,false,false
SEND001733,CMP05,Back to Routine,C00901,email,Get back into your everyday rhythm.,2025-08-14,false,false
SEND001734,CMP03,Member Picks,C00025,email,Popular picks selected for you.,2025-05-09,true,false
SEND001735,CMP01,New Year Reset,C00416,email,Start fresh with practical favorites.,2025-01-30,false,false
SEND001736,CMP02,Spring Refresh,C00898,ads,Refresh your routine for spring.,2025-04-16,false,false
SEND001737,CMP04,Summer Essentials,C00974,ads,Simple essentials for warmer days.,2025-07-27,true,false
SEND001738,CMP02,Spring Refresh,C00998,ads,Refresh your routine for spring.,2025-04-17,false,false
SEND001739,CMP03,Member Picks,C00809,email,Popular picks selected for you.,2025-05-04,true,true
SEND001740,CMP07,Early Holiday,C00916,email,A head start on thoughtful gifting.,2025-11-30,false,false
SEND001741,CMP05,Back to Routine,C00554,email,Get back into your everyday rhythm.,2025-08-18,true,false
SEND001742,CMP02,Spring Refresh,C00271,ads,Refresh your routine for spring.,2025-03-07,true,false
SEND001743,CMP01,New Year Reset,C00175,email,Start fresh with practical favorites.,2025-02-04,false,false
SEND001744,CMP07,Early Holiday,C00971,email,A head start on thoughtful gifting.,2025-11-05,false,false
SEND001745,CMP08,Holiday Highlights,C00987,ads,Explore customer favorites this holiday.,2025-11-21,false,false
SEND001746,CMP07,Early Holiday,C00591,email,A head start on thoughtful gifting.,2025-11-01,false,false
SEND001747,CMP04,Summer Essentials,C00696,ads,Simple essentials for warmer days.,2025-07-05,false,true
SEND001748,CMP04,Summer Essentials,C00294,ads,Simple essentials for warmer days.,2025-06-11,true,false
SEND001749,CMP08,Holiday Highlights,C00147,ads,Explore customer favorites this holiday.,2025-11-17,false,false
SEND001750,CMP04,Summer Essentials,C00581,ads,Simple essentials for warmer days.,2025-07-22,false,false
SEND001751,CMP08,Holiday Highlights,C00085,ads,Explore customer favorites this holiday.,2025-12-20,false,false
SEND001752,CMP08,Holiday Highlights,C00543,ads,Explore customer favorites this holiday.,2025-11-14,false,false
SEND001753,CMP04,Summer Essentials,C00066,ads,Simple essentials for warmer days.,2025-06-05,false,false
SEND001754,CMP04,Summer Essentials,C00213,ads,Simple essentials for warmer days.,2025-07-17,false,false
SEND001755,CMP05,Back to Routine,C00046,email,Get back into your everyday rhythm.,2025-08-19,false,false
SEND001756,CMP05,Back to Routine,C00192,email,Get back into your everyday rhythm.,2025-08-18,false,false
SEND001757,CMP02,Spring Refresh,C00286,ads,Refresh your routine for spring.,2025-04-29,false,false
SEND001758,CMP06,Autumn Edit,C00376,ads,Discover this season's useful upgrades.,2025-10-11,false,false
SEND001759,CMP08,Holiday Highlights,C00585,ads,Explore customer favorites this holiday.,2025-11-04,false,false
SEND001760,CMP07,Early Holiday,C00760,email,A head start on thoughtful gifting.,2025-11-20,false,false
SEND001761,CMP01,New Year Reset,C00075,email,Start fresh with practical favorites.,2025-01-10,false,false
SEND001762,CMP05,Back to Routine,C00376,email,Get back into your everyday rhythm.,2025-08-19,false,false
SEND001763,CMP08,Holiday Highlights,C00502,ads,Explore customer favorites this holiday.,2025-12-26,false,false
SEND001764,CMP06,Autumn Edit,C00034,ads,Discover this season's useful upgrades.,2025-09-01,false,false
SEND001765,CMP08,Holiday Highlights,C00973,ads,Explore customer favorites this holiday.,2025-12-23,false,false
SEND001766,CMP07,Early Holiday,C00334,email,A head start on thoughtful gifting.,2025-11-01,false,false
SEND001767,CMP01,New Year Reset,C00088,email,Start fresh with practical favorites.,2025-02-28,false,false
SEND001768,CMP07,Early Holiday,C00191,email,A head start on thoughtful gifting.,2025-11-16,false,false
SEND001769,CMP02,Spring Refresh,C00345,ads,Refresh your routine for spring.,2025-03-12,false,false
SEND001770,CMP02,Spring Refresh,C00991,ads,Refresh your routine for spring.,2025-03-26,false,false
SEND001771,CMP03,Member Picks,C00869,email,Popular picks selected for you.,2025-06-29,false,false
SEND001772,CMP08,Holiday Highlights,C00810,ads,Explore customer favorites this holiday.,2025-12-30,false,false
SEND001773,CMP05,Back to Routine,C00164,email,Get back into your everyday rhythm.,2025-09-25,false,false
SEND001774,CMP04,Summer Essentials,C00884,ads,Simple essentials for warmer days.,2025-07-26,false,false
SEND001775,CMP05,Back to Routine,C00679,email,Get back into your everyday rhythm.,2025-08-04,false,false
SEND001776,CMP07,Early Holiday,C00224,email,A head start on thoughtful gifting.,2025-11-28,false,false
SEND001777,CMP07,Early Holiday,C00399,email,A head start on thoughtful gifting.,2025-11-17,false,false
SEND001778,CMP06,Autumn Edit,C00493,ads,Discover this season's useful upgrades.,2025-09-27,true,false
SEND001779,CMP06,Autumn Edit,C00497,ads,Discover this season's useful upgrades.,2025-09-01,false,true
SEND001780,CMP01,New Year Reset,C00482,email,Start fresh with practical favorites.,2025-02-09,true,false
SEND001781,CMP05,Back to Routine,C00090,email,Get back into your everyday rhythm.,2025-08-10,false,false
SEND001782,CMP08,Holiday Highlights,C00181,ads,Explore customer favorites this holiday.,2025-12-23,false,false
SEND001783,CMP05,Back to Routine,C00742,email,Get back into your everyday rhythm.,2025-09-25,false,false
SEND001784,CMP03,Member Picks,C00898,email,Popular picks selected for you.,2025-06-09,false,false
SEND001785,CMP04,Summer Essentials,C00588,ads,Simple essentials for warmer days.,2025-06-19,true,false
SEND001786,CMP02,Spring Refresh,C00528,ads,Refresh your routine for spring.,2025-04-20,false,false
SEND001787,CMP07,Early Holiday,C00932,email,A head start on thoughtful gifting.,2025-11-30,false,false
SEND001788,CMP01,New Year Reset,C00770,email,Start fresh with practical favorites.,2025-02-08,false,false
SEND001789,CMP07,Early Holiday,C00237,email,A head start on thoughtful gifting.,2025-11-24,false,false
SEND001790,CMP03,Member Picks,C00849,email,Popular picks selected for you.,2025-05-12,false,false
SEND001791,CMP03,Member Picks,C00817,email,Popular picks selected for you.,2025-06-14,false,false
SEND001792,CMP06,Autumn Edit,C00105,ads,Discover this season's useful upgrades.,2025-09-23,false,false
SEND001793,CMP04,Summer Essentials,C00886,ads,Simple essentials for warmer days.,2025-06-24,false,false
SEND001794,CMP07,Early Holiday,C00722,email,A head start on thoughtful gifting.,2025-11-11,false,false
SEND001795,CMP07,Early Holiday,C00560,email,A head start on thoughtful gifting.,2025-11-06,false,false
SEND001796,CMP04,Summer Essentials,C00109,ads,Simple essentials for warmer days.,2025-06-26,false,false
SEND001797,CMP06,Autumn Edit,C00974,ads,Discover this season's useful upgrades.,2025-10-23,false,false
SEND001798,CMP05,Back to Routine,C00762,email,Get back into your everyday rhythm.,2025-09-28,true,false
SEND001799,CMP03,Member Picks,C00218,email,Popular picks selected for you.,2025-06-12,false,false
SEND001800,CMP02,Spring Refresh,C00727,ads,Refresh your routine for spring.,2025-04-04,false,false
SEND001801,CMP07,Early Holiday,C00794,email,A head start on thoughtful gifting.,2025-11-30,false,false
SEND001802,CMP02,Spring Refresh,C00928,ads,Refresh your routine for spring.,2025-03-25,false,false
SEND001803,CMP02,Spring Refresh,C00364,ads,Refresh your routine for spring.,2025-04-30,false,false
SEND001804,CMP01,New Year Reset,C00416,email,Start fresh with practical favorites.,2025-02-17,false,false
SEND001805,CMP06,Autumn Edit,C00727,ads,Discover this season's useful upgrades.,2025-10-14,false,true
SEND001806,CMP04,Summer Essentials,C00276,ads,Simple essentials for warmer days.,2025-08-27,false,false
SEND001807,CMP07,Early Holiday,C00160,email,A head start on thoughtful gifting.,2025-11-07,false,false
SEND001808,CMP03,Member Picks,C00280,email,Popular picks selected for you.,2025-05-12,false,false
SEND001809,CMP02,Spring Refresh,C00662,ads,Refresh your routine for spring.,2025-04-21,false,false
SEND001810,CMP01,New Year Reset,C00095,email,Start fresh with practical favorites.,2025-02-28,false,false
SEND001811,CMP03,Member Picks,C00033,email,Popular picks selected for you.,2025-06-07,false,false
SEND001812,CMP04,Summer Essentials,C00519,ads,Simple essentials for warmer days.,2025-07-01,true,false
SEND001813,CMP06,Autumn Edit,C00979,ads,Discover this season's useful upgrades.,2025-09-06,false,false
SEND001814,CMP05,Back to Routine,C00689,email,Get back into your everyday rhythm.,2025-08-15,false,false
SEND001815,CMP02,Spring Refresh,C00648,ads,Refresh your routine for spring.,2025-04-27,false,false
SEND001816,CMP08,Holiday Highlights,C00268,ads,Explore customer favorites this holiday.,2025-12-11,false,false
SEND001817,CMP03,Member Picks,C00249,email,Popular picks selected for you.,2025-05-21,false,false
SEND001818,CMP03,Member Picks,C00145,email,Popular picks selected for you.,2025-05-03,false,false
SEND001819,CMP05,Back to Routine,C00924,email,Get back into your everyday rhythm.,2025-08-22,false,false
SEND001820,CMP06,Autumn Edit,C00311,ads,Discover this season's useful upgrades.,2025-09-30,false,false
SEND001821,CMP02,Spring Refresh,C00103,ads,Refresh your routine for spring.,2025-03-28,false,false
SEND001822,CMP05,Back to Routine,C00110,email,Get back into your everyday rhythm.,2025-08-21,false,false
SEND001823,CMP07,Early Holiday,C00530,email,A head start on thoughtful gifting.,2025-11-04,false,false
SEND001824,CMP07,Early Holiday,C00084,email,A head start on thoughtful gifting.,2025-11-04,true,false
SEND001825,CMP01,New Year Reset,C00699,email,Start fresh with practical favorites.,2025-01-31,false,false
SEND001826,CMP03,Member Picks,C00081,email,Popular picks selected for you.,2025-06-01,false,false
SEND001827,CMP06,Autumn Edit,C00875,ads,Discover this season's useful upgrades.,2025-09-16,false,false
SEND001828,CMP05,Back to Routine,C00785,email,Get back into your everyday rhythm.,2025-09-24,false,false
SEND001829,CMP07,Early Holiday,C00609,email,A head start on thoughtful gifting.,2025-11-15,false,false
SEND001830,CMP04,Summer Essentials,C00174,ads,Simple essentials for warmer days.,2025-06-09,false,false
SEND001831,CMP08,Holiday Highlights,C00566,ads,Explore customer favorites this holiday.,2025-11-21,false,false
SEND001832,CMP05,Back to Routine,C00988,email,Get back into your everyday rhythm.,2025-08-01,false,false
SEND001833,CMP06,Autumn Edit,C00373,ads,Discover this season's useful upgrades.,2025-09-16,false,false
SEND001834,CMP07,Early Holiday,C00267,email,A head start on thoughtful gifting.,2025-11-27,true,false
SEND001835,CMP05,Back to Routine,C00751,email,Get back into your everyday rhythm.,2025-08-04,false,false
SEND001836,CMP05,Back to Routine,C00345,email,Get back into your everyday rhythm.,2025-08-23,false,false
SEND001837,CMP05,Back to Routine,C00092,email,Get back into your everyday rhythm.,2025-08-09,false,false
SEND001838,CMP07,Early Holiday,C00202,email,A head start on thoughtful gifting.,2025-11-22,false,false
SEND001839,CMP03,Member Picks,C00520,email,Popular picks selected for you.,2025-05-13,false,false
SEND001840,CMP04,Summer Essentials,C00498,ads,Simple essentials for warmer days.,2025-07-10,false,false
SEND001841,CMP02,Spring Refresh,C00633,ads,Refresh your routine for spring.,2025-04-25,false,false
SEND001842,CMP07,Early Holiday,C00371,email,A head start on thoughtful gifting.,2025-11-23,false,false
SEND001843,CMP05,Back to Routine,C00715,email,Get back into your everyday rhythm.,2025-08-15,false,false
SEND001844,CMP02,Spring Refresh,C00510,ads,Refresh your routine for spring.,2025-03-05,false,false
SEND001845,CMP06,Autumn Edit,C00218,ads,Discover this season's useful upgrades.,2025-10-09,false,false
SEND001846,CMP01,New Year Reset,C00379,email,Start fresh with practical favorites.,2025-01-28,false,false
SEND001847,CMP05,Back to Routine,C00132,email,Get back into your everyday rhythm.,2025-09-04,false,false
SEND001848,CMP03,Member Picks,C00473,email,Popular picks selected for you.,2025-06-03,false,false
SEND001849,CMP05,Back to Routine,C00210,email,Get back into your everyday rhythm.,2025-09-28,false,false
SEND001850,CMP02,Spring Refresh,C00163,ads,Refresh your routine for spring.,2025-03-23,false,true
SEND001851,CMP08,Holiday Highlights,C00412,ads,Explore customer favorites this holiday.,2025-12-24,false,false
SEND001852,CMP08,Holiday Highlights,C00370,ads,Explore customer favorites this holiday.,2025-11-17,true,true
SEND001853,CMP08,Holiday Highlights,C00686,ads,Explore customer favorites this holiday.,2025-12-11,false,false
SEND001854,CMP08,Holiday Highlights,C00258,ads,Explore customer favorites this holiday.,2025-11-28,false,false
SEND001855,CMP08,Holiday Highlights,C00464,ads,Explore customer favorites this holiday.,2025-12-07,false,false
SEND001856,CMP01,New Year Reset,C00597,email,Start fresh with practical favorites.,2025-01-26,false,false
SEND001857,CMP05,Back to Routine,C00637,email,Get back into your everyday rhythm.,2025-08-02,false,false
SEND001858,CMP07,Early Holiday,C00825,email,A head start on thoughtful gifting.,2025-11-04,true,false
SEND001859,CMP01,New Year Reset,C00512,email,Start fresh with practical favorites.,2025-02-02,false,false
SEND001860,CMP02,Spring Refresh,C00326,ads,Refresh your routine for spring.,2025-04-18,false,false
SEND001861,CMP01,New Year Reset,C00365,email,Start fresh with practical favorites.,2025-01-05,true,false
SEND001862,CMP08,Holiday Highlights,C00849,ads,Explore customer favorites this holiday.,2025-11-12,true,false
SEND001863,CMP04,Summer Essentials,C00130,ads,Simple essentials for warmer days.,2025-08-01,false,false
SEND001864,CMP08,Holiday Highlights,C00938,ads,Explore customer favorites this holiday.,2025-11-23,false,false
SEND001865,CMP05,Back to Routine,C00290,email,Get back into your everyday rhythm.,2025-08-09,false,false
SEND001866,CMP05,Back to Routine,C00796,email,Get back into your everyday rhythm.,2025-09-26,false,false
SEND001867,CMP05,Back to Routine,C00213,email,Get back into your everyday rhythm.,2025-09-05,true,true
SEND001868,CMP02,Spring Refresh,C00043,ads,Refresh your routine for spring.,2025-03-28,false,false
SEND001869,CMP05,Back to Routine,C00879,email,Get back into your everyday rhythm.,2025-09-21,false,false
SEND001870,CMP05,Back to Routine,C00896,email,Get back into your everyday rhythm.,2025-09-29,false,false
SEND001871,CMP04,Summer Essentials,C00641,ads,Simple essentials for warmer days.,2025-06-27,false,false
SEND001872,CMP01,New Year Reset,C00646,email,Start fresh with practical favorites.,2025-02-18,false,false
SEND001873,CMP03,Member Picks,C00838,email,Popular picks selected for you.,2025-06-23,false,false
SEND001874,CMP01,New Year Reset,C00393,email,Start fresh with practical favorites.,2025-02-26,false,false
SEND001875,CMP07,Early Holiday,C00541,email,A head start on thoughtful gifting.,2025-11-15,false,false
SEND001876,CMP01,New Year Reset,C00825,email,Start fresh with practical favorites.,2025-02-04,false,false
SEND001877,CMP04,Summer Essentials,C00941,ads,Simple essentials for warmer days.,2025-07-22,false,false
SEND001878,CMP06,Autumn Edit,C00144,ads,Discover this season's useful upgrades.,2025-09-29,false,false
SEND001879,CMP02,Spring Refresh,C00277,ads,Refresh your routine for spring.,2025-04-27,false,false
SEND001880,CMP08,Holiday Highlights,C00800,ads,Explore customer favorites this holiday.,2025-12-15,false,false
SEND001881,CMP03,Member Picks,C00402,email,Popular picks selected for you.,2025-05-20,false,false
SEND001882,CMP03,Member Picks,C00992,email,Popular picks selected for you.,2025-05-04,false,false
SEND001883,CMP01,New Year Reset,C00329,email,Start fresh with practical favorites.,2025-02-08,false,false
SEND001884,CMP08,Holiday Highlights,C00374,ads,Explore customer favorites this holiday.,2025-11-09,false,false
SEND001885,CMP02,Spring Refresh,C00591,ads,Refresh your routine for spring.,2025-03-02,false,false
SEND001886,CMP03,Member Picks,C00533,email,Popular picks selected for you.,2025-05-29,false,false
SEND001887,CMP01,New Year Reset,C00303,email,Start fresh with practical favorites.,2025-02-24,false,false
SEND001888,CMP03,Member Picks,C00589,email,Popular picks selected for you.,2025-05-16,false,false
SEND001889,CMP01,New Year Reset,C00187,email,Start fresh with practical favorites.,2025-01-05,false,false
SEND001890,CMP06,Autumn Edit,C00926,ads,Discover this season's useful upgrades.,2025-10-14,false,false
SEND001891,CMP03,Member Picks,C00609,email,Popular picks selected for you.,2025-05-01,true,false
SEND001892,CMP08,Holiday Highlights,C00708,ads,Explore customer favorites this holiday.,2025-11-01,false,false
SEND001893,CMP08,Holiday Highlights,C00463,ads,Explore customer favorites this holiday.,2025-11-22,true,false
SEND001894,CMP04,Summer Essentials,C00919,ads,Simple essentials for warmer days.,2025-08-13,false,true
SEND001895,CMP02,Spring Refresh,C00281,ads,Refresh your routine for spring.,2025-04-16,false,false
SEND001896,CMP03,Member Picks,C00057,email,Popular picks selected for you.,2025-06-28,false,false
SEND001897,CMP08,Holiday Highlights,C00853,ads,Explore customer favorites this holiday.,2025-11-21,false,false
SEND001898,CMP01,New Year Reset,C00475,email,Start fresh with practical favorites.,2025-02-11,false,false
SEND001899,CMP04,Summer Essentials,C00671,ads,Simple essentials for warmer days.,2025-06-27,false,false
SEND001900,CMP07,Early Holiday,C00397,email,A head start on thoughtful gifting.,2025-11-14,false,false
SEND001901,CMP05,Back to Routine,C00501,email,Get back into your everyday rhythm.,2025-08-27,false,false
SEND001902,CMP06,Autumn Edit,C00912,ads,Discover this season's useful upgrades.,2025-10-06,false,false
SEND001903,CMP07,Early Holiday,C00359,email,A head start on thoughtful gifting.,2025-11-06,false,false
SEND001904,CMP01,New Year Reset,C00866,email,Start fresh with practical favorites.,2025-02-07,false,false
SEND001905,CMP08,Holiday Highlights,C00306,ads,Explore customer favorites this holiday.,2025-11-24,false,false
SEND001906,CMP03,Member Picks,C00463,email,Popular picks selected for you.,2025-05-23,false,false
SEND001907,CMP05,Back to Routine,C00439,email,Get back into your everyday rhythm.,2025-09-01,false,false
SEND001908,CMP08,Holiday Highlights,C00509,ads,Explore customer favorites this holiday.,2025-12-17,false,false
SEND001909,CMP01,New Year Reset,C00852,email,Start fresh with practical favorites.,2025-01-26,false,false
SEND001910,CMP06,Autumn Edit,C00886,ads,Discover this season's useful upgrades.,2025-09-05,false,false
SEND001911,CMP06,Autumn Edit,C00895,ads,Discover this season's useful upgrades.,2025-09-27,true,false
SEND001912,CMP08,Holiday Highlights,C00387,ads,Explore customer favorites this holiday.,2025-12-10,false,false
SEND001913,CMP07,Early Holiday,C00307,email,A head start on thoughtful gifting.,2025-11-14,false,false
SEND001914,CMP03,Member Picks,C00722,email,Popular picks selected for you.,2025-06-02,false,false
SEND001915,CMP06,Autumn Edit,C00476,ads,Discover this season's useful upgrades.,2025-09-01,false,false
SEND001916,CMP03,Member Picks,C00162,email,Popular picks selected for you.,2025-05-22,false,false
SEND001917,CMP03,Member Picks,C00013,email,Popular picks selected for you.,2025-06-07,false,false
SEND001918,CMP03,Member Picks,C00900,email,Popular picks selected for you.,2025-06-27,false,false
SEND001919,CMP05,Back to Routine,C00893,email,Get back into your everyday rhythm.,2025-09-02,false,false
SEND001920,CMP02,Spring Refresh,C00687,ads,Refresh your routine for spring.,2025-03-09,false,false
SEND001921,CMP04,Summer Essentials,C00574,ads,Simple essentials for warmer days.,2025-08-09,false,false
SEND001922,CMP05,Back to Routine,C00513,email,Get back into your everyday rhythm.,2025-09-06,false,false
SEND001923,CMP07,Early Holiday,C00069,email,A head start on thoughtful gifting.,2025-11-19,false,false
SEND001924,CMP06,Autumn Edit,C00615,ads,Discover this season's useful upgrades.,2025-09-10,false,false
SEND001925,CMP01,New Year Reset,C00133,email,Start fresh with practical favorites.,2025-02-06,true,false
SEND001926,CMP08,Holiday Highlights,C00773,ads,Explore customer favorites this holiday.,2025-11-16,true,false
SEND001927,CMP04,Summer Essentials,C00245,ads,Simple essentials for warmer days.,2025-07-25,false,false
SEND001928,CMP01,New Year Reset,C00892,email,Start fresh with practical favorites.,2025-01-21,false,false
SEND001929,CMP07,Early Holiday,C00770,email,A head start on thoughtful gifting.,2025-11-21,false,false
SEND001930,CMP01,New Year Reset,C00276,email,Start fresh with practical favorites.,2025-01-02,false,false
SEND001931,CMP05,Back to Routine,C00213,email,Get back into your everyday rhythm.,2025-09-28,false,false
SEND001932,CMP01,New Year Reset,C00092,email,Start fresh with practical favorites.,2025-02-15,true,false
SEND001933,CMP03,Member Picks,C00092,email,Popular picks selected for you.,2025-06-04,false,false
SEND001934,CMP08,Holiday Highlights,C00854,ads,Explore customer favorites this holiday.,2025-12-06,false,false
SEND001935,CMP06,Autumn Edit,C00123,ads,Discover this season's useful upgrades.,2025-10-27,true,false
SEND001936,CMP08,Holiday Highlights,C00459,ads,Explore customer favorites this holiday.,2025-11-01,false,false
SEND001937,CMP01,New Year Reset,C00389,email,Start fresh with practical favorites.,2025-02-24,true,false
SEND001938,CMP04,Summer Essentials,C00116,ads,Simple essentials for warmer days.,2025-07-17,false,false
SEND001939,CMP04,Summer Essentials,C00570,ads,Simple essentials for warmer days.,2025-07-19,false,false
SEND001940,CMP06,Autumn Edit,C00850,ads,Discover this season's useful upgrades.,2025-10-05,false,false
SEND001941,CMP03,Member Picks,C00598,email,Popular picks selected for you.,2025-06-26,false,false
SEND001942,CMP05,Back to Routine,C00398,email,Get back into your everyday rhythm.,2025-09-08,false,false
SEND001943,CMP07,Early Holiday,C00510,email,A head start on thoughtful gifting.,2025-11-04,false,false
SEND001944,CMP03,Member Picks,C00674,email,Popular picks selected for you.,2025-05-02,false,false
SEND001945,CMP07,Early Holiday,C00726,email,A head start on thoughtful gifting.,2025-11-19,false,false
SEND001946,CMP05,Back to Routine,C00616,email,Get back into your everyday rhythm.,2025-09-26,false,false
SEND001947,CMP08,Holiday Highlights,C00210,ads,Explore customer favorites this holiday.,2025-11-23,false,false
SEND001948,CMP04,Summer Essentials,C00088,ads,Simple essentials for warmer days.,2025-08-09,false,false
SEND001949,CMP02,Spring Refresh,C00116,ads,Refresh your routine for spring.,2025-04-10,false,false
SEND001950,CMP04,Summer Essentials,C00739,ads,Simple essentials for warmer days.,2025-06-30,false,false
SEND001951,CMP04,Summer Essentials,C00214,ads,Simple essentials for warmer days.,2025-06-13,false,false
SEND001952,CMP08,Holiday Highlights,C00013,ads,Explore customer favorites this holiday.,2025-12-27,true,false
SEND001953,CMP07,Early Holiday,C00617,email,A head start on thoughtful gifting.,2025-11-08,false,false
SEND001954,CMP02,Spring Refresh,C00042,ads,Refresh your routine for spring.,2025-03-13,false,false
SEND001955,CMP03,Member Picks,C00961,email,Popular picks selected for you.,2025-05-12,false,false
SEND001956,CMP04,Summer Essentials,C00734,ads,Simple essentials for warmer days.,2025-07-11,false,false
SEND001957,CMP07,Early Holiday,C00101,email,A head start on thoughtful gifting.,2025-11-29,false,false
SEND001958,CMP05,Back to Routine,C00821,email,Get back into your everyday rhythm.,2025-08-10,false,true
SEND001959,CMP03,Member Picks,C00721,email,Popular picks selected for you.,2025-06-02,false,false
SEND001960,CMP02,Spring Refresh,C00724,ads,Refresh your routine for spring.,2025-04-04,false,false
SEND001961,CMP02,Spring Refresh,C00642,ads,Refresh your routine for spring.,2025-03-16,false,false
SEND001962,CMP01,New Year Reset,C00912,email,Start fresh with practical favorites.,2025-02-23,false,false
SEND001963,CMP02,Spring Refresh,C00827,ads,Refresh your routine for spring.,2025-04-01,false,false
SEND001964,CMP03,Member Picks,C00419,email,Popular picks selected for you.,2025-06-18,true,false
SEND001965,CMP08,Holiday Highlights,C00628,ads,Explore customer favorites this holiday.,2025-12-10,false,false
SEND001966,CMP07,Early Holiday,C00095,email,A head start on thoughtful gifting.,2025-11-15,true,false
SEND001967,CMP02,Spring Refresh,C00968,ads,Refresh your routine for spring.,2025-04-22,true,false
SEND001968,CMP05,Back to Routine,C00444,email,Get back into your everyday rhythm.,2025-09-16,false,false
SEND001969,CMP03,Member Picks,C00849,email,Popular picks selected for you.,2025-05-08,false,false
SEND001970,CMP02,Spring Refresh,C00875,ads,Refresh your routine for spring.,2025-03-07,false,false
SEND001971,CMP06,Autumn Edit,C00706,ads,Discover this season's useful upgrades.,2025-09-02,false,false
SEND001972,CMP05,Back to Routine,C00293,email,Get back into your everyday rhythm.,2025-08-23,false,false
SEND001973,CMP03,Member Picks,C00450,email,Popular picks selected for you.,2025-05-23,false,false
SEND001974,CMP08,Holiday Highlights,C00296,ads,Explore customer favorites this holiday.,2025-11-17,false,false
SEND001975,CMP06,Autumn Edit,C00857,ads,Discover this season's useful upgrades.,2025-09-27,false,false
SEND001976,CMP06,Autumn Edit,C00394,ads,Discover this season's useful upgrades.,2025-09-07,false,false
SEND001977,CMP08,Holiday Highlights,C00372,ads,Explore customer favorites this holiday.,2025-11-20,false,false
SEND001978,CMP07,Early Holiday,C00138,email,A head start on thoughtful gifting.,2025-11-10,false,false
SEND001979,CMP01,New Year Reset,C00917,email,Start fresh with practical favorites.,2025-01-17,true,false
SEND001980,CMP04,Summer Essentials,C00079,ads,Simple essentials for warmer days.,2025-08-16,false,false
SEND001981,CMP06,Autumn Edit,C00512,ads,Discover this season's useful upgrades.,2025-09-17,false,false
SEND001982,CMP08,Holiday Highlights,C00136,ads,Explore customer favorites this holiday.,2025-12-18,false,false
SEND001983,CMP03,Member Picks,C00119,email,Popular picks selected for you.,2025-05-21,false,false
SEND001984,CMP04,Summer Essentials,C00540,ads,Simple essentials for warmer days.,2025-07-06,false,false
SEND001985,CMP08,Holiday Highlights,C00999,ads,Explore customer favorites this holiday.,2025-12-29,false,false
SEND001986,CMP04,Summer Essentials,C00354,ads,Simple essentials for warmer days.,2025-08-01,false,false
SEND001987,CMP08,Holiday Highlights,C00241,ads,Explore customer favorites this holiday.,2025-12-31,false,false
SEND001988,CMP06,Autumn Edit,C00001,ads,Discover this season's useful upgrades.,2025-10-29,false,false
SEND001989,CMP03,Member Picks,C00952,email,Popular picks selected for you.,2025-05-27,false,false
SEND001990,CMP06,Autumn Edit,C00820,ads,Discover this season's useful upgrades.,2025-10-27,true,false
SEND001991,CMP02,Spring Refresh,C00578,ads,Refresh your routine for spring.,2025-04-03,true,false
SEND001992,CMP02,Spring Refresh,C00186,ads,Refresh your routine for spring.,2025-04-01,false,false
SEND001993,CMP01,New Year Reset,C00658,email,Start fresh with practical favorites.,2025-01-27,false,false
SEND001994,CMP06,Autumn Edit,C00915,ads,Discover this season's useful upgrades.,2025-09-22,false,false
SEND001995,CMP02,Spring Refresh,C00465,ads,Refresh your routine for spring.,2025-04-19,false,false
SEND001996,CMP04,Summer Essentials,C00948,ads,Simple essentials for warmer days.,2025-06-24,false,false
SEND001997,CMP01,New Year Reset,C00791,email,Start fresh with practical favorites.,2025-02-25,false,false
SEND001998,CMP04,Summer Essentials,C00471,ads,Simple essentials for warmer days.,2025-06-15,false,false
SEND001999,CMP08,Holiday Highlights,C00674,ads,Explore customer favorites this holiday.,2025-12-19,false,false
SEND002000,CMP01,New Year Reset,C00587,email,Start fresh with practical favorites.,2025-02-01,true,true
SEND002001,CMP07,Early Holiday,C00508,email,A head start on thoughtful gifting.,2025-11-30,true,false
SEND002002,CMP03,Member Picks,C00583,email,Popular picks selected for you.,2025-05-31,false,false
SEND002003,CMP01,New Year Reset,C00181,email,Start fresh with practical favorites.,2025-01-29,false,false
SEND002004,CMP04,Summer Essentials,C00836,ads,Simple essentials for warmer days.,2025-06-11,false,false
SEND002005,CMP02,Spring Refresh,C00366,ads,Refresh your routine for spring.,2025-03-28,false,false
SEND002006,CMP01,New Year Reset,C00548,email,Start fresh with practical favorites.,2025-01-04,false,false
SEND002007,CMP07,Early Holiday,C00449,email,A head start on thoughtful gifting.,2025-11-02,false,false
SEND002008,CMP08,Holiday Highlights,C00348,ads,Explore customer favorites this holiday.,2025-11-24,false,false
SEND002009,CMP06,Autumn Edit,C00421,ads,Discover this season's useful upgrades.,2025-10-01,false,false
SEND002010,CMP04,Summer Essentials,C00659,ads,Simple essentials for warmer days.,2025-08-10,false,false
SEND002011,CMP05,Back to Routine,C00094,email,Get back into your everyday rhythm.,2025-09-21,false,false
SEND002012,CMP03,Member Picks,C00049,email,Popular picks selected for you.,2025-05-07,false,false
SEND002013,CMP08,Holiday Highlights,C00199,ads,Explore customer favorites this holiday.,2025-11-09,true,false
SEND002014,CMP01,New Year Reset,C00957,email,Start fresh with practical favorites.,2025-02-17,false,true
SEND002015,CMP03,Member Picks,C00390,email,Popular picks selected for you.,2025-05-15,false,false
SEND002016,CMP03,Member Picks,C00302,email,Popular picks selected for you.,2025-06-13,false,false
SEND002017,CMP07,Early Holiday,C00289,email,A head start on thoughtful gifting.,2025-11-11,false,false
SEND002018,CMP02,Spring Refresh,C00228,ads,Refresh your routine for spring.,2025-03-28,false,false
SEND002019,CMP01,New Year Reset,C00863,email,Start fresh with practical favorites.,2025-01-14,false,false
SEND002020,CMP05,Back to Routine,C00911,email,Get back into your everyday rhythm.,2025-08-11,false,false
SEND002021,CMP07,Early Holiday,C00448,email,A head start on thoughtful gifting.,2025-11-15,false,false
SEND002022,CMP08,Holiday Highlights,C00715,ads,Explore customer favorites this holiday.,2025-11-25,false,true
SEND002023,CMP06,Autumn Edit,C00825,ads,Discover this season's useful upgrades.,2025-10-19,false,false
SEND002024,CMP01,New Year Reset,C00175,email,Start fresh with practical favorites.,2025-01-24,false,false
SEND002025,CMP08,Holiday Highlights,C00296,ads,Explore customer favorites this holiday.,2025-12-05,false,false
SEND002026,CMP07,Early Holiday,C00966,email,A head start on thoughtful gifting.,2025-11-02,false,false
SEND002027,CMP08,Holiday Highlights,C00638,ads,Explore customer favorites this holiday.,2025-12-29,true,true
SEND002028,CMP06,Autumn Edit,C00390,ads,Discover this season's useful upgrades.,2025-09-16,false,false
SEND002029,CMP06,Autumn Edit,C00099,ads,Discover this season's useful upgrades.,2025-09-18,false,true
SEND002030,CMP05,Back to Routine,C00760,email,Get back into your everyday rhythm.,2025-08-14,false,false
SEND002031,CMP07,Early Holiday,C00538,email,A head start on thoughtful gifting.,2025-11-27,false,false
SEND002032,CMP06,Autumn Edit,C00736,ads,Discover this season's useful upgrades.,2025-10-28,false,false
SEND002033,CMP06,Autumn Edit,C00268,ads,Discover this season's useful upgrades.,2025-09-17,false,false
SEND002034,CMP08,Holiday Highlights,C00579,ads,Explore customer favorites this holiday.,2025-11-17,false,false
SEND002035,CMP01,New Year Reset,C00664,email,Start fresh with practical favorites.,2025-02-16,false,false
SEND002036,CMP06,Autumn Edit,C00489,ads,Discover this season's useful upgrades.,2025-09-26,false,false
SEND002037,CMP01,New Year Reset,C00336,email,Start fresh with practical favorites.,2025-02-21,false,false
SEND002038,CMP08,Holiday Highlights,C00442,ads,Explore customer favorites this holiday.,2025-12-30,false,false
SEND002039,CMP01,New Year Reset,C00342,email,Start fresh with practical favorites.,2025-02-04,false,false
SEND002040,CMP05,Back to Routine,C00908,email,Get back into your everyday rhythm.,2025-08-24,false,false
SEND002041,CMP03,Member Picks,C00696,email,Popular picks selected for you.,2025-06-21,false,false
SEND002042,CMP03,Member Picks,C00632,email,Popular picks selected for you.,2025-05-30,false,true
SEND002043,CMP03,Member Picks,C00009,email,Popular picks selected for you.,2025-06-16,false,false
SEND002044,CMP04,Summer Essentials,C00395,ads,Simple essentials for warmer days.,2025-07-11,false,false
SEND002045,CMP06,Autumn Edit,C00057,ads,Discover this season's useful upgrades.,2025-09-14,true,false
SEND002046,CMP01,New Year Reset,C00227,email,Start fresh with practical favorites.,2025-01-05,false,false
SEND002047,CMP08,Holiday Highlights,C00637,ads,Explore customer favorites this holiday.,2025-11-11,false,false
SEND002048,CMP04,Summer Essentials,C00059,ads,Simple essentials for warmer days.,2025-07-25,false,false
SEND002049,CMP04,Summer Essentials,C00738,ads,Simple essentials for warmer days.,2025-06-20,false,false
SEND002050,CMP01,New Year Reset,C00273,email,Start fresh with practical favorites.,2025-01-05,false,false
SEND002051,CMP04,Summer Essentials,C00769,ads,Simple essentials for warmer days.,2025-08-30,false,false
SEND002052,CMP08,Holiday Highlights,C00854,ads,Explore customer favorites this holiday.,2025-12-08,false,false
SEND002053,CMP02,Spring Refresh,C00222,ads,Refresh your routine for spring.,2025-03-27,false,false
SEND002054,CMP05,Back to Routine,C00503,email,Get back into your everyday rhythm.,2025-08-27,true,false
SEND002055,CMP08,Holiday Highlights,C00624,ads,Explore customer favorites this holiday.,2025-12-01,true,true
SEND002056,CMP04,Summer Essentials,C00526,ads,Simple essentials for warmer days.,2025-06-17,false,false
SEND002057,CMP02,Spring Refresh,C00888,ads,Refresh your routine for spring.,2025-04-04,true,false
SEND002058,CMP08,Holiday Highlights,C00250,ads,Explore customer favorites this holiday.,2025-11-03,true,true
SEND002059,CMP03,Member Picks,C00154,email,Popular picks selected for you.,2025-05-09,false,false
SEND002060,CMP01,New Year Reset,C00895,email,Start fresh with practical favorites.,2025-01-21,false,false
SEND002061,CMP02,Spring Refresh,C00079,ads,Refresh your routine for spring.,2025-04-16,false,false
SEND002062,CMP07,Early Holiday,C00006,email,A head start on thoughtful gifting.,2025-11-30,false,false
SEND002063,CMP02,Spring Refresh,C00041,ads,Refresh your routine for spring.,2025-03-19,true,false
SEND002064,CMP04,Summer Essentials,C00436,ads,Simple essentials for warmer days.,2025-06-23,false,false
SEND002065,CMP03,Member Picks,C00264,email,Popular picks selected for you.,2025-06-28,false,false
SEND002066,CMP07,Early Holiday,C00125,email,A head start on thoughtful gifting.,2025-11-15,true,true
SEND002067,CMP03,Member Picks,C00802,email,Popular picks selected for you.,2025-06-22,false,false
SEND002068,CMP06,Autumn Edit,C00324,ads,Discover this season's useful upgrades.,2025-09-03,false,false
SEND002069,CMP02,Spring Refresh,C00734,ads,Refresh your routine for spring.,2025-04-24,false,false
SEND002070,CMP05,Back to Routine,C00819,email,Get back into your everyday rhythm.,2025-09-10,false,false
SEND002071,CMP06,Autumn Edit,C00858,ads,Discover this season's useful upgrades.,2025-09-01,false,false
SEND002072,CMP03,Member Picks,C00786,email,Popular picks selected for you.,2025-05-27,false,false
SEND002073,CMP06,Autumn Edit,C00475,ads,Discover this season's useful upgrades.,2025-09-19,false,false
SEND002074,CMP03,Member Picks,C00199,email,Popular picks selected for you.,2025-05-01,false,false
SEND002075,CMP03,Member Picks,C00653,email,Popular picks selected for you.,2025-05-01,false,false
SEND002076,CMP08,Holiday Highlights,C00750,ads,Explore customer favorites this holiday.,2025-11-18,false,false
SEND002077,CMP01,New Year Reset,C00568,email,Start fresh with practical favorites.,2025-02-01,false,false
SEND002078,CMP07,Early Holiday,C00307,email,A head start on thoughtful gifting.,2025-11-08,false,false
SEND002079,CMP07,Early Holiday,C00460,email,A head start on thoughtful gifting.,2025-11-06,true,false
SEND002080,CMP07,Early Holiday,C00624,email,A head start on thoughtful gifting.,2025-11-21,false,false
SEND002081,CMP05,Back to Routine,C00043,email,Get back into your everyday rhythm.,2025-09-20,true,false
SEND002082,CMP06,Autumn Edit,C00610,ads,Discover this season's useful upgrades.,2025-10-26,false,false
SEND002083,CMP05,Back to Routine,C00272,email,Get back into your everyday rhythm.,2025-09-28,false,false
SEND002084,CMP08,Holiday Highlights,C00705,ads,Explore customer favorites this holiday.,2025-11-08,false,false
SEND002085,CMP03,Member Picks,C00217,email,Popular picks selected for you.,2025-06-03,false,false
SEND002086,CMP03,Member Picks,C00796,email,Popular picks selected for you.,2025-06-21,false,false
SEND002087,CMP05,Back to Routine,C00752,email,Get back into your everyday rhythm.,2025-08-09,false,false
SEND002088,CMP05,Back to Routine,C00439,email,Get back into your everyday rhythm.,2025-08-22,false,false
SEND002089,CMP01,New Year Reset,C00738,email,Start fresh with practical favorites.,2025-01-10,false,false
SEND002090,CMP05,Back to Routine,C00775,email,Get back into your everyday rhythm.,2025-08-23,false,false
SEND002091,CMP03,Member Picks,C00221,email,Popular picks selected for you.,2025-05-16,false,false
SEND002092,CMP07,Early Holiday,C00397,email,A head start on thoughtful gifting.,2025-11-17,false,false
SEND002093,CMP07,Early Holiday,C00987,email,A head start on thoughtful gifting.,2025-11-27,false,false
SEND002094,CMP03,Member Picks,C00650,email,Popular picks selected for you.,2025-06-12,false,false
SEND002095,CMP01,New Year Reset,C00561,email,Start fresh with practical favorites.,2025-01-08,false,false
SEND002096,CMP02,Spring Refresh,C00812,ads,Refresh your routine for spring.,2025-04-27,false,false
SEND002097,CMP02,Spring Refresh,C00319,ads,Refresh your routine for spring.,2025-03-08,false,false
SEND002098,CMP03,Member Picks,C00390,email,Popular picks selected for you.,2025-05-14,false,false
SEND002099,CMP06,Autumn Edit,C00116,ads,Discover this season's useful upgrades.,2025-10-05,false,true
SEND002100,CMP02,Spring Refresh,C00795,ads,Refresh your routine for spring.,2025-03-25,false,false
SEND002101,CMP08,Holiday Highlights,C00378,ads,Explore customer favorites this holiday.,2025-12-23,false,false
SEND002102,CMP06,Autumn Edit,C00822,ads,Discover this season's useful upgrades.,2025-09-05,false,false
SEND002103,CMP05,Back to Routine,C00032,email,Get back into your everyday rhythm.,2025-08-19,true,false
SEND002104,CMP01,New Year Reset,C00769,email,Start fresh with practical favorites.,2025-02-13,false,false
SEND002105,CMP04,Summer Essentials,C00423,ads,Simple essentials for warmer days.,2025-08-10,false,false
SEND002106,CMP03,Member Picks,C00957,email,Popular picks selected for you.,2025-06-25,false,false
SEND002107,CMP02,Spring Refresh,C00103,ads,Refresh your routine for spring.,2025-03-20,false,false
SEND002108,CMP08,Holiday Highlights,C00612,ads,Explore customer favorites this holiday.,2025-11-06,false,false
SEND002109,CMP05,Back to Routine,C00739,email,Get back into your everyday rhythm.,2025-08-09,true,false
SEND002110,CMP07,Early Holiday,C00264,email,A head start on thoughtful gifting.,2025-11-29,false,false
SEND002111,CMP02,Spring Refresh,C00927,ads,Refresh your routine for spring.,2025-03-27,false,false
SEND002112,CMP06,Autumn Edit,C00610,ads,Discover this season's useful upgrades.,2025-10-29,true,false
SEND002113,CMP04,Summer Essentials,C00266,ads,Simple essentials for warmer days.,2025-08-11,false,false
SEND002114,CMP08,Holiday Highlights,C00521,ads,Explore customer favorites this holiday.,2025-12-22,false,false
SEND002115,CMP03,Member Picks,C00935,email,Popular picks selected for you.,2025-05-12,false,false
SEND002116,CMP05,Back to Routine,C00746,email,Get back into your everyday rhythm.,2025-08-10,true,false
SEND002117,CMP02,Spring Refresh,C00410,ads,Refresh your routine for spring.,2025-03-08,false,false
SEND002118,CMP06,Autumn Edit,C00287,ads,Discover this season's useful upgrades.,2025-09-14,false,false
SEND002119,CMP07,Early Holiday,C00721,email,A head start on thoughtful gifting.,2025-11-13,false,false
SEND002120,CMP04,Summer Essentials,C00804,ads,Simple essentials for warmer days.,2025-07-01,false,false
SEND002121,CMP01,New Year Reset,C00009,email,Start fresh with practical favorites.,2025-02-17,false,false
SEND002122,CMP04,Summer Essentials,C00965,ads,Simple essentials for warmer days.,2025-08-16,false,false
SEND002123,CMP04,Summer Essentials,C00710,ads,Simple essentials for warmer days.,2025-07-29,false,false
SEND002124,CMP06,Autumn Edit,C00837,ads,Discover this season's useful upgrades.,2025-09-11,false,false
SEND002125,CMP04,Summer Essentials,C00126,ads,Simple essentials for warmer days.,2025-06-13,true,true
SEND002126,CMP04,Summer Essentials,C00244,ads,Simple essentials for warmer days.,2025-07-17,false,false
SEND002127,CMP03,Member Picks,C00648,email,Popular picks selected for you.,2025-05-08,false,false
SEND002128,CMP08,Holiday Highlights,C00567,ads,Explore customer favorites this holiday.,2025-12-27,true,false
SEND002129,CMP04,Summer Essentials,C00974,ads,Simple essentials for warmer days.,2025-07-15,false,false
SEND002130,CMP06,Autumn Edit,C00058,ads,Discover this season's useful upgrades.,2025-10-21,false,false
SEND002131,CMP07,Early Holiday,C00339,email,A head start on thoughtful gifting.,2025-11-06,false,false
SEND002132,CMP04,Summer Essentials,C00204,ads,Simple essentials for warmer days.,2025-06-16,false,false
SEND002133,CMP07,Early Holiday,C00145,email,A head start on thoughtful gifting.,2025-11-22,false,false
SEND002134,CMP08,Holiday Highlights,C00683,ads,Explore customer favorites this holiday.,2025-12-01,false,false
SEND002135,CMP01,New Year Reset,C00141,email,Start fresh with practical favorites.,2025-02-14,false,false
SEND002136,CMP07,Early Holiday,C00847,email,A head start on thoughtful gifting.,2025-11-13,true,true
SEND002137,CMP06,Autumn Edit,C00751,ads,Discover this season's useful upgrades.,2025-10-25,false,false
SEND002138,CMP07,Early Holiday,C00081,email,A head start on thoughtful gifting.,2025-11-10,false,false
SEND002139,CMP06,Autumn Edit,C00090,ads,Discover this season's useful upgrades.,2025-09-25,false,false
SEND002140,CMP07,Early Holiday,C00175,email,A head start on thoughtful gifting.,2025-11-24,true,false
SEND002141,CMP01,New Year Reset,C00673,email,Start fresh with practical favorites.,2025-02-15,false,false
SEND002142,CMP02,Spring Refresh,C00379,ads,Refresh your routine for spring.,2025-04-05,false,false
SEND002143,CMP06,Autumn Edit,C00839,ads,Discover this season's useful upgrades.,2025-09-26,false,false
SEND002144,CMP04,Summer Essentials,C00832,ads,Simple essentials for warmer days.,2025-08-19,false,false
SEND002145,CMP06,Autumn Edit,C00297,ads,Discover this season's useful upgrades.,2025-09-18,false,false
SEND002146,CMP06,Autumn Edit,C00300,ads,Discover this season's useful upgrades.,2025-10-23,false,false
SEND002147,CMP05,Back to Routine,C00943,email,Get back into your everyday rhythm.,2025-08-08,false,false
SEND002148,CMP06,Autumn Edit,C00845,ads,Discover this season's useful upgrades.,2025-10-26,false,false
SEND002149,CMP06,Autumn Edit,C00180,ads,Discover this season's useful upgrades.,2025-09-15,false,false
SEND002150,CMP06,Autumn Edit,C00041,ads,Discover this season's useful upgrades.,2025-09-30,false,false
SEND002151,CMP01,New Year Reset,C00896,email,Start fresh with practical favorites.,2025-01-30,false,false
SEND002152,CMP07,Early Holiday,C00468,email,A head start on thoughtful gifting.,2025-11-14,false,false
SEND002153,CMP06,Autumn Edit,C00020,ads,Discover this season's useful upgrades.,2025-10-16,false,false
SEND002154,CMP06,Autumn Edit,C00420,ads,Discover this season's useful upgrades.,2025-09-23,false,false
SEND002155,CMP08,Holiday Highlights,C00261,ads,Explore customer favorites this holiday.,2025-11-18,false,false
SEND002156,CMP01,New Year Reset,C00279,email,Start fresh with practical favorites.,2025-02-13,false,false
SEND002157,CMP04,Summer Essentials,C00528,ads,Simple essentials for warmer days.,2025-07-11,false,true
SEND002158,CMP03,Member Picks,C00069,email,Popular picks selected for you.,2025-05-01,false,false
SEND002159,CMP02,Spring Refresh,C00909,ads,Refresh your routine for spring.,2025-04-07,false,false
SEND002160,CMP02,Spring Refresh,C00084,ads,Refresh your routine for spring.,2025-04-02,false,false
SEND002161,CMP08,Holiday Highlights,C00977,ads,Explore customer favorites this holiday.,2025-12-27,true,true
SEND002162,CMP02,Spring Refresh,C00538,ads,Refresh your routine for spring.,2025-03-30,false,false
SEND002163,CMP07,Early Holiday,C00033,email,A head start on thoughtful gifting.,2025-11-23,false,false
SEND002164,CMP05,Back to Routine,C00135,email,Get back into your everyday rhythm.,2025-09-08,false,false
SEND002165,CMP02,Spring Refresh,C00173,ads,Refresh your routine for spring.,2025-04-28,false,false
SEND002166,CMP02,Spring Refresh,C00768,ads,Refresh your routine for spring.,2025-04-01,false,false
SEND002167,CMP08,Holiday Highlights,C00787,ads,Explore customer favorites this holiday.,2025-12-28,false,false
SEND002168,CMP08,Holiday Highlights,C00995,ads,Explore customer favorites this holiday.,2025-12-14,false,false
SEND002169,CMP04,Summer Essentials,C00632,ads,Simple essentials for warmer days.,2025-08-02,false,false
SEND002170,CMP06,Autumn Edit,C00131,ads,Discover this season's useful upgrades.,2025-09-28,false,false
SEND002171,CMP02,Spring Refresh,C00220,ads,Refresh your routine for spring.,2025-03-30,false,false
SEND002172,CMP07,Early Holiday,C00199,email,A head start on thoughtful gifting.,2025-11-06,false,false
SEND002173,CMP04,Summer Essentials,C00125,ads,Simple essentials for warmer days.,2025-07-13,false,false
SEND002174,CMP07,Early Holiday,C00319,email,A head start on thoughtful gifting.,2025-11-28,false,false
SEND002175,CMP05,Back to Routine,C00763,email,Get back into your everyday rhythm.,2025-08-28,false,false
SEND002176,CMP08,Holiday Highlights,C00528,ads,Explore customer favorites this holiday.,2025-11-14,false,false
SEND002177,CMP06,Autumn Edit,C00916,ads,Discover this season's useful upgrades.,2025-10-28,false,false
SEND002178,CMP01,New Year Reset,C00842,email,Start fresh with practical favorites.,2025-02-27,true,false
SEND002179,CMP05,Back to Routine,C00213,email,Get back into your everyday rhythm.,2025-09-18,false,false
SEND002180,CMP07,Early Holiday,C00331,email,A head start on thoughtful gifting.,2025-11-20,false,false
SEND002181,CMP05,Back to Routine,C00809,email,Get back into your everyday rhythm.,2025-08-19,false,false
SEND002182,CMP04,Summer Essentials,C00348,ads,Simple essentials for warmer days.,2025-08-22,false,false
SEND002183,CMP05,Back to Routine,C00255,email,Get back into your everyday rhythm.,2025-09-25,true,false
SEND002184,CMP03,Member Picks,C00919,email,Popular picks selected for you.,2025-06-09,false,false
SEND002185,CMP07,Early Holiday,C00860,email,A head start on thoughtful gifting.,2025-11-12,false,true
SEND002186,CMP08,Holiday Highlights,C00432,ads,Explore customer favorites this holiday.,2025-12-11,false,false
SEND002187,CMP08,Holiday Highlights,C00385,ads,Explore customer favorites this holiday.,2025-12-25,false,false
SEND002188,CMP05,Back to Routine,C00884,email,Get back into your everyday rhythm.,2025-08-13,false,false
SEND002189,CMP03,Member Picks,C00533,email,Popular picks selected for you.,2025-06-15,true,false
SEND002190,CMP04,Summer Essentials,C00037,ads,Simple essentials for warmer days.,2025-07-13,false,false
SEND002191,CMP08,Holiday Highlights,C00942,ads,Explore customer favorites this holiday.,2025-11-13,false,false
SEND002192,CMP02,Spring Refresh,C00217,ads,Refresh your routine for spring.,2025-04-12,false,false
SEND002193,CMP02,Spring Refresh,C00369,ads,Refresh your routine for spring.,2025-04-23,false,false
SEND002194,CMP08,Holiday Highlights,C00511,ads,Explore customer favorites this holiday.,2025-12-04,false,false
SEND002195,CMP08,Holiday Highlights,C00722,ads,Explore customer favorites this holiday.,2025-12-10,false,false
SEND002196,CMP05,Back to Routine,C00102,email,Get back into your everyday rhythm.,2025-09-25,false,false
SEND002197,CMP02,Spring Refresh,C00427,ads,Refresh your routine for spring.,2025-04-11,true,false
SEND002198,CMP03,Member Picks,C00963,email,Popular picks selected for you.,2025-06-21,false,false
SEND002199,CMP04,Summer Essentials,C00552,ads,Simple essentials for warmer days.,2025-06-18,false,false
SEND002200,CMP07,Early Holiday,C00878,email,A head start on thoughtful gifting.,2025-11-18,false,false
SEND002201,CMP01,New Year Reset,C00019,email,Start fresh with practical favorites.,2025-01-15,false,false
SEND002202,CMP01,New Year Reset,C00234,email,Start fresh with practical favorites.,2025-02-26,false,false
SEND002203,CMP01,New Year Reset,C00173,email,Start fresh with practical favorites.,2025-02-16,false,false
SEND002204,CMP04,Summer Essentials,C00229,ads,Simple essentials for warmer days.,2025-07-14,false,false
SEND002205,CMP04,Summer Essentials,C00055,ads,Simple essentials for warmer days.,2025-08-31,false,false
SEND002206,CMP05,Back to Routine,C00032,email,Get back into your everyday rhythm.,2025-09-20,false,false
SEND002207,CMP08,Holiday Highlights,C00605,ads,Explore customer favorites this holiday.,2025-11-04,false,false
SEND002208,CMP07,Early Holiday,C00455,email,A head start on thoughtful gifting.,2025-11-03,false,false
SEND002209,CMP02,Spring Refresh,C00156,ads,Refresh your routine for spring.,2025-04-30,false,false
SEND002210,CMP02,Spring Refresh,C00414,ads,Refresh your routine for spring.,2025-03-18,false,false
SEND002211,CMP04,Summer Essentials,C00957,ads,Simple essentials for warmer days.,2025-08-27,false,false
SEND002212,CMP06,Autumn Edit,C00601,ads,Discover this season's useful upgrades.,2025-09-16,true,false
SEND002213,CMP06,Autumn Edit,C00033,ads,Discover this season's useful upgrades.,2025-10-07,false,true
SEND002214,CMP05,Back to Routine,C00180,email,Get back into your everyday rhythm.,2025-08-07,false,false
SEND002215,CMP04,Summer Essentials,C00188,ads,Simple essentials for warmer days.,2025-08-02,false,false
SEND002216,CMP05,Back to Routine,C00153,email,Get back into your everyday rhythm.,2025-08-05,false,false
SEND002217,CMP08,Holiday Highlights,C00921,ads,Explore customer favorites this holiday.,2025-12-26,false,false
SEND002218,CMP08,Holiday Highlights,C00904,ads,Explore customer favorites this holiday.,2025-12-09,false,false
SEND002219,CMP03,Member Picks,C00746,email,Popular picks selected for you.,2025-06-30,false,false
SEND002220,CMP08,Holiday Highlights,C00140,ads,Explore customer favorites this holiday.,2025-12-28,false,false
SEND002221,CMP08,Holiday Highlights,C00089,ads,Explore customer favorites this holiday.,2025-12-20,true,false
SEND002222,CMP04,Summer Essentials,C00432,ads,Simple essentials for warmer days.,2025-06-11,false,false
SEND002223,CMP05,Back to Routine,C00957,email,Get back into your everyday rhythm.,2025-09-07,true,false
SEND002224,CMP06,Autumn Edit,C00998,ads,Discover this season's useful upgrades.,2025-09-06,false,false
SEND002225,CMP01,New Year Reset,C00496,email,Start fresh with practical favorites.,2025-01-28,false,false
SEND002226,CMP07,Early Holiday,C00520,email,A head start on thoughtful gifting.,2025-11-06,false,false
SEND002227,CMP08,Holiday Highlights,C00714,ads,Explore customer favorites this holiday.,2025-11-30,false,false
SEND002228,CMP04,Summer Essentials,C00590,ads,Simple essentials for warmer days.,2025-08-28,false,false
SEND002229,CMP08,Holiday Highlights,C00761,ads,Explore customer favorites this holiday.,2025-11-01,false,true
SEND002230,CMP03,Member Picks,C00131,email,Popular picks selected for you.,2025-06-11,false,false
SEND002231,CMP06,Autumn Edit,C00314,ads,Discover this season's useful upgrades.,2025-09-12,false,false
SEND002232,CMP01,New Year Reset,C00717,email,Start fresh with practical favorites.,2025-01-15,false,false
SEND002233,CMP05,Back to Routine,C00802,email,Get back into your everyday rhythm.,2025-08-28,false,false
SEND002234,CMP07,Early Holiday,C00090,email,A head start on thoughtful gifting.,2025-11-18,false,false
SEND002235,CMP05,Back to Routine,C00499,email,Get back into your everyday rhythm.,2025-09-08,false,false
SEND002236,CMP03,Member Picks,C00145,email,Popular picks selected for you.,2025-05-25,false,true
SEND002237,CMP04,Summer Essentials,C00702,ads,Simple essentials for warmer days.,2025-07-31,false,false
SEND002238,CMP05,Back to Routine,C00377,email,Get back into your everyday rhythm.,2025-08-21,false,false
SEND002239,CMP03,Member Picks,C00005,email,Popular picks selected for you.,2025-05-17,false,false
SEND002240,CMP04,Summer Essentials,C00115,ads,Simple essentials for warmer days.,2025-06-17,false,true
SEND002241,CMP03,Member Picks,C00078,email,Popular picks selected for you.,2025-05-11,false,false
SEND002242,CMP01,New Year Reset,C00749,email,Start fresh with practical favorites.,2025-02-06,false,false
SEND002243,CMP08,Holiday Highlights,C00660,ads,Explore customer favorites this holiday.,2025-11-15,false,false
SEND002244,CMP03,Member Picks,C00433,email,Popular picks selected for you.,2025-05-10,false,true
SEND002245,CMP03,Member Picks,C00569,email,Popular picks selected for you.,2025-06-21,false,false
SEND002246,CMP03,Member Picks,C00051,email,Popular picks selected for you.,2025-05-17,false,false
SEND002247,CMP05,Back to Routine,C00439,email,Get back into your everyday rhythm.,2025-08-08,false,false
SEND002248,CMP08,Holiday Highlights,C00399,ads,Explore customer favorites this holiday.,2025-12-09,false,false
SEND002249,CMP04,Summer Essentials,C00774,ads,Simple essentials for warmer days.,2025-07-02,false,false
SEND002250,CMP04,Summer Essentials,C00568,ads,Simple essentials for warmer days.,2025-08-10,false,false
SEND002251,CMP02,Spring Refresh,C00354,ads,Refresh your routine for spring.,2025-03-29,false,false
SEND002252,CMP07,Early Holiday,C00933,email,A head start on thoughtful gifting.,2025-11-12,false,false
SEND002253,CMP04,Summer Essentials,C00848,ads,Simple essentials for warmer days.,2025-08-01,false,false
SEND002254,CMP01,New Year Reset,C00117,email,Start fresh with practical favorites.,2025-01-25,false,false
SEND002255,CMP04,Summer Essentials,C00683,ads,Simple essentials for warmer days.,2025-06-27,false,false
SEND002256,CMP06,Autumn Edit,C00743,ads,Discover this season's useful upgrades.,2025-09-04,false,false
SEND002257,CMP07,Early Holiday,C00679,email,A head start on thoughtful gifting.,2025-11-06,false,false
SEND002258,CMP08,Holiday Highlights,C00759,ads,Explore customer favorites this holiday.,2025-12-22,false,false
SEND002259,CMP08,Holiday Highlights,C00235,ads,Explore customer favorites this holiday.,2025-11-05,true,false
SEND002260,CMP08,Holiday Highlights,C00591,ads,Explore customer favorites this holiday.,2025-11-17,false,false
SEND002261,CMP04,Summer Essentials,C00234,ads,Simple essentials for warmer days.,2025-06-05,false,false
SEND002262,CMP05,Back to Routine,C00162,email,Get back into your everyday rhythm.,2025-08-09,true,true
SEND002263,CMP08,Holiday Highlights,C00570,ads,Explore customer favorites this holiday.,2025-12-02,false,false
SEND002264,CMP02,Spring Refresh,C00621,ads,Refresh your routine for spring.,2025-04-09,false,false
SEND002265,CMP05,Back to Routine,C00595,email,Get back into your everyday rhythm.,2025-08-02,false,false
SEND002266,CMP07,Early Holiday,C00479,email,A head start on thoughtful gifting.,2025-11-28,false,false
SEND002267,CMP06,Autumn Edit,C00407,ads,Discover this season's useful upgrades.,2025-09-03,false,false
SEND002268,CMP04,Summer Essentials,C00864,ads,Simple essentials for warmer days.,2025-08-05,false,false
SEND002269,CMP01,New Year Reset,C00009,email,Start fresh with practical favorites.,2025-02-07,false,false
SEND002270,CMP03,Member Picks,C00704,email,Popular picks selected for you.,2025-06-20,false,false
SEND002271,CMP01,New Year Reset,C00707,email,Start fresh with practical favorites.,2025-01-21,false,false
SEND002272,CMP04,Summer Essentials,C00479,ads,Simple essentials for warmer days.,2025-07-15,false,false
SEND002273,CMP06,Autumn Edit,C00975,ads,Discover this season's useful upgrades.,2025-09-16,false,false
SEND002274,CMP01,New Year Reset,C00733,email,Start fresh with practical favorites.,2025-02-01,false,false
SEND002275,CMP03,Member Picks,C00146,email,Popular picks selected for you.,2025-05-11,false,false
SEND002276,CMP02,Spring Refresh,C00692,ads,Refresh your routine for spring.,2025-04-18,false,true
SEND002277,CMP08,Holiday Highlights,C00152,ads,Explore customer favorites this holiday.,2025-11-01,false,false
SEND002278,CMP07,Early Holiday,C00488,email,A head start on thoughtful gifting.,2025-11-26,false,false
SEND002279,CMP04,Summer Essentials,C00448,ads,Simple essentials for warmer days.,2025-08-08,false,false
SEND002280,CMP07,Early Holiday,C00892,email,A head start on thoughtful gifting.,2025-11-21,true,false
SEND002281,CMP02,Spring Refresh,C00894,ads,Refresh your routine for spring.,2025-03-10,false,false
SEND002282,CMP01,New Year Reset,C00056,email,Start fresh with practical favorites.,2025-01-26,false,false
SEND002283,CMP06,Autumn Edit,C00357,ads,Discover this season's useful upgrades.,2025-10-04,false,false
SEND002284,CMP03,Member Picks,C00916,email,Popular picks selected for you.,2025-06-25,false,false
SEND002285,CMP03,Member Picks,C00347,email,Popular picks selected for you.,2025-05-14,false,false
SEND002286,CMP05,Back to Routine,C00630,email,Get back into your everyday rhythm.,2025-08-18,false,false
SEND002287,CMP02,Spring Refresh,C00383,ads,Refresh your routine for spring.,2025-04-28,false,false
SEND002288,CMP02,Spring Refresh,C00245,ads,Refresh your routine for spring.,2025-03-21,false,false
SEND002289,CMP07,Early Holiday,C00358,email,A head start on thoughtful gifting.,2025-11-20,true,false
SEND002290,CMP07,Early Holiday,C00214,email,A head start on thoughtful gifting.,2025-11-29,false,false
SEND002291,CMP05,Back to Routine,C00497,email,Get back into your everyday rhythm.,2025-08-03,false,false
SEND002292,CMP01,New Year Reset,C00196,email,Start fresh with practical favorites.,2025-02-13,false,false
SEND002293,CMP05,Back to Routine,C00071,email,Get back into your everyday rhythm.,2025-08-21,false,false
SEND002294,CMP07,Early Holiday,C00617,email,A head start on thoughtful gifting.,2025-11-05,false,false
SEND002295,CMP05,Back to Routine,C00192,email,Get back into your everyday rhythm.,2025-08-04,true,false
SEND002296,CMP01,New Year Reset,C00886,email,Start fresh with practical favorites.,2025-02-05,false,false
SEND002297,CMP01,New Year Reset,C00419,email,Start fresh with practical favorites.,2025-01-17,false,false
SEND002298,CMP06,Autumn Edit,C00432,ads,Discover this season's useful upgrades.,2025-09-17,false,false
SEND002299,CMP01,New Year Reset,C00985,email,Start fresh with practical favorites.,2025-02-08,false,false
SEND002300,CMP08,Holiday Highlights,C00316,ads,Explore customer favorites this holiday.,2025-11-05,false,false
SEND002301,CMP06,Autumn Edit,C00053,ads,Discover this season's useful upgrades.,2025-09-17,false,false
SEND002302,CMP03,Member Picks,C00390,email,Popular picks selected for you.,2025-05-15,false,false
SEND002303,CMP01,New Year Reset,C00402,email,Start fresh with practical favorites.,2025-02-07,false,false
SEND002304,CMP01,New Year Reset,C00370,email,Start fresh with practical favorites.,2025-02-24,false,false
SEND002305,CMP04,Summer Essentials,C00744,ads,Simple essentials for warmer days.,2025-07-13,false,false
SEND002306,CMP01,New Year Reset,C00857,email,Start fresh with practical favorites.,2025-02-24,false,false
SEND002307,CMP06,Autumn Edit,C00855,ads,Discover this season's useful upgrades.,2025-10-12,false,false
SEND002308,CMP04,Summer Essentials,C00589,ads,Simple essentials for warmer days.,2025-07-31,false,false
SEND002309,CMP08,Holiday Highlights,C00316,ads,Explore customer favorites this holiday.,2025-11-18,true,false
SEND002310,CMP04,Summer Essentials,C00722,ads,Simple essentials for warmer days.,2025-07-12,true,false
SEND002311,CMP07,Early Holiday,C00750,email,A head start on thoughtful gifting.,2025-11-26,false,false
SEND002312,CMP05,Back to Routine,C00929,email,Get back into your everyday rhythm.,2025-09-01,false,false
SEND002313,CMP04,Summer Essentials,C00692,ads,Simple essentials for warmer days.,2025-06-22,true,true
SEND002314,CMP07,Early Holiday,C00448,email,A head start on thoughtful gifting.,2025-11-25,false,false
SEND002315,CMP02,Spring Refresh,C00955,ads,Refresh your routine for spring.,2025-04-20,false,false
SEND002316,CMP04,Summer Essentials,C00551,ads,Simple essentials for warmer days.,2025-06-13,false,false
SEND002317,CMP01,New Year Reset,C00944,email,Start fresh with practical favorites.,2025-01-14,false,false
SEND002318,CMP08,Holiday Highlights,C00528,ads,Explore customer favorites this holiday.,2025-11-17,false,false
SEND002319,CMP07,Early Holiday,C00921,email,A head start on thoughtful gifting.,2025-11-14,true,false
SEND002320,CMP01,New Year Reset,C00568,email,Start fresh with practical favorites.,2025-01-03,false,false
SEND002321,CMP04,Summer Essentials,C00943,ads,Simple essentials for warmer days.,2025-08-09,false,false
SEND002322,CMP02,Spring Refresh,C00935,ads,Refresh your routine for spring.,2025-04-24,false,false
SEND002323,CMP06,Autumn Edit,C00825,ads,Discover this season's useful upgrades.,2025-09-30,false,false
SEND002324,CMP05,Back to Routine,C00636,email,Get back into your everyday rhythm.,2025-09-09,false,false
SEND002325,CMP02,Spring Refresh,C00533,ads,Refresh your routine for spring.,2025-03-23,false,false
SEND002326,CMP05,Back to Routine,C00979,email,Get back into your everyday rhythm.,2025-08-18,true,false
SEND002327,CMP02,Spring Refresh,C00259,ads,Refresh your routine for spring.,2025-03-30,true,false
SEND002328,CMP03,Member Picks,C00425,email,Popular picks selected for you.,2025-06-28,false,false
SEND002329,CMP06,Autumn Edit,C00803,ads,Discover this season's useful upgrades.,2025-10-13,false,false
SEND002330,CMP08,Holiday Highlights,C00510,ads,Explore customer favorites this holiday.,2025-11-28,false,false
SEND002331,CMP03,Member Picks,C00047,email,Popular picks selected for you.,2025-06-12,false,false
SEND002332,CMP02,Spring Refresh,C00916,ads,Refresh your routine for spring.,2025-04-23,false,false
SEND002333,CMP05,Back to Routine,C00867,email,Get back into your everyday rhythm.,2025-09-09,false,false
SEND002334,CMP03,Member Picks,C00908,email,Popular picks selected for you.,2025-06-05,false,false
SEND002335,CMP06,Autumn Edit,C00062,ads,Discover this season's useful upgrades.,2025-10-19,true,false
SEND002336,CMP04,Summer Essentials,C00080,ads,Simple essentials for warmer days.,2025-07-15,false,false
SEND002337,CMP08,Holiday Highlights,C00168,ads,Explore customer favorites this holiday.,2025-12-03,false,false
SEND002338,CMP04,Summer Essentials,C00592,ads,Simple essentials for warmer days.,2025-07-28,false,false
SEND002339,CMP02,Spring Refresh,C00766,ads,Refresh your routine for spring.,2025-03-31,true,false
SEND002340,CMP03,Member Picks,C00571,email,Popular picks selected for you.,2025-06-26,false,false
SEND002341,CMP05,Back to Routine,C00971,email,Get back into your everyday rhythm.,2025-09-12,false,false
SEND002342,CMP08,Holiday Highlights,C00698,ads,Explore customer favorites this holiday.,2025-11-20,false,true
SEND002343,CMP04,Summer Essentials,C00463,ads,Simple essentials for warmer days.,2025-08-18,false,false
SEND002344,CMP07,Early Holiday,C00356,email,A head start on thoughtful gifting.,2025-11-11,false,true
SEND002345,CMP04,Summer Essentials,C00128,ads,Simple essentials for warmer days.,2025-07-08,false,false
SEND002346,CMP05,Back to Routine,C00324,email,Get back into your everyday rhythm.,2025-08-22,false,false
SEND002347,CMP06,Autumn Edit,C00107,ads,Discover this season's useful upgrades.,2025-10-30,false,false
SEND002348,CMP02,Spring Refresh,C00007,ads,Refresh your routine for spring.,2025-03-28,false,false
SEND002349,CMP07,Early Holiday,C00666,email,A head start on thoughtful gifting.,2025-11-09,true,false
SEND002350,CMP08,Holiday Highlights,C00252,ads,Explore customer favorites this holiday.,2025-12-15,false,false
SEND002351,CMP02,Spring Refresh,C00391,ads,Refresh your routine for spring.,2025-03-18,false,false
SEND002352,CMP06,Autumn Edit,C00079,ads,Discover this season's useful upgrades.,2025-10-27,false,false
SEND002353,CMP01,New Year Reset,C00277,email,Start fresh with practical favorites.,2025-02-16,false,false
SEND002354,CMP01,New Year Reset,C00071,email,Start fresh with practical favorites.,2025-02-09,true,false
SEND002355,CMP05,Back to Routine,C00673,email,Get back into your everyday rhythm.,2025-09-27,false,false
SEND002356,CMP06,Autumn Edit,C00878,ads,Discover this season's useful upgrades.,2025-09-21,false,false
SEND002357,CMP01,New Year Reset,C00563,email,Start fresh with practical favorites.,2025-02-25,false,false
SEND002358,CMP01,New Year Reset,C00890,email,Start fresh with practical favorites.,2025-02-04,false,false
SEND002359,CMP05,Back to Routine,C00848,email,Get back into your everyday rhythm.,2025-09-03,false,false
SEND002360,CMP01,New Year Reset,C00907,email,Start fresh with practical favorites.,2025-02-22,true,false
SEND002361,CMP07,Early Holiday,C00741,email,A head start on thoughtful gifting.,2025-11-09,true,true
SEND002362,CMP01,New Year Reset,C00688,email,Start fresh with practical favorites.,2025-01-17,false,false
SEND002363,CMP02,Spring Refresh,C00524,ads,Refresh your routine for spring.,2025-04-23,false,false
SEND002364,CMP07,Early Holiday,C00654,email,A head start on thoughtful gifting.,2025-11-08,false,false
SEND002365,CMP08,Holiday Highlights,C00212,ads,Explore customer favorites this holiday.,2025-11-15,false,false
SEND002366,CMP03,Member Picks,C00213,email,Popular picks selected for you.,2025-06-28,false,false
SEND002367,CMP04,Summer Essentials,C00476,ads,Simple essentials for warmer days.,2025-07-16,false,false
SEND002368,CMP06,Autumn Edit,C00673,ads,Discover this season's useful upgrades.,2025-09-17,true,false
SEND002369,CMP04,Summer Essentials,C00882,ads,Simple essentials for warmer days.,2025-08-12,false,false
SEND002370,CMP06,Autumn Edit,C00200,ads,Discover this season's useful upgrades.,2025-10-22,false,false
SEND002371,CMP01,New Year Reset,C00389,email,Start fresh with practical favorites.,2025-02-15,false,false
SEND002372,CMP01,New Year Reset,C00262,email,Start fresh with practical favorites.,2025-02-14,false,false
SEND002373,CMP07,Early Holiday,C00873,email,A head start on thoughtful gifting.,2025-11-10,true,true
SEND002374,CMP07,Early Holiday,C00205,email,A head start on thoughtful gifting.,2025-11-12,false,false
SEND002375,CMP06,Autumn Edit,C00161,ads,Discover this season's useful upgrades.,2025-10-30,false,false
SEND002376,CMP03,Member Picks,C00131,email,Popular picks selected for you.,2025-05-11,false,false
SEND002377,CMP04,Summer Essentials,C00936,ads,Simple essentials for warmer days.,2025-08-08,false,false
SEND002378,CMP03,Member Picks,C00927,email,Popular picks selected for you.,2025-05-10,false,false
SEND002379,CMP05,Back to Routine,C00181,email,Get back into your everyday rhythm.,2025-09-09,false,false
SEND002380,CMP06,Autumn Edit,C00528,ads,Discover this season's useful upgrades.,2025-09-28,false,false
SEND002381,CMP08,Holiday Highlights,C00792,ads,Explore customer favorites this holiday.,2025-11-04,false,false
SEND002382,CMP04,Summer Essentials,C00074,ads,Simple essentials for warmer days.,2025-06-29,false,false
SEND002383,CMP04,Summer Essentials,C00805,ads,Simple essentials for warmer days.,2025-08-22,false,false
SEND002384,CMP04,Summer Essentials,C00755,ads,Simple essentials for warmer days.,2025-07-13,false,false
SEND002385,CMP04,Summer Essentials,C00296,ads,Simple essentials for warmer days.,2025-08-19,false,false
SEND002386,CMP03,Member Picks,C00371,email,Popular picks selected for you.,2025-05-24,false,false
SEND002387,CMP04,Summer Essentials,C00350,ads,Simple essentials for warmer days.,2025-07-14,true,false
SEND002388,CMP07,Early Holiday,C00294,email,A head start on thoughtful gifting.,2025-11-14,true,false
SEND002389,CMP03,Member Picks,C00742,email,Popular picks selected for you.,2025-06-17,true,false
SEND002390,CMP02,Spring Refresh,C00426,ads,Refresh your routine for spring.,2025-03-02,false,false
SEND002391,CMP01,New Year Reset,C00839,email,Start fresh with practical favorites.,2025-01-11,true,false
SEND002392,CMP06,Autumn Edit,C00985,ads,Discover this season's useful upgrades.,2025-09-07,false,false
SEND002393,CMP04,Summer Essentials,C00140,ads,Simple essentials for warmer days.,2025-06-20,false,false
SEND002394,CMP03,Member Picks,C00958,email,Popular picks selected for you.,2025-05-27,false,false
SEND002395,CMP02,Spring Refresh,C00131,ads,Refresh your routine for spring.,2025-03-19,false,false
SEND002396,CMP05,Back to Routine,C00038,email,Get back into your everyday rhythm.,2025-08-21,false,false
SEND002397,CMP01,New Year Reset,C00506,email,Start fresh with practical favorites.,2025-02-19,true,false
SEND002398,CMP02,Spring Refresh,C00621,ads,Refresh your routine for spring.,2025-03-14,false,false
SEND002399,CMP07,Early Holiday,C00724,email,A head start on thoughtful gifting.,2025-11-07,false,false
SEND002400,CMP04,Summer Essentials,C00213,ads,Simple essentials for warmer days.,2025-08-31,false,false
SEND002401,CMP06,Autumn Edit,C00898,ads,Discover this season's useful upgrades.,2025-09-29,false,false
SEND002402,CMP06,Autumn Edit,C00103,ads,Discover this season's useful upgrades.,2025-09-19,false,false
SEND002403,CMP08,Holiday Highlights,C00748,ads,Explore customer favorites this holiday.,2025-11-28,false,false
SEND002404,CMP04,Summer Essentials,C00900,ads,Simple essentials for warmer days.,2025-07-13,true,false
SEND002405,CMP07,Early Holiday,C00638,email,A head start on thoughtful gifting.,2025-11-17,true,true
SEND002406,CMP07,Early Holiday,C00713,email,A head start on thoughtful gifting.,2025-11-16,false,false
SEND002407,CMP02,Spring Refresh,C00223,ads,Refresh your routine for spring.,2025-04-06,false,false
SEND002408,CMP08,Holiday Highlights,C00576,ads,Explore customer favorites this holiday.,2025-11-18,false,false
SEND002409,CMP01,New Year Reset,C00713,email,Start fresh with practical favorites.,2025-01-03,true,false
SEND002410,CMP06,Autumn Edit,C00935,ads,Discover this season's useful upgrades.,2025-10-04,false,false
SEND002411,CMP06,Autumn Edit,C00216,ads,Discover this season's useful upgrades.,2025-09-14,false,false
SEND002412,CMP07,Early Holiday,C00835,email,A head start on thoughtful gifting.,2025-11-14,false,false
SEND002413,CMP05,Back to Routine,C00378,email,Get back into your everyday rhythm.,2025-08-14,false,false
SEND002414,CMP07,Early Holiday,C00688,email,A head start on thoughtful gifting.,2025-11-12,false,false
SEND002415,CMP08,Holiday Highlights,C00863,ads,Explore customer favorites this holiday.,2025-11-14,false,false
SEND002416,CMP04,Summer Essentials,C00298,ads,Simple essentials for warmer days.,2025-06-11,false,false
SEND002417,CMP04,Summer Essentials,C00955,ads,Simple essentials for warmer days.,2025-08-27,false,false
SEND002418,CMP01,New Year Reset,C00425,email,Start fresh with practical favorites.,2025-02-05,false,false
SEND002419,CMP08,Holiday Highlights,C00393,ads,Explore customer favorites this holiday.,2025-12-09,false,false
SEND002420,CMP03,Member Picks,C00924,email,Popular picks selected for you.,2025-05-13,false,false
SEND002421,CMP03,Member Picks,C00104,email,Popular picks selected for you.,2025-05-23,false,true
SEND002422,CMP01,New Year Reset,C00143,email,Start fresh with practical favorites.,2025-02-18,false,false
SEND002423,CMP02,Spring Refresh,C00049,ads,Refresh your routine for spring.,2025-03-21,false,false
SEND002424,CMP01,New Year Reset,C00367,email,Start fresh with practical favorites.,2025-02-05,false,false
SEND002425,CMP05,Back to Routine,C00491,email,Get back into your everyday rhythm.,2025-09-15,false,false
SEND002426,CMP05,Back to Routine,C00425,email,Get back into your everyday rhythm.,2025-08-05,false,false
SEND002427,CMP05,Back to Routine,C00328,email,Get back into your everyday rhythm.,2025-09-14,false,false
SEND002428,CMP07,Early Holiday,C00217,email,A head start on thoughtful gifting.,2025-11-01,true,false
SEND002429,CMP05,Back to Routine,C00465,email,Get back into your everyday rhythm.,2025-09-15,false,false
SEND002430,CMP07,Early Holiday,C00717,email,A head start on thoughtful gifting.,2025-11-17,false,false
SEND002431,CMP07,Early Holiday,C00970,email,A head start on thoughtful gifting.,2025-11-17,true,false
SEND002432,CMP03,Member Picks,C00105,email,Popular picks selected for you.,2025-05-10,false,false
SEND002433,CMP03,Member Picks,C00266,email,Popular picks selected for you.,2025-06-19,true,true
SEND002434,CMP08,Holiday Highlights,C00009,ads,Explore customer favorites this holiday.,2025-12-08,false,false
SEND002435,CMP02,Spring Refresh,C00936,ads,Refresh your routine for spring.,2025-04-23,false,false
SEND002436,CMP04,Summer Essentials,C00665,ads,Simple essentials for warmer days.,2025-07-01,true,false
SEND002437,CMP04,Summer Essentials,C00209,ads,Simple essentials for warmer days.,2025-08-03,true,false
SEND002438,CMP04,Summer Essentials,C00663,ads,Simple essentials for warmer days.,2025-07-30,false,false
SEND002439,CMP04,Summer Essentials,C00377,ads,Simple essentials for warmer days.,2025-07-30,false,false
SEND002440,CMP04,Summer Essentials,C00246,ads,Simple essentials for warmer days.,2025-06-04,false,false
SEND002441,CMP07,Early Holiday,C00590,email,A head start on thoughtful gifting.,2025-11-09,false,false
SEND002442,CMP04,Summer Essentials,C00928,ads,Simple essentials for warmer days.,2025-06-09,false,false
SEND002443,CMP05,Back to Routine,C00625,email,Get back into your everyday rhythm.,2025-09-04,false,false
SEND002444,CMP04,Summer Essentials,C00443,ads,Simple essentials for warmer days.,2025-06-12,false,false
SEND002445,CMP01,New Year Reset,C00630,email,Start fresh with practical favorites.,2025-01-14,false,false
SEND002446,CMP02,Spring Refresh,C00253,ads,Refresh your routine for spring.,2025-03-23,false,false
SEND002447,CMP07,Early Holiday,C00389,email,A head start on thoughtful gifting.,2025-11-16,false,false
SEND002448,CMP06,Autumn Edit,C00201,ads,Discover this season's useful upgrades.,2025-09-06,false,false
SEND002449,CMP03,Member Picks,C00655,email,Popular picks selected for you.,2025-05-14,false,false
SEND002450,CMP06,Autumn Edit,C00676,ads,Discover this season's useful upgrades.,2025-10-17,false,false
SEND002451,CMP05,Back to Routine,C00217,email,Get back into your everyday rhythm.,2025-09-08,false,false
SEND002452,CMP04,Summer Essentials,C00246,ads,Simple essentials for warmer days.,2025-07-15,false,false
SEND002453,CMP05,Back to Routine,C00397,email,Get back into your everyday rhythm.,2025-08-01,false,false
SEND002454,CMP02,Spring Refresh,C00968,ads,Refresh your routine for spring.,2025-03-21,false,false
SEND002455,CMP01,New Year Reset,C00210,email,Start fresh with practical favorites.,2025-02-26,false,false
SEND002456,CMP08,Holiday Highlights,C00146,ads,Explore customer favorites this holiday.,2025-12-11,false,false
SEND002457,CMP01,New Year Reset,C00105,email,Start fresh with practical favorites.,2025-02-13,false,false
SEND002458,CMP07,Early Holiday,C00841,email,A head start on thoughtful gifting.,2025-11-30,false,false
SEND002459,CMP07,Early Holiday,C00934,email,A head start on thoughtful gifting.,2025-11-09,false,false
SEND002460,CMP08,Holiday Highlights,C00522,ads,Explore customer favorites this holiday.,2025-12-10,false,false
SEND002461,CMP03,Member Picks,C00877,email,Popular picks selected for you.,2025-05-25,false,false
SEND002462,CMP04,Summer Essentials,C00092,ads,Simple essentials for warmer days.,2025-06-27,false,false
SEND002463,CMP03,Member Picks,C00967,email,Popular picks selected for you.,2025-06-21,false,false
SEND002464,CMP08,Holiday Highlights,C00683,ads,Explore customer favorites this holiday.,2025-11-08,false,false
SEND002465,CMP02,Spring Refresh,C00639,ads,Refresh your routine for spring.,2025-04-24,false,false
SEND002466,CMP02,Spring Refresh,C00974,ads,Refresh your routine for spring.,2025-03-27,false,false
SEND002467,CMP03,Member Picks,C00335,email,Popular picks selected for you.,2025-05-26,false,false
SEND002468,CMP08,Holiday Highlights,C00994,ads,Explore customer favorites this holiday.,2025-12-07,false,false
SEND002469,CMP07,Early Holiday,C00012,email,A head start on thoughtful gifting.,2025-11-13,false,false
SEND002470,CMP03,Member Picks,C00195,email,Popular picks selected for you.,2025-06-16,false,false
SEND002471,CMP06,Autumn Edit,C00561,ads,Discover this season's useful upgrades.,2025-10-21,false,false
SEND002472,CMP04,Summer Essentials,C00721,ads,Simple essentials for warmer days.,2025-07-07,false,false
SEND002473,CMP02,Spring Refresh,C00984,ads,Refresh your routine for spring.,2025-03-06,false,false
SEND002474,CMP03,Member Picks,C00666,email,Popular picks selected for you.,2025-06-27,false,false
SEND002475,CMP06,Autumn Edit,C00588,ads,Discover this season's useful upgrades.,2025-10-15,true,false
SEND002476,CMP01,New Year Reset,C00158,email,Start fresh with practical favorites.,2025-01-30,false,false
SEND002477,CMP03,Member Picks,C00754,email,Popular picks selected for you.,2025-05-15,false,false
SEND002478,CMP02,Spring Refresh,C00716,ads,Refresh your routine for spring.,2025-03-16,false,false
SEND002479,CMP04,Summer Essentials,C00481,ads,Simple essentials for warmer days.,2025-08-09,false,false
SEND002480,CMP07,Early Holiday,C00480,email,A head start on thoughtful gifting.,2025-11-15,false,true
SEND002481,CMP05,Back to Routine,C00565,email,Get back into your everyday rhythm.,2025-08-12,false,false
SEND002482,CMP07,Early Holiday,C00857,email,A head start on thoughtful gifting.,2025-11-11,false,false
SEND002483,CMP08,Holiday Highlights,C00347,ads,Explore customer favorites this holiday.,2025-11-18,false,true
SEND002484,CMP02,Spring Refresh,C00541,ads,Refresh your routine for spring.,2025-03-20,false,false
SEND002485,CMP02,Spring Refresh,C00580,ads,Refresh your routine for spring.,2025-04-07,false,false
SEND002486,CMP02,Spring Refresh,C00527,ads,Refresh your routine for spring.,2025-03-05,false,false
SEND002487,CMP04,Summer Essentials,C00663,ads,Simple essentials for warmer days.,2025-08-14,false,false
SEND002488,CMP02,Spring Refresh,C00119,ads,Refresh your routine for spring.,2025-04-14,false,false
SEND002489,CMP06,Autumn Edit,C00022,ads,Discover this season's useful upgrades.,2025-09-01,false,false
SEND002490,CMP05,Back to Routine,C00055,email,Get back into your everyday rhythm.,2025-08-19,false,false
SEND002491,CMP03,Member Picks,C00605,email,Popular picks selected for you.,2025-06-06,false,false
SEND002492,CMP05,Back to Routine,C00288,email,Get back into your everyday rhythm.,2025-09-18,false,false
SEND002493,CMP04,Summer Essentials,C00607,ads,Simple essentials for warmer days.,2025-08-27,false,false
SEND002494,CMP06,Autumn Edit,C00759,ads,Discover this season's useful upgrades.,2025-10-26,false,false
SEND002495,CMP02,Spring Refresh,C00247,ads,Refresh your routine for spring.,2025-03-13,false,false
SEND002496,CMP05,Back to Routine,C00681,email,Get back into your everyday rhythm.,2025-08-05,false,false
SEND002497,CMP06,Autumn Edit,C00874,ads,Discover this season's useful upgrades.,2025-10-09,false,false
SEND002498,CMP04,Summer Essentials,C00816,ads,Simple essentials for warmer days.,2025-08-07,false,false
SEND002499,CMP02,Spring Refresh,C00076,ads,Refresh your routine for spring.,2025-03-27,false,false
SEND002500,CMP05,Back to Routine,C00513,email,Get back into your everyday rhythm.,2025-09-21,false,false
SEND002501,CMP02,Spring Refresh,C00061,ads,Refresh your routine for spring.,2025-04-19,false,false
SEND002502,CMP06,Autumn Edit,C00347,ads,Discover this season's useful upgrades.,2025-10-14,false,false
SEND002503,CMP01,New Year Reset,C00124,email,Start fresh with practical favorites.,2025-01-07,true,false
SEND002504,CMP06,Autumn Edit,C00256,ads,Discover this season's useful upgrades.,2025-10-11,false,false
SEND002505,CMP02,Spring Refresh,C00016,ads,Refresh your routine for spring.,2025-04-20,true,false
SEND002506,CMP06,Autumn Edit,C00249,ads,Discover this season's useful upgrades.,2025-09-28,true,false
SEND002507,CMP03,Member Picks,C00051,email,Popular picks selected for you.,2025-05-29,false,false
SEND002508,CMP05,Back to Routine,C00649,email,Get back into your everyday rhythm.,2025-09-25,false,false
SEND002509,CMP02,Spring Refresh,C00559,ads,Refresh your routine for spring.,2025-04-24,false,false
SEND002510,CMP08,Holiday Highlights,C00686,ads,Explore customer favorites this holiday.,2025-12-18,false,false
SEND002511,CMP05,Back to Routine,C00760,email,Get back into your everyday rhythm.,2025-08-31,true,true
SEND002512,CMP03,Member Picks,C00530,email,Popular picks selected for you.,2025-06-30,false,false
SEND002513,CMP03,Member Picks,C00524,email,Popular picks selected for you.,2025-05-20,false,false
SEND002514,CMP01,New Year Reset,C00240,email,Start fresh with practical favorites.,2025-01-18,false,false
SEND002515,CMP05,Back to Routine,C00603,email,Get back into your everyday rhythm.,2025-08-10,false,false
SEND002516,CMP01,New Year Reset,C00857,email,Start fresh with practical favorites.,2025-02-18,true,false
SEND002517,CMP04,Summer Essentials,C00748,ads,Simple essentials for warmer days.,2025-07-02,true,false
SEND002518,CMP02,Spring Refresh,C00092,ads,Refresh your routine for spring.,2025-03-13,false,false
SEND002519,CMP02,Spring Refresh,C00400,ads,Refresh your routine for spring.,2025-03-31,false,false
SEND002520,CMP05,Back to Routine,C00412,email,Get back into your everyday rhythm.,2025-09-24,false,false
SEND002521,CMP01,New Year Reset,C00816,email,Start fresh with practical favorites.,2025-02-08,true,false
SEND002522,CMP02,Spring Refresh,C00854,ads,Refresh your routine for spring.,2025-04-02,false,false
SEND002523,CMP05,Back to Routine,C00800,email,Get back into your everyday rhythm.,2025-08-17,true,true
SEND002524,CMP05,Back to Routine,C00947,email,Get back into your everyday rhythm.,2025-09-01,false,false
SEND002525,CMP04,Summer Essentials,C00420,ads,Simple essentials for warmer days.,2025-08-23,false,false
SEND002526,CMP01,New Year Reset,C00418,email,Start fresh with practical favorites.,2025-02-12,false,false
SEND002527,CMP03,Member Picks,C00489,email,Popular picks selected for you.,2025-06-25,false,false
SEND002528,CMP07,Early Holiday,C00716,email,A head start on thoughtful gifting.,2025-11-14,false,false
SEND002529,CMP02,Spring Refresh,C00138,ads,Refresh your routine for spring.,2025-04-14,false,false
SEND002530,CMP05,Back to Routine,C00355,email,Get back into your everyday rhythm.,2025-09-16,false,false
SEND002531,CMP01,New Year Reset,C00493,email,Start fresh with practical favorites.,2025-02-19,false,false
SEND002532,CMP03,Member Picks,C00824,email,Popular picks selected for you.,2025-06-23,false,false
SEND002533,CMP05,Back to Routine,C00710,email,Get back into your everyday rhythm.,2025-08-07,false,false
SEND002534,CMP08,Holiday Highlights,C00344,ads,Explore customer favorites this holiday.,2025-12-20,true,true
SEND002535,CMP08,Holiday Highlights,C00040,ads,Explore customer favorites this holiday.,2025-11-02,false,false
SEND002536,CMP04,Summer Essentials,C00540,ads,Simple essentials for warmer days.,2025-07-18,false,false
SEND002537,CMP07,Early Holiday,C00971,email,A head start on thoughtful gifting.,2025-11-06,false,false
SEND002538,CMP06,Autumn Edit,C00081,ads,Discover this season's useful upgrades.,2025-09-02,false,false
SEND002539,CMP05,Back to Routine,C00356,email,Get back into your everyday rhythm.,2025-09-04,false,false
SEND002540,CMP04,Summer Essentials,C00779,ads,Simple essentials for warmer days.,2025-06-02,false,false
SEND002541,CMP08,Holiday Highlights,C00618,ads,Explore customer favorites this holiday.,2025-12-05,false,false
SEND002542,CMP02,Spring Refresh,C00004,ads,Refresh your routine for spring.,2025-04-15,false,false
SEND002543,CMP01,New Year Reset,C00010,email,Start fresh with practical favorites.,2025-01-18,false,false
SEND002544,CMP05,Back to Routine,C00353,email,Get back into your everyday rhythm.,2025-09-23,false,false
SEND002545,CMP05,Back to Routine,C00109,email,Get back into your everyday rhythm.,2025-08-03,false,false
SEND002546,CMP08,Holiday Highlights,C00361,ads,Explore customer favorites this holiday.,2025-12-06,false,false
SEND002547,CMP06,Autumn Edit,C00626,ads,Discover this season's useful upgrades.,2025-10-10,false,false
SEND002548,CMP05,Back to Routine,C00008,email,Get back into your everyday rhythm.,2025-08-26,false,false
SEND002549,CMP02,Spring Refresh,C00590,ads,Refresh your routine for spring.,2025-04-03,false,false
SEND002550,CMP04,Summer Essentials,C00773,ads,Simple essentials for warmer days.,2025-07-19,false,false
SEND002551,CMP04,Summer Essentials,C00718,ads,Simple essentials for warmer days.,2025-07-20,false,false
SEND002552,CMP08,Holiday Highlights,C00940,ads,Explore customer favorites this holiday.,2025-11-21,false,false
SEND002553,CMP03,Member Picks,C00307,email,Popular picks selected for you.,2025-06-14,true,false
SEND002554,CMP08,Holiday Highlights,C00648,ads,Explore customer favorites this holiday.,2025-12-30,false,false
SEND002555,CMP03,Member Picks,C00707,email,Popular picks selected for you.,2025-05-17,false,false
SEND002556,CMP06,Autumn Edit,C00037,ads,Discover this season's useful upgrades.,2025-09-03,false,false
SEND002557,CMP06,Autumn Edit,C00042,ads,Discover this season's useful upgrades.,2025-09-28,false,false
SEND002558,CMP07,Early Holiday,C00761,email,A head start on thoughtful gifting.,2025-11-15,false,true
SEND002559,CMP02,Spring Refresh,C00232,ads,Refresh your routine for spring.,2025-04-28,false,false
SEND002560,CMP02,Spring Refresh,C00859,ads,Refresh your routine for spring.,2025-03-20,true,false
SEND002561,CMP05,Back to Routine,C00836,email,Get back into your everyday rhythm.,2025-08-14,false,false
SEND002562,CMP02,Spring Refresh,C00952,ads,Refresh your routine for spring.,2025-04-29,true,false
SEND002563,CMP07,Early Holiday,C00546,email,A head start on thoughtful gifting.,2025-11-22,false,false
SEND002564,CMP04,Summer Essentials,C00190,ads,Simple essentials for warmer days.,2025-07-23,false,true
SEND002565,CMP01,New Year Reset,C00677,email,Start fresh with practical favorites.,2025-01-16,false,false
SEND002566,CMP04,Summer Essentials,C00291,ads,Simple essentials for warmer days.,2025-06-23,false,true
SEND002567,CMP06,Autumn Edit,C00938,ads,Discover this season's useful upgrades.,2025-09-19,false,false
SEND002568,CMP04,Summer Essentials,C00822,ads,Simple essentials for warmer days.,2025-06-08,false,false
SEND002569,CMP05,Back to Routine,C00078,email,Get back into your everyday rhythm.,2025-08-26,true,false
SEND002570,CMP02,Spring Refresh,C00121,ads,Refresh your routine for spring.,2025-04-18,false,false
SEND002571,CMP06,Autumn Edit,C00167,ads,Discover this season's useful upgrades.,2025-10-01,false,false
SEND002572,CMP01,New Year Reset,C00641,email,Start fresh with practical favorites.,2025-01-10,false,false
SEND002573,CMP06,Autumn Edit,C00998,ads,Discover this season's useful upgrades.,2025-09-24,false,false
SEND002574,CMP06,Autumn Edit,C00076,ads,Discover this season's useful upgrades.,2025-09-28,false,false
SEND002575,CMP06,Autumn Edit,C00968,ads,Discover this season's useful upgrades.,2025-10-17,false,false
SEND002576,CMP03,Member Picks,C00906,email,Popular picks selected for you.,2025-05-02,false,false
SEND002577,CMP04,Summer Essentials,C00944,ads,Simple essentials for warmer days.,2025-08-12,false,false
SEND002578,CMP08,Holiday Highlights,C00233,ads,Explore customer favorites this holiday.,2025-12-16,false,false
SEND002579,CMP01,New Year Reset,C00190,email,Start fresh with practical favorites.,2025-02-12,true,false
SEND002580,CMP04,Summer Essentials,C00623,ads,Simple essentials for warmer days.,2025-06-19,false,false
SEND002581,CMP08,Holiday Highlights,C00431,ads,Explore customer favorites this holiday.,2025-12-01,false,false
SEND002582,CMP04,Summer Essentials,C00333,ads,Simple essentials for warmer days.,2025-06-24,false,false
SEND002583,CMP01,New Year Reset,C00429,email,Start fresh with practical favorites.,2025-02-26,false,false
SEND002584,CMP06,Autumn Edit,C00448,ads,Discover this season's useful upgrades.,2025-10-04,false,false
SEND002585,CMP06,Autumn Edit,C00307,ads,Discover this season's useful upgrades.,2025-09-06,false,false
SEND002586,CMP05,Back to Routine,C00248,email,Get back into your everyday rhythm.,2025-08-25,false,false
SEND002587,CMP06,Autumn Edit,C00976,ads,Discover this season's useful upgrades.,2025-09-06,false,false
SEND002588,CMP04,Summer Essentials,C00907,ads,Simple essentials for warmer days.,2025-07-12,false,false
SEND002589,CMP02,Spring Refresh,C00266,ads,Refresh your routine for spring.,2025-03-18,false,false
SEND002590,CMP07,Early Holiday,C00456,email,A head start on thoughtful gifting.,2025-11-25,false,false
SEND002591,CMP04,Summer Essentials,C00019,ads,Simple essentials for warmer days.,2025-06-09,false,false
SEND002592,CMP03,Member Picks,C00841,email,Popular picks selected for you.,2025-06-01,false,false
SEND002593,CMP07,Early Holiday,C00420,email,A head start on thoughtful gifting.,2025-11-15,false,false
SEND002594,CMP06,Autumn Edit,C00010,ads,Discover this season's useful upgrades.,2025-10-14,false,false
SEND002595,CMP05,Back to Routine,C00992,email,Get back into your everyday rhythm.,2025-08-26,false,false
SEND002596,CMP06,Autumn Edit,C00417,ads,Discover this season's useful upgrades.,2025-09-06,false,false
SEND002597,CMP02,Spring Refresh,C00239,ads,Refresh your routine for spring.,2025-03-09,false,false
SEND002598,CMP03,Member Picks,C00534,email,Popular picks selected for you.,2025-06-10,false,true
SEND002599,CMP07,Early Holiday,C00767,email,A head start on thoughtful gifting.,2025-11-22,false,false
SEND002600,CMP07,Early Holiday,C00448,email,A head start on thoughtful gifting.,2025-11-26,false,false
SEND002601,CMP06,Autumn Edit,C00756,ads,Discover this season's useful upgrades.,2025-10-07,false,false
SEND002602,CMP06,Autumn Edit,C00835,ads,Discover this season's useful upgrades.,2025-09-24,false,false
SEND002603,CMP05,Back to Routine,C00137,email,Get back into your everyday rhythm.,2025-08-25,false,false
SEND002604,CMP06,Autumn Edit,C00754,ads,Discover this season's useful upgrades.,2025-10-16,false,false
SEND002605,CMP06,Autumn Edit,C00942,ads,Discover this season's useful upgrades.,2025-09-08,false,false
SEND002606,CMP08,Holiday Highlights,C00163,ads,Explore customer favorites this holiday.,2025-12-16,false,true
SEND002607,CMP02,Spring Refresh,C00147,ads,Refresh your routine for spring.,2025-04-17,false,false
SEND002608,CMP05,Back to Routine,C00547,email,Get back into your everyday rhythm.,2025-08-29,false,false
SEND002609,CMP08,Holiday Highlights,C00701,ads,Explore customer favorites this holiday.,2025-11-16,false,false
SEND002610,CMP02,Spring Refresh,C00905,ads,Refresh your routine for spring.,2025-03-13,false,false
SEND002611,CMP04,Summer Essentials,C00844,ads,Simple essentials for warmer days.,2025-07-24,false,false
SEND002612,CMP06,Autumn Edit,C00255,ads,Discover this season's useful upgrades.,2025-10-08,true,false
SEND002613,CMP08,Holiday Highlights,C00833,ads,Explore customer favorites this holiday.,2025-11-14,false,false
SEND002614,CMP06,Autumn Edit,C00280,ads,Discover this season's useful upgrades.,2025-09-28,false,false
SEND002615,CMP03,Member Picks,C00641,email,Popular picks selected for you.,2025-05-17,false,false
SEND002616,CMP01,New Year Reset,C00578,email,Start fresh with practical favorites.,2025-02-08,false,false
SEND002617,CMP04,Summer Essentials,C00479,ads,Simple essentials for warmer days.,2025-06-07,false,false
SEND002618,CMP06,Autumn Edit,C00738,ads,Discover this season's useful upgrades.,2025-10-03,false,false
SEND002619,CMP05,Back to Routine,C00275,email,Get back into your everyday rhythm.,2025-09-18,false,false
SEND002620,CMP05,Back to Routine,C00746,email,Get back into your everyday rhythm.,2025-09-20,false,false
SEND002621,CMP04,Summer Essentials,C00314,ads,Simple essentials for warmer days.,2025-08-27,true,false
SEND002622,CMP03,Member Picks,C00147,email,Popular picks selected for you.,2025-05-03,false,false
SEND002623,CMP06,Autumn Edit,C00142,ads,Discover this season's useful upgrades.,2025-09-06,false,false
SEND002624,CMP07,Early Holiday,C00111,email,A head start on thoughtful gifting.,2025-11-22,false,true
SEND002625,CMP08,Holiday Highlights,C00551,ads,Explore customer favorites this holiday.,2025-12-02,true,true
SEND002626,CMP03,Member Picks,C00181,email,Popular picks selected for you.,2025-06-16,false,false
SEND002627,CMP05,Back to Routine,C00522,email,Get back into your everyday rhythm.,2025-08-16,false,false
SEND002628,CMP05,Back to Routine,C00433,email,Get back into your everyday rhythm.,2025-09-10,false,false
SEND002629,CMP04,Summer Essentials,C00144,ads,Simple essentials for warmer days.,2025-06-30,false,false
SEND002630,CMP07,Early Holiday,C00458,email,A head start on thoughtful gifting.,2025-11-29,true,false
SEND002631,CMP02,Spring Refresh,C00179,ads,Refresh your routine for spring.,2025-04-09,false,false
SEND002632,CMP07,Early Holiday,C00628,email,A head start on thoughtful gifting.,2025-11-18,false,false
SEND002633,CMP02,Spring Refresh,C00682,ads,Refresh your routine for spring.,2025-03-10,false,false
SEND002634,CMP04,Summer Essentials,C00533,ads,Simple essentials for warmer days.,2025-08-18,false,false
SEND002635,CMP03,Member Picks,C00114,email,Popular picks selected for you.,2025-06-29,false,false
SEND002636,CMP01,New Year Reset,C00925,email,Start fresh with practical favorites.,2025-01-30,false,false
SEND002637,CMP03,Member Picks,C00668,email,Popular picks selected for you.,2025-06-23,false,false
SEND002638,CMP08,Holiday Highlights,C00754,ads,Explore customer favorites this holiday.,2025-11-21,false,false
SEND002639,CMP06,Autumn Edit,C00113,ads,Discover this season's useful upgrades.,2025-10-22,false,false
SEND002640,CMP02,Spring Refresh,C00216,ads,Refresh your routine for spring.,2025-04-13,false,false
SEND002641,CMP07,Early Holiday,C00616,email,A head start on thoughtful gifting.,2025-11-29,false,false
SEND002642,CMP04,Summer Essentials,C00381,ads,Simple essentials for warmer days.,2025-08-30,true,false
SEND002643,CMP06,Autumn Edit,C00355,ads,Discover this season's useful upgrades.,2025-10-03,false,false
SEND002644,CMP08,Holiday Highlights,C00823,ads,Explore customer favorites this holiday.,2025-11-23,false,false
SEND002645,CMP05,Back to Routine,C00399,email,Get back into your everyday rhythm.,2025-08-12,true,false
SEND002646,CMP03,Member Picks,C00834,email,Popular picks selected for you.,2025-06-29,false,false
SEND002647,CMP07,Early Holiday,C00446,email,A head start on thoughtful gifting.,2025-11-30,false,false
SEND002648,CMP01,New Year Reset,C00506,email,Start fresh with practical favorites.,2025-01-25,false,false
SEND002649,CMP02,Spring Refresh,C00746,ads,Refresh your routine for spring.,2025-04-06,false,false
SEND002650,CMP04,Summer Essentials,C00678,ads,Simple essentials for warmer days.,2025-07-15,false,true
SEND002651,CMP02,Spring Refresh,C00075,ads,Refresh your routine for spring.,2025-04-25,false,true
SEND002652,CMP01,New Year Reset,C00046,email,Start fresh with practical favorites.,2025-01-03,false,false
SEND002653,CMP03,Member Picks,C00242,email,Popular picks selected for you.,2025-06-17,false,false
SEND002654,CMP01,New Year Reset,C00393,email,Start fresh with practical favorites.,2025-02-03,true,true
SEND002655,CMP02,Spring Refresh,C00458,ads,Refresh your routine for spring.,2025-04-23,false,false
SEND002656,CMP05,Back to Routine,C00186,email,Get back into your everyday rhythm.,2025-09-21,false,false
SEND002657,CMP02,Spring Refresh,C00788,ads,Refresh your routine for spring.,2025-04-27,false,false
SEND002658,CMP07,Early Holiday,C00060,email,A head start on thoughtful gifting.,2025-11-17,false,false
SEND002659,CMP01,New Year Reset,C00798,email,Start fresh with practical favorites.,2025-01-12,false,true
SEND002660,CMP06,Autumn Edit,C00850,ads,Discover this season's useful upgrades.,2025-09-04,false,true
SEND002661,CMP04,Summer Essentials,C00843,ads,Simple essentials for warmer days.,2025-06-17,false,false
SEND002662,CMP06,Autumn Edit,C00712,ads,Discover this season's useful upgrades.,2025-09-10,false,false
SEND002663,CMP05,Back to Routine,C00438,email,Get back into your everyday rhythm.,2025-09-19,false,false
SEND002664,CMP07,Early Holiday,C00550,email,A head start on thoughtful gifting.,2025-11-13,false,false
SEND002665,CMP07,Early Holiday,C00261,email,A head start on thoughtful gifting.,2025-11-20,true,false
SEND002666,CMP01,New Year Reset,C00009,email,Start fresh with practical favorites.,2025-01-01,false,false
SEND002667,CMP08,Holiday Highlights,C00779,ads,Explore customer favorites this holiday.,2025-11-17,false,false
SEND002668,CMP08,Holiday Highlights,C00777,ads,Explore customer favorites this holiday.,2025-11-16,false,false
SEND002669,CMP04,Summer Essentials,C00868,ads,Simple essentials for warmer days.,2025-06-29,false,false
SEND002670,CMP04,Summer Essentials,C00145,ads,Simple essentials for warmer days.,2025-07-01,true,true
SEND002671,CMP07,Early Holiday,C00506,email,A head start on thoughtful gifting.,2025-11-12,false,false
SEND002672,CMP01,New Year Reset,C00044,email,Start fresh with practical favorites.,2025-01-03,false,false
SEND002673,CMP07,Early Holiday,C00543,email,A head start on thoughtful gifting.,2025-11-06,false,false
SEND002674,CMP04,Summer Essentials,C00221,ads,Simple essentials for warmer days.,2025-07-09,false,false
SEND002675,CMP07,Early Holiday,C00994,email,A head start on thoughtful gifting.,2025-11-30,true,false
SEND002676,CMP06,Autumn Edit,C00649,ads,Discover this season's useful upgrades.,2025-10-14,false,false
SEND002677,CMP06,Autumn Edit,C00791,ads,Discover this season's useful upgrades.,2025-09-30,false,false
SEND002678,CMP04,Summer Essentials,C00781,ads,Simple essentials for warmer days.,2025-08-10,false,false
SEND002679,CMP05,Back to Routine,C00288,email,Get back into your everyday rhythm.,2025-08-17,false,false
SEND002680,CMP02,Spring Refresh,C00203,ads,Refresh your routine for spring.,2025-03-16,false,false
SEND002681,CMP05,Back to Routine,C00112,email,Get back into your everyday rhythm.,2025-08-12,true,false
SEND002682,CMP08,Holiday Highlights,C00331,ads,Explore customer favorites this holiday.,2025-11-03,false,false
SEND002683,CMP04,Summer Essentials,C00256,ads,Simple essentials for warmer days.,2025-08-02,true,false
SEND002684,CMP06,Autumn Edit,C00046,ads,Discover this season's useful upgrades.,2025-09-19,false,false
SEND002685,CMP04,Summer Essentials,C00592,ads,Simple essentials for warmer days.,2025-06-11,false,false
SEND002686,CMP08,Holiday Highlights,C00664,ads,Explore customer favorites this holiday.,2025-11-30,false,false
SEND002687,CMP01,New Year Reset,C00721,email,Start fresh with practical favorites.,2025-01-28,false,false
SEND002688,CMP01,New Year Reset,C00398,email,Start fresh with practical favorites.,2025-02-09,false,false
SEND002689,CMP03,Member Picks,C00840,email,Popular picks selected for you.,2025-06-05,false,false
SEND002690,CMP07,Early Holiday,C00321,email,A head start on thoughtful gifting.,2025-11-10,false,false
SEND002691,CMP04,Summer Essentials,C00330,ads,Simple essentials for warmer days.,2025-06-26,false,false
SEND002692,CMP03,Member Picks,C00968,email,Popular picks selected for you.,2025-06-02,false,false
SEND002693,CMP02,Spring Refresh,C00414,ads,Refresh your routine for spring.,2025-04-12,false,false
SEND002694,CMP06,Autumn Edit,C00924,ads,Discover this season's useful upgrades.,2025-10-13,false,false
SEND002695,CMP03,Member Picks,C00701,email,Popular picks selected for you.,2025-05-12,false,false
SEND002696,CMP03,Member Picks,C00588,email,Popular picks selected for you.,2025-05-22,false,true
SEND002697,CMP06,Autumn Edit,C00819,ads,Discover this season's useful upgrades.,2025-10-05,false,false
SEND002698,CMP04,Summer Essentials,C00416,ads,Simple essentials for warmer days.,2025-07-03,false,false
SEND002699,CMP06,Autumn Edit,C00520,ads,Discover this season's useful upgrades.,2025-10-24,false,false
SEND002700,CMP03,Member Picks,C00088,email,Popular picks selected for you.,2025-05-29,false,false
SEND002701,CMP08,Holiday Highlights,C00930,ads,Explore customer favorites this holiday.,2025-12-03,false,false
SEND002702,CMP04,Summer Essentials,C00642,ads,Simple essentials for warmer days.,2025-06-18,false,false
SEND002703,CMP08,Holiday Highlights,C00679,ads,Explore customer favorites this holiday.,2025-11-06,false,false
SEND002704,CMP05,Back to Routine,C00232,email,Get back into your everyday rhythm.,2025-08-03,false,false
SEND002705,CMP08,Holiday Highlights,C00068,ads,Explore customer favorites this holiday.,2025-11-20,false,false
SEND002706,CMP02,Spring Refresh,C00629,ads,Refresh your routine for spring.,2025-04-02,false,false
SEND002707,CMP01,New Year Reset,C00770,email,Start fresh with practical favorites.,2025-02-26,false,false
SEND002708,CMP03,Member Picks,C00654,email,Popular picks selected for you.,2025-06-16,false,false
SEND002709,CMP02,Spring Refresh,C00009,ads,Refresh your routine for spring.,2025-03-06,false,false
SEND002710,CMP03,Member Picks,C00585,email,Popular picks selected for you.,2025-05-07,false,false
SEND002711,CMP03,Member Picks,C00595,email,Popular picks selected for you.,2025-05-30,false,false
SEND002712,CMP07,Early Holiday,C00460,email,A head start on thoughtful gifting.,2025-11-10,true,false
SEND002713,CMP05,Back to Routine,C00942,email,Get back into your everyday rhythm.,2025-08-28,false,false
SEND002714,CMP04,Summer Essentials,C00559,ads,Simple essentials for warmer days.,2025-06-27,false,false
SEND002715,CMP01,New Year Reset,C00500,email,Start fresh with practical favorites.,2025-02-10,true,false
SEND002716,CMP02,Spring Refresh,C00705,ads,Refresh your routine for spring.,2025-04-08,false,false
SEND002717,CMP04,Summer Essentials,C00808,ads,Simple essentials for warmer days.,2025-06-29,false,false
SEND002718,CMP02,Spring Refresh,C00433,ads,Refresh your routine for spring.,2025-04-06,false,false
SEND002719,CMP02,Spring Refresh,C00909,ads,Refresh your routine for spring.,2025-03-09,false,false
SEND002720,CMP03,Member Picks,C00748,email,Popular picks selected for you.,2025-06-16,false,true
SEND002721,CMP07,Early Holiday,C00859,email,A head start on thoughtful gifting.,2025-11-23,false,false
SEND002722,CMP07,Early Holiday,C00949,email,A head start on thoughtful gifting.,2025-11-12,false,false
SEND002723,CMP08,Holiday Highlights,C00931,ads,Explore customer favorites this holiday.,2025-12-02,false,false
SEND002724,CMP01,New Year Reset,C00520,email,Start fresh with practical favorites.,2025-01-03,false,false
SEND002725,CMP04,Summer Essentials,C00137,ads,Simple essentials for warmer days.,2025-08-23,false,false
SEND002726,CMP04,Summer Essentials,C00580,ads,Simple essentials for warmer days.,2025-07-06,false,false
SEND002727,CMP07,Early Holiday,C00180,email,A head start on thoughtful gifting.,2025-11-16,false,true
SEND002728,CMP06,Autumn Edit,C00252,ads,Discover this season's useful upgrades.,2025-09-17,true,false
SEND002729,CMP08,Holiday Highlights,C00084,ads,Explore customer favorites this holiday.,2025-12-27,false,true
SEND002730,CMP08,Holiday Highlights,C00341,ads,Explore customer favorites this holiday.,2025-12-14,false,false
SEND002731,CMP03,Member Picks,C00016,email,Popular picks selected for you.,2025-06-15,false,false
SEND002732,CMP08,Holiday Highlights,C00342,ads,Explore customer favorites this holiday.,2025-11-26,false,false
SEND002733,CMP01,New Year Reset,C00511,email,Start fresh with practical favorites.,2025-01-29,false,false
SEND002734,CMP01,New Year Reset,C00616,email,Start fresh with practical favorites.,2025-01-27,false,false
SEND002735,CMP04,Summer Essentials,C00289,ads,Simple essentials for warmer days.,2025-07-10,true,false
SEND002736,CMP08,Holiday Highlights,C00871,ads,Explore customer favorites this holiday.,2025-11-01,false,false
SEND002737,CMP02,Spring Refresh,C00500,ads,Refresh your routine for spring.,2025-03-08,false,false
SEND002738,CMP06,Autumn Edit,C00647,ads,Discover this season's useful upgrades.,2025-10-24,false,false
SEND002739,CMP01,New Year Reset,C00807,email,Start fresh with practical favorites.,2025-02-09,false,false
SEND002740,CMP07,Early Holiday,C00711,email,A head start on thoughtful gifting.,2025-11-15,true,false
SEND002741,CMP08,Holiday Highlights,C00681,ads,Explore customer favorites this holiday.,2025-11-04,false,false
SEND002742,CMP07,Early Holiday,C00896,email,A head start on thoughtful gifting.,2025-11-14,true,true
SEND002743,CMP02,Spring Refresh,C00477,ads,Refresh your routine for spring.,2025-03-30,false,false
SEND002744,CMP03,Member Picks,C00822,email,Popular picks selected for you.,2025-06-15,false,false
SEND002745,CMP01,New Year Reset,C00623,email,Start fresh with practical favorites.,2025-01-10,false,false
SEND002746,CMP01,New Year Reset,C00408,email,Start fresh with practical favorites.,2025-01-21,false,false
SEND002747,CMP02,Spring Refresh,C00650,ads,Refresh your routine for spring.,2025-03-31,true,false
SEND002748,CMP02,Spring Refresh,C00263,ads,Refresh your routine for spring.,2025-03-18,false,false
SEND002749,CMP03,Member Picks,C00826,email,Popular picks selected for you.,2025-05-16,false,false
SEND002750,CMP05,Back to Routine,C00425,email,Get back into your everyday rhythm.,2025-09-17,false,false
SEND002751,CMP04,Summer Essentials,C00707,ads,Simple essentials for warmer days.,2025-07-19,false,false
SEND002752,CMP01,New Year Reset,C00341,email,Start fresh with practical favorites.,2025-01-04,false,false
SEND002753,CMP06,Autumn Edit,C00823,ads,Discover this season's useful upgrades.,2025-10-25,true,false
SEND002754,CMP07,Early Holiday,C00237,email,A head start on thoughtful gifting.,2025-11-09,false,false
SEND002755,CMP08,Holiday Highlights,C00865,ads,Explore customer favorites this holiday.,2025-12-02,true,false
SEND002756,CMP06,Autumn Edit,C00317,ads,Discover this season's useful upgrades.,2025-09-10,false,false
SEND002757,CMP02,Spring Refresh,C00790,ads,Refresh your routine for spring.,2025-04-13,false,false
SEND002758,CMP05,Back to Routine,C00685,email,Get back into your everyday rhythm.,2025-08-13,false,false
SEND002759,CMP07,Early Holiday,C00041,email,A head start on thoughtful gifting.,2025-11-07,false,false
SEND002760,CMP02,Spring Refresh,C00373,ads,Refresh your routine for spring.,2025-04-19,false,true
SEND002761,CMP02,Spring Refresh,C00307,ads,Refresh your routine for spring.,2025-04-25,false,false
SEND002762,CMP04,Summer Essentials,C00771,ads,Simple essentials for warmer days.,2025-08-06,false,false
SEND002763,CMP03,Member Picks,C00101,email,Popular picks selected for you.,2025-06-11,true,false
SEND002764,CMP04,Summer Essentials,C00880,ads,Simple essentials for warmer days.,2025-07-01,false,false
SEND002765,CMP07,Early Holiday,C00974,email,A head start on thoughtful gifting.,2025-11-05,false,false
SEND002766,CMP08,Holiday Highlights,C00370,ads,Explore customer favorites this holiday.,2025-12-18,true,false
SEND002767,CMP05,Back to Routine,C00173,email,Get back into your everyday rhythm.,2025-09-06,false,false
SEND002768,CMP01,New Year Reset,C00217,email,Start fresh with practical favorites.,2025-02-26,false,false
SEND002769,CMP04,Summer Essentials,C00525,ads,Simple essentials for warmer days.,2025-08-23,false,false
SEND002770,CMP08,Holiday Highlights,C00092,ads,Explore customer favorites this holiday.,2025-11-29,false,true
SEND002771,CMP02,Spring Refresh,C00636,ads,Refresh your routine for spring.,2025-03-07,false,false
SEND002772,CMP06,Autumn Edit,C00234,ads,Discover this season's useful upgrades.,2025-10-07,false,false
SEND002773,CMP04,Summer Essentials,C00383,ads,Simple essentials for warmer days.,2025-07-16,false,false
SEND002774,CMP05,Back to Routine,C00141,email,Get back into your everyday rhythm.,2025-08-23,false,false
SEND002775,CMP01,New Year Reset,C00933,email,Start fresh with practical favorites.,2025-02-06,false,false
SEND002776,CMP07,Early Holiday,C00775,email,A head start on thoughtful gifting.,2025-11-18,false,false
SEND002777,CMP03,Member Picks,C00667,email,Popular picks selected for you.,2025-05-19,false,false
SEND002778,CMP07,Early Holiday,C00200,email,A head start on thoughtful gifting.,2025-11-05,true,false
SEND002779,CMP08,Holiday Highlights,C00292,ads,Explore customer favorites this holiday.,2025-12-27,false,false
SEND002780,CMP03,Member Picks,C00981,email,Popular picks selected for you.,2025-05-17,false,false
SEND002781,CMP04,Summer Essentials,C00743,ads,Simple essentials for warmer days.,2025-07-21,true,true
SEND002782,CMP03,Member Picks,C00351,email,Popular picks selected for you.,2025-06-29,false,false
SEND002783,CMP01,New Year Reset,C00356,email,Start fresh with practical favorites.,2025-01-18,false,false
SEND002784,CMP05,Back to Routine,C00220,email,Get back into your everyday rhythm.,2025-08-18,false,false
SEND002785,CMP07,Early Holiday,C00035,email,A head start on thoughtful gifting.,2025-11-23,false,false
SEND002786,CMP03,Member Picks,C00648,email,Popular picks selected for you.,2025-05-18,false,false
SEND002787,CMP06,Autumn Edit,C00745,ads,Discover this season's useful upgrades.,2025-09-08,false,true
SEND002788,CMP08,Holiday Highlights,C00564,ads,Explore customer favorites this holiday.,2025-12-01,false,false
SEND002789,CMP02,Spring Refresh,C00804,ads,Refresh your routine for spring.,2025-04-17,false,false
SEND002790,CMP01,New Year Reset,C00355,email,Start fresh with practical favorites.,2025-01-07,false,false
SEND002791,CMP08,Holiday Highlights,C00676,ads,Explore customer favorites this holiday.,2025-11-29,false,false
SEND002792,CMP03,Member Picks,C00488,email,Popular picks selected for you.,2025-05-19,false,false
SEND002793,CMP04,Summer Essentials,C00177,ads,Simple essentials for warmer days.,2025-06-01,false,false
SEND002794,CMP01,New Year Reset,C00574,email,Start fresh with practical favorites.,2025-02-02,false,false
SEND002795,CMP03,Member Picks,C00609,email,Popular picks selected for you.,2025-05-11,false,false
SEND002796,CMP01,New Year Reset,C00118,email,Start fresh with practical favorites.,2025-02-11,false,false
SEND002797,CMP05,Back to Routine,C00354,email,Get back into your everyday rhythm.,2025-09-01,false,false
SEND002798,CMP03,Member Picks,C00798,email,Popular picks selected for you.,2025-06-07,false,false
SEND002799,CMP03,Member Picks,C00016,email,Popular picks selected for you.,2025-05-11,false,false
SEND002800,CMP08,Holiday Highlights,C00858,ads,Explore customer favorites this holiday.,2025-12-07,false,false
SEND002801,CMP05,Back to Routine,C00341,email,Get back into your everyday rhythm.,2025-09-29,false,false
SEND002802,CMP05,Back to Routine,C00175,email,Get back into your everyday rhythm.,2025-08-04,false,false
SEND002803,CMP04,Summer Essentials,C00013,ads,Simple essentials for warmer days.,2025-08-01,true,false
SEND002804,CMP07,Early Holiday,C00918,email,A head start on thoughtful gifting.,2025-11-18,false,false
SEND002805,CMP06,Autumn Edit,C00576,ads,Discover this season's useful upgrades.,2025-10-23,false,false
SEND002806,CMP06,Autumn Edit,C00969,ads,Discover this season's useful upgrades.,2025-09-06,false,false
SEND002807,CMP01,New Year Reset,C00393,email,Start fresh with practical favorites.,2025-01-02,false,false
SEND002808,CMP05,Back to Routine,C00297,email,Get back into your everyday rhythm.,2025-09-28,false,false
SEND002809,CMP01,New Year Reset,C00920,email,Start fresh with practical favorites.,2025-01-16,false,false
SEND002810,CMP03,Member Picks,C00483,email,Popular picks selected for you.,2025-06-14,false,true
SEND002811,CMP03,Member Picks,C00109,email,Popular picks selected for you.,2025-05-21,false,false
SEND002812,CMP04,Summer Essentials,C00276,ads,Simple essentials for warmer days.,2025-08-29,false,false
SEND002813,CMP07,Early Holiday,C00944,email,A head start on thoughtful gifting.,2025-11-21,false,false
SEND002814,CMP03,Member Picks,C00882,email,Popular picks selected for you.,2025-06-21,false,false
SEND002815,CMP06,Autumn Edit,C00690,ads,Discover this season's useful upgrades.,2025-10-22,false,false
SEND002816,CMP08,Holiday Highlights,C00671,ads,Explore customer favorites this holiday.,2025-11-04,false,false
SEND002817,CMP01,New Year Reset,C00660,email,Start fresh with practical favorites.,2025-01-15,false,false
SEND002818,CMP03,Member Picks,C00640,email,Popular picks selected for you.,2025-05-08,false,true
SEND002819,CMP02,Spring Refresh,C00347,ads,Refresh your routine for spring.,2025-03-24,false,false
SEND002820,CMP07,Early Holiday,C00445,email,A head start on thoughtful gifting.,2025-11-08,true,false
SEND002821,CMP08,Holiday Highlights,C00227,ads,Explore customer favorites this holiday.,2025-11-04,true,false
SEND002822,CMP02,Spring Refresh,C00119,ads,Refresh your routine for spring.,2025-04-24,false,false
SEND002823,CMP05,Back to Routine,C00627,email,Get back into your everyday rhythm.,2025-09-08,true,false
SEND002824,CMP06,Autumn Edit,C00334,ads,Discover this season's useful upgrades.,2025-09-08,false,false
SEND002825,CMP02,Spring Refresh,C00562,ads,Refresh your routine for spring.,2025-03-18,false,false
SEND002826,CMP01,New Year Reset,C00783,email,Start fresh with practical favorites.,2025-02-14,false,false
SEND002827,CMP07,Early Holiday,C00005,email,A head start on thoughtful gifting.,2025-11-08,false,false
SEND002828,CMP06,Autumn Edit,C00394,ads,Discover this season's useful upgrades.,2025-10-20,false,false
SEND002829,CMP02,Spring Refresh,C00683,ads,Refresh your routine for spring.,2025-04-11,false,false
SEND002830,CMP08,Holiday Highlights,C00067,ads,Explore customer favorites this holiday.,2025-12-09,false,false
SEND002831,CMP01,New Year Reset,C00925,email,Start fresh with practical favorites.,2025-02-27,false,false
SEND002832,CMP04,Summer Essentials,C00547,ads,Simple essentials for warmer days.,2025-06-04,false,false
SEND002833,CMP02,Spring Refresh,C00623,ads,Refresh your routine for spring.,2025-03-03,false,false
SEND002834,CMP04,Summer Essentials,C00096,ads,Simple essentials for warmer days.,2025-06-25,false,false
SEND002835,CMP03,Member Picks,C00604,email,Popular picks selected for you.,2025-05-25,false,false
SEND002836,CMP01,New Year Reset,C00244,email,Start fresh with practical favorites.,2025-01-29,false,false
SEND002837,CMP07,Early Holiday,C00672,email,A head start on thoughtful gifting.,2025-11-09,true,true
SEND002838,CMP02,Spring Refresh,C00590,ads,Refresh your routine for spring.,2025-03-29,false,false
SEND002839,CMP03,Member Picks,C00334,email,Popular picks selected for you.,2025-06-23,false,false
SEND002840,CMP05,Back to Routine,C00297,email,Get back into your everyday rhythm.,2025-08-23,false,false
SEND002841,CMP06,Autumn Edit,C00538,ads,Discover this season's useful upgrades.,2025-10-26,false,false
SEND002842,CMP04,Summer Essentials,C00906,ads,Simple essentials for warmer days.,2025-07-03,false,false
SEND002843,CMP02,Spring Refresh,C00421,ads,Refresh your routine for spring.,2025-03-01,false,false
SEND002844,CMP04,Summer Essentials,C00385,ads,Simple essentials for warmer days.,2025-06-23,false,false
SEND002845,CMP08,Holiday Highlights,C00024,ads,Explore customer favorites this holiday.,2025-12-11,false,false
SEND002846,CMP03,Member Picks,C00988,email,Popular picks selected for you.,2025-05-21,false,false
SEND002847,CMP02,Spring Refresh,C00734,ads,Refresh your routine for spring.,2025-03-11,false,false
SEND002848,CMP01,New Year Reset,C00098,email,Start fresh with practical favorites.,2025-01-29,false,false
SEND002849,CMP07,Early Holiday,C00480,email,A head start on thoughtful gifting.,2025-11-26,false,false
SEND002850,CMP03,Member Picks,C00966,email,Popular picks selected for you.,2025-06-21,false,false
SEND002851,CMP03,Member Picks,C00095,email,Popular picks selected for you.,2025-05-22,false,false
SEND002852,CMP06,Autumn Edit,C00452,ads,Discover this season's useful upgrades.,2025-09-06,true,false
SEND002853,CMP02,Spring Refresh,C00019,ads,Refresh your routine for spring.,2025-04-23,false,false
SEND002854,CMP06,Autumn Edit,C00022,ads,Discover this season's useful upgrades.,2025-09-20,false,false
SEND002855,CMP06,Autumn Edit,C00665,ads,Discover this season's useful upgrades.,2025-09-10,false,false
SEND002856,CMP08,Holiday Highlights,C00630,ads,Explore customer favorites this holiday.,2025-12-23,false,false
SEND002857,CMP01,New Year Reset,C00907,email,Start fresh with practical favorites.,2025-01-30,false,false
SEND002858,CMP05,Back to Routine,C00156,email,Get back into your everyday rhythm.,2025-09-11,true,true
SEND002859,CMP06,Autumn Edit,C00785,ads,Discover this season's useful upgrades.,2025-10-01,false,false
SEND002860,CMP02,Spring Refresh,C00803,ads,Refresh your routine for spring.,2025-03-07,false,false
SEND002861,CMP04,Summer Essentials,C00449,ads,Simple essentials for warmer days.,2025-07-26,true,false
SEND002862,CMP01,New Year Reset,C00524,email,Start fresh with practical favorites.,2025-02-25,true,true
SEND002863,CMP07,Early Holiday,C00796,email,A head start on thoughtful gifting.,2025-11-14,false,false
SEND002864,CMP07,Early Holiday,C00185,email,A head start on thoughtful gifting.,2025-11-01,false,false
SEND002865,CMP06,Autumn Edit,C00427,ads,Discover this season's useful upgrades.,2025-09-22,false,false
SEND002866,CMP02,Spring Refresh,C00446,ads,Refresh your routine for spring.,2025-03-13,false,false
SEND002867,CMP01,New Year Reset,C00943,email,Start fresh with practical favorites.,2025-01-06,false,false
SEND002868,CMP03,Member Picks,C00208,email,Popular picks selected for you.,2025-06-11,true,false
SEND002869,CMP04,Summer Essentials,C00701,ads,Simple essentials for warmer days.,2025-06-06,false,false
SEND002870,CMP01,New Year Reset,C00317,email,Start fresh with practical favorites.,2025-02-19,false,false
SEND002871,CMP04,Summer Essentials,C00382,ads,Simple essentials for warmer days.,2025-06-30,true,false
SEND002872,CMP06,Autumn Edit,C00226,ads,Discover this season's useful upgrades.,2025-10-25,false,false
SEND002873,CMP06,Autumn Edit,C00472,ads,Discover this season's useful upgrades.,2025-09-13,false,false
SEND002874,CMP04,Summer Essentials,C00869,ads,Simple essentials for warmer days.,2025-07-01,false,false
SEND002875,CMP07,Early Holiday,C00721,email,A head start on thoughtful gifting.,2025-11-09,false,false
SEND002876,CMP04,Summer Essentials,C00199,ads,Simple essentials for warmer days.,2025-08-31,false,false
SEND002877,CMP01,New Year Reset,C00566,email,Start fresh with practical favorites.,2025-01-30,false,false
SEND002878,CMP06,Autumn Edit,C00718,ads,Discover this season's useful upgrades.,2025-09-22,false,false
SEND002879,CMP06,Autumn Edit,C00138,ads,Discover this season's useful upgrades.,2025-09-07,false,false
SEND002880,CMP05,Back to Routine,C00200,email,Get back into your everyday rhythm.,2025-08-01,true,true
SEND002881,CMP05,Back to Routine,C00924,email,Get back into your everyday rhythm.,2025-08-18,false,false
SEND002882,CMP07,Early Holiday,C00917,email,A head start on thoughtful gifting.,2025-11-24,false,false
SEND002883,CMP07,Early Holiday,C00207,email,A head start on thoughtful gifting.,2025-11-15,true,false
SEND002884,CMP05,Back to Routine,C00234,email,Get back into your everyday rhythm.,2025-08-24,false,false
SEND002885,CMP08,Holiday Highlights,C00992,ads,Explore customer favorites this holiday.,2025-11-22,false,false
SEND002886,CMP04,Summer Essentials,C00177,ads,Simple essentials for warmer days.,2025-06-01,false,false
SEND002887,CMP08,Holiday Highlights,C00237,ads,Explore customer favorites this holiday.,2025-11-06,false,false
SEND002888,CMP04,Summer Essentials,C00748,ads,Simple essentials for warmer days.,2025-08-28,true,false
SEND002889,CMP03,Member Picks,C00642,email,Popular picks selected for you.,2025-06-28,true,false
SEND002890,CMP08,Holiday Highlights,C00166,ads,Explore customer favorites this holiday.,2025-12-19,false,false
SEND002891,CMP04,Summer Essentials,C00593,ads,Simple essentials for warmer days.,2025-06-08,false,false
SEND002892,CMP02,Spring Refresh,C00650,ads,Refresh your routine for spring.,2025-04-16,false,false
SEND002893,CMP02,Spring Refresh,C00252,ads,Refresh your routine for spring.,2025-03-03,false,false
SEND002894,CMP05,Back to Routine,C00785,email,Get back into your everyday rhythm.,2025-08-26,false,false
SEND002895,CMP06,Autumn Edit,C00319,ads,Discover this season's useful upgrades.,2025-10-23,false,false
SEND002896,CMP01,New Year Reset,C00092,email,Start fresh with practical favorites.,2025-01-13,false,false
SEND002897,CMP03,Member Picks,C00186,email,Popular picks selected for you.,2025-05-30,false,false
SEND002898,CMP01,New Year Reset,C00188,email,Start fresh with practical favorites.,2025-01-11,false,false
SEND002899,CMP01,New Year Reset,C00558,email,Start fresh with practical favorites.,2025-02-01,false,false
SEND002900,CMP08,Holiday Highlights,C00366,ads,Explore customer favorites this holiday.,2025-12-01,false,false
SEND002901,CMP03,Member Picks,C00611,email,Popular picks selected for you.,2025-06-05,false,false
SEND002902,CMP05,Back to Routine,C00895,email,Get back into your everyday rhythm.,2025-08-22,false,false
SEND002903,CMP02,Spring Refresh,C00994,ads,Refresh your routine for spring.,2025-04-30,true,false
SEND002904,CMP02,Spring Refresh,C00477,ads,Refresh your routine for spring.,2025-04-05,false,false
SEND002905,CMP05,Back to Routine,C00278,email,Get back into your everyday rhythm.,2025-08-18,false,false
SEND002906,CMP06,Autumn Edit,C00538,ads,Discover this season's useful upgrades.,2025-10-21,false,false
SEND002907,CMP06,Autumn Edit,C00309,ads,Discover this season's useful upgrades.,2025-09-06,false,false
SEND002908,CMP02,Spring Refresh,C00636,ads,Refresh your routine for spring.,2025-03-17,false,false
SEND002909,CMP02,Spring Refresh,C00809,ads,Refresh your routine for spring.,2025-03-18,false,false
SEND002910,CMP07,Early Holiday,C00680,email,A head start on thoughtful gifting.,2025-11-04,true,false
SEND002911,CMP06,Autumn Edit,C00271,ads,Discover this season's useful upgrades.,2025-10-18,false,false
SEND002912,CMP02,Spring Refresh,C00585,ads,Refresh your routine for spring.,2025-04-23,false,false
SEND002913,CMP08,Holiday Highlights,C00814,ads,Explore customer favorites this holiday.,2025-11-29,false,false
SEND002914,CMP08,Holiday Highlights,C00693,ads,Explore customer favorites this holiday.,2025-12-06,false,false
SEND002915,CMP07,Early Holiday,C00410,email,A head start on thoughtful gifting.,2025-11-06,false,false
SEND002916,CMP02,Spring Refresh,C00577,ads,Refresh your routine for spring.,2025-04-22,false,false
SEND002917,CMP03,Member Picks,C00195,email,Popular picks selected for you.,2025-06-03,false,false
SEND002918,CMP06,Autumn Edit,C00216,ads,Discover this season's useful upgrades.,2025-09-01,false,false
SEND002919,CMP06,Autumn Edit,C00330,ads,Discover this season's useful upgrades.,2025-09-01,false,false
SEND002920,CMP05,Back to Routine,C00089,email,Get back into your everyday rhythm.,2025-08-27,false,false
SEND002921,CMP07,Early Holiday,C00650,email,A head start on thoughtful gifting.,2025-11-06,false,false
SEND002922,CMP08,Holiday Highlights,C00166,ads,Explore customer favorites this holiday.,2025-12-27,false,false
SEND002923,CMP05,Back to Routine,C00982,email,Get back into your everyday rhythm.,2025-08-18,false,false
SEND002924,CMP05,Back to Routine,C00727,email,Get back into your everyday rhythm.,2025-09-07,false,false
SEND002925,CMP07,Early Holiday,C00266,email,A head start on thoughtful gifting.,2025-11-24,false,false
SEND002926,CMP01,New Year Reset,C00819,email,Start fresh with practical favorites.,2025-01-06,false,false
SEND002927,CMP05,Back to Routine,C00704,email,Get back into your everyday rhythm.,2025-09-05,true,false
SEND002928,CMP04,Summer Essentials,C00898,ads,Simple essentials for warmer days.,2025-06-08,false,true
SEND002929,CMP03,Member Picks,C00580,email,Popular picks selected for you.,2025-06-11,false,false
SEND002930,CMP05,Back to Routine,C00945,email,Get back into your everyday rhythm.,2025-09-26,false,false
SEND002931,CMP01,New Year Reset,C00450,email,Start fresh with practical favorites.,2025-02-22,false,false
SEND002932,CMP03,Member Picks,C00714,email,Popular picks selected for you.,2025-06-05,false,false
SEND002933,CMP01,New Year Reset,C00953,email,Start fresh with practical favorites.,2025-02-12,false,false
SEND002934,CMP05,Back to Routine,C00336,email,Get back into your everyday rhythm.,2025-09-07,false,false
SEND002935,CMP01,New Year Reset,C00606,email,Start fresh with practical favorites.,2025-02-16,true,false
SEND002936,CMP02,Spring Refresh,C00054,ads,Refresh your routine for spring.,2025-03-11,false,false
SEND002937,CMP07,Early Holiday,C00265,email,A head start on thoughtful gifting.,2025-11-14,false,false
SEND002938,CMP07,Early Holiday,C00938,email,A head start on thoughtful gifting.,2025-11-10,false,false
SEND002939,CMP02,Spring Refresh,C00188,ads,Refresh your routine for spring.,2025-03-05,false,false
SEND002940,CMP08,Holiday Highlights,C00773,ads,Explore customer favorites this holiday.,2025-11-12,false,false
SEND002941,CMP02,Spring Refresh,C00167,ads,Refresh your routine for spring.,2025-03-26,false,false
SEND002942,CMP06,Autumn Edit,C00798,ads,Discover this season's useful upgrades.,2025-10-27,false,false
SEND002943,CMP05,Back to Routine,C00611,email,Get back into your everyday rhythm.,2025-09-21,false,false
SEND002944,CMP01,New Year Reset,C00402,email,Start fresh with practical favorites.,2025-01-30,false,false
SEND002945,CMP04,Summer Essentials,C00591,ads,Simple essentials for warmer days.,2025-08-14,false,false
SEND002946,CMP07,Early Holiday,C00749,email,A head start on thoughtful gifting.,2025-11-29,false,true
SEND002947,CMP06,Autumn Edit,C00648,ads,Discover this season's useful upgrades.,2025-10-31,false,false
SEND002948,CMP05,Back to Routine,C00978,email,Get back into your everyday rhythm.,2025-09-16,false,false
SEND002949,CMP02,Spring Refresh,C00436,ads,Refresh your routine for spring.,2025-04-30,false,false
SEND002950,CMP04,Summer Essentials,C00956,ads,Simple essentials for warmer days.,2025-08-23,false,false
SEND002951,CMP03,Member Picks,C00723,email,Popular picks selected for you.,2025-06-27,false,false
SEND002952,CMP06,Autumn Edit,C00875,ads,Discover this season's useful upgrades.,2025-09-04,false,true
SEND002953,CMP08,Holiday Highlights,C00968,ads,Explore customer favorites this holiday.,2025-12-07,false,false
SEND002954,CMP02,Spring Refresh,C00575,ads,Refresh your routine for spring.,2025-03-04,false,false
SEND002955,CMP01,New Year Reset,C00791,email,Start fresh with practical favorites.,2025-02-17,false,false
SEND002956,CMP08,Holiday Highlights,C00776,ads,Explore customer favorites this holiday.,2025-12-04,true,false
SEND002957,CMP02,Spring Refresh,C00992,ads,Refresh your routine for spring.,2025-03-17,false,false
SEND002958,CMP08,Holiday Highlights,C00475,ads,Explore customer favorites this holiday.,2025-12-23,false,false
SEND002959,CMP07,Early Holiday,C00964,email,A head start on thoughtful gifting.,2025-11-20,true,false
SEND002960,CMP08,Holiday Highlights,C00205,ads,Explore customer favorites this holiday.,2025-12-11,true,false
SEND002961,CMP01,New Year Reset,C00289,email,Start fresh with practical favorites.,2025-01-20,false,false
SEND002962,CMP05,Back to Routine,C00800,email,Get back into your everyday rhythm.,2025-08-31,false,false
SEND002963,CMP03,Member Picks,C00671,email,Popular picks selected for you.,2025-06-19,false,false
SEND002964,CMP08,Holiday Highlights,C00390,ads,Explore customer favorites this holiday.,2025-12-23,false,false
SEND002965,CMP05,Back to Routine,C00456,email,Get back into your everyday rhythm.,2025-09-28,false,false
SEND002966,CMP07,Early Holiday,C00848,email,A head start on thoughtful gifting.,2025-11-07,true,false
SEND002967,CMP02,Spring Refresh,C00669,ads,Refresh your routine for spring.,2025-03-07,false,false
SEND002968,CMP03,Member Picks,C00900,email,Popular picks selected for you.,2025-05-20,false,false
SEND002969,CMP03,Member Picks,C00503,email,Popular picks selected for you.,2025-05-21,false,false
SEND002970,CMP02,Spring Refresh,C00333,ads,Refresh your routine for spring.,2025-03-01,true,false
SEND002971,CMP04,Summer Essentials,C00958,ads,Simple essentials for warmer days.,2025-08-28,false,true
SEND002972,CMP01,New Year Reset,C00079,email,Start fresh with practical favorites.,2025-01-06,false,false
SEND002973,CMP05,Back to Routine,C00832,email,Get back into your everyday rhythm.,2025-08-30,false,false
SEND002974,CMP07,Early Holiday,C00583,email,A head start on thoughtful gifting.,2025-11-04,false,false
SEND002975,CMP01,New Year Reset,C00798,email,Start fresh with practical favorites.,2025-01-12,false,false
SEND002976,CMP05,Back to Routine,C00158,email,Get back into your everyday rhythm.,2025-09-24,false,true
SEND002977,CMP01,New Year Reset,C00511,email,Start fresh with practical favorites.,2025-02-07,false,false
SEND002978,CMP04,Summer Essentials,C00750,ads,Simple essentials for warmer days.,2025-07-23,false,false
SEND002979,CMP08,Holiday Highlights,C00696,ads,Explore customer favorites this holiday.,2025-11-04,false,false
SEND002980,CMP05,Back to Routine,C00844,email,Get back into your everyday rhythm.,2025-08-26,false,false
SEND002981,CMP03,Member Picks,C00496,email,Popular picks selected for you.,2025-06-06,false,false
SEND002982,CMP08,Holiday Highlights,C00119,ads,Explore customer favorites this holiday.,2025-11-02,false,false
SEND002983,CMP05,Back to Routine,C00998,email,Get back into your everyday rhythm.,2025-09-18,false,false
SEND002984,CMP01,New Year Reset,C00896,email,Start fresh with practical favorites.,2025-02-05,false,false
SEND002985,CMP06,Autumn Edit,C00526,ads,Discover this season's useful upgrades.,2025-09-25,false,false
SEND002986,CMP05,Back to Routine,C00311,email,Get back into your everyday rhythm.,2025-08-01,true,false
SEND002987,CMP07,Early Holiday,C00136,email,A head start on thoughtful gifting.,2025-11-18,false,false
SEND002988,CMP05,Back to Routine,C00112,email,Get back into your everyday rhythm.,2025-09-21,false,false
SEND002989,CMP06,Autumn Edit,C00084,ads,Discover this season's useful upgrades.,2025-09-16,false,false
SEND002990,CMP07,Early Holiday,C00019,email,A head start on thoughtful gifting.,2025-11-01,false,false
SEND002991,CMP03,Member Picks,C00530,email,Popular picks selected for you.,2025-05-01,true,false
SEND002992,CMP01,New Year Reset,C00484,email,Start fresh with practical favorites.,2025-01-27,false,false
SEND002993,CMP06,Autumn Edit,C00433,ads,Discover this season's useful upgrades.,2025-10-11,true,false
SEND002994,CMP02,Spring Refresh,C00175,ads,Refresh your routine for spring.,2025-03-09,true,false
SEND002995,CMP06,Autumn Edit,C00975,ads,Discover this season's useful upgrades.,2025-10-23,false,false
SEND002996,CMP03,Member Picks,C00918,email,Popular picks selected for you.,2025-05-15,true,true
SEND002997,CMP07,Early Holiday,C00074,email,A head start on thoughtful gifting.,2025-11-28,false,false
SEND002998,CMP05,Back to Routine,C00084,email,Get back into your everyday rhythm.,2025-09-18,false,false
SEND002999,CMP03,Member Picks,C00171,email,Popular picks selected for you.,2025-05-14,false,false
SEND003000,CMP07,Early Holiday,C00309,email,A head start on thoughtful gifting.,2025-11-25,false,false
SEND003001,CMP01,New Year Reset,C00084,email,Start fresh with practical favorites.,2025-02-02,false,false
SEND003002,CMP02,Spring Refresh,C00938,ads,Refresh your routine for spring.,2025-03-16,false,false
SEND003003,CMP03,Member Picks,C00968,email,Popular picks selected for you.,2025-05-06,false,false
SEND003004,CMP03,Member Picks,C00458,email,Popular picks selected for you.,2025-05-10,false,false
SEND003005,CMP08,Holiday Highlights,C00930,ads,Explore customer favorites this holiday.,2025-12-22,false,false
SEND003006,CMP08,Holiday Highlights,C00629,ads,Explore customer favorites this holiday.,2025-11-13,false,false
SEND003007,CMP01,New Year Reset,C00664,email,Start fresh with practical favorites.,2025-02-03,false,false
SEND003008,CMP01,New Year Reset,C00149,email,Start fresh with practical favorites.,2025-02-18,false,false
SEND003009,CMP04,Summer Essentials,C00851,ads,Simple essentials for warmer days.,2025-06-01,false,false
SEND003010,CMP07,Early Holiday,C00681,email,A head start on thoughtful gifting.,2025-11-16,false,false
SEND003011,CMP08,Holiday Highlights,C00927,ads,Explore customer favorites this holiday.,2025-11-06,false,false
SEND003012,CMP04,Summer Essentials,C00232,ads,Simple essentials for warmer days.,2025-07-13,false,false
SEND003013,CMP01,New Year Reset,C00990,email,Start fresh with practical favorites.,2025-01-12,false,false
SEND003014,CMP05,Back to Routine,C00984,email,Get back into your everyday rhythm.,2025-09-20,false,false
SEND003015,CMP08,Holiday Highlights,C00852,ads,Explore customer favorites this holiday.,2025-11-25,false,false
SEND003016,CMP02,Spring Refresh,C00908,ads,Refresh your routine for spring.,2025-03-10,false,false
SEND003017,CMP05,Back to Routine,C00159,email,Get back into your everyday rhythm.,2025-09-04,false,false
SEND003018,CMP03,Member Picks,C00269,email,Popular picks selected for you.,2025-06-18,false,false
SEND003019,CMP08,Holiday Highlights,C00920,ads,Explore customer favorites this holiday.,2025-11-10,false,false
SEND003020,CMP02,Spring Refresh,C00024,ads,Refresh your routine for spring.,2025-03-08,false,false
SEND003021,CMP05,Back to Routine,C00471,email,Get back into your everyday rhythm.,2025-08-31,false,false
SEND003022,CMP05,Back to Routine,C00311,email,Get back into your everyday rhythm.,2025-08-17,false,false
SEND003023,CMP08,Holiday Highlights,C00044,ads,Explore customer favorites this holiday.,2025-12-31,false,false
SEND003024,CMP01,New Year Reset,C00864,email,Start fresh with practical favorites.,2025-01-16,false,false
SEND003025,CMP03,Member Picks,C00870,email,Popular picks selected for you.,2025-05-15,false,true
SEND003026,CMP04,Summer Essentials,C00220,ads,Simple essentials for warmer days.,2025-07-09,false,false
SEND003027,CMP06,Autumn Edit,C00328,ads,Discover this season's useful upgrades.,2025-10-21,false,false
SEND003028,CMP04,Summer Essentials,C00057,ads,Simple essentials for warmer days.,2025-08-05,false,false
SEND003029,CMP02,Spring Refresh,C00211,ads,Refresh your routine for spring.,2025-04-22,false,false
SEND003030,CMP06,Autumn Edit,C00729,ads,Discover this season's useful upgrades.,2025-10-21,false,false
SEND003031,CMP02,Spring Refresh,C00642,ads,Refresh your routine for spring.,2025-04-19,false,false
SEND003032,CMP08,Holiday Highlights,C00580,ads,Explore customer favorites this holiday.,2025-11-15,false,false
SEND003033,CMP01,New Year Reset,C00493,email,Start fresh with practical favorites.,2025-02-09,false,false
SEND003034,CMP07,Early Holiday,C00679,email,A head start on thoughtful gifting.,2025-11-07,true,false
SEND003035,CMP07,Early Holiday,C00284,email,A head start on thoughtful gifting.,2025-11-27,false,true
SEND003036,CMP02,Spring Refresh,C00228,ads,Refresh your routine for spring.,2025-04-24,true,false
SEND003037,CMP08,Holiday Highlights,C00403,ads,Explore customer favorites this holiday.,2025-11-03,false,false
SEND003038,CMP05,Back to Routine,C00417,email,Get back into your everyday rhythm.,2025-08-18,false,false
SEND003039,CMP02,Spring Refresh,C00044,ads,Refresh your routine for spring.,2025-03-22,false,false
SEND003040,CMP08,Holiday Highlights,C00343,ads,Explore customer favorites this holiday.,2025-11-15,true,true
SEND003041,CMP03,Member Picks,C00507,email,Popular picks selected for you.,2025-05-22,false,false
SEND003042,CMP08,Holiday Highlights,C00657,ads,Explore customer favorites this holiday.,2025-12-30,false,false
SEND003043,CMP03,Member Picks,C00382,email,Popular picks selected for you.,2025-05-08,false,false
SEND003044,CMP03,Member Picks,C00748,email,Popular picks selected for you.,2025-05-16,true,false
SEND003045,CMP07,Early Holiday,C00746,email,A head start on thoughtful gifting.,2025-11-13,false,false
SEND003046,CMP06,Autumn Edit,C00776,ads,Discover this season's useful upgrades.,2025-10-21,false,false
SEND003047,CMP05,Back to Routine,C00586,email,Get back into your everyday rhythm.,2025-08-27,false,false
SEND003048,CMP06,Autumn Edit,C00941,ads,Discover this season's useful upgrades.,2025-10-11,false,false
SEND003049,CMP04,Summer Essentials,C00391,ads,Simple essentials for warmer days.,2025-07-04,false,false
SEND003050,CMP08,Holiday Highlights,C00517,ads,Explore customer favorites this holiday.,2025-11-07,false,false
SEND003051,CMP03,Member Picks,C00629,email,Popular picks selected for you.,2025-06-06,false,false
SEND003052,CMP06,Autumn Edit,C00020,ads,Discover this season's useful upgrades.,2025-09-16,false,false
SEND003053,CMP02,Spring Refresh,C00932,ads,Refresh your routine for spring.,2025-03-06,true,false
SEND003054,CMP04,Summer Essentials,C00554,ads,Simple essentials for warmer days.,2025-06-15,false,false
SEND003055,CMP08,Holiday Highlights,C00209,ads,Explore customer favorites this holiday.,2025-12-11,false,false
SEND003056,CMP03,Member Picks,C00213,email,Popular picks selected for you.,2025-05-12,false,false
SEND003057,CMP03,Member Picks,C00640,email,Popular picks selected for you.,2025-05-11,false,false
SEND003058,CMP06,Autumn Edit,C00272,ads,Discover this season's useful upgrades.,2025-10-17,false,false
SEND003059,CMP08,Holiday Highlights,C00455,ads,Explore customer favorites this holiday.,2025-12-16,false,false
SEND003060,CMP08,Holiday Highlights,C00694,ads,Explore customer favorites this holiday.,2025-12-30,false,false
SEND003061,CMP07,Early Holiday,C00572,email,A head start on thoughtful gifting.,2025-11-15,false,false
SEND003062,CMP07,Early Holiday,C00698,email,A head start on thoughtful gifting.,2025-11-04,false,false
SEND003063,CMP08,Holiday Highlights,C00196,ads,Explore customer favorites this holiday.,2025-11-25,false,false
SEND003064,CMP04,Summer Essentials,C00878,ads,Simple essentials for warmer days.,2025-06-04,false,false
SEND003065,CMP02,Spring Refresh,C00615,ads,Refresh your routine for spring.,2025-03-12,true,false
SEND003066,CMP07,Early Holiday,C00920,email,A head start on thoughtful gifting.,2025-11-07,false,false
SEND003067,CMP07,Early Holiday,C00375,email,A head start on thoughtful gifting.,2025-11-16,false,false
SEND003068,CMP06,Autumn Edit,C00727,ads,Discover this season's useful upgrades.,2025-10-19,true,false
SEND003069,CMP05,Back to Routine,C00134,email,Get back into your everyday rhythm.,2025-08-19,false,false
SEND003070,CMP05,Back to Routine,C00935,email,Get back into your everyday rhythm.,2025-08-02,true,false
SEND003071,CMP01,New Year Reset,C00136,email,Start fresh with practical favorites.,2025-01-03,false,false
SEND003072,CMP02,Spring Refresh,C00161,ads,Refresh your routine for spring.,2025-03-10,false,false
SEND003073,CMP08,Holiday Highlights,C00934,ads,Explore customer favorites this holiday.,2025-12-03,false,false
SEND003074,CMP05,Back to Routine,C00764,email,Get back into your everyday rhythm.,2025-08-04,false,false
SEND003075,CMP08,Holiday Highlights,C00219,ads,Explore customer favorites this holiday.,2025-11-27,false,false
SEND003076,CMP05,Back to Routine,C00116,email,Get back into your everyday rhythm.,2025-09-17,false,false
SEND003077,CMP02,Spring Refresh,C00630,ads,Refresh your routine for spring.,2025-04-05,false,true
SEND003078,CMP05,Back to Routine,C00740,email,Get back into your everyday rhythm.,2025-09-09,false,false
SEND003079,CMP05,Back to Routine,C00929,email,Get back into your everyday rhythm.,2025-08-03,false,false
SEND003080,CMP04,Summer Essentials,C00650,ads,Simple essentials for warmer days.,2025-08-28,false,false
SEND003081,CMP03,Member Picks,C00373,email,Popular picks selected for you.,2025-06-05,false,false
SEND003082,CMP06,Autumn Edit,C00143,ads,Discover this season's useful upgrades.,2025-10-01,false,false
SEND003083,CMP06,Autumn Edit,C00179,ads,Discover this season's useful upgrades.,2025-10-10,false,false
SEND003084,CMP03,Member Picks,C00784,email,Popular picks selected for you.,2025-05-31,false,false
SEND003085,CMP06,Autumn Edit,C00829,ads,Discover this season's useful upgrades.,2025-10-30,true,false
SEND003086,CMP03,Member Picks,C00325,email,Popular picks selected for you.,2025-05-22,false,false
SEND003087,CMP07,Early Holiday,C00634,email,A head start on thoughtful gifting.,2025-11-15,false,false
SEND003088,CMP02,Spring Refresh,C00328,ads,Refresh your routine for spring.,2025-03-27,true,false
SEND003089,CMP05,Back to Routine,C00495,email,Get back into your everyday rhythm.,2025-08-01,false,true
SEND003090,CMP08,Holiday Highlights,C00214,ads,Explore customer favorites this holiday.,2025-12-17,false,false
SEND003091,CMP01,New Year Reset,C00281,email,Start fresh with practical favorites.,2025-01-14,false,false
SEND003092,CMP01,New Year Reset,C00257,email,Start fresh with practical favorites.,2025-02-13,false,false
SEND003093,CMP06,Autumn Edit,C00392,ads,Discover this season's useful upgrades.,2025-09-02,false,false
SEND003094,CMP05,Back to Routine,C00073,email,Get back into your everyday rhythm.,2025-09-06,true,false
SEND003095,CMP01,New Year Reset,C00412,email,Start fresh with practical favorites.,2025-02-15,false,false
SEND003096,CMP02,Spring Refresh,C00066,ads,Refresh your routine for spring.,2025-04-12,false,false
SEND003097,CMP04,Summer Essentials,C00416,ads,Simple essentials for warmer days.,2025-07-24,false,false
SEND003098,CMP07,Early Holiday,C00260,email,A head start on thoughtful gifting.,2025-11-02,false,false
SEND003099,CMP02,Spring Refresh,C00346,ads,Refresh your routine for spring.,2025-04-01,false,false
SEND003100,CMP02,Spring Refresh,C00891,ads,Refresh your routine for spring.,2025-04-26,false,false
SEND003101,CMP02,Spring Refresh,C00206,ads,Refresh your routine for spring.,2025-04-18,false,false
SEND003102,CMP03,Member Picks,C00785,email,Popular picks selected for you.,2025-05-27,false,false
SEND003103,CMP06,Autumn Edit,C00369,ads,Discover this season's useful upgrades.,2025-10-03,false,false
SEND003104,CMP02,Spring Refresh,C00489,ads,Refresh your routine for spring.,2025-03-28,false,false
SEND003105,CMP02,Spring Refresh,C00080,ads,Refresh your routine for spring.,2025-04-06,false,false
SEND003106,CMP05,Back to Routine,C00660,email,Get back into your everyday rhythm.,2025-09-15,false,false
SEND003107,CMP06,Autumn Edit,C00522,ads,Discover this season's useful upgrades.,2025-09-19,false,false
SEND003108,CMP07,Early Holiday,C00024,email,A head start on thoughtful gifting.,2025-11-02,false,false
SEND003109,CMP04,Summer Essentials,C00739,ads,Simple essentials for warmer days.,2025-07-10,false,false
SEND003110,CMP04,Summer Essentials,C00737,ads,Simple essentials for warmer days.,2025-06-22,false,false
SEND003111,CMP06,Autumn Edit,C00073,ads,Discover this season's useful upgrades.,2025-09-28,false,false
SEND003112,CMP06,Autumn Edit,C00658,ads,Discover this season's useful upgrades.,2025-10-23,false,false
SEND003113,CMP02,Spring Refresh,C00639,ads,Refresh your routine for spring.,2025-04-04,false,false
SEND003114,CMP01,New Year Reset,C00154,email,Start fresh with practical favorites.,2025-01-03,false,false
SEND003115,CMP05,Back to Routine,C00737,email,Get back into your everyday rhythm.,2025-09-29,false,false
SEND003116,CMP05,Back to Routine,C00650,email,Get back into your everyday rhythm.,2025-09-06,false,false
SEND003117,CMP04,Summer Essentials,C00712,ads,Simple essentials for warmer days.,2025-08-05,false,false
SEND003118,CMP04,Summer Essentials,C00270,ads,Simple essentials for warmer days.,2025-08-23,false,false
SEND003119,CMP03,Member Picks,C00703,email,Popular picks selected for you.,2025-06-02,false,true
SEND003120,CMP07,Early Holiday,C00960,email,A head start on thoughtful gifting.,2025-11-14,false,false
SEND003121,CMP02,Spring Refresh,C00715,ads,Refresh your routine for spring.,2025-03-03,true,false
SEND003122,CMP01,New Year Reset,C00001,email,Start fresh with practical favorites.,2025-01-02,false,false
SEND003123,CMP08,Holiday Highlights,C00093,ads,Explore customer favorites this holiday.,2025-12-06,false,false
SEND003124,CMP02,Spring Refresh,C00316,ads,Refresh your routine for spring.,2025-03-26,true,false
SEND003125,CMP06,Autumn Edit,C00424,ads,Discover this season's useful upgrades.,2025-09-01,false,false
SEND003126,CMP06,Autumn Edit,C00166,ads,Discover this season's useful upgrades.,2025-09-04,false,false
SEND003127,CMP04,Summer Essentials,C00371,ads,Simple essentials for warmer days.,2025-07-18,false,false
SEND003128,CMP08,Holiday Highlights,C01000,ads,Explore customer favorites this holiday.,2025-11-05,false,false
SEND003129,CMP07,Early Holiday,C00120,email,A head start on thoughtful gifting.,2025-11-06,false,false
SEND003130,CMP02,Spring Refresh,C00026,ads,Refresh your routine for spring.,2025-04-22,false,false
SEND003131,CMP08,Holiday Highlights,C00119,ads,Explore customer favorites this holiday.,2025-11-30,false,true
SEND003132,CMP05,Back to Routine,C00227,email,Get back into your everyday rhythm.,2025-09-05,false,false
SEND003133,CMP08,Holiday Highlights,C00010,ads,Explore customer favorites this holiday.,2025-12-06,false,false
SEND003134,CMP04,Summer Essentials,C00210,ads,Simple essentials for warmer days.,2025-06-15,false,false
SEND003135,CMP03,Member Picks,C00387,email,Popular picks selected for you.,2025-05-07,false,false
SEND003136,CMP04,Summer Essentials,C00990,ads,Simple essentials for warmer days.,2025-07-28,false,false
SEND003137,CMP07,Early Holiday,C00755,email,A head start on thoughtful gifting.,2025-11-23,false,false
SEND003138,CMP08,Holiday Highlights,C00195,ads,Explore customer favorites this holiday.,2025-12-14,false,false
SEND003139,CMP01,New Year Reset,C00403,email,Start fresh with practical favorites.,2025-01-11,false,false
SEND003140,CMP04,Summer Essentials,C00424,ads,Simple essentials for warmer days.,2025-07-17,false,true
SEND003141,CMP02,Spring Refresh,C00145,ads,Refresh your routine for spring.,2025-04-12,false,false
SEND003142,CMP06,Autumn Edit,C00693,ads,Discover this season's useful upgrades.,2025-09-09,false,false
SEND003143,CMP01,New Year Reset,C00967,email,Start fresh with practical favorites.,2025-01-06,false,false
SEND003144,CMP06,Autumn Edit,C00060,ads,Discover this season's useful upgrades.,2025-10-21,false,false
SEND003145,CMP02,Spring Refresh,C00679,ads,Refresh your routine for spring.,2025-03-17,false,false
SEND003146,CMP04,Summer Essentials,C00656,ads,Simple essentials for warmer days.,2025-08-04,false,false
SEND003147,CMP07,Early Holiday,C00858,email,A head start on thoughtful gifting.,2025-11-01,false,false
SEND003148,CMP01,New Year Reset,C00102,email,Start fresh with practical favorites.,2025-01-03,false,false
SEND003149,CMP01,New Year Reset,C00083,email,Start fresh with practical favorites.,2025-02-27,false,false
SEND003150,CMP06,Autumn Edit,C00356,ads,Discover this season's useful upgrades.,2025-10-16,false,false
SEND003151,CMP01,New Year Reset,C00170,email,Start fresh with practical favorites.,2025-02-17,false,false
SEND003152,CMP01,New Year Reset,C00091,email,Start fresh with practical favorites.,2025-01-23,false,false
SEND003153,CMP04,Summer Essentials,C00635,ads,Simple essentials for warmer days.,2025-08-29,false,false
SEND003154,CMP01,New Year Reset,C00477,email,Start fresh with practical favorites.,2025-02-23,false,false
SEND003155,CMP06,Autumn Edit,C00247,ads,Discover this season's useful upgrades.,2025-10-19,false,false
SEND003156,CMP06,Autumn Edit,C00970,ads,Discover this season's useful upgrades.,2025-09-06,false,false
SEND003157,CMP01,New Year Reset,C00495,email,Start fresh with practical favorites.,2025-01-03,false,false
SEND003158,CMP03,Member Picks,C00401,email,Popular picks selected for you.,2025-05-30,false,false
SEND003159,CMP08,Holiday Highlights,C00162,ads,Explore customer favorites this holiday.,2025-12-24,false,false
SEND003160,CMP03,Member Picks,C00405,email,Popular picks selected for you.,2025-06-25,true,false
SEND003161,CMP04,Summer Essentials,C00543,ads,Simple essentials for warmer days.,2025-07-29,false,false
SEND003162,CMP01,New Year Reset,C00238,email,Start fresh with practical favorites.,2025-01-05,false,false
SEND003163,CMP01,New Year Reset,C00950,email,Start fresh with practical favorites.,2025-01-16,false,false
SEND003164,CMP02,Spring Refresh,C00921,ads,Refresh your routine for spring.,2025-04-04,false,false
SEND003165,CMP01,New Year Reset,C00866,email,Start fresh with practical favorites.,2025-02-22,false,false
SEND003166,CMP04,Summer Essentials,C00222,ads,Simple essentials for warmer days.,2025-06-05,true,false
SEND003167,CMP04,Summer Essentials,C00602,ads,Simple essentials for warmer days.,2025-07-03,false,true
SEND003168,CMP08,Holiday Highlights,C00747,ads,Explore customer favorites this holiday.,2025-12-27,false,false
SEND003169,CMP05,Back to Routine,C00336,email,Get back into your everyday rhythm.,2025-08-10,false,false
SEND003170,CMP08,Holiday Highlights,C00361,ads,Explore customer favorites this holiday.,2025-11-22,false,false
SEND003171,CMP03,Member Picks,C00993,email,Popular picks selected for you.,2025-06-07,false,false
SEND003172,CMP06,Autumn Edit,C00150,ads,Discover this season's useful upgrades.,2025-09-09,false,false
SEND003173,CMP03,Member Picks,C00879,email,Popular picks selected for you.,2025-06-18,true,false
SEND003174,CMP06,Autumn Edit,C00913,ads,Discover this season's useful upgrades.,2025-09-12,false,false
SEND003175,CMP02,Spring Refresh,C00461,ads,Refresh your routine for spring.,2025-04-14,false,false
SEND003176,CMP06,Autumn Edit,C00681,ads,Discover this season's useful upgrades.,2025-09-30,false,false
SEND003177,CMP05,Back to Routine,C00052,email,Get back into your everyday rhythm.,2025-09-07,false,false
SEND003178,CMP04,Summer Essentials,C00773,ads,Simple essentials for warmer days.,2025-06-09,false,false
SEND003179,CMP04,Summer Essentials,C00479,ads,Simple essentials for warmer days.,2025-08-20,false,false
SEND003180,CMP07,Early Holiday,C00064,email,A head start on thoughtful gifting.,2025-11-11,false,false
SEND003181,CMP06,Autumn Edit,C00442,ads,Discover this season's useful upgrades.,2025-09-20,false,false
SEND003182,CMP02,Spring Refresh,C00637,ads,Refresh your routine for spring.,2025-03-23,false,false
SEND003183,CMP04,Summer Essentials,C00030,ads,Simple essentials for warmer days.,2025-08-31,false,false
SEND003184,CMP05,Back to Routine,C00106,email,Get back into your everyday rhythm.,2025-09-12,false,false
SEND003185,CMP04,Summer Essentials,C00130,ads,Simple essentials for warmer days.,2025-07-23,false,false
SEND003186,CMP06,Autumn Edit,C00025,ads,Discover this season's useful upgrades.,2025-09-26,false,false
SEND003187,CMP02,Spring Refresh,C00373,ads,Refresh your routine for spring.,2025-03-03,false,false
SEND003188,CMP07,Early Holiday,C00576,email,A head start on thoughtful gifting.,2025-11-26,false,false
SEND003189,CMP01,New Year Reset,C00569,email,Start fresh with practical favorites.,2025-01-05,false,false
SEND003190,CMP01,New Year Reset,C00468,email,Start fresh with practical favorites.,2025-02-22,false,false
SEND003191,CMP06,Autumn Edit,C00120,ads,Discover this season's useful upgrades.,2025-10-19,false,false
SEND003192,CMP06,Autumn Edit,C00050,ads,Discover this season's useful upgrades.,2025-10-11,true,false
SEND003193,CMP07,Early Holiday,C00494,email,A head start on thoughtful gifting.,2025-11-20,false,false
SEND003194,CMP03,Member Picks,C00416,email,Popular picks selected for you.,2025-06-17,true,false
SEND003195,CMP02,Spring Refresh,C00459,ads,Refresh your routine for spring.,2025-04-07,false,false
SEND003196,CMP02,Spring Refresh,C00724,ads,Refresh your routine for spring.,2025-03-03,false,false
SEND003197,CMP08,Holiday Highlights,C00973,ads,Explore customer favorites this holiday.,2025-11-24,false,false
SEND003198,CMP04,Summer Essentials,C00037,ads,Simple essentials for warmer days.,2025-07-09,false,true
SEND003199,CMP05,Back to Routine,C00420,email,Get back into your everyday rhythm.,2025-09-21,false,false
SEND003200,CMP02,Spring Refresh,C00968,ads,Refresh your routine for spring.,2025-04-17,false,false
SEND003201,CMP02,Spring Refresh,C00790,ads,Refresh your routine for spring.,2025-04-20,false,false
SEND003202,CMP01,New Year Reset,C00893,email,Start fresh with practical favorites.,2025-02-11,false,false
SEND003203,CMP01,New Year Reset,C00359,email,Start fresh with practical favorites.,2025-02-13,false,false
SEND003204,CMP02,Spring Refresh,C00561,ads,Refresh your routine for spring.,2025-03-15,false,false
SEND003205,CMP08,Holiday Highlights,C00982,ads,Explore customer favorites this holiday.,2025-11-13,false,false
SEND003206,CMP06,Autumn Edit,C00022,ads,Discover this season's useful upgrades.,2025-09-18,false,false
SEND003207,CMP08,Holiday Highlights,C00907,ads,Explore customer favorites this holiday.,2025-11-08,false,false
SEND003208,CMP05,Back to Routine,C00602,email,Get back into your everyday rhythm.,2025-08-13,false,false
SEND003209,CMP04,Summer Essentials,C00342,ads,Simple essentials for warmer days.,2025-08-18,false,false
SEND003210,CMP01,New Year Reset,C00800,email,Start fresh with practical favorites.,2025-02-22,false,false
SEND003211,CMP05,Back to Routine,C00356,email,Get back into your everyday rhythm.,2025-08-22,true,false
SEND003212,CMP07,Early Holiday,C00496,email,A head start on thoughtful gifting.,2025-11-22,true,false
SEND003213,CMP08,Holiday Highlights,C00445,ads,Explore customer favorites this holiday.,2025-11-09,false,false
SEND003214,CMP05,Back to Routine,C00838,email,Get back into your everyday rhythm.,2025-08-17,false,false
SEND003215,CMP01,New Year Reset,C00603,email,Start fresh with practical favorites.,2025-01-26,false,false
SEND003216,CMP04,Summer Essentials,C00008,ads,Simple essentials for warmer days.,2025-06-02,false,false
SEND003217,CMP02,Spring Refresh,C00502,ads,Refresh your routine for spring.,2025-03-02,false,false
SEND003218,CMP06,Autumn Edit,C00745,ads,Discover this season's useful upgrades.,2025-09-18,false,false
SEND003219,CMP05,Back to Routine,C00705,email,Get back into your everyday rhythm.,2025-09-06,true,false
SEND003220,CMP04,Summer Essentials,C00533,ads,Simple essentials for warmer days.,2025-06-22,false,false
SEND003221,CMP01,New Year Reset,C00345,email,Start fresh with practical favorites.,2025-01-12,false,false
SEND003222,CMP01,New Year Reset,C00406,email,Start fresh with practical favorites.,2025-01-13,false,false
SEND003223,CMP01,New Year Reset,C00489,email,Start fresh with practical favorites.,2025-01-22,false,false
SEND003224,CMP03,Member Picks,C00344,email,Popular picks selected for you.,2025-05-11,true,false
SEND003225,CMP01,New Year Reset,C00165,email,Start fresh with practical favorites.,2025-01-03,true,false
SEND003226,CMP03,Member Picks,C00288,email,Popular picks selected for you.,2025-06-29,false,false
SEND003227,CMP04,Summer Essentials,C00656,ads,Simple essentials for warmer days.,2025-08-10,false,false
SEND003228,CMP01,New Year Reset,C00034,email,Start fresh with practical favorites.,2025-01-09,false,false
SEND003229,CMP07,Early Holiday,C00413,email,A head start on thoughtful gifting.,2025-11-14,false,false
SEND003230,CMP07,Early Holiday,C00520,email,A head start on thoughtful gifting.,2025-11-24,false,false
SEND003231,CMP06,Autumn Edit,C00556,ads,Discover this season's useful upgrades.,2025-10-25,false,false
SEND003232,CMP06,Autumn Edit,C00301,ads,Discover this season's useful upgrades.,2025-10-17,false,false
SEND003233,CMP08,Holiday Highlights,C00195,ads,Explore customer favorites this holiday.,2025-12-25,false,false
SEND003234,CMP07,Early Holiday,C00091,email,A head start on thoughtful gifting.,2025-11-04,false,false
SEND003235,CMP01,New Year Reset,C00190,email,Start fresh with practical favorites.,2025-02-08,false,false
SEND003236,CMP05,Back to Routine,C00177,email,Get back into your everyday rhythm.,2025-09-08,false,false
SEND003237,CMP02,Spring Refresh,C00266,ads,Refresh your routine for spring.,2025-03-05,false,true
SEND003238,CMP07,Early Holiday,C00893,email,A head start on thoughtful gifting.,2025-11-12,false,false
SEND003239,CMP07,Early Holiday,C00186,email,A head start on thoughtful gifting.,2025-11-16,false,false
SEND003240,CMP01,New Year Reset,C00913,email,Start fresh with practical favorites.,2025-01-30,false,false
SEND003241,CMP06,Autumn Edit,C00267,ads,Discover this season's useful upgrades.,2025-09-27,false,false
SEND003242,CMP07,Early Holiday,C00334,email,A head start on thoughtful gifting.,2025-11-28,false,false
SEND003243,CMP04,Summer Essentials,C00976,ads,Simple essentials for warmer days.,2025-06-07,false,true
SEND003244,CMP07,Early Holiday,C00582,email,A head start on thoughtful gifting.,2025-11-15,false,false
SEND003245,CMP03,Member Picks,C00086,email,Popular picks selected for you.,2025-05-18,false,false
SEND003246,CMP05,Back to Routine,C00306,email,Get back into your everyday rhythm.,2025-08-07,false,false
SEND003247,CMP04,Summer Essentials,C00750,ads,Simple essentials for warmer days.,2025-08-05,false,false
SEND003248,CMP05,Back to Routine,C00827,email,Get back into your everyday rhythm.,2025-09-11,false,false
SEND003249,CMP03,Member Picks,C00655,email,Popular picks selected for you.,2025-06-09,false,false
SEND003250,CMP07,Early Holiday,C00719,email,A head start on thoughtful gifting.,2025-11-23,false,false
SEND003251,CMP08,Holiday Highlights,C00270,ads,Explore customer favorites this holiday.,2025-12-04,false,false
SEND003252,CMP08,Holiday Highlights,C00004,ads,Explore customer favorites this holiday.,2025-11-05,false,false
SEND003253,CMP02,Spring Refresh,C00858,ads,Refresh your routine for spring.,2025-04-12,false,false
SEND003254,CMP02,Spring Refresh,C00975,ads,Refresh your routine for spring.,2025-04-02,false,false
SEND003255,CMP08,Holiday Highlights,C00234,ads,Explore customer favorites this holiday.,2025-11-18,true,true
SEND003256,CMP05,Back to Routine,C00067,email,Get back into your everyday rhythm.,2025-09-15,false,false
SEND003257,CMP02,Spring Refresh,C00125,ads,Refresh your routine for spring.,2025-04-28,false,false
SEND003258,CMP08,Holiday Highlights,C00916,ads,Explore customer favorites this holiday.,2025-11-20,false,false
SEND003259,CMP06,Autumn Edit,C00537,ads,Discover this season's useful upgrades.,2025-10-25,false,false
SEND003260,CMP08,Holiday Highlights,C00224,ads,Explore customer favorites this holiday.,2025-11-02,true,false
SEND003261,CMP04,Summer Essentials,C00283,ads,Simple essentials for warmer days.,2025-06-12,false,false
SEND003262,CMP03,Member Picks,C00890,email,Popular picks selected for you.,2025-05-17,false,false
SEND003263,CMP06,Autumn Edit,C00155,ads,Discover this season's useful upgrades.,2025-09-17,false,false
SEND003264,CMP03,Member Picks,C00469,email,Popular picks selected for you.,2025-05-26,false,false
SEND003265,CMP01,New Year Reset,C00074,email,Start fresh with practical favorites.,2025-02-05,false,false
SEND003266,CMP03,Member Picks,C00793,email,Popular picks selected for you.,2025-06-17,false,true
SEND003267,CMP06,Autumn Edit,C00219,ads,Discover this season's useful upgrades.,2025-09-18,false,false
SEND003268,CMP03,Member Picks,C00669,email,Popular picks selected for you.,2025-05-15,false,false
SEND003269,CMP08,Holiday Highlights,C00515,ads,Explore customer favorites this holiday.,2025-11-26,false,false
SEND003270,CMP05,Back to Routine,C00290,email,Get back into your everyday rhythm.,2025-08-05,true,false
SEND003271,CMP06,Autumn Edit,C00036,ads,Discover this season's useful upgrades.,2025-10-09,false,false
SEND003272,CMP08,Holiday Highlights,C00150,ads,Explore customer favorites this holiday.,2025-11-10,true,false
SEND003273,CMP07,Early Holiday,C00215,email,A head start on thoughtful gifting.,2025-11-03,false,false
SEND003274,CMP08,Holiday Highlights,C00547,ads,Explore customer favorites this holiday.,2025-11-04,false,false
SEND003275,CMP05,Back to Routine,C00858,email,Get back into your everyday rhythm.,2025-09-01,false,false
SEND003276,CMP01,New Year Reset,C00757,email,Start fresh with practical favorites.,2025-02-06,false,false
SEND003277,CMP04,Summer Essentials,C00287,ads,Simple essentials for warmer days.,2025-08-05,false,true
SEND003278,CMP07,Early Holiday,C00446,email,A head start on thoughtful gifting.,2025-11-17,false,false
SEND003279,CMP06,Autumn Edit,C00451,ads,Discover this season's useful upgrades.,2025-09-15,false,false
SEND003280,CMP04,Summer Essentials,C00221,ads,Simple essentials for warmer days.,2025-06-06,false,false
SEND003281,CMP04,Summer Essentials,C00577,ads,Simple essentials for warmer days.,2025-06-17,true,false
SEND003282,CMP07,Early Holiday,C00705,email,A head start on thoughtful gifting.,2025-11-04,false,false
SEND003283,CMP03,Member Picks,C00293,email,Popular picks selected for you.,2025-06-25,false,false
SEND003284,CMP08,Holiday Highlights,C00205,ads,Explore customer favorites this holiday.,2025-12-18,false,false
SEND003285,CMP07,Early Holiday,C00564,email,A head start on thoughtful gifting.,2025-11-11,false,false
SEND003286,CMP02,Spring Refresh,C00802,ads,Refresh your routine for spring.,2025-04-14,false,false
SEND003287,CMP06,Autumn Edit,C00387,ads,Discover this season's useful upgrades.,2025-09-28,false,false
SEND003288,CMP02,Spring Refresh,C00200,ads,Refresh your routine for spring.,2025-03-14,false,false
SEND003289,CMP04,Summer Essentials,C00181,ads,Simple essentials for warmer days.,2025-06-08,false,true
SEND003290,CMP03,Member Picks,C00504,email,Popular picks selected for you.,2025-06-27,false,false
SEND003291,CMP04,Summer Essentials,C00755,ads,Simple essentials for warmer days.,2025-08-03,false,false
SEND003292,CMP08,Holiday Highlights,C00344,ads,Explore customer favorites this holiday.,2025-12-24,false,false
SEND003293,CMP08,Holiday Highlights,C00645,ads,Explore customer favorites this holiday.,2025-12-16,false,false
SEND003294,CMP03,Member Picks,C00604,email,Popular picks selected for you.,2025-06-09,true,false
SEND003295,CMP05,Back to Routine,C00763,email,Get back into your everyday rhythm.,2025-08-21,false,false
SEND003296,CMP06,Autumn Edit,C00911,ads,Discover this season's useful upgrades.,2025-09-04,false,false
SEND003297,CMP02,Spring Refresh,C00081,ads,Refresh your routine for spring.,2025-03-15,false,false
SEND003298,CMP07,Early Holiday,C00594,email,A head start on thoughtful gifting.,2025-11-24,false,false
SEND003299,CMP04,Summer Essentials,C00575,ads,Simple essentials for warmer days.,2025-06-12,true,false
SEND003300,CMP04,Summer Essentials,C00963,ads,Simple essentials for warmer days.,2025-08-11,false,false
SEND003301,CMP04,Summer Essentials,C00786,ads,Simple essentials for warmer days.,2025-08-29,false,false
SEND003302,CMP07,Early Holiday,C00690,email,A head start on thoughtful gifting.,2025-11-03,false,false
SEND003303,CMP06,Autumn Edit,C00928,ads,Discover this season's useful upgrades.,2025-10-05,false,false
SEND003304,CMP05,Back to Routine,C00979,email,Get back into your everyday rhythm.,2025-09-12,false,false
SEND003305,CMP04,Summer Essentials,C00169,ads,Simple essentials for warmer days.,2025-06-09,false,false
SEND003306,CMP06,Autumn Edit,C00892,ads,Discover this season's useful upgrades.,2025-10-16,false,false
SEND003307,CMP02,Spring Refresh,C00043,ads,Refresh your routine for spring.,2025-04-28,false,false
SEND003308,CMP02,Spring Refresh,C00705,ads,Refresh your routine for spring.,2025-04-28,false,false
SEND003309,CMP08,Holiday Highlights,C00670,ads,Explore customer favorites this holiday.,2025-11-20,false,true
SEND003310,CMP05,Back to Routine,C00640,email,Get back into your everyday rhythm.,2025-08-18,false,false
SEND003311,CMP05,Back to Routine,C00963,email,Get back into your everyday rhythm.,2025-08-17,false,false
SEND003312,CMP05,Back to Routine,C00777,email,Get back into your everyday rhythm.,2025-08-06,false,false
SEND003313,CMP01,New Year Reset,C00512,email,Start fresh with practical favorites.,2025-01-10,true,false
SEND003314,CMP02,Spring Refresh,C00057,ads,Refresh your routine for spring.,2025-03-24,true,true
SEND003315,CMP04,Summer Essentials,C00657,ads,Simple essentials for warmer days.,2025-08-15,false,false
SEND003316,CMP05,Back to Routine,C00246,email,Get back into your everyday rhythm.,2025-09-27,false,false
SEND003317,CMP03,Member Picks,C00309,email,Popular picks selected for you.,2025-05-23,false,false
SEND003318,CMP07,Early Holiday,C00939,email,A head start on thoughtful gifting.,2025-11-25,false,false
SEND003319,CMP08,Holiday Highlights,C00969,ads,Explore customer favorites this holiday.,2025-12-21,false,false
SEND003320,CMP07,Early Holiday,C00626,email,A head start on thoughtful gifting.,2025-11-03,false,false
SEND003321,CMP07,Early Holiday,C00192,email,A head start on thoughtful gifting.,2025-11-05,true,false
SEND003322,CMP02,Spring Refresh,C00376,ads,Refresh your routine for spring.,2025-03-04,false,true
SEND003323,CMP01,New Year Reset,C00740,email,Start fresh with practical favorites.,2025-02-03,true,false
SEND003324,CMP01,New Year Reset,C00217,email,Start fresh with practical favorites.,2025-01-25,true,false
SEND003325,CMP06,Autumn Edit,C00860,ads,Discover this season's useful upgrades.,2025-10-28,false,false
SEND003326,CMP01,New Year Reset,C00527,email,Start fresh with practical favorites.,2025-01-03,false,false
SEND003327,CMP07,Early Holiday,C00281,email,A head start on thoughtful gifting.,2025-11-19,false,false
SEND003328,CMP06,Autumn Edit,C00601,ads,Discover this season's useful upgrades.,2025-10-13,false,false
SEND003329,CMP01,New Year Reset,C00129,email,Start fresh with practical favorites.,2025-02-18,false,false
SEND003330,CMP08,Holiday Highlights,C00451,ads,Explore customer favorites this holiday.,2025-11-22,false,false
SEND003331,CMP05,Back to Routine,C00535,email,Get back into your everyday rhythm.,2025-08-19,false,false
SEND003332,CMP03,Member Picks,C00056,email,Popular picks selected for you.,2025-06-13,true,false
SEND003333,CMP03,Member Picks,C00029,email,Popular picks selected for you.,2025-05-16,false,false
SEND003334,CMP01,New Year Reset,C00880,email,Start fresh with practical favorites.,2025-01-28,false,false
SEND003335,CMP06,Autumn Edit,C00803,ads,Discover this season's useful upgrades.,2025-10-01,false,false
SEND003336,CMP04,Summer Essentials,C00544,ads,Simple essentials for warmer days.,2025-06-22,false,false
SEND003337,CMP05,Back to Routine,C00103,email,Get back into your everyday rhythm.,2025-08-15,false,false
SEND003338,CMP02,Spring Refresh,C00932,ads,Refresh your routine for spring.,2025-04-15,false,false
SEND003339,CMP06,Autumn Edit,C00845,ads,Discover this season's useful upgrades.,2025-10-13,false,false
SEND003340,CMP04,Summer Essentials,C00741,ads,Simple essentials for warmer days.,2025-06-26,true,false
SEND003341,CMP01,New Year Reset,C00901,email,Start fresh with practical favorites.,2025-02-12,false,false
SEND003342,CMP02,Spring Refresh,C00513,ads,Refresh your routine for spring.,2025-03-24,false,true
SEND003343,CMP07,Early Holiday,C00895,email,A head start on thoughtful gifting.,2025-11-05,false,false
SEND003344,CMP05,Back to Routine,C00752,email,Get back into your everyday rhythm.,2025-09-09,false,false
SEND003345,CMP08,Holiday Highlights,C00246,ads,Explore customer favorites this holiday.,2025-12-30,false,false
SEND003346,CMP04,Summer Essentials,C00630,ads,Simple essentials for warmer days.,2025-08-29,false,false
SEND003347,CMP06,Autumn Edit,C00795,ads,Discover this season's useful upgrades.,2025-10-26,false,true
SEND003348,CMP01,New Year Reset,C00545,email,Start fresh with practical favorites.,2025-01-24,false,false
SEND003349,CMP03,Member Picks,C00691,email,Popular picks selected for you.,2025-05-29,true,false
SEND003350,CMP05,Back to Routine,C00761,email,Get back into your everyday rhythm.,2025-08-26,false,false
SEND003351,CMP02,Spring Refresh,C00609,ads,Refresh your routine for spring.,2025-03-17,false,false
SEND003352,CMP08,Holiday Highlights,C00042,ads,Explore customer favorites this holiday.,2025-12-08,false,true
SEND003353,CMP08,Holiday Highlights,C00842,ads,Explore customer favorites this holiday.,2025-12-21,false,false
SEND003354,CMP01,New Year Reset,C00754,email,Start fresh with practical favorites.,2025-02-05,false,false
SEND003355,CMP04,Summer Essentials,C00452,ads,Simple essentials for warmer days.,2025-07-10,false,false
SEND003356,CMP06,Autumn Edit,C00377,ads,Discover this season's useful upgrades.,2025-09-15,false,false
SEND003357,CMP06,Autumn Edit,C00949,ads,Discover this season's useful upgrades.,2025-09-13,false,false
SEND003358,CMP07,Early Holiday,C00845,email,A head start on thoughtful gifting.,2025-11-04,false,false
SEND003359,CMP01,New Year Reset,C00920,email,Start fresh with practical favorites.,2025-01-03,false,false
SEND003360,CMP02,Spring Refresh,C00878,ads,Refresh your routine for spring.,2025-04-04,true,false
SEND003361,CMP05,Back to Routine,C00485,email,Get back into your everyday rhythm.,2025-08-01,false,false
SEND003362,CMP05,Back to Routine,C00500,email,Get back into your everyday rhythm.,2025-09-25,false,false
SEND003363,CMP01,New Year Reset,C00690,email,Start fresh with practical favorites.,2025-02-15,false,false
SEND003364,CMP03,Member Picks,C00309,email,Popular picks selected for you.,2025-06-25,false,false
SEND003365,CMP05,Back to Routine,C00963,email,Get back into your everyday rhythm.,2025-09-26,false,false
SEND003366,CMP07,Early Holiday,C00659,email,A head start on thoughtful gifting.,2025-11-20,false,false
SEND003367,CMP03,Member Picks,C00880,email,Popular picks selected for you.,2025-05-01,false,false
SEND003368,CMP08,Holiday Highlights,C00759,ads,Explore customer favorites this holiday.,2025-11-01,false,false
SEND003369,CMP04,Summer Essentials,C00758,ads,Simple essentials for warmer days.,2025-06-02,false,false
SEND003370,CMP03,Member Picks,C00926,email,Popular picks selected for you.,2025-06-14,false,false
SEND003371,CMP04,Summer Essentials,C00505,ads,Simple essentials for warmer days.,2025-06-15,false,false
SEND003372,CMP01,New Year Reset,C00233,email,Start fresh with practical favorites.,2025-01-04,false,false
SEND003373,CMP02,Spring Refresh,C00093,ads,Refresh your routine for spring.,2025-03-08,true,false
SEND003374,CMP07,Early Holiday,C00480,email,A head start on thoughtful gifting.,2025-11-06,false,false
SEND003375,CMP05,Back to Routine,C00758,email,Get back into your everyday rhythm.,2025-08-15,false,false
SEND003376,CMP08,Holiday Highlights,C00771,ads,Explore customer favorites this holiday.,2025-11-22,true,false
SEND003377,CMP03,Member Picks,C00568,email,Popular picks selected for you.,2025-06-03,false,false
SEND003378,CMP08,Holiday Highlights,C00971,ads,Explore customer favorites this holiday.,2025-12-12,false,false
SEND003379,CMP01,New Year Reset,C00792,email,Start fresh with practical favorites.,2025-02-01,false,false
SEND003380,CMP07,Early Holiday,C00315,email,A head start on thoughtful gifting.,2025-11-08,false,false
SEND003381,CMP07,Early Holiday,C00533,email,A head start on thoughtful gifting.,2025-11-07,false,false
SEND003382,CMP03,Member Picks,C00455,email,Popular picks selected for you.,2025-05-04,false,false
SEND003383,CMP03,Member Picks,C00159,email,Popular picks selected for you.,2025-05-31,false,false
SEND003384,CMP05,Back to Routine,C00489,email,Get back into your everyday rhythm.,2025-08-02,false,false
SEND003385,CMP06,Autumn Edit,C00269,ads,Discover this season's useful upgrades.,2025-10-06,false,false
SEND003386,CMP02,Spring Refresh,C00030,ads,Refresh your routine for spring.,2025-04-02,false,true
SEND003387,CMP02,Spring Refresh,C00334,ads,Refresh your routine for spring.,2025-03-17,false,false
SEND003388,CMP05,Back to Routine,C00500,email,Get back into your everyday rhythm.,2025-09-27,false,false
SEND003389,CMP02,Spring Refresh,C00094,ads,Refresh your routine for spring.,2025-04-16,false,true
SEND003390,CMP02,Spring Refresh,C00154,ads,Refresh your routine for spring.,2025-04-16,false,false
SEND003391,CMP04,Summer Essentials,C00449,ads,Simple essentials for warmer days.,2025-07-02,false,false
SEND003392,CMP07,Early Holiday,C00774,email,A head start on thoughtful gifting.,2025-11-07,false,false
SEND003393,CMP06,Autumn Edit,C00900,ads,Discover this season's useful upgrades.,2025-09-30,false,false
SEND003394,CMP05,Back to Routine,C00461,email,Get back into your everyday rhythm.,2025-09-06,false,false
SEND003395,CMP07,Early Holiday,C00194,email,A head start on thoughtful gifting.,2025-11-14,false,false
SEND003396,CMP02,Spring Refresh,C00266,ads,Refresh your routine for spring.,2025-04-07,false,false
SEND003397,CMP05,Back to Routine,C00459,email,Get back into your everyday rhythm.,2025-08-21,false,false
SEND003398,CMP03,Member Picks,C00596,email,Popular picks selected for you.,2025-05-24,false,false
SEND003399,CMP04,Summer Essentials,C00852,ads,Simple essentials for warmer days.,2025-07-24,false,false
SEND003400,CMP02,Spring Refresh,C00508,ads,Refresh your routine for spring.,2025-03-12,false,false
SEND003401,CMP01,New Year Reset,C00885,email,Start fresh with practical favorites.,2025-02-08,false,false
SEND003402,CMP07,Early Holiday,C00790,email,A head start on thoughtful gifting.,2025-11-07,true,false
SEND003403,CMP08,Holiday Highlights,C00328,ads,Explore customer favorites this holiday.,2025-11-19,false,false
SEND003404,CMP04,Summer Essentials,C00503,ads,Simple essentials for warmer days.,2025-07-12,true,false
SEND003405,CMP03,Member Picks,C00048,email,Popular picks selected for you.,2025-06-28,false,false
SEND003406,CMP04,Summer Essentials,C00633,ads,Simple essentials for warmer days.,2025-08-27,false,false
SEND003407,CMP07,Early Holiday,C00705,email,A head start on thoughtful gifting.,2025-11-09,false,false
SEND003408,CMP06,Autumn Edit,C00636,ads,Discover this season's useful upgrades.,2025-10-26,false,false
SEND003409,CMP07,Early Holiday,C00722,email,A head start on thoughtful gifting.,2025-11-05,false,false
SEND003410,CMP03,Member Picks,C00618,email,Popular picks selected for you.,2025-06-29,false,false
SEND003411,CMP02,Spring Refresh,C00598,ads,Refresh your routine for spring.,2025-03-27,false,false
SEND003412,CMP08,Holiday Highlights,C00755,ads,Explore customer favorites this holiday.,2025-12-12,false,false
SEND003413,CMP05,Back to Routine,C00069,email,Get back into your everyday rhythm.,2025-08-17,false,false
SEND003414,CMP04,Summer Essentials,C00231,ads,Simple essentials for warmer days.,2025-07-27,false,false
SEND003415,CMP07,Early Holiday,C00104,email,A head start on thoughtful gifting.,2025-11-05,true,false
SEND003416,CMP01,New Year Reset,C00420,email,Start fresh with practical favorites.,2025-02-18,true,false
SEND003417,CMP03,Member Picks,C00971,email,Popular picks selected for you.,2025-05-14,false,false
SEND003418,CMP02,Spring Refresh,C00897,ads,Refresh your routine for spring.,2025-03-31,false,false
SEND003419,CMP04,Summer Essentials,C00429,ads,Simple essentials for warmer days.,2025-08-19,true,false
SEND003420,CMP02,Spring Refresh,C00772,ads,Refresh your routine for spring.,2025-04-17,false,false
SEND003421,CMP08,Holiday Highlights,C00489,ads,Explore customer favorites this holiday.,2025-11-15,false,false
SEND003422,CMP08,Holiday Highlights,C00703,ads,Explore customer favorites this holiday.,2025-11-14,false,false
SEND003423,CMP01,New Year Reset,C00003,email,Start fresh with practical favorites.,2025-02-09,false,false
SEND003424,CMP03,Member Picks,C00782,email,Popular picks selected for you.,2025-06-07,false,false
SEND003425,CMP02,Spring Refresh,C00667,ads,Refresh your routine for spring.,2025-03-25,false,false
SEND003426,CMP01,New Year Reset,C00625,email,Start fresh with practical favorites.,2025-02-04,false,false
SEND003427,CMP07,Early Holiday,C00903,email,A head start on thoughtful gifting.,2025-11-08,false,false
SEND003428,CMP07,Early Holiday,C00848,email,A head start on thoughtful gifting.,2025-11-08,false,false
SEND003429,CMP07,Early Holiday,C00245,email,A head start on thoughtful gifting.,2025-11-01,false,true
SEND003430,CMP05,Back to Routine,C00010,email,Get back into your everyday rhythm.,2025-08-08,false,false
SEND003431,CMP02,Spring Refresh,C00053,ads,Refresh your routine for spring.,2025-03-05,false,false
SEND003432,CMP08,Holiday Highlights,C00005,ads,Explore customer favorites this holiday.,2025-12-09,false,false
SEND003433,CMP07,Early Holiday,C00673,email,A head start on thoughtful gifting.,2025-11-04,false,false
SEND003434,CMP05,Back to Routine,C00437,email,Get back into your everyday rhythm.,2025-08-03,false,false
SEND003435,CMP01,New Year Reset,C00575,email,Start fresh with practical favorites.,2025-01-10,false,false
SEND003436,CMP07,Early Holiday,C00398,email,A head start on thoughtful gifting.,2025-11-03,false,false
SEND003437,CMP07,Early Holiday,C00369,email,A head start on thoughtful gifting.,2025-11-13,true,false
SEND003438,CMP01,New Year Reset,C00834,email,Start fresh with practical favorites.,2025-01-20,false,false
SEND003439,CMP03,Member Picks,C00585,email,Popular picks selected for you.,2025-05-13,false,true
SEND003440,CMP02,Spring Refresh,C00592,ads,Refresh your routine for spring.,2025-03-12,false,false
SEND003441,CMP06,Autumn Edit,C00261,ads,Discover this season's useful upgrades.,2025-09-29,false,false
SEND003442,CMP05,Back to Routine,C00323,email,Get back into your everyday rhythm.,2025-09-30,false,false
SEND003443,CMP06,Autumn Edit,C00740,ads,Discover this season's useful upgrades.,2025-09-20,true,false
SEND003444,CMP07,Early Holiday,C00869,email,A head start on thoughtful gifting.,2025-11-23,false,false
SEND003445,CMP05,Back to Routine,C00609,email,Get back into your everyday rhythm.,2025-09-27,false,false
SEND003446,CMP07,Early Holiday,C00440,email,A head start on thoughtful gifting.,2025-11-18,false,false
SEND003447,CMP01,New Year Reset,C00048,email,Start fresh with practical favorites.,2025-01-06,false,false
SEND003448,CMP01,New Year Reset,C00685,email,Start fresh with practical favorites.,2025-01-04,true,false
SEND003449,CMP07,Early Holiday,C00718,email,A head start on thoughtful gifting.,2025-11-10,false,false
SEND003450,CMP03,Member Picks,C00328,email,Popular picks selected for you.,2025-05-10,false,false
SEND003451,CMP07,Early Holiday,C00345,email,A head start on thoughtful gifting.,2025-11-06,true,false
SEND003452,CMP06,Autumn Edit,C00174,ads,Discover this season's useful upgrades.,2025-09-17,false,false
SEND003453,CMP04,Summer Essentials,C00082,ads,Simple essentials for warmer days.,2025-08-12,false,false
SEND003454,CMP02,Spring Refresh,C00321,ads,Refresh your routine for spring.,2025-03-29,false,false
SEND003455,CMP05,Back to Routine,C00432,email,Get back into your everyday rhythm.,2025-09-24,false,false
SEND003456,CMP07,Early Holiday,C00181,email,A head start on thoughtful gifting.,2025-11-05,false,false
SEND003457,CMP03,Member Picks,C00503,email,Popular picks selected for you.,2025-05-04,false,false
SEND003458,CMP04,Summer Essentials,C00294,ads,Simple essentials for warmer days.,2025-06-02,false,false
SEND003459,CMP06,Autumn Edit,C00970,ads,Discover this season's useful upgrades.,2025-10-31,false,false
SEND003460,CMP01,New Year Reset,C00597,email,Start fresh with practical favorites.,2025-01-27,false,false
SEND003461,CMP04,Summer Essentials,C00132,ads,Simple essentials for warmer days.,2025-07-31,false,false
SEND003462,CMP02,Spring Refresh,C00673,ads,Refresh your routine for spring.,2025-03-15,false,false
SEND003463,CMP07,Early Holiday,C00898,email,A head start on thoughtful gifting.,2025-11-23,false,false
SEND003464,CMP04,Summer Essentials,C00027,ads,Simple essentials for warmer days.,2025-08-16,false,false
SEND003465,CMP01,New Year Reset,C00633,email,Start fresh with practical favorites.,2025-01-22,false,false
SEND003466,CMP06,Autumn Edit,C00737,ads,Discover this season's useful upgrades.,2025-09-14,false,false
SEND003467,CMP01,New Year Reset,C00463,email,Start fresh with practical favorites.,2025-01-15,false,false
SEND003468,CMP04,Summer Essentials,C00208,ads,Simple essentials for warmer days.,2025-08-05,true,false
SEND003469,CMP04,Summer Essentials,C00977,ads,Simple essentials for warmer days.,2025-06-22,false,false
SEND003470,CMP05,Back to Routine,C00661,email,Get back into your everyday rhythm.,2025-09-10,false,false
SEND003471,CMP04,Summer Essentials,C00966,ads,Simple essentials for warmer days.,2025-06-19,true,false
SEND003472,CMP07,Early Holiday,C00565,email,A head start on thoughtful gifting.,2025-11-12,false,false
SEND003473,CMP05,Back to Routine,C00229,email,Get back into your everyday rhythm.,2025-09-05,true,false
SEND003474,CMP02,Spring Refresh,C00919,ads,Refresh your routine for spring.,2025-03-05,false,false
SEND003475,CMP08,Holiday Highlights,C00879,ads,Explore customer favorites this holiday.,2025-11-15,false,false
SEND003476,CMP07,Early Holiday,C00342,email,A head start on thoughtful gifting.,2025-11-03,false,false
SEND003477,CMP02,Spring Refresh,C00154,ads,Refresh your routine for spring.,2025-04-16,false,false
SEND003478,CMP07,Early Holiday,C00830,email,A head start on thoughtful gifting.,2025-11-04,true,false
SEND003479,CMP01,New Year Reset,C00725,email,Start fresh with practical favorites.,2025-01-03,false,false
SEND003480,CMP08,Holiday Highlights,C00877,ads,Explore customer favorites this holiday.,2025-11-10,false,false
SEND003481,CMP06,Autumn Edit,C00503,ads,Discover this season's useful upgrades.,2025-09-17,false,false
SEND003482,CMP01,New Year Reset,C00727,email,Start fresh with practical favorites.,2025-02-28,false,false
SEND003483,CMP01,New Year Reset,C00328,email,Start fresh with practical favorites.,2025-02-28,false,false
SEND003484,CMP04,Summer Essentials,C00629,ads,Simple essentials for warmer days.,2025-06-06,false,false
SEND003485,CMP01,New Year Reset,C00476,email,Start fresh with practical favorites.,2025-01-17,false,false
SEND003486,CMP07,Early Holiday,C00527,email,A head start on thoughtful gifting.,2025-11-01,false,false
SEND003487,CMP08,Holiday Highlights,C00516,ads,Explore customer favorites this holiday.,2025-11-13,false,false
SEND003488,CMP08,Holiday Highlights,C00120,ads,Explore customer favorites this holiday.,2025-12-14,false,false
SEND003489,CMP08,Holiday Highlights,C00393,ads,Explore customer favorites this holiday.,2025-12-10,true,true
SEND003490,CMP03,Member Picks,C00968,email,Popular picks selected for you.,2025-05-31,false,false
SEND003491,CMP08,Holiday Highlights,C00949,ads,Explore customer favorites this holiday.,2025-12-23,false,false
SEND003492,CMP02,Spring Refresh,C00764,ads,Refresh your routine for spring.,2025-03-09,true,false
SEND003493,CMP06,Autumn Edit,C00860,ads,Discover this season's useful upgrades.,2025-10-30,false,false
SEND003494,CMP06,Autumn Edit,C00714,ads,Discover this season's useful upgrades.,2025-09-14,false,false
SEND003495,CMP06,Autumn Edit,C00484,ads,Discover this season's useful upgrades.,2025-10-10,false,false
SEND003496,CMP03,Member Picks,C00969,email,Popular picks selected for you.,2025-06-08,false,false
SEND003497,CMP03,Member Picks,C00277,email,Popular picks selected for you.,2025-06-24,false,false
SEND003498,CMP07,Early Holiday,C00462,email,A head start on thoughtful gifting.,2025-11-11,false,true
SEND003499,CMP06,Autumn Edit,C00514,ads,Discover this season's useful upgrades.,2025-09-21,false,false
SEND003500,CMP01,New Year Reset,C00841,email,Start fresh with practical favorites.,2025-01-25,false,false
SEND003501,CMP05,Back to Routine,C00528,email,Get back into your everyday rhythm.,2025-09-09,false,false
SEND003502,CMP01,New Year Reset,C00866,email,Start fresh with practical favorites.,2025-01-26,false,false
SEND003503,CMP06,Autumn Edit,C00585,ads,Discover this season's useful upgrades.,2025-10-09,false,false
SEND003504,CMP01,New Year Reset,C00580,email,Start fresh with practical favorites.,2025-01-12,false,false
SEND003505,CMP02,Spring Refresh,C00053,ads,Refresh your routine for spring.,2025-03-22,false,false
SEND003506,CMP07,Early Holiday,C00977,email,A head start on thoughtful gifting.,2025-11-26,false,false
SEND003507,CMP03,Member Picks,C00593,email,Popular picks selected for you.,2025-05-23,false,false
SEND003508,CMP08,Holiday Highlights,C00859,ads,Explore customer favorites this holiday.,2025-12-08,false,false
SEND003509,CMP03,Member Picks,C00255,email,Popular picks selected for you.,2025-06-14,false,false
SEND003510,CMP01,New Year Reset,C00661,email,Start fresh with practical favorites.,2025-01-20,false,false
SEND003511,CMP03,Member Picks,C00100,email,Popular picks selected for you.,2025-06-12,true,false
SEND003512,CMP05,Back to Routine,C00334,email,Get back into your everyday rhythm.,2025-09-11,false,false
SEND003513,CMP05,Back to Routine,C00150,email,Get back into your everyday rhythm.,2025-09-18,true,true
SEND003514,CMP02,Spring Refresh,C00852,ads,Refresh your routine for spring.,2025-04-26,false,false
SEND003515,CMP08,Holiday Highlights,C00595,ads,Explore customer favorites this holiday.,2025-11-15,false,false
SEND003516,CMP05,Back to Routine,C00723,email,Get back into your everyday rhythm.,2025-09-10,false,false
SEND003517,CMP01,New Year Reset,C00177,email,Start fresh with practical favorites.,2025-01-20,false,false
SEND003518,CMP05,Back to Routine,C00010,email,Get back into your everyday rhythm.,2025-08-20,true,false
SEND003519,CMP07,Early Holiday,C00978,email,A head start on thoughtful gifting.,2025-11-23,false,false
SEND003520,CMP04,Summer Essentials,C00318,ads,Simple essentials for warmer days.,2025-07-22,false,false
SEND003521,CMP01,New Year Reset,C00615,email,Start fresh with practical favorites.,2025-01-17,false,false
SEND003522,CMP07,Early Holiday,C00893,email,A head start on thoughtful gifting.,2025-11-14,false,false
SEND003523,CMP04,Summer Essentials,C00991,ads,Simple essentials for warmer days.,2025-07-19,false,false
SEND003524,CMP02,Spring Refresh,C00536,ads,Refresh your routine for spring.,2025-03-27,false,false
SEND003525,CMP01,New Year Reset,C00593,email,Start fresh with practical favorites.,2025-02-14,false,false
SEND003526,CMP07,Early Holiday,C00312,email,A head start on thoughtful gifting.,2025-11-04,false,false
SEND003527,CMP03,Member Picks,C00723,email,Popular picks selected for you.,2025-05-31,false,false
SEND003528,CMP08,Holiday Highlights,C00400,ads,Explore customer favorites this holiday.,2025-12-05,true,false
SEND003529,CMP03,Member Picks,C00287,email,Popular picks selected for you.,2025-05-22,false,false
SEND003530,CMP05,Back to Routine,C00145,email,Get back into your everyday rhythm.,2025-09-10,false,false
SEND003531,CMP05,Back to Routine,C00740,email,Get back into your everyday rhythm.,2025-09-15,false,false
SEND003532,CMP08,Holiday Highlights,C00256,ads,Explore customer favorites this holiday.,2025-11-11,false,false
SEND003533,CMP02,Spring Refresh,C00170,ads,Refresh your routine for spring.,2025-03-16,false,false
SEND003534,CMP07,Early Holiday,C00530,email,A head start on thoughtful gifting.,2025-11-22,false,false
SEND003535,CMP03,Member Picks,C00833,email,Popular picks selected for you.,2025-06-28,false,false
SEND003536,CMP07,Early Holiday,C00720,email,A head start on thoughtful gifting.,2025-11-20,false,false
SEND003537,CMP07,Early Holiday,C00907,email,A head start on thoughtful gifting.,2025-11-24,false,false
SEND003538,CMP02,Spring Refresh,C00535,ads,Refresh your routine for spring.,2025-03-10,false,false
SEND003539,CMP03,Member Picks,C00402,email,Popular picks selected for you.,2025-05-06,false,false
SEND003540,CMP01,New Year Reset,C00305,email,Start fresh with practical favorites.,2025-01-20,true,false
SEND003541,CMP07,Early Holiday,C00323,email,A head start on thoughtful gifting.,2025-11-05,false,false
SEND003542,CMP01,New Year Reset,C00253,email,Start fresh with practical favorites.,2025-02-26,false,false
SEND003543,CMP07,Early Holiday,C00915,email,A head start on thoughtful gifting.,2025-11-23,false,false
SEND003544,CMP04,Summer Essentials,C00861,ads,Simple essentials for warmer days.,2025-08-18,false,false
SEND003545,CMP07,Early Holiday,C00386,email,A head start on thoughtful gifting.,2025-11-26,false,false
SEND003546,CMP03,Member Picks,C00933,email,Popular picks selected for you.,2025-05-20,false,false
SEND003547,CMP02,Spring Refresh,C00320,ads,Refresh your routine for spring.,2025-03-12,false,false
SEND003548,CMP02,Spring Refresh,C00992,ads,Refresh your routine for spring.,2025-03-09,false,false
SEND003549,CMP08,Holiday Highlights,C00287,ads,Explore customer favorites this holiday.,2025-11-29,false,false
SEND003550,CMP02,Spring Refresh,C00862,ads,Refresh your routine for spring.,2025-04-07,false,false
SEND003551,CMP08,Holiday Highlights,C00182,ads,Explore customer favorites this holiday.,2025-11-23,true,false
SEND003552,CMP07,Early Holiday,C00573,email,A head start on thoughtful gifting.,2025-11-16,false,false
SEND003553,CMP05,Back to Routine,C00403,email,Get back into your everyday rhythm.,2025-09-03,false,false
SEND003554,CMP07,Early Holiday,C00965,email,A head start on thoughtful gifting.,2025-11-12,false,false
SEND003555,CMP07,Early Holiday,C00804,email,A head start on thoughtful gifting.,2025-11-29,false,false
SEND003556,CMP03,Member Picks,C00364,email,Popular picks selected for you.,2025-06-02,false,false
SEND003557,CMP08,Holiday Highlights,C00476,ads,Explore customer favorites this holiday.,2025-11-01,false,false
SEND003558,CMP03,Member Picks,C00017,email,Popular picks selected for you.,2025-06-12,false,true
SEND003559,CMP04,Summer Essentials,C00381,ads,Simple essentials for warmer days.,2025-08-26,false,false
SEND003560,CMP07,Early Holiday,C00968,email,A head start on thoughtful gifting.,2025-11-23,false,false
SEND003561,CMP02,Spring Refresh,C00666,ads,Refresh your routine for spring.,2025-03-11,true,false
SEND003562,CMP07,Early Holiday,C00832,email,A head start on thoughtful gifting.,2025-11-08,false,false
SEND003563,CMP01,New Year Reset,C00298,email,Start fresh with practical favorites.,2025-01-22,true,false
SEND003564,CMP01,New Year Reset,C00765,email,Start fresh with practical favorites.,2025-02-16,false,false
SEND003565,CMP01,New Year Reset,C00526,email,Start fresh with practical favorites.,2025-02-07,false,false
SEND003566,CMP02,Spring Refresh,C00982,ads,Refresh your routine for spring.,2025-03-22,false,false
SEND003567,CMP08,Holiday Highlights,C00384,ads,Explore customer favorites this holiday.,2025-11-04,false,false
SEND003568,CMP01,New Year Reset,C00995,email,Start fresh with practical favorites.,2025-01-11,false,false
SEND003569,CMP02,Spring Refresh,C00900,ads,Refresh your routine for spring.,2025-03-17,false,false
SEND003570,CMP02,Spring Refresh,C00881,ads,Refresh your routine for spring.,2025-04-22,false,false
SEND003571,CMP06,Autumn Edit,C00944,ads,Discover this season's useful upgrades.,2025-09-17,false,false
SEND003572,CMP02,Spring Refresh,C00089,ads,Refresh your routine for spring.,2025-03-21,false,false
SEND003573,CMP05,Back to Routine,C00655,email,Get back into your everyday rhythm.,2025-08-19,false,false
SEND003574,CMP05,Back to Routine,C00239,email,Get back into your everyday rhythm.,2025-09-11,false,false
SEND003575,CMP06,Autumn Edit,C00275,ads,Discover this season's useful upgrades.,2025-10-22,false,false
SEND003576,CMP06,Autumn Edit,C00337,ads,Discover this season's useful upgrades.,2025-09-26,true,true
SEND003577,CMP05,Back to Routine,C00393,email,Get back into your everyday rhythm.,2025-09-12,false,false
SEND003578,CMP02,Spring Refresh,C00029,ads,Refresh your routine for spring.,2025-03-31,false,false
SEND003579,CMP05,Back to Routine,C00099,email,Get back into your everyday rhythm.,2025-09-17,false,false
SEND003580,CMP01,New Year Reset,C00737,email,Start fresh with practical favorites.,2025-01-10,false,false
SEND003581,CMP08,Holiday Highlights,C00985,ads,Explore customer favorites this holiday.,2025-11-13,false,false
SEND003582,CMP05,Back to Routine,C00809,email,Get back into your everyday rhythm.,2025-08-26,false,false
SEND003583,CMP06,Autumn Edit,C00300,ads,Discover this season's useful upgrades.,2025-10-12,false,false
SEND003584,CMP04,Summer Essentials,C00273,ads,Simple essentials for warmer days.,2025-08-10,false,false
SEND003585,CMP01,New Year Reset,C00571,email,Start fresh with practical favorites.,2025-02-12,false,false
SEND003586,CMP06,Autumn Edit,C00478,ads,Discover this season's useful upgrades.,2025-09-23,false,false
SEND003587,CMP02,Spring Refresh,C00202,ads,Refresh your routine for spring.,2025-03-22,false,false
SEND003588,CMP03,Member Picks,C00481,email,Popular picks selected for you.,2025-06-03,false,false
SEND003589,CMP04,Summer Essentials,C00129,ads,Simple essentials for warmer days.,2025-06-21,false,false
SEND003590,CMP07,Early Holiday,C00093,email,A head start on thoughtful gifting.,2025-11-23,false,false
SEND003591,CMP08,Holiday Highlights,C00996,ads,Explore customer favorites this holiday.,2025-11-26,false,false
SEND003592,CMP05,Back to Routine,C00419,email,Get back into your everyday rhythm.,2025-09-24,false,false
SEND003593,CMP06,Autumn Edit,C00494,ads,Discover this season's useful upgrades.,2025-09-15,false,false
SEND003594,CMP08,Holiday Highlights,C00927,ads,Explore customer favorites this holiday.,2025-12-20,false,false
SEND003595,CMP04,Summer Essentials,C00430,ads,Simple essentials for warmer days.,2025-07-07,true,true
SEND003596,CMP02,Spring Refresh,C00603,ads,Refresh your routine for spring.,2025-04-26,false,false
SEND003597,CMP07,Early Holiday,C00636,email,A head start on thoughtful gifting.,2025-11-30,false,false
SEND003598,CMP04,Summer Essentials,C00714,ads,Simple essentials for warmer days.,2025-06-28,false,false
SEND003599,CMP04,Summer Essentials,C00504,ads,Simple essentials for warmer days.,2025-06-09,false,false
SEND003600,CMP02,Spring Refresh,C00596,ads,Refresh your routine for spring.,2025-04-18,true,false
SEND003601,CMP08,Holiday Highlights,C00630,ads,Explore customer favorites this holiday.,2025-11-11,true,false
SEND003602,CMP05,Back to Routine,C00089,email,Get back into your everyday rhythm.,2025-09-16,false,false
SEND003603,CMP04,Summer Essentials,C00847,ads,Simple essentials for warmer days.,2025-08-26,false,false
SEND003604,CMP07,Early Holiday,C00081,email,A head start on thoughtful gifting.,2025-11-09,false,true
SEND003605,CMP07,Early Holiday,C00442,email,A head start on thoughtful gifting.,2025-11-12,false,true
SEND003606,CMP06,Autumn Edit,C00267,ads,Discover this season's useful upgrades.,2025-09-24,false,false
SEND003607,CMP06,Autumn Edit,C00820,ads,Discover this season's useful upgrades.,2025-10-10,false,false
SEND003608,CMP01,New Year Reset,C00054,email,Start fresh with practical favorites.,2025-02-19,false,false
SEND003609,CMP08,Holiday Highlights,C00490,ads,Explore customer favorites this holiday.,2025-11-20,false,true
SEND003610,CMP01,New Year Reset,C00520,email,Start fresh with practical favorites.,2025-01-14,false,false
SEND003611,CMP08,Holiday Highlights,C00752,ads,Explore customer favorites this holiday.,2025-12-25,true,false
SEND003612,CMP07,Early Holiday,C00742,email,A head start on thoughtful gifting.,2025-11-14,false,false
SEND003613,CMP02,Spring Refresh,C00823,ads,Refresh your routine for spring.,2025-04-21,false,false
SEND003614,CMP02,Spring Refresh,C00496,ads,Refresh your routine for spring.,2025-03-10,false,false
SEND003615,CMP07,Early Holiday,C00904,email,A head start on thoughtful gifting.,2025-11-26,false,false
SEND003616,CMP02,Spring Refresh,C00648,ads,Refresh your routine for spring.,2025-03-27,false,false
SEND003617,CMP07,Early Holiday,C00231,email,A head start on thoughtful gifting.,2025-11-26,false,false
SEND003618,CMP01,New Year Reset,C00881,email,Start fresh with practical favorites.,2025-02-04,true,false
SEND003619,CMP01,New Year Reset,C00879,email,Start fresh with practical favorites.,2025-02-15,true,false
SEND003620,CMP05,Back to Routine,C00242,email,Get back into your everyday rhythm.,2025-09-01,false,false
SEND003621,CMP07,Early Holiday,C00273,email,A head start on thoughtful gifting.,2025-11-01,false,false
SEND003622,CMP05,Back to Routine,C00455,email,Get back into your everyday rhythm.,2025-08-01,false,false
SEND003623,CMP05,Back to Routine,C00213,email,Get back into your everyday rhythm.,2025-08-20,false,false
SEND003624,CMP07,Early Holiday,C00386,email,A head start on thoughtful gifting.,2025-11-28,false,false
SEND003625,CMP03,Member Picks,C00228,email,Popular picks selected for you.,2025-05-16,false,false
SEND003626,CMP08,Holiday Highlights,C00692,ads,Explore customer favorites this holiday.,2025-12-22,true,false
SEND003627,CMP06,Autumn Edit,C00402,ads,Discover this season's useful upgrades.,2025-10-25,false,false
SEND003628,CMP08,Holiday Highlights,C00388,ads,Explore customer favorites this holiday.,2025-12-14,false,false
SEND003629,CMP04,Summer Essentials,C00635,ads,Simple essentials for warmer days.,2025-08-07,false,true
SEND003630,CMP02,Spring Refresh,C00350,ads,Refresh your routine for spring.,2025-03-26,false,false
SEND003631,CMP04,Summer Essentials,C00616,ads,Simple essentials for warmer days.,2025-06-02,false,false
SEND003632,CMP01,New Year Reset,C00375,email,Start fresh with practical favorites.,2025-02-19,false,false
SEND003633,CMP07,Early Holiday,C00450,email,A head start on thoughtful gifting.,2025-11-12,false,false
SEND003634,CMP07,Early Holiday,C00161,email,A head start on thoughtful gifting.,2025-11-30,true,false
SEND003635,CMP02,Spring Refresh,C00320,ads,Refresh your routine for spring.,2025-03-04,false,false
SEND003636,CMP03,Member Picks,C00619,email,Popular picks selected for you.,2025-05-11,false,false
SEND003637,CMP05,Back to Routine,C00811,email,Get back into your everyday rhythm.,2025-08-02,false,false
SEND003638,CMP06,Autumn Edit,C00873,ads,Discover this season's useful upgrades.,2025-10-07,false,false
SEND003639,CMP07,Early Holiday,C00503,email,A head start on thoughtful gifting.,2025-11-23,false,false
SEND003640,CMP03,Member Picks,C00767,email,Popular picks selected for you.,2025-05-23,false,false
SEND003641,CMP02,Spring Refresh,C00181,ads,Refresh your routine for spring.,2025-04-20,false,false
SEND003642,CMP06,Autumn Edit,C00063,ads,Discover this season's useful upgrades.,2025-09-05,true,false
SEND003643,CMP08,Holiday Highlights,C00117,ads,Explore customer favorites this holiday.,2025-12-31,false,false
SEND003644,CMP05,Back to Routine,C00230,email,Get back into your everyday rhythm.,2025-08-29,false,false
SEND003645,CMP06,Autumn Edit,C00911,ads,Discover this season's useful upgrades.,2025-09-30,false,false
SEND003646,CMP03,Member Picks,C00595,email,Popular picks selected for you.,2025-05-21,false,false
SEND003647,CMP03,Member Picks,C00863,email,Popular picks selected for you.,2025-06-08,false,false
SEND003648,CMP02,Spring Refresh,C00763,ads,Refresh your routine for spring.,2025-04-27,false,false
SEND003649,CMP04,Summer Essentials,C00088,ads,Simple essentials for warmer days.,2025-08-01,false,false
SEND003650,CMP07,Early Holiday,C00095,email,A head start on thoughtful gifting.,2025-11-30,false,false
SEND003651,CMP05,Back to Routine,C00749,email,Get back into your everyday rhythm.,2025-08-06,false,true
SEND003652,CMP01,New Year Reset,C00212,email,Start fresh with practical favorites.,2025-02-05,false,false
SEND003653,CMP02,Spring Refresh,C00593,ads,Refresh your routine for spring.,2025-03-20,false,false
SEND003654,CMP05,Back to Routine,C00828,email,Get back into your everyday rhythm.,2025-09-23,false,false
SEND003655,CMP02,Spring Refresh,C00694,ads,Refresh your routine for spring.,2025-04-15,false,false
SEND003656,CMP02,Spring Refresh,C00237,ads,Refresh your routine for spring.,2025-03-15,false,false
SEND003657,CMP08,Holiday Highlights,C00184,ads,Explore customer favorites this holiday.,2025-12-30,false,false
SEND003658,CMP03,Member Picks,C00310,email,Popular picks selected for you.,2025-06-24,false,false
SEND003659,CMP01,New Year Reset,C00760,email,Start fresh with practical favorites.,2025-01-01,false,false
SEND003660,CMP05,Back to Routine,C00438,email,Get back into your everyday rhythm.,2025-08-11,false,false
SEND003661,CMP06,Autumn Edit,C00474,ads,Discover this season's useful upgrades.,2025-09-10,false,false
SEND003662,CMP04,Summer Essentials,C00068,ads,Simple essentials for warmer days.,2025-08-07,false,false
SEND003663,CMP08,Holiday Highlights,C00733,ads,Explore customer favorites this holiday.,2025-12-11,false,false
SEND003664,CMP02,Spring Refresh,C00716,ads,Refresh your routine for spring.,2025-04-20,false,false
SEND003665,CMP05,Back to Routine,C00211,email,Get back into your everyday rhythm.,2025-08-17,false,false
SEND003666,CMP06,Autumn Edit,C00372,ads,Discover this season's useful upgrades.,2025-10-29,false,false
SEND003667,CMP08,Holiday Highlights,C00106,ads,Explore customer favorites this holiday.,2025-11-07,false,false
SEND003668,CMP04,Summer Essentials,C00333,ads,Simple essentials for warmer days.,2025-06-11,false,false
SEND003669,CMP07,Early Holiday,C00610,email,A head start on thoughtful gifting.,2025-11-10,false,false
SEND003670,CMP03,Member Picks,C00697,email,Popular picks selected for you.,2025-06-22,false,false
SEND003671,CMP04,Summer Essentials,C00339,ads,Simple essentials for warmer days.,2025-08-05,false,false
SEND003672,CMP04,Summer Essentials,C00550,ads,Simple essentials for warmer days.,2025-07-18,false,false
SEND003673,CMP02,Spring Refresh,C00734,ads,Refresh your routine for spring.,2025-03-01,false,false
SEND003674,CMP08,Holiday Highlights,C00117,ads,Explore customer favorites this holiday.,2025-11-17,false,false
SEND003675,CMP07,Early Holiday,C00093,email,A head start on thoughtful gifting.,2025-11-18,false,false
SEND003676,CMP02,Spring Refresh,C00354,ads,Refresh your routine for spring.,2025-03-25,true,false
SEND003677,CMP05,Back to Routine,C00648,email,Get back into your everyday rhythm.,2025-09-27,true,false
SEND003678,CMP03,Member Picks,C00590,email,Popular picks selected for you.,2025-05-16,false,false
SEND003679,CMP01,New Year Reset,C00823,email,Start fresh with practical favorites.,2025-01-08,false,false
SEND003680,CMP03,Member Picks,C00301,email,Popular picks selected for you.,2025-05-21,false,false
SEND003681,CMP04,Summer Essentials,C00123,ads,Simple essentials for warmer days.,2025-06-08,false,false
SEND003682,CMP04,Summer Essentials,C00500,ads,Simple essentials for warmer days.,2025-08-28,false,false
SEND003683,CMP04,Summer Essentials,C00547,ads,Simple essentials for warmer days.,2025-06-21,false,false
SEND003684,CMP06,Autumn Edit,C00920,ads,Discover this season's useful upgrades.,2025-10-29,false,false
SEND003685,CMP07,Early Holiday,C00925,email,A head start on thoughtful gifting.,2025-11-24,false,false
SEND003686,CMP07,Early Holiday,C00283,email,A head start on thoughtful gifting.,2025-11-19,false,false
SEND003687,CMP04,Summer Essentials,C00529,ads,Simple essentials for warmer days.,2025-08-24,false,false
SEND003688,CMP01,New Year Reset,C00779,email,Start fresh with practical favorites.,2025-01-20,false,false
SEND003689,CMP05,Back to Routine,C00526,email,Get back into your everyday rhythm.,2025-08-10,true,false
SEND003690,CMP07,Early Holiday,C00324,email,A head start on thoughtful gifting.,2025-11-10,false,false
SEND003691,CMP05,Back to Routine,C00167,email,Get back into your everyday rhythm.,2025-08-02,false,false
SEND003692,CMP05,Back to Routine,C00412,email,Get back into your everyday rhythm.,2025-09-17,false,true
SEND003693,CMP05,Back to Routine,C00403,email,Get back into your everyday rhythm.,2025-08-10,false,false
SEND003694,CMP01,New Year Reset,C00006,email,Start fresh with practical favorites.,2025-01-05,false,false
SEND003695,CMP04,Summer Essentials,C00667,ads,Simple essentials for warmer days.,2025-08-12,false,false
SEND003696,CMP01,New Year Reset,C00712,email,Start fresh with practical favorites.,2025-02-21,false,false
SEND003697,CMP03,Member Picks,C00846,email,Popular picks selected for you.,2025-06-12,false,false
SEND003698,CMP07,Early Holiday,C00079,email,A head start on thoughtful gifting.,2025-11-03,false,false
SEND003699,CMP07,Early Holiday,C00746,email,A head start on thoughtful gifting.,2025-11-22,true,false
SEND003700,CMP01,New Year Reset,C00554,email,Start fresh with practical favorites.,2025-02-20,false,false
SEND003701,CMP05,Back to Routine,C00048,email,Get back into your everyday rhythm.,2025-09-11,false,false
SEND003702,CMP05,Back to Routine,C00124,email,Get back into your everyday rhythm.,2025-09-07,false,false
SEND003703,CMP06,Autumn Edit,C00540,ads,Discover this season's useful upgrades.,2025-09-23,false,false
SEND003704,CMP07,Early Holiday,C00433,email,A head start on thoughtful gifting.,2025-11-27,false,false
SEND003705,CMP06,Autumn Edit,C00229,ads,Discover this season's useful upgrades.,2025-09-10,false,false
SEND003706,CMP03,Member Picks,C00674,email,Popular picks selected for you.,2025-06-26,false,false
SEND003707,CMP04,Summer Essentials,C00072,ads,Simple essentials for warmer days.,2025-06-04,false,false
SEND003708,CMP01,New Year Reset,C00626,email,Start fresh with practical favorites.,2025-01-23,false,false
SEND003709,CMP07,Early Holiday,C00641,email,A head start on thoughtful gifting.,2025-11-22,false,false
SEND003710,CMP01,New Year Reset,C00223,email,Start fresh with practical favorites.,2025-02-07,false,false
SEND003711,CMP06,Autumn Edit,C00414,ads,Discover this season's useful upgrades.,2025-10-17,false,false
SEND003712,CMP05,Back to Routine,C00849,email,Get back into your everyday rhythm.,2025-08-21,false,false
SEND003713,CMP08,Holiday Highlights,C00990,ads,Explore customer favorites this holiday.,2025-11-14,false,false
SEND003714,CMP08,Holiday Highlights,C00279,ads,Explore customer favorites this holiday.,2025-11-07,false,false
SEND003715,CMP03,Member Picks,C00668,email,Popular picks selected for you.,2025-05-24,false,false
SEND003716,CMP02,Spring Refresh,C00129,ads,Refresh your routine for spring.,2025-04-07,false,false
SEND003717,CMP03,Member Picks,C00353,email,Popular picks selected for you.,2025-05-04,false,false
SEND003718,CMP05,Back to Routine,C00673,email,Get back into your everyday rhythm.,2025-08-07,false,false
SEND003719,CMP01,New Year Reset,C00462,email,Start fresh with practical favorites.,2025-02-01,false,false
SEND003720,CMP04,Summer Essentials,C00487,ads,Simple essentials for warmer days.,2025-07-29,true,false
SEND003721,CMP06,Autumn Edit,C00881,ads,Discover this season's useful upgrades.,2025-09-23,false,false
SEND003722,CMP05,Back to Routine,C00549,email,Get back into your everyday rhythm.,2025-08-30,false,false
SEND003723,CMP01,New Year Reset,C00315,email,Start fresh with practical favorites.,2025-02-06,false,false
SEND003724,CMP04,Summer Essentials,C00622,ads,Simple essentials for warmer days.,2025-07-18,false,false
SEND003725,CMP06,Autumn Edit,C00890,ads,Discover this season's useful upgrades.,2025-10-10,false,false
SEND003726,CMP07,Early Holiday,C00620,email,A head start on thoughtful gifting.,2025-11-11,false,false
SEND003727,CMP05,Back to Routine,C00687,email,Get back into your everyday rhythm.,2025-09-08,false,false
SEND003728,CMP08,Holiday Highlights,C00845,ads,Explore customer favorites this holiday.,2025-11-30,false,false
SEND003729,CMP05,Back to Routine,C00252,email,Get back into your everyday rhythm.,2025-08-02,true,true
SEND003730,CMP01,New Year Reset,C00628,email,Start fresh with practical favorites.,2025-02-26,false,false
SEND003731,CMP05,Back to Routine,C00169,email,Get back into your everyday rhythm.,2025-08-11,false,false
SEND003732,CMP01,New Year Reset,C00190,email,Start fresh with practical favorites.,2025-02-07,false,false
SEND003733,CMP05,Back to Routine,C00141,email,Get back into your everyday rhythm.,2025-09-25,false,false
SEND003734,CMP08,Holiday Highlights,C00467,ads,Explore customer favorites this holiday.,2025-11-14,false,false
SEND003735,CMP01,New Year Reset,C00213,email,Start fresh with practical favorites.,2025-02-15,false,false
SEND003736,CMP02,Spring Refresh,C00400,ads,Refresh your routine for spring.,2025-04-02,false,false
SEND003737,CMP06,Autumn Edit,C00607,ads,Discover this season's useful upgrades.,2025-09-14,false,false
SEND003738,CMP06,Autumn Edit,C00329,ads,Discover this season's useful upgrades.,2025-10-26,false,false
SEND003739,CMP02,Spring Refresh,C00349,ads,Refresh your routine for spring.,2025-03-21,false,false
SEND003740,CMP04,Summer Essentials,C00296,ads,Simple essentials for warmer days.,2025-08-10,false,false
SEND003741,CMP05,Back to Routine,C00525,email,Get back into your everyday rhythm.,2025-09-05,false,false
SEND003742,CMP05,Back to Routine,C00122,email,Get back into your everyday rhythm.,2025-08-20,false,false
SEND003743,CMP07,Early Holiday,C00582,email,A head start on thoughtful gifting.,2025-11-19,false,false
SEND003744,CMP01,New Year Reset,C00700,email,Start fresh with practical favorites.,2025-01-07,false,false
SEND003745,CMP07,Early Holiday,C00889,email,A head start on thoughtful gifting.,2025-11-07,false,false
SEND003746,CMP06,Autumn Edit,C00643,ads,Discover this season's useful upgrades.,2025-10-28,false,false
SEND003747,CMP04,Summer Essentials,C00353,ads,Simple essentials for warmer days.,2025-08-01,false,false
SEND003748,CMP01,New Year Reset,C00515,email,Start fresh with practical favorites.,2025-02-08,false,false
SEND003749,CMP01,New Year Reset,C00321,email,Start fresh with practical favorites.,2025-01-23,false,false
SEND003750,CMP08,Holiday Highlights,C00187,ads,Explore customer favorites this holiday.,2025-11-24,false,false
SEND003751,CMP03,Member Picks,C00283,email,Popular picks selected for you.,2025-06-26,false,false
SEND003752,CMP04,Summer Essentials,C00590,ads,Simple essentials for warmer days.,2025-07-19,false,false
SEND003753,CMP05,Back to Routine,C00030,email,Get back into your everyday rhythm.,2025-08-23,false,false
SEND003754,CMP05,Back to Routine,C00966,email,Get back into your everyday rhythm.,2025-08-25,false,false
SEND003755,CMP01,New Year Reset,C00219,email,Start fresh with practical favorites.,2025-02-09,false,false
SEND003756,CMP02,Spring Refresh,C00618,ads,Refresh your routine for spring.,2025-03-27,true,false
SEND003757,CMP04,Summer Essentials,C00987,ads,Simple essentials for warmer days.,2025-08-13,false,false
SEND003758,CMP04,Summer Essentials,C00191,ads,Simple essentials for warmer days.,2025-06-25,false,false
SEND003759,CMP03,Member Picks,C00715,email,Popular picks selected for you.,2025-06-13,true,false
SEND003760,CMP04,Summer Essentials,C00042,ads,Simple essentials for warmer days.,2025-08-09,false,false
SEND003761,CMP01,New Year Reset,C00562,email,Start fresh with practical favorites.,2025-02-26,false,false
SEND003762,CMP02,Spring Refresh,C00616,ads,Refresh your routine for spring.,2025-04-24,false,false
SEND003763,CMP07,Early Holiday,C00012,email,A head start on thoughtful gifting.,2025-11-28,false,false
SEND003764,CMP04,Summer Essentials,C00205,ads,Simple essentials for warmer days.,2025-06-12,true,false
SEND003765,CMP02,Spring Refresh,C00546,ads,Refresh your routine for spring.,2025-04-12,false,false
SEND003766,CMP05,Back to Routine,C00111,email,Get back into your everyday rhythm.,2025-08-04,false,false
SEND003767,CMP05,Back to Routine,C00987,email,Get back into your everyday rhythm.,2025-08-31,false,false
SEND003768,CMP04,Summer Essentials,C00836,ads,Simple essentials for warmer days.,2025-08-02,false,false
SEND003769,CMP06,Autumn Edit,C00936,ads,Discover this season's useful upgrades.,2025-10-20,false,false
SEND003770,CMP01,New Year Reset,C00157,email,Start fresh with practical favorites.,2025-01-03,false,true
SEND003771,CMP03,Member Picks,C00935,email,Popular picks selected for you.,2025-05-25,false,false
SEND003772,CMP08,Holiday Highlights,C00114,ads,Explore customer favorites this holiday.,2025-11-15,false,false
SEND003773,CMP02,Spring Refresh,C00354,ads,Refresh your routine for spring.,2025-04-10,false,false
SEND003774,CMP07,Early Holiday,C00693,email,A head start on thoughtful gifting.,2025-11-30,false,false
SEND003775,CMP05,Back to Routine,C00303,email,Get back into your everyday rhythm.,2025-08-15,false,false
SEND003776,CMP02,Spring Refresh,C00645,ads,Refresh your routine for spring.,2025-03-06,true,false
SEND003777,CMP07,Early Holiday,C00888,email,A head start on thoughtful gifting.,2025-11-29,true,false
SEND003778,CMP05,Back to Routine,C00489,email,Get back into your everyday rhythm.,2025-09-24,false,false
SEND003779,CMP06,Autumn Edit,C00144,ads,Discover this season's useful upgrades.,2025-09-10,false,false
SEND003780,CMP02,Spring Refresh,C00599,ads,Refresh your routine for spring.,2025-03-01,false,false
SEND003781,CMP07,Early Holiday,C00353,email,A head start on thoughtful gifting.,2025-11-08,false,false
SEND003782,CMP02,Spring Refresh,C00315,ads,Refresh your routine for spring.,2025-04-09,false,true
SEND003783,CMP03,Member Picks,C00026,email,Popular picks selected for you.,2025-05-17,false,false
SEND003784,CMP07,Early Holiday,C00474,email,A head start on thoughtful gifting.,2025-11-26,false,false
SEND003785,CMP06,Autumn Edit,C00686,ads,Discover this season's useful upgrades.,2025-10-19,false,false
SEND003786,CMP05,Back to Routine,C00750,email,Get back into your everyday rhythm.,2025-09-02,false,false
SEND003787,CMP08,Holiday Highlights,C00809,ads,Explore customer favorites this holiday.,2025-11-17,false,false
SEND003788,CMP05,Back to Routine,C00637,email,Get back into your everyday rhythm.,2025-08-04,false,false
SEND003789,CMP02,Spring Refresh,C00742,ads,Refresh your routine for spring.,2025-03-13,false,false
SEND003790,CMP05,Back to Routine,C00997,email,Get back into your everyday rhythm.,2025-09-18,false,false
SEND003791,CMP02,Spring Refresh,C00614,ads,Refresh your routine for spring.,2025-04-10,false,false
SEND003792,CMP08,Holiday Highlights,C00130,ads,Explore customer favorites this holiday.,2025-12-27,true,false
SEND003793,CMP01,New Year Reset,C00353,email,Start fresh with practical favorites.,2025-02-07,false,false
SEND003794,CMP08,Holiday Highlights,C00618,ads,Explore customer favorites this holiday.,2025-11-03,false,false
SEND003795,CMP06,Autumn Edit,C00175,ads,Discover this season's useful upgrades.,2025-10-18,true,false
SEND003796,CMP05,Back to Routine,C00237,email,Get back into your everyday rhythm.,2025-08-20,false,false
SEND003797,CMP05,Back to Routine,C00675,email,Get back into your everyday rhythm.,2025-08-25,false,false
SEND003798,CMP04,Summer Essentials,C00125,ads,Simple essentials for warmer days.,2025-06-13,true,true
SEND003799,CMP02,Spring Refresh,C00170,ads,Refresh your routine for spring.,2025-04-25,false,false
SEND003800,CMP02,Spring Refresh,C00961,ads,Refresh your routine for spring.,2025-03-11,false,false
SEND003801,CMP01,New Year Reset,C00394,email,Start fresh with practical favorites.,2025-02-02,false,false
SEND003802,CMP02,Spring Refresh,C00381,ads,Refresh your routine for spring.,2025-03-05,false,false
SEND003803,CMP05,Back to Routine,C00738,email,Get back into your everyday rhythm.,2025-09-06,false,false
SEND003804,CMP07,Early Holiday,C00481,email,A head start on thoughtful gifting.,2025-11-18,true,true
SEND003805,CMP04,Summer Essentials,C00775,ads,Simple essentials for warmer days.,2025-06-21,true,true
SEND003806,CMP05,Back to Routine,C00102,email,Get back into your everyday rhythm.,2025-08-06,false,false
SEND003807,CMP06,Autumn Edit,C00283,ads,Discover this season's useful upgrades.,2025-10-14,false,false
SEND003808,CMP08,Holiday Highlights,C00962,ads,Explore customer favorites this holiday.,2025-12-19,false,false
SEND003809,CMP05,Back to Routine,C00347,email,Get back into your everyday rhythm.,2025-09-23,false,false
SEND003810,CMP06,Autumn Edit,C00855,ads,Discover this season's useful upgrades.,2025-10-18,false,false
SEND003811,CMP06,Autumn Edit,C00801,ads,Discover this season's useful upgrades.,2025-09-22,false,false
SEND003812,CMP07,Early Holiday,C00572,email,A head start on thoughtful gifting.,2025-11-09,false,false
SEND003813,CMP02,Spring Refresh,C00492,ads,Refresh your routine for spring.,2025-03-20,false,false
SEND003814,CMP03,Member Picks,C00836,email,Popular picks selected for you.,2025-06-08,false,false
SEND003815,CMP02,Spring Refresh,C00969,ads,Refresh your routine for spring.,2025-04-06,false,false
SEND003816,CMP02,Spring Refresh,C00298,ads,Refresh your routine for spring.,2025-04-05,false,true
SEND003817,CMP06,Autumn Edit,C00532,ads,Discover this season's useful upgrades.,2025-10-17,false,false
SEND003818,CMP05,Back to Routine,C00620,email,Get back into your everyday rhythm.,2025-09-19,false,false
SEND003819,CMP02,Spring Refresh,C00408,ads,Refresh your routine for spring.,2025-04-14,true,false
SEND003820,CMP07,Early Holiday,C00555,email,A head start on thoughtful gifting.,2025-11-11,false,false
SEND003821,CMP08,Holiday Highlights,C00906,ads,Explore customer favorites this holiday.,2025-11-02,false,false
SEND003822,CMP06,Autumn Edit,C00079,ads,Discover this season's useful upgrades.,2025-09-29,false,false
SEND003823,CMP08,Holiday Highlights,C00868,ads,Explore customer favorites this holiday.,2025-11-05,false,false
SEND003824,CMP07,Early Holiday,C00539,email,A head start on thoughtful gifting.,2025-11-14,false,false
SEND003825,CMP03,Member Picks,C00436,email,Popular picks selected for you.,2025-05-02,false,false
SEND003826,CMP06,Autumn Edit,C00671,ads,Discover this season's useful upgrades.,2025-09-30,false,false
SEND003827,CMP05,Back to Routine,C00971,email,Get back into your everyday rhythm.,2025-09-29,false,false
SEND003828,CMP06,Autumn Edit,C00804,ads,Discover this season's useful upgrades.,2025-09-06,false,false
SEND003829,CMP08,Holiday Highlights,C00803,ads,Explore customer favorites this holiday.,2025-12-25,false,false
SEND003830,CMP06,Autumn Edit,C00794,ads,Discover this season's useful upgrades.,2025-09-08,false,false
SEND003831,CMP08,Holiday Highlights,C00384,ads,Explore customer favorites this holiday.,2025-12-13,false,false
SEND003832,CMP04,Summer Essentials,C00144,ads,Simple essentials for warmer days.,2025-06-13,false,false
SEND003833,CMP07,Early Holiday,C00189,email,A head start on thoughtful gifting.,2025-11-18,false,false
SEND003834,CMP08,Holiday Highlights,C00353,ads,Explore customer favorites this holiday.,2025-11-07,false,false
SEND003835,CMP08,Holiday Highlights,C00362,ads,Explore customer favorites this holiday.,2025-11-02,false,false
SEND003836,CMP03,Member Picks,C00641,email,Popular picks selected for you.,2025-05-11,false,false
SEND003837,CMP08,Holiday Highlights,C00532,ads,Explore customer favorites this holiday.,2025-12-22,false,true
SEND003838,CMP02,Spring Refresh,C00551,ads,Refresh your routine for spring.,2025-04-27,false,false
SEND003839,CMP07,Early Holiday,C00003,email,A head start on thoughtful gifting.,2025-11-28,false,false
SEND003840,CMP03,Member Picks,C00577,email,Popular picks selected for you.,2025-05-10,false,false
SEND003841,CMP08,Holiday Highlights,C00208,ads,Explore customer favorites this holiday.,2025-11-28,false,false
SEND003842,CMP04,Summer Essentials,C00369,ads,Simple essentials for warmer days.,2025-06-24,true,false
SEND003843,CMP07,Early Holiday,C00042,email,A head start on thoughtful gifting.,2025-11-13,false,false
SEND003844,CMP08,Holiday Highlights,C00373,ads,Explore customer favorites this holiday.,2025-11-14,false,false
SEND003845,CMP05,Back to Routine,C00794,email,Get back into your everyday rhythm.,2025-08-24,false,false
SEND003846,CMP04,Summer Essentials,C00787,ads,Simple essentials for warmer days.,2025-06-01,false,false
SEND003847,CMP08,Holiday Highlights,C00126,ads,Explore customer favorites this holiday.,2025-12-30,false,false
SEND003848,CMP05,Back to Routine,C00153,email,Get back into your everyday rhythm.,2025-08-09,false,false
SEND003849,CMP07,Early Holiday,C00072,email,A head start on thoughtful gifting.,2025-11-30,false,false
SEND003850,CMP01,New Year Reset,C00800,email,Start fresh with practical favorites.,2025-01-03,false,false
SEND003851,CMP03,Member Picks,C00747,email,Popular picks selected for you.,2025-05-14,false,false
SEND003852,CMP08,Holiday Highlights,C00786,ads,Explore customer favorites this holiday.,2025-12-01,true,false
SEND003853,CMP03,Member Picks,C00308,email,Popular picks selected for you.,2025-05-18,true,true
SEND003854,CMP04,Summer Essentials,C00588,ads,Simple essentials for warmer days.,2025-06-19,false,false
SEND003855,CMP05,Back to Routine,C00874,email,Get back into your everyday rhythm.,2025-09-22,false,false
SEND003856,CMP05,Back to Routine,C00795,email,Get back into your everyday rhythm.,2025-08-10,false,false
SEND003857,CMP02,Spring Refresh,C00884,ads,Refresh your routine for spring.,2025-04-30,false,true
SEND003858,CMP02,Spring Refresh,C00468,ads,Refresh your routine for spring.,2025-03-20,false,false
SEND003859,CMP06,Autumn Edit,C00955,ads,Discover this season's useful upgrades.,2025-10-18,false,false
SEND003860,CMP08,Holiday Highlights,C00136,ads,Explore customer favorites this holiday.,2025-12-11,false,false
SEND003861,CMP06,Autumn Edit,C00531,ads,Discover this season's useful upgrades.,2025-10-06,false,false
SEND003862,CMP05,Back to Routine,C00719,email,Get back into your everyday rhythm.,2025-08-27,false,false
SEND003863,CMP07,Early Holiday,C00176,email,A head start on thoughtful gifting.,2025-11-09,false,false
SEND003864,CMP02,Spring Refresh,C00473,ads,Refresh your routine for spring.,2025-04-29,false,false
SEND003865,CMP07,Early Holiday,C00143,email,A head start on thoughtful gifting.,2025-11-12,false,false
SEND003866,CMP07,Early Holiday,C00055,email,A head start on thoughtful gifting.,2025-11-14,false,true
SEND003867,CMP07,Early Holiday,C00072,email,A head start on thoughtful gifting.,2025-11-22,true,false
SEND003868,CMP02,Spring Refresh,C00871,ads,Refresh your routine for spring.,2025-04-23,true,false
SEND003869,CMP02,Spring Refresh,C00183,ads,Refresh your routine for spring.,2025-03-02,false,false
SEND003870,CMP07,Early Holiday,C00167,email,A head start on thoughtful gifting.,2025-11-24,false,false
SEND003871,CMP03,Member Picks,C00020,email,Popular picks selected for you.,2025-05-04,true,false
SEND003872,CMP03,Member Picks,C00941,email,Popular picks selected for you.,2025-05-18,false,false
SEND003873,CMP01,New Year Reset,C00305,email,Start fresh with practical favorites.,2025-02-12,false,false
SEND003874,CMP07,Early Holiday,C00152,email,A head start on thoughtful gifting.,2025-11-24,false,false
SEND003875,CMP08,Holiday Highlights,C00778,ads,Explore customer favorites this holiday.,2025-12-29,false,false
SEND003876,CMP08,Holiday Highlights,C00883,ads,Explore customer favorites this holiday.,2025-11-03,true,true
SEND003877,CMP08,Holiday Highlights,C00216,ads,Explore customer favorites this holiday.,2025-11-19,false,false
SEND003878,CMP07,Early Holiday,C00079,email,A head start on thoughtful gifting.,2025-11-22,false,false
SEND003879,CMP03,Member Picks,C00261,email,Popular picks selected for you.,2025-06-30,false,false
SEND003880,CMP04,Summer Essentials,C00080,ads,Simple essentials for warmer days.,2025-07-26,false,false
SEND003881,CMP08,Holiday Highlights,C00011,ads,Explore customer favorites this holiday.,2025-11-04,false,false
SEND003882,CMP02,Spring Refresh,C00474,ads,Refresh your routine for spring.,2025-04-24,false,false
SEND003883,CMP05,Back to Routine,C00427,email,Get back into your everyday rhythm.,2025-09-12,true,false
SEND003884,CMP02,Spring Refresh,C00456,ads,Refresh your routine for spring.,2025-03-27,false,false
SEND003885,CMP06,Autumn Edit,C00514,ads,Discover this season's useful upgrades.,2025-10-23,true,false
SEND003886,CMP06,Autumn Edit,C00853,ads,Discover this season's useful upgrades.,2025-09-28,false,false
SEND003887,CMP01,New Year Reset,C00834,email,Start fresh with practical favorites.,2025-02-23,false,false
SEND003888,CMP08,Holiday Highlights,C00363,ads,Explore customer favorites this holiday.,2025-11-23,false,false
SEND003889,CMP06,Autumn Edit,C00479,ads,Discover this season's useful upgrades.,2025-10-28,false,false
SEND003890,CMP07,Early Holiday,C00508,email,A head start on thoughtful gifting.,2025-11-13,false,false
SEND003891,CMP05,Back to Routine,C00226,email,Get back into your everyday rhythm.,2025-09-14,false,false
SEND003892,CMP05,Back to Routine,C00744,email,Get back into your everyday rhythm.,2025-09-28,false,false
SEND003893,CMP05,Back to Routine,C00434,email,Get back into your everyday rhythm.,2025-09-17,false,false
SEND003894,CMP03,Member Picks,C00294,email,Popular picks selected for you.,2025-05-08,true,false
SEND003895,CMP06,Autumn Edit,C00197,ads,Discover this season's useful upgrades.,2025-10-31,false,false
SEND003896,CMP04,Summer Essentials,C00783,ads,Simple essentials for warmer days.,2025-07-25,false,true
SEND003897,CMP02,Spring Refresh,C00610,ads,Refresh your routine for spring.,2025-04-04,false,false
SEND003898,CMP01,New Year Reset,C00591,email,Start fresh with practical favorites.,2025-01-03,false,false
SEND003899,CMP01,New Year Reset,C00018,email,Start fresh with practical favorites.,2025-02-01,false,false
SEND003900,CMP04,Summer Essentials,C00956,ads,Simple essentials for warmer days.,2025-07-12,false,false
SEND003901,CMP01,New Year Reset,C00282,email,Start fresh with practical favorites.,2025-01-09,false,false
SEND003902,CMP01,New Year Reset,C00153,email,Start fresh with practical favorites.,2025-02-12,false,false
SEND003903,CMP02,Spring Refresh,C00811,ads,Refresh your routine for spring.,2025-03-10,false,false
SEND003904,CMP06,Autumn Edit,C00588,ads,Discover this season's useful upgrades.,2025-10-07,false,false
SEND003905,CMP05,Back to Routine,C00935,email,Get back into your everyday rhythm.,2025-08-05,false,false
SEND003906,CMP04,Summer Essentials,C00932,ads,Simple essentials for warmer days.,2025-07-19,false,false
SEND003907,CMP01,New Year Reset,C00786,email,Start fresh with practical favorites.,2025-01-14,true,false
SEND003908,CMP04,Summer Essentials,C00206,ads,Simple essentials for warmer days.,2025-07-21,false,false
SEND003909,CMP02,Spring Refresh,C00638,ads,Refresh your routine for spring.,2025-03-31,false,false
SEND003910,CMP02,Spring Refresh,C00320,ads,Refresh your routine for spring.,2025-04-25,false,false
SEND003911,CMP08,Holiday Highlights,C00419,ads,Explore customer favorites this holiday.,2025-12-31,false,false
SEND003912,CMP02,Spring Refresh,C00178,ads,Refresh your routine for spring.,2025-03-24,false,false
SEND003913,CMP04,Summer Essentials,C00886,ads,Simple essentials for warmer days.,2025-07-17,false,false
SEND003914,CMP04,Summer Essentials,C00091,ads,Simple essentials for warmer days.,2025-08-25,false,false
SEND003915,CMP03,Member Picks,C00077,email,Popular picks selected for you.,2025-05-20,false,false
SEND003916,CMP02,Spring Refresh,C00132,ads,Refresh your routine for spring.,2025-03-13,false,false
SEND003917,CMP05,Back to Routine,C00233,email,Get back into your everyday rhythm.,2025-09-25,false,false
SEND003918,CMP07,Early Holiday,C00299,email,A head start on thoughtful gifting.,2025-11-24,false,false
SEND003919,CMP05,Back to Routine,C00282,email,Get back into your everyday rhythm.,2025-08-17,false,false
SEND003920,CMP01,New Year Reset,C00064,email,Start fresh with practical favorites.,2025-01-31,true,false
SEND003921,CMP04,Summer Essentials,C00379,ads,Simple essentials for warmer days.,2025-06-28,false,false
SEND003922,CMP08,Holiday Highlights,C00065,ads,Explore customer favorites this holiday.,2025-11-23,true,false
SEND003923,CMP06,Autumn Edit,C00396,ads,Discover this season's useful upgrades.,2025-10-05,false,false
SEND003924,CMP07,Early Holiday,C00519,email,A head start on thoughtful gifting.,2025-11-18,false,false
SEND003925,CMP04,Summer Essentials,C00145,ads,Simple essentials for warmer days.,2025-08-27,false,false
SEND003926,CMP08,Holiday Highlights,C00005,ads,Explore customer favorites this holiday.,2025-12-22,false,false
SEND003927,CMP05,Back to Routine,C00131,email,Get back into your everyday rhythm.,2025-09-13,false,false
SEND003928,CMP07,Early Holiday,C00437,email,A head start on thoughtful gifting.,2025-11-15,false,false
SEND003929,CMP03,Member Picks,C00415,email,Popular picks selected for you.,2025-06-14,false,false
SEND003930,CMP08,Holiday Highlights,C00316,ads,Explore customer favorites this holiday.,2025-11-02,true,true
SEND003931,CMP06,Autumn Edit,C00728,ads,Discover this season's useful upgrades.,2025-10-09,false,false
SEND003932,CMP03,Member Picks,C00266,email,Popular picks selected for you.,2025-06-27,false,false
SEND003933,CMP02,Spring Refresh,C00933,ads,Refresh your routine for spring.,2025-04-19,false,false
SEND003934,CMP01,New Year Reset,C00392,email,Start fresh with practical favorites.,2025-01-19,false,false
SEND003935,CMP01,New Year Reset,C00476,email,Start fresh with practical favorites.,2025-01-25,true,false
SEND003936,CMP03,Member Picks,C01000,email,Popular picks selected for you.,2025-06-09,false,false
SEND003937,CMP03,Member Picks,C00952,email,Popular picks selected for you.,2025-05-15,false,false
SEND003938,CMP04,Summer Essentials,C00221,ads,Simple essentials for warmer days.,2025-08-15,false,false
SEND003939,CMP01,New Year Reset,C00399,email,Start fresh with practical favorites.,2025-01-26,false,false
SEND003940,CMP02,Spring Refresh,C00236,ads,Refresh your routine for spring.,2025-04-08,false,false
SEND003941,CMP08,Holiday Highlights,C00704,ads,Explore customer favorites this holiday.,2025-11-18,false,false
SEND003942,CMP01,New Year Reset,C00727,email,Start fresh with practical favorites.,2025-02-25,false,false
SEND003943,CMP07,Early Holiday,C00422,email,A head start on thoughtful gifting.,2025-11-12,false,false
SEND003944,CMP02,Spring Refresh,C00949,ads,Refresh your routine for spring.,2025-04-22,false,false
SEND003945,CMP05,Back to Routine,C00932,email,Get back into your everyday rhythm.,2025-09-03,false,false
SEND003946,CMP06,Autumn Edit,C00751,ads,Discover this season's useful upgrades.,2025-10-09,false,false
SEND003947,CMP04,Summer Essentials,C00114,ads,Simple essentials for warmer days.,2025-07-22,false,false
SEND003948,CMP05,Back to Routine,C00123,email,Get back into your everyday rhythm.,2025-09-25,false,false
SEND003949,CMP01,New Year Reset,C00799,email,Start fresh with practical favorites.,2025-02-05,false,false
SEND003950,CMP08,Holiday Highlights,C00113,ads,Explore customer favorites this holiday.,2025-12-12,false,false
SEND003951,CMP05,Back to Routine,C00529,email,Get back into your everyday rhythm.,2025-09-14,false,false
SEND003952,CMP01,New Year Reset,C00655,email,Start fresh with practical favorites.,2025-01-17,false,false
SEND003953,CMP06,Autumn Edit,C00556,ads,Discover this season's useful upgrades.,2025-09-08,false,false
SEND003954,CMP05,Back to Routine,C00314,email,Get back into your everyday rhythm.,2025-09-21,false,false
SEND003955,CMP07,Early Holiday,C00235,email,A head start on thoughtful gifting.,2025-11-11,false,false
SEND003956,CMP08,Holiday Highlights,C00311,ads,Explore customer favorites this holiday.,2025-11-03,false,false
SEND003957,CMP03,Member Picks,C00705,email,Popular picks selected for you.,2025-05-24,false,false
SEND003958,CMP01,New Year Reset,C00141,email,Start fresh with practical favorites.,2025-01-15,false,false
SEND003959,CMP08,Holiday Highlights,C00997,ads,Explore customer favorites this holiday.,2025-12-10,true,false
SEND003960,CMP07,Early Holiday,C00699,email,A head start on thoughtful gifting.,2025-11-21,false,true
SEND003961,CMP08,Holiday Highlights,C00371,ads,Explore customer favorites this holiday.,2025-11-12,false,false
SEND003962,CMP06,Autumn Edit,C00582,ads,Discover this season's useful upgrades.,2025-10-20,true,true
SEND003963,CMP08,Holiday Highlights,C00450,ads,Explore customer favorites this holiday.,2025-12-21,false,false
SEND003964,CMP06,Autumn Edit,C00364,ads,Discover this season's useful upgrades.,2025-10-29,false,true
SEND003965,CMP08,Holiday Highlights,C00302,ads,Explore customer favorites this holiday.,2025-12-30,false,false
SEND003966,CMP07,Early Holiday,C00615,email,A head start on thoughtful gifting.,2025-11-15,false,false
SEND003967,CMP01,New Year Reset,C00467,email,Start fresh with practical favorites.,2025-02-24,false,false
SEND003968,CMP02,Spring Refresh,C00642,ads,Refresh your routine for spring.,2025-03-29,false,false
SEND003969,CMP08,Holiday Highlights,C00365,ads,Explore customer favorites this holiday.,2025-12-21,false,false
SEND003970,CMP07,Early Holiday,C00123,email,A head start on thoughtful gifting.,2025-11-28,true,false
SEND003971,CMP08,Holiday Highlights,C00868,ads,Explore customer favorites this holiday.,2025-11-18,false,false
SEND003972,CMP01,New Year Reset,C00504,email,Start fresh with practical favorites.,2025-01-16,false,false
SEND003973,CMP07,Early Holiday,C00529,email,A head start on thoughtful gifting.,2025-11-22,false,false
SEND003974,CMP08,Holiday Highlights,C00120,ads,Explore customer favorites this holiday.,2025-11-22,false,false
SEND003975,CMP02,Spring Refresh,C00991,ads,Refresh your routine for spring.,2025-04-04,false,false
SEND003976,CMP08,Holiday Highlights,C00520,ads,Explore customer favorites this holiday.,2025-11-25,false,false
SEND003977,CMP01,New Year Reset,C00060,email,Start fresh with practical favorites.,2025-01-16,true,false
SEND003978,CMP03,Member Picks,C00965,email,Popular picks selected for you.,2025-06-21,true,true
SEND003979,CMP05,Back to Routine,C00089,email,Get back into your everyday rhythm.,2025-09-12,false,true
SEND003980,CMP01,New Year Reset,C00988,email,Start fresh with practical favorites.,2025-02-08,false,false
SEND003981,CMP08,Holiday Highlights,C00052,ads,Explore customer favorites this holiday.,2025-12-13,false,false
SEND003982,CMP07,Early Holiday,C00295,email,A head start on thoughtful gifting.,2025-11-04,false,false
SEND003983,CMP05,Back to Routine,C00855,email,Get back into your everyday rhythm.,2025-09-10,false,false
SEND003984,CMP03,Member Picks,C00745,email,Popular picks selected for you.,2025-05-04,false,false
SEND003985,CMP04,Summer Essentials,C00916,ads,Simple essentials for warmer days.,2025-08-16,true,false
SEND003986,CMP02,Spring Refresh,C00332,ads,Refresh your routine for spring.,2025-03-23,true,false
SEND003987,CMP06,Autumn Edit,C00270,ads,Discover this season's useful upgrades.,2025-10-21,false,false
SEND003988,CMP08,Holiday Highlights,C00704,ads,Explore customer favorites this holiday.,2025-12-21,false,false
SEND003989,CMP07,Early Holiday,C00786,email,A head start on thoughtful gifting.,2025-11-13,true,false
SEND003990,CMP01,New Year Reset,C00394,email,Start fresh with practical favorites.,2025-01-28,false,false
SEND003991,CMP01,New Year Reset,C00297,email,Start fresh with practical favorites.,2025-01-23,false,false
SEND003992,CMP02,Spring Refresh,C00023,ads,Refresh your routine for spring.,2025-04-12,false,true
SEND003993,CMP04,Summer Essentials,C00207,ads,Simple essentials for warmer days.,2025-07-12,false,false
SEND003994,CMP02,Spring Refresh,C00444,ads,Refresh your routine for spring.,2025-03-23,false,false
SEND003995,CMP02,Spring Refresh,C00083,ads,Refresh your routine for spring.,2025-03-16,true,false
SEND003996,CMP03,Member Picks,C00107,email,Popular picks selected for you.,2025-05-27,false,false
SEND003997,CMP04,Summer Essentials,C00553,ads,Simple essentials for warmer days.,2025-07-12,false,false
SEND003998,CMP07,Early Holiday,C00987,email,A head start on thoughtful gifting.,2025-11-26,false,false
SEND003999,CMP05,Back to Routine,C00993,email,Get back into your everyday rhythm.,2025-08-21,false,false
SEND004000,CMP04,Summer Essentials,C00984,ads,Simple essentials for warmer days.,2025-06-11,false,false
SEND004001,CMP02,Spring Refresh,C00579,ads,Refresh your routine for spring.,2025-03-12,false,false
SEND004002,CMP05,Back to Routine,C00839,email,Get back into your everyday rhythm.,2025-09-09,false,false
SEND004003,CMP05,Back to Routine,C00466,email,Get back into your everyday rhythm.,2025-08-17,false,false
SEND004004,CMP04,Summer Essentials,C00769,ads,Simple essentials for warmer days.,2025-06-08,false,false
SEND004005,CMP07,Early Holiday,C00318,email,A head start on thoughtful gifting.,2025-11-27,false,false
SEND004006,CMP07,Early Holiday,C00154,email,A head start on thoughtful gifting.,2025-11-01,false,false
SEND004007,CMP02,Spring Refresh,C00856,ads,Refresh your routine for spring.,2025-03-03,false,false
SEND004008,CMP02,Spring Refresh,C00553,ads,Refresh your routine for spring.,2025-04-14,false,false
SEND004009,CMP05,Back to Routine,C00046,email,Get back into your everyday rhythm.,2025-08-30,false,false
SEND004010,CMP05,Back to Routine,C00260,email,Get back into your everyday rhythm.,2025-08-21,false,false
SEND004011,CMP07,Early Holiday,C00358,email,A head start on thoughtful gifting.,2025-11-16,false,true
SEND004012,CMP06,Autumn Edit,C00697,ads,Discover this season's useful upgrades.,2025-09-05,true,false
SEND004013,CMP03,Member Picks,C00703,email,Popular picks selected for you.,2025-05-26,false,false
SEND004014,CMP06,Autumn Edit,C00417,ads,Discover this season's useful upgrades.,2025-09-23,false,false
SEND004015,CMP01,New Year Reset,C00012,email,Start fresh with practical favorites.,2025-01-01,false,false
SEND004016,CMP08,Holiday Highlights,C00941,ads,Explore customer favorites this holiday.,2025-12-12,false,false
SEND004017,CMP08,Holiday Highlights,C00919,ads,Explore customer favorites this holiday.,2025-11-11,false,false
SEND004018,CMP04,Summer Essentials,C00808,ads,Simple essentials for warmer days.,2025-06-11,false,false
SEND004019,CMP02,Spring Refresh,C00572,ads,Refresh your routine for spring.,2025-04-16,false,false
SEND004020,CMP02,Spring Refresh,C00883,ads,Refresh your routine for spring.,2025-04-07,false,false
SEND004021,CMP08,Holiday Highlights,C00483,ads,Explore customer favorites this holiday.,2025-11-16,true,false
SEND004022,CMP04,Summer Essentials,C00707,ads,Simple essentials for warmer days.,2025-07-29,false,false
SEND004023,CMP06,Autumn Edit,C00339,ads,Discover this season's useful upgrades.,2025-09-08,false,false
SEND004024,CMP01,New Year Reset,C00281,email,Start fresh with practical favorites.,2025-02-12,false,false
SEND004025,CMP03,Member Picks,C00485,email,Popular picks selected for you.,2025-05-15,false,false
SEND004026,CMP02,Spring Refresh,C00535,ads,Refresh your routine for spring.,2025-03-07,false,false
SEND004027,CMP01,New Year Reset,C00769,email,Start fresh with practical favorites.,2025-01-29,false,false
SEND004028,CMP06,Autumn Edit,C00786,ads,Discover this season's useful upgrades.,2025-10-28,false,false
SEND004029,CMP01,New Year Reset,C00789,email,Start fresh with practical favorites.,2025-01-17,false,false
SEND004030,CMP07,Early Holiday,C00608,email,A head start on thoughtful gifting.,2025-11-16,true,false
SEND004031,CMP07,Early Holiday,C00402,email,A head start on thoughtful gifting.,2025-11-01,false,false
SEND004032,CMP08,Holiday Highlights,C00650,ads,Explore customer favorites this holiday.,2025-11-14,false,false
SEND004033,CMP06,Autumn Edit,C00030,ads,Discover this season's useful upgrades.,2025-09-30,false,false
SEND004034,CMP07,Early Holiday,C00995,email,A head start on thoughtful gifting.,2025-11-06,false,false
SEND004035,CMP03,Member Picks,C00705,email,Popular picks selected for you.,2025-05-31,false,false
SEND004036,CMP05,Back to Routine,C00828,email,Get back into your everyday rhythm.,2025-08-11,false,false
SEND004037,CMP01,New Year Reset,C00844,email,Start fresh with practical favorites.,2025-02-10,false,false
SEND004038,CMP06,Autumn Edit,C00540,ads,Discover this season's useful upgrades.,2025-10-30,false,false
SEND004039,CMP02,Spring Refresh,C00150,ads,Refresh your routine for spring.,2025-04-09,false,false
SEND004040,CMP05,Back to Routine,C00033,email,Get back into your everyday rhythm.,2025-08-20,false,false
SEND004041,CMP06,Autumn Edit,C00981,ads,Discover this season's useful upgrades.,2025-09-27,false,false
SEND004042,CMP05,Back to Routine,C00173,email,Get back into your everyday rhythm.,2025-08-02,false,false
SEND004043,CMP02,Spring Refresh,C00299,ads,Refresh your routine for spring.,2025-03-26,true,false
SEND004044,CMP07,Early Holiday,C00770,email,A head start on thoughtful gifting.,2025-11-25,false,false
SEND004045,CMP04,Summer Essentials,C00227,ads,Simple essentials for warmer days.,2025-07-27,false,false
SEND004046,CMP03,Member Picks,C00817,email,Popular picks selected for you.,2025-05-08,false,false
SEND004047,CMP01,New Year Reset,C00405,email,Start fresh with practical favorites.,2025-01-24,false,false
SEND004048,CMP06,Autumn Edit,C00786,ads,Discover this season's useful upgrades.,2025-09-27,true,false
SEND004049,CMP02,Spring Refresh,C00596,ads,Refresh your routine for spring.,2025-04-10,false,true
SEND004050,CMP03,Member Picks,C00830,email,Popular picks selected for you.,2025-05-18,true,true
SEND004051,CMP08,Holiday Highlights,C00774,ads,Explore customer favorites this holiday.,2025-12-26,false,false
SEND004052,CMP07,Early Holiday,C00940,email,A head start on thoughtful gifting.,2025-11-30,false,false
SEND004053,CMP07,Early Holiday,C00714,email,A head start on thoughtful gifting.,2025-11-02,false,false
SEND004054,CMP06,Autumn Edit,C00808,ads,Discover this season's useful upgrades.,2025-10-19,true,false
SEND004055,CMP07,Early Holiday,C00070,email,A head start on thoughtful gifting.,2025-11-29,false,false
SEND004056,CMP02,Spring Refresh,C00452,ads,Refresh your routine for spring.,2025-04-16,false,false
SEND004057,CMP07,Early Holiday,C00126,email,A head start on thoughtful gifting.,2025-11-16,false,false
SEND004058,CMP08,Holiday Highlights,C00731,ads,Explore customer favorites this holiday.,2025-11-09,false,false
SEND004059,CMP06,Autumn Edit,C00668,ads,Discover this season's useful upgrades.,2025-10-31,true,false
SEND004060,CMP02,Spring Refresh,C00568,ads,Refresh your routine for spring.,2025-04-14,false,false
SEND004061,CMP01,New Year Reset,C00234,email,Start fresh with practical favorites.,2025-02-23,false,false
SEND004062,CMP03,Member Picks,C00900,email,Popular picks selected for you.,2025-05-24,false,false
SEND004063,CMP04,Summer Essentials,C00976,ads,Simple essentials for warmer days.,2025-06-01,false,false
SEND004064,CMP07,Early Holiday,C00710,email,A head start on thoughtful gifting.,2025-11-06,true,false
SEND004065,CMP02,Spring Refresh,C00029,ads,Refresh your routine for spring.,2025-03-03,false,false
SEND004066,CMP02,Spring Refresh,C00356,ads,Refresh your routine for spring.,2025-04-20,false,false
SEND004067,CMP07,Early Holiday,C00713,email,A head start on thoughtful gifting.,2025-11-11,false,false
SEND004068,CMP01,New Year Reset,C00366,email,Start fresh with practical favorites.,2025-02-12,true,false
SEND004069,CMP04,Summer Essentials,C00059,ads,Simple essentials for warmer days.,2025-07-30,false,false
SEND004070,CMP02,Spring Refresh,C00348,ads,Refresh your routine for spring.,2025-03-19,false,false
SEND004071,CMP02,Spring Refresh,C00100,ads,Refresh your routine for spring.,2025-03-09,false,false
SEND004072,CMP04,Summer Essentials,C00083,ads,Simple essentials for warmer days.,2025-06-28,false,false
SEND004073,CMP04,Summer Essentials,C00816,ads,Simple essentials for warmer days.,2025-08-23,false,false
SEND004074,CMP06,Autumn Edit,C00802,ads,Discover this season's useful upgrades.,2025-10-31,false,false
SEND004075,CMP05,Back to Routine,C00973,email,Get back into your everyday rhythm.,2025-09-11,false,false
SEND004076,CMP08,Holiday Highlights,C00033,ads,Explore customer favorites this holiday.,2025-11-09,false,false
SEND004077,CMP08,Holiday Highlights,C00198,ads,Explore customer favorites this holiday.,2025-11-25,false,false
SEND004078,CMP01,New Year Reset,C00964,email,Start fresh with practical favorites.,2025-02-07,false,false
SEND004079,CMP03,Member Picks,C00160,email,Popular picks selected for you.,2025-06-22,false,false
SEND004080,CMP03,Member Picks,C00829,email,Popular picks selected for you.,2025-05-11,false,false
SEND004081,CMP04,Summer Essentials,C00915,ads,Simple essentials for warmer days.,2025-07-21,false,false
SEND004082,CMP02,Spring Refresh,C00442,ads,Refresh your routine for spring.,2025-03-16,false,true
SEND004083,CMP02,Spring Refresh,C00438,ads,Refresh your routine for spring.,2025-04-21,false,false
SEND004084,CMP04,Summer Essentials,C00672,ads,Simple essentials for warmer days.,2025-08-03,false,false
SEND004085,CMP01,New Year Reset,C00481,email,Start fresh with practical favorites.,2025-02-02,false,false
SEND004086,CMP03,Member Picks,C00380,email,Popular picks selected for you.,2025-06-17,true,true
SEND004087,CMP01,New Year Reset,C00600,email,Start fresh with practical favorites.,2025-02-06,false,false
SEND004088,CMP04,Summer Essentials,C00584,ads,Simple essentials for warmer days.,2025-06-29,false,false
SEND004089,CMP02,Spring Refresh,C00825,ads,Refresh your routine for spring.,2025-04-10,false,false
SEND004090,CMP01,New Year Reset,C00951,email,Start fresh with practical favorites.,2025-01-11,false,false
SEND004091,CMP07,Early Holiday,C00578,email,A head start on thoughtful gifting.,2025-11-22,false,false
SEND004092,CMP04,Summer Essentials,C00273,ads,Simple essentials for warmer days.,2025-06-27,false,false
SEND004093,CMP07,Early Holiday,C00532,email,A head start on thoughtful gifting.,2025-11-06,false,false
SEND004094,CMP01,New Year Reset,C00575,email,Start fresh with practical favorites.,2025-01-24,false,false
SEND004095,CMP07,Early Holiday,C00975,email,A head start on thoughtful gifting.,2025-11-17,false,true
SEND004096,CMP05,Back to Routine,C00287,email,Get back into your everyday rhythm.,2025-08-27,false,false
SEND004097,CMP07,Early Holiday,C00589,email,A head start on thoughtful gifting.,2025-11-09,true,false
SEND004098,CMP08,Holiday Highlights,C00191,ads,Explore customer favorites this holiday.,2025-11-02,false,false
SEND004099,CMP03,Member Picks,C00262,email,Popular picks selected for you.,2025-06-20,false,false
SEND004100,CMP01,New Year Reset,C00597,email,Start fresh with practical favorites.,2025-01-06,false,false
SEND004101,CMP04,Summer Essentials,C00835,ads,Simple essentials for warmer days.,2025-07-22,false,false
SEND004102,CMP07,Early Holiday,C00638,email,A head start on thoughtful gifting.,2025-11-12,false,false
SEND004103,CMP05,Back to Routine,C00110,email,Get back into your everyday rhythm.,2025-08-04,false,false
SEND004104,CMP05,Back to Routine,C00349,email,Get back into your everyday rhythm.,2025-08-21,false,false
SEND004105,CMP03,Member Picks,C00668,email,Popular picks selected for you.,2025-06-28,false,false
SEND004106,CMP02,Spring Refresh,C00519,ads,Refresh your routine for spring.,2025-03-05,false,false
SEND004107,CMP02,Spring Refresh,C00418,ads,Refresh your routine for spring.,2025-04-30,false,false
SEND004108,CMP05,Back to Routine,C00684,email,Get back into your everyday rhythm.,2025-09-29,false,false
SEND004109,CMP08,Holiday Highlights,C00359,ads,Explore customer favorites this holiday.,2025-11-08,true,false
SEND004110,CMP03,Member Picks,C00015,email,Popular picks selected for you.,2025-05-11,false,false
SEND004111,CMP07,Early Holiday,C00604,email,A head start on thoughtful gifting.,2025-11-01,false,false
SEND004112,CMP06,Autumn Edit,C00183,ads,Discover this season's useful upgrades.,2025-09-02,false,true
SEND004113,CMP05,Back to Routine,C00753,email,Get back into your everyday rhythm.,2025-09-04,false,false
SEND004114,CMP07,Early Holiday,C00696,email,A head start on thoughtful gifting.,2025-11-24,false,false
SEND004115,CMP06,Autumn Edit,C00766,ads,Discover this season's useful upgrades.,2025-09-29,false,false
SEND004116,CMP01,New Year Reset,C00445,email,Start fresh with practical favorites.,2025-02-10,false,false
SEND004117,CMP04,Summer Essentials,C00975,ads,Simple essentials for warmer days.,2025-08-22,false,false
SEND004118,CMP01,New Year Reset,C00882,email,Start fresh with practical favorites.,2025-01-30,false,false
SEND004119,CMP05,Back to Routine,C00200,email,Get back into your everyday rhythm.,2025-09-29,false,false
SEND004120,CMP01,New Year Reset,C00346,email,Start fresh with practical favorites.,2025-01-08,false,false
SEND004121,CMP05,Back to Routine,C00998,email,Get back into your everyday rhythm.,2025-09-25,false,false
SEND004122,CMP03,Member Picks,C00743,email,Popular picks selected for you.,2025-06-13,false,false
SEND004123,CMP06,Autumn Edit,C00099,ads,Discover this season's useful upgrades.,2025-09-16,true,false
SEND004124,CMP01,New Year Reset,C00847,email,Start fresh with practical favorites.,2025-01-08,false,false
SEND004125,CMP04,Summer Essentials,C00391,ads,Simple essentials for warmer days.,2025-06-22,false,false
SEND004126,CMP06,Autumn Edit,C00533,ads,Discover this season's useful upgrades.,2025-10-01,false,false
SEND004127,CMP06,Autumn Edit,C00033,ads,Discover this season's useful upgrades.,2025-10-24,true,true
SEND004128,CMP07,Early Holiday,C00430,email,A head start on thoughtful gifting.,2025-11-28,false,false
SEND004129,CMP02,Spring Refresh,C00048,ads,Refresh your routine for spring.,2025-04-19,true,false
SEND004130,CMP05,Back to Routine,C00451,email,Get back into your everyday rhythm.,2025-08-07,true,false
SEND004131,CMP02,Spring Refresh,C00475,ads,Refresh your routine for spring.,2025-04-11,false,false
SEND004132,CMP02,Spring Refresh,C00199,ads,Refresh your routine for spring.,2025-04-07,false,false
SEND004133,CMP07,Early Holiday,C00479,email,A head start on thoughtful gifting.,2025-11-23,false,false
SEND004134,CMP08,Holiday Highlights,C00381,ads,Explore customer favorites this holiday.,2025-12-17,false,false
SEND004135,CMP04,Summer Essentials,C00551,ads,Simple essentials for warmer days.,2025-07-11,false,false
SEND004136,CMP08,Holiday Highlights,C00341,ads,Explore customer favorites this holiday.,2025-11-08,false,false
SEND004137,CMP08,Holiday Highlights,C00271,ads,Explore customer favorites this holiday.,2025-12-09,false,false
SEND004138,CMP01,New Year Reset,C00553,email,Start fresh with practical favorites.,2025-01-29,false,false
SEND004139,CMP03,Member Picks,C00701,email,Popular picks selected for you.,2025-06-16,false,false
SEND004140,CMP04,Summer Essentials,C00851,ads,Simple essentials for warmer days.,2025-07-27,false,false
SEND004141,CMP01,New Year Reset,C00963,email,Start fresh with practical favorites.,2025-01-18,false,false
SEND004142,CMP07,Early Holiday,C00554,email,A head start on thoughtful gifting.,2025-11-03,false,false
SEND004143,CMP01,New Year Reset,C00771,email,Start fresh with practical favorites.,2025-01-26,false,false
SEND004144,CMP05,Back to Routine,C00348,email,Get back into your everyday rhythm.,2025-09-16,false,false
SEND004145,CMP01,New Year Reset,C00070,email,Start fresh with practical favorites.,2025-02-20,false,false
SEND004146,CMP08,Holiday Highlights,C00342,ads,Explore customer favorites this holiday.,2025-11-27,true,false
SEND004147,CMP07,Early Holiday,C00936,email,A head start on thoughtful gifting.,2025-11-22,false,false
SEND004148,CMP04,Summer Essentials,C00506,ads,Simple essentials for warmer days.,2025-07-20,true,false
SEND004149,CMP01,New Year Reset,C00506,email,Start fresh with practical favorites.,2025-02-15,false,false
SEND004150,CMP03,Member Picks,C00614,email,Popular picks selected for you.,2025-06-22,false,false
SEND004151,CMP04,Summer Essentials,C00241,ads,Simple essentials for warmer days.,2025-08-06,true,true
SEND004152,CMP03,Member Picks,C00901,email,Popular picks selected for you.,2025-05-18,false,false
SEND004153,CMP03,Member Picks,C00697,email,Popular picks selected for you.,2025-06-15,false,false
SEND004154,CMP05,Back to Routine,C00896,email,Get back into your everyday rhythm.,2025-09-29,false,false
SEND004155,CMP03,Member Picks,C00183,email,Popular picks selected for you.,2025-06-29,false,false
SEND004156,CMP08,Holiday Highlights,C00392,ads,Explore customer favorites this holiday.,2025-12-18,false,false
SEND004157,CMP01,New Year Reset,C00570,email,Start fresh with practical favorites.,2025-02-18,false,false
SEND004158,CMP01,New Year Reset,C00186,email,Start fresh with practical favorites.,2025-01-02,false,false
SEND004159,CMP04,Summer Essentials,C00818,ads,Simple essentials for warmer days.,2025-08-24,false,false
SEND004160,CMP05,Back to Routine,C00872,email,Get back into your everyday rhythm.,2025-08-13,false,false
SEND004161,CMP08,Holiday Highlights,C00933,ads,Explore customer favorites this holiday.,2025-12-26,false,false
SEND004162,CMP05,Back to Routine,C00888,email,Get back into your everyday rhythm.,2025-09-22,false,false
SEND004163,CMP06,Autumn Edit,C00430,ads,Discover this season's useful upgrades.,2025-10-02,false,false
SEND004164,CMP02,Spring Refresh,C00323,ads,Refresh your routine for spring.,2025-03-12,true,false
SEND004165,CMP01,New Year Reset,C00326,email,Start fresh with practical favorites.,2025-01-22,false,false
SEND004166,CMP01,New Year Reset,C00668,email,Start fresh with practical favorites.,2025-01-15,false,false
SEND004167,CMP04,Summer Essentials,C00866,ads,Simple essentials for warmer days.,2025-07-30,false,false
SEND004168,CMP07,Early Holiday,C00011,email,A head start on thoughtful gifting.,2025-11-09,true,false
SEND004169,CMP06,Autumn Edit,C00872,ads,Discover this season's useful upgrades.,2025-09-21,false,false
SEND004170,CMP01,New Year Reset,C00888,email,Start fresh with practical favorites.,2025-01-03,false,false
SEND004171,CMP05,Back to Routine,C00905,email,Get back into your everyday rhythm.,2025-08-18,false,true
SEND004172,CMP02,Spring Refresh,C00393,ads,Refresh your routine for spring.,2025-03-01,false,false
SEND004173,CMP04,Summer Essentials,C00125,ads,Simple essentials for warmer days.,2025-07-23,false,false
SEND004174,CMP06,Autumn Edit,C00101,ads,Discover this season's useful upgrades.,2025-10-24,false,false
SEND004175,CMP02,Spring Refresh,C00295,ads,Refresh your routine for spring.,2025-03-15,false,false
SEND004176,CMP02,Spring Refresh,C00064,ads,Refresh your routine for spring.,2025-03-02,false,false
SEND004177,CMP02,Spring Refresh,C00995,ads,Refresh your routine for spring.,2025-03-14,false,false
SEND004178,CMP02,Spring Refresh,C00323,ads,Refresh your routine for spring.,2025-03-19,false,false
SEND004179,CMP05,Back to Routine,C00103,email,Get back into your everyday rhythm.,2025-09-20,false,false
SEND004180,CMP02,Spring Refresh,C00707,ads,Refresh your routine for spring.,2025-04-08,false,false
SEND004181,CMP01,New Year Reset,C00095,email,Start fresh with practical favorites.,2025-01-22,false,false
SEND004182,CMP02,Spring Refresh,C00184,ads,Refresh your routine for spring.,2025-04-21,false,false
SEND004183,CMP05,Back to Routine,C00124,email,Get back into your everyday rhythm.,2025-09-14,false,false
SEND004184,CMP02,Spring Refresh,C00808,ads,Refresh your routine for spring.,2025-04-01,true,false
SEND004185,CMP02,Spring Refresh,C00766,ads,Refresh your routine for spring.,2025-03-07,false,false
SEND004186,CMP08,Holiday Highlights,C00446,ads,Explore customer favorites this holiday.,2025-11-04,false,true
SEND004187,CMP05,Back to Routine,C00948,email,Get back into your everyday rhythm.,2025-09-13,false,false
SEND004188,CMP05,Back to Routine,C00417,email,Get back into your everyday rhythm.,2025-09-12,false,true
SEND004189,CMP04,Summer Essentials,C00027,ads,Simple essentials for warmer days.,2025-08-20,false,false
SEND004190,CMP04,Summer Essentials,C00664,ads,Simple essentials for warmer days.,2025-08-18,false,false
SEND004191,CMP06,Autumn Edit,C00053,ads,Discover this season's useful upgrades.,2025-09-25,false,false
SEND004192,CMP07,Early Holiday,C00902,email,A head start on thoughtful gifting.,2025-11-15,true,false
SEND004193,CMP05,Back to Routine,C00828,email,Get back into your everyday rhythm.,2025-09-21,true,false
SEND004194,CMP08,Holiday Highlights,C00591,ads,Explore customer favorites this holiday.,2025-11-09,false,false
SEND004195,CMP08,Holiday Highlights,C00791,ads,Explore customer favorites this holiday.,2025-12-22,false,false
SEND004196,CMP08,Holiday Highlights,C00888,ads,Explore customer favorites this holiday.,2025-12-06,false,false
SEND004197,CMP01,New Year Reset,C00846,email,Start fresh with practical favorites.,2025-02-15,false,false
SEND004198,CMP06,Autumn Edit,C00719,ads,Discover this season's useful upgrades.,2025-09-19,true,true
SEND004199,CMP07,Early Holiday,C00885,email,A head start on thoughtful gifting.,2025-11-26,false,false
SEND004200,CMP07,Early Holiday,C00327,email,A head start on thoughtful gifting.,2025-11-24,false,false
SEND004201,CMP01,New Year Reset,C00118,email,Start fresh with practical favorites.,2025-01-27,false,false
SEND004202,CMP08,Holiday Highlights,C00191,ads,Explore customer favorites this holiday.,2025-12-06,false,false
SEND004203,CMP07,Early Holiday,C00761,email,A head start on thoughtful gifting.,2025-11-10,false,false
SEND004204,CMP02,Spring Refresh,C00596,ads,Refresh your routine for spring.,2025-03-11,false,false
SEND004205,CMP06,Autumn Edit,C00278,ads,Discover this season's useful upgrades.,2025-09-15,false,false
SEND004206,CMP07,Early Holiday,C00142,email,A head start on thoughtful gifting.,2025-11-20,false,false
SEND004207,CMP03,Member Picks,C00730,email,Popular picks selected for you.,2025-06-28,true,false
SEND004208,CMP06,Autumn Edit,C00659,ads,Discover this season's useful upgrades.,2025-09-26,false,false
SEND004209,CMP01,New Year Reset,C00262,email,Start fresh with practical favorites.,2025-01-22,false,false
SEND004210,CMP02,Spring Refresh,C00374,ads,Refresh your routine for spring.,2025-04-07,false,false
SEND004211,CMP06,Autumn Edit,C00790,ads,Discover this season's useful upgrades.,2025-10-31,false,false
SEND004212,CMP05,Back to Routine,C00685,email,Get back into your everyday rhythm.,2025-09-25,false,false
SEND004213,CMP01,New Year Reset,C00144,email,Start fresh with practical favorites.,2025-02-07,false,false
SEND004214,CMP04,Summer Essentials,C00187,ads,Simple essentials for warmer days.,2025-06-10,false,false
SEND004215,CMP05,Back to Routine,C00292,email,Get back into your everyday rhythm.,2025-09-27,true,false
SEND004216,CMP06,Autumn Edit,C00640,ads,Discover this season's useful upgrades.,2025-10-13,false,false
SEND004217,CMP07,Early Holiday,C00974,email,A head start on thoughtful gifting.,2025-11-24,false,false
SEND004218,CMP06,Autumn Edit,C00663,ads,Discover this season's useful upgrades.,2025-09-02,false,false
SEND004219,CMP07,Early Holiday,C00668,email,A head start on thoughtful gifting.,2025-11-23,false,false
SEND004220,CMP02,Spring Refresh,C00173,ads,Refresh your routine for spring.,2025-03-01,false,false
SEND004221,CMP06,Autumn Edit,C00165,ads,Discover this season's useful upgrades.,2025-09-07,false,false
SEND004222,CMP05,Back to Routine,C00897,email,Get back into your everyday rhythm.,2025-08-25,false,false
SEND004223,CMP07,Early Holiday,C00915,email,A head start on thoughtful gifting.,2025-11-12,false,false
SEND004224,CMP04,Summer Essentials,C00437,ads,Simple essentials for warmer days.,2025-06-01,false,false
SEND004225,CMP06,Autumn Edit,C00208,ads,Discover this season's useful upgrades.,2025-10-08,true,false
SEND004226,CMP08,Holiday Highlights,C00014,ads,Explore customer favorites this holiday.,2025-12-13,false,false
SEND004227,CMP05,Back to Routine,C00414,email,Get back into your everyday rhythm.,2025-09-24,false,false
SEND004228,CMP06,Autumn Edit,C00216,ads,Discover this season's useful upgrades.,2025-10-10,true,false
SEND004229,CMP07,Early Holiday,C00855,email,A head start on thoughtful gifting.,2025-11-26,false,false
SEND004230,CMP07,Early Holiday,C00104,email,A head start on thoughtful gifting.,2025-11-04,false,false
SEND004231,CMP07,Early Holiday,C00704,email,A head start on thoughtful gifting.,2025-11-25,false,false
SEND004232,CMP07,Early Holiday,C00250,email,A head start on thoughtful gifting.,2025-11-12,false,false
SEND004233,CMP07,Early Holiday,C00433,email,A head start on thoughtful gifting.,2025-11-15,false,false
SEND004234,CMP07,Early Holiday,C00288,email,A head start on thoughtful gifting.,2025-11-30,false,false
SEND004235,CMP06,Autumn Edit,C00177,ads,Discover this season's useful upgrades.,2025-09-06,false,false
SEND004236,CMP05,Back to Routine,C00613,email,Get back into your everyday rhythm.,2025-08-29,false,false
SEND004237,CMP04,Summer Essentials,C00717,ads,Simple essentials for warmer days.,2025-07-24,true,false
SEND004238,CMP07,Early Holiday,C00551,email,A head start on thoughtful gifting.,2025-11-16,false,false
SEND004239,CMP01,New Year Reset,C00343,email,Start fresh with practical favorites.,2025-01-14,false,false
SEND004240,CMP06,Autumn Edit,C00439,ads,Discover this season's useful upgrades.,2025-10-29,false,false
SEND004241,CMP07,Early Holiday,C00057,email,A head start on thoughtful gifting.,2025-11-04,false,false
SEND004242,CMP07,Early Holiday,C00506,email,A head start on thoughtful gifting.,2025-11-01,false,false
SEND004243,CMP05,Back to Routine,C00401,email,Get back into your everyday rhythm.,2025-08-28,true,false
SEND004244,CMP03,Member Picks,C00208,email,Popular picks selected for you.,2025-06-26,false,false
SEND004245,CMP02,Spring Refresh,C00512,ads,Refresh your routine for spring.,2025-04-28,false,false
SEND004246,CMP06,Autumn Edit,C00397,ads,Discover this season's useful upgrades.,2025-09-28,false,false
SEND004247,CMP01,New Year Reset,C00697,email,Start fresh with practical favorites.,2025-02-01,false,false
SEND004248,CMP04,Summer Essentials,C00807,ads,Simple essentials for warmer days.,2025-07-23,false,false
SEND004249,CMP07,Early Holiday,C00716,email,A head start on thoughtful gifting.,2025-11-14,false,false
SEND004250,CMP07,Early Holiday,C00122,email,A head start on thoughtful gifting.,2025-11-09,false,false
SEND004251,CMP03,Member Picks,C00676,email,Popular picks selected for you.,2025-06-22,false,false
SEND004252,CMP06,Autumn Edit,C00950,ads,Discover this season's useful upgrades.,2025-10-17,false,false
SEND004253,CMP07,Early Holiday,C00467,email,A head start on thoughtful gifting.,2025-11-09,false,false
SEND004254,CMP02,Spring Refresh,C00538,ads,Refresh your routine for spring.,2025-03-02,false,false
SEND004255,CMP02,Spring Refresh,C00526,ads,Refresh your routine for spring.,2025-04-05,false,false
SEND004256,CMP04,Summer Essentials,C00013,ads,Simple essentials for warmer days.,2025-08-20,false,false
SEND004257,CMP01,New Year Reset,C00495,email,Start fresh with practical favorites.,2025-01-22,false,false
SEND004258,CMP06,Autumn Edit,C00546,ads,Discover this season's useful upgrades.,2025-09-06,false,false
SEND004259,CMP07,Early Holiday,C00583,email,A head start on thoughtful gifting.,2025-11-23,false,false
SEND004260,CMP02,Spring Refresh,C00427,ads,Refresh your routine for spring.,2025-03-05,false,false
SEND004261,CMP08,Holiday Highlights,C00603,ads,Explore customer favorites this holiday.,2025-12-26,false,false
SEND004262,CMP05,Back to Routine,C00029,email,Get back into your everyday rhythm.,2025-08-04,false,false
SEND004263,CMP07,Early Holiday,C00406,email,A head start on thoughtful gifting.,2025-11-21,false,true
SEND004264,CMP06,Autumn Edit,C00206,ads,Discover this season's useful upgrades.,2025-09-19,false,false
SEND004265,CMP01,New Year Reset,C00829,email,Start fresh with practical favorites.,2025-01-19,false,false
SEND004266,CMP08,Holiday Highlights,C00323,ads,Explore customer favorites this holiday.,2025-12-28,false,false
SEND004267,CMP06,Autumn Edit,C00497,ads,Discover this season's useful upgrades.,2025-10-04,false,false
SEND004268,CMP04,Summer Essentials,C00308,ads,Simple essentials for warmer days.,2025-08-04,false,false
SEND004269,CMP08,Holiday Highlights,C00146,ads,Explore customer favorites this holiday.,2025-12-07,false,false
SEND004270,CMP05,Back to Routine,C00270,email,Get back into your everyday rhythm.,2025-08-22,false,false
SEND004271,CMP06,Autumn Edit,C00024,ads,Discover this season's useful upgrades.,2025-10-26,false,false
SEND004272,CMP06,Autumn Edit,C00128,ads,Discover this season's useful upgrades.,2025-09-09,false,false
SEND004273,CMP03,Member Picks,C00456,email,Popular picks selected for you.,2025-06-23,false,false
SEND004274,CMP01,New Year Reset,C00220,email,Start fresh with practical favorites.,2025-01-23,false,false
SEND004275,CMP07,Early Holiday,C00449,email,A head start on thoughtful gifting.,2025-11-08,false,false
SEND004276,CMP06,Autumn Edit,C00204,ads,Discover this season's useful upgrades.,2025-09-26,false,false
SEND004277,CMP01,New Year Reset,C00459,email,Start fresh with practical favorites.,2025-02-16,false,false
SEND004278,CMP04,Summer Essentials,C00035,ads,Simple essentials for warmer days.,2025-07-05,false,false
SEND004279,CMP06,Autumn Edit,C00206,ads,Discover this season's useful upgrades.,2025-09-26,false,false
SEND004280,CMP08,Holiday Highlights,C00379,ads,Explore customer favorites this holiday.,2025-11-06,false,false
SEND004281,CMP03,Member Picks,C00318,email,Popular picks selected for you.,2025-06-22,false,false
SEND004282,CMP08,Holiday Highlights,C00192,ads,Explore customer favorites this holiday.,2025-12-20,false,true
SEND004283,CMP06,Autumn Edit,C00259,ads,Discover this season's useful upgrades.,2025-09-26,false,false
SEND004284,CMP01,New Year Reset,C00123,email,Start fresh with practical favorites.,2025-01-31,false,true
SEND004285,CMP07,Early Holiday,C00785,email,A head start on thoughtful gifting.,2025-11-02,false,false
SEND004286,CMP06,Autumn Edit,C00933,ads,Discover this season's useful upgrades.,2025-10-22,false,false
SEND004287,CMP02,Spring Refresh,C00505,ads,Refresh your routine for spring.,2025-03-27,true,false
SEND004288,CMP07,Early Holiday,C00659,email,A head start on thoughtful gifting.,2025-11-07,true,true
SEND004289,CMP02,Spring Refresh,C00769,ads,Refresh your routine for spring.,2025-04-24,false,false
SEND004290,CMP07,Early Holiday,C00234,email,A head start on thoughtful gifting.,2025-11-16,false,false
SEND004291,CMP02,Spring Refresh,C00041,ads,Refresh your routine for spring.,2025-03-27,true,false
SEND004292,CMP05,Back to Routine,C00765,email,Get back into your everyday rhythm.,2025-08-09,false,false
SEND004293,CMP01,New Year Reset,C00540,email,Start fresh with practical favorites.,2025-01-18,false,false
SEND004294,CMP02,Spring Refresh,C00933,ads,Refresh your routine for spring.,2025-04-10,false,false
SEND004295,CMP03,Member Picks,C00599,email,Popular picks selected for you.,2025-05-05,false,false
SEND004296,CMP06,Autumn Edit,C00508,ads,Discover this season's useful upgrades.,2025-10-04,false,false
SEND004297,CMP07,Early Holiday,C00271,email,A head start on thoughtful gifting.,2025-11-13,false,false
SEND004298,CMP03,Member Picks,C00544,email,Popular picks selected for you.,2025-06-09,false,false
SEND004299,CMP04,Summer Essentials,C00015,ads,Simple essentials for warmer days.,2025-08-04,false,false
SEND004300,CMP05,Back to Routine,C00995,email,Get back into your everyday rhythm.,2025-08-15,false,false
SEND004301,CMP08,Holiday Highlights,C00381,ads,Explore customer favorites this holiday.,2025-11-02,false,false
SEND004302,CMP03,Member Picks,C00260,email,Popular picks selected for you.,2025-06-05,false,false
SEND004303,CMP03,Member Picks,C00261,email,Popular picks selected for you.,2025-05-07,false,true
SEND004304,CMP05,Back to Routine,C00795,email,Get back into your everyday rhythm.,2025-09-13,false,false
SEND004305,CMP04,Summer Essentials,C00763,ads,Simple essentials for warmer days.,2025-06-01,false,false
SEND004306,CMP01,New Year Reset,C00933,email,Start fresh with practical favorites.,2025-02-19,false,false
SEND004307,CMP04,Summer Essentials,C00588,ads,Simple essentials for warmer days.,2025-08-24,false,false
SEND004308,CMP07,Early Holiday,C00463,email,A head start on thoughtful gifting.,2025-11-26,true,false
SEND004309,CMP01,New Year Reset,C00491,email,Start fresh with practical favorites.,2025-02-07,false,false
SEND004310,CMP05,Back to Routine,C00299,email,Get back into your everyday rhythm.,2025-09-10,false,false
SEND004311,CMP06,Autumn Edit,C00009,ads,Discover this season's useful upgrades.,2025-09-14,false,false
SEND004312,CMP02,Spring Refresh,C00646,ads,Refresh your routine for spring.,2025-04-29,false,false
SEND004313,CMP08,Holiday Highlights,C00835,ads,Explore customer favorites this holiday.,2025-12-12,false,false
SEND004314,CMP05,Back to Routine,C00822,email,Get back into your everyday rhythm.,2025-08-17,true,false
SEND004315,CMP05,Back to Routine,C00968,email,Get back into your everyday rhythm.,2025-09-07,false,false
SEND004316,CMP03,Member Picks,C00586,email,Popular picks selected for you.,2025-05-07,false,false
SEND004317,CMP08,Holiday Highlights,C00355,ads,Explore customer favorites this holiday.,2025-11-25,false,false
SEND004318,CMP02,Spring Refresh,C00390,ads,Refresh your routine for spring.,2025-04-05,false,false
SEND004319,CMP05,Back to Routine,C00065,email,Get back into your everyday rhythm.,2025-08-07,false,false
SEND004320,CMP02,Spring Refresh,C00989,ads,Refresh your routine for spring.,2025-03-02,false,false
SEND004321,CMP05,Back to Routine,C00183,email,Get back into your everyday rhythm.,2025-08-28,false,false
SEND004322,CMP08,Holiday Highlights,C00930,ads,Explore customer favorites this holiday.,2025-12-05,false,false
SEND004323,CMP07,Early Holiday,C00393,email,A head start on thoughtful gifting.,2025-11-13,false,true
SEND004324,CMP03,Member Picks,C00944,email,Popular picks selected for you.,2025-06-25,false,false
SEND004325,CMP07,Early Holiday,C00576,email,A head start on thoughtful gifting.,2025-11-03,false,false
SEND004326,CMP05,Back to Routine,C00879,email,Get back into your everyday rhythm.,2025-09-27,false,false
SEND004327,CMP07,Early Holiday,C00613,email,A head start on thoughtful gifting.,2025-11-17,false,false
SEND004328,CMP01,New Year Reset,C00809,email,Start fresh with practical favorites.,2025-02-02,false,false
SEND004329,CMP01,New Year Reset,C00429,email,Start fresh with practical favorites.,2025-01-11,false,false
SEND004330,CMP04,Summer Essentials,C00726,ads,Simple essentials for warmer days.,2025-06-20,false,false
SEND004331,CMP08,Holiday Highlights,C00716,ads,Explore customer favorites this holiday.,2025-12-30,false,false
SEND004332,CMP03,Member Picks,C00437,email,Popular picks selected for you.,2025-05-23,false,false
SEND004333,CMP02,Spring Refresh,C00457,ads,Refresh your routine for spring.,2025-04-02,true,false
SEND004334,CMP08,Holiday Highlights,C00453,ads,Explore customer favorites this holiday.,2025-12-24,false,false
SEND004335,CMP01,New Year Reset,C00204,email,Start fresh with practical favorites.,2025-02-08,true,false
SEND004336,CMP07,Early Holiday,C00770,email,A head start on thoughtful gifting.,2025-11-29,true,true
SEND004337,CMP04,Summer Essentials,C00169,ads,Simple essentials for warmer days.,2025-08-27,false,false
SEND004338,CMP03,Member Picks,C00038,email,Popular picks selected for you.,2025-05-28,false,false
SEND004339,CMP06,Autumn Edit,C00231,ads,Discover this season's useful upgrades.,2025-10-13,false,false
SEND004340,CMP04,Summer Essentials,C00650,ads,Simple essentials for warmer days.,2025-07-18,true,false
SEND004341,CMP06,Autumn Edit,C00814,ads,Discover this season's useful upgrades.,2025-10-20,false,false
SEND004342,CMP06,Autumn Edit,C00780,ads,Discover this season's useful upgrades.,2025-10-11,false,false
SEND004343,CMP06,Autumn Edit,C00479,ads,Discover this season's useful upgrades.,2025-09-28,false,false
SEND004344,CMP02,Spring Refresh,C00530,ads,Refresh your routine for spring.,2025-03-20,false,false
SEND004345,CMP05,Back to Routine,C00134,email,Get back into your everyday rhythm.,2025-09-22,false,false
SEND004346,CMP08,Holiday Highlights,C00208,ads,Explore customer favorites this holiday.,2025-11-14,false,false
SEND004347,CMP02,Spring Refresh,C00054,ads,Refresh your routine for spring.,2025-04-08,false,false
SEND004348,CMP03,Member Picks,C00787,email,Popular picks selected for you.,2025-05-02,false,false
SEND004349,CMP02,Spring Refresh,C00596,ads,Refresh your routine for spring.,2025-04-06,true,false
SEND004350,CMP05,Back to Routine,C00439,email,Get back into your everyday rhythm.,2025-09-15,false,false
SEND004351,CMP02,Spring Refresh,C00444,ads,Refresh your routine for spring.,2025-04-21,false,false
SEND004352,CMP08,Holiday Highlights,C00523,ads,Explore customer favorites this holiday.,2025-11-02,false,false
SEND004353,CMP06,Autumn Edit,C00437,ads,Discover this season's useful upgrades.,2025-09-10,true,true
SEND004354,CMP06,Autumn Edit,C00156,ads,Discover this season's useful upgrades.,2025-09-26,false,false
SEND004355,CMP03,Member Picks,C00859,email,Popular picks selected for you.,2025-06-16,true,false
SEND004356,CMP07,Early Holiday,C00376,email,A head start on thoughtful gifting.,2025-11-29,false,true
SEND004357,CMP08,Holiday Highlights,C00195,ads,Explore customer favorites this holiday.,2025-11-04,true,false
SEND004358,CMP06,Autumn Edit,C00999,ads,Discover this season's useful upgrades.,2025-10-16,false,false
SEND004359,CMP03,Member Picks,C00520,email,Popular picks selected for you.,2025-05-22,false,false
SEND004360,CMP02,Spring Refresh,C00096,ads,Refresh your routine for spring.,2025-03-31,true,false
SEND004361,CMP06,Autumn Edit,C00570,ads,Discover this season's useful upgrades.,2025-10-25,false,false
SEND004362,CMP08,Holiday Highlights,C00736,ads,Explore customer favorites this holiday.,2025-12-24,true,false
SEND004363,CMP02,Spring Refresh,C00939,ads,Refresh your routine for spring.,2025-03-24,false,false
SEND004364,CMP04,Summer Essentials,C00143,ads,Simple essentials for warmer days.,2025-08-17,false,false
SEND004365,CMP06,Autumn Edit,C00070,ads,Discover this season's useful upgrades.,2025-10-01,false,false
SEND004366,CMP02,Spring Refresh,C00780,ads,Refresh your routine for spring.,2025-03-01,false,false
SEND004367,CMP02,Spring Refresh,C00804,ads,Refresh your routine for spring.,2025-04-20,false,false
SEND004368,CMP06,Autumn Edit,C00444,ads,Discover this season's useful upgrades.,2025-10-22,false,false
SEND004369,CMP07,Early Holiday,C00005,email,A head start on thoughtful gifting.,2025-11-29,false,false
SEND004370,CMP01,New Year Reset,C00085,email,Start fresh with practical favorites.,2025-01-10,false,false
SEND004371,CMP04,Summer Essentials,C00816,ads,Simple essentials for warmer days.,2025-07-28,false,false
SEND004372,CMP05,Back to Routine,C00889,email,Get back into your everyday rhythm.,2025-08-31,false,false
SEND004373,CMP06,Autumn Edit,C00766,ads,Discover this season's useful upgrades.,2025-10-27,false,false
SEND004374,CMP03,Member Picks,C00640,email,Popular picks selected for you.,2025-05-26,false,false
SEND004375,CMP04,Summer Essentials,C00097,ads,Simple essentials for warmer days.,2025-07-08,false,false
SEND004376,CMP04,Summer Essentials,C00448,ads,Simple essentials for warmer days.,2025-06-04,false,false
SEND004377,CMP02,Spring Refresh,C00515,ads,Refresh your routine for spring.,2025-03-06,false,false
SEND004378,CMP06,Autumn Edit,C00557,ads,Discover this season's useful upgrades.,2025-09-13,true,false
SEND004379,CMP07,Early Holiday,C00192,email,A head start on thoughtful gifting.,2025-11-08,false,false
SEND004380,CMP03,Member Picks,C00536,email,Popular picks selected for you.,2025-05-20,false,false
SEND004381,CMP02,Spring Refresh,C00547,ads,Refresh your routine for spring.,2025-04-16,false,false
SEND004382,CMP03,Member Picks,C00781,email,Popular picks selected for you.,2025-06-05,false,false
SEND004383,CMP08,Holiday Highlights,C00717,ads,Explore customer favorites this holiday.,2025-11-21,false,false
SEND004384,CMP06,Autumn Edit,C00382,ads,Discover this season's useful upgrades.,2025-09-19,true,false
SEND004385,CMP06,Autumn Edit,C00498,ads,Discover this season's useful upgrades.,2025-09-23,false,false
SEND004386,CMP01,New Year Reset,C00855,email,Start fresh with practical favorites.,2025-02-21,false,false
SEND004387,CMP02,Spring Refresh,C00598,ads,Refresh your routine for spring.,2025-03-18,true,true
SEND004388,CMP08,Holiday Highlights,C00838,ads,Explore customer favorites this holiday.,2025-12-03,false,false
SEND004389,CMP01,New Year Reset,C00392,email,Start fresh with practical favorites.,2025-01-01,false,false
SEND004390,CMP08,Holiday Highlights,C00351,ads,Explore customer favorites this holiday.,2025-12-09,false,false
SEND004391,CMP04,Summer Essentials,C00466,ads,Simple essentials for warmer days.,2025-06-22,false,false
SEND004392,CMP08,Holiday Highlights,C00206,ads,Explore customer favorites this holiday.,2025-11-10,false,false
SEND004393,CMP03,Member Picks,C00124,email,Popular picks selected for you.,2025-06-28,false,false
SEND004394,CMP04,Summer Essentials,C00665,ads,Simple essentials for warmer days.,2025-07-24,false,false
SEND004395,CMP03,Member Picks,C00796,email,Popular picks selected for you.,2025-05-23,false,false
SEND004396,CMP01,New Year Reset,C00958,email,Start fresh with practical favorites.,2025-01-09,false,false
SEND004397,CMP08,Holiday Highlights,C00242,ads,Explore customer favorites this holiday.,2025-11-02,false,false
SEND004398,CMP08,Holiday Highlights,C00883,ads,Explore customer favorites this holiday.,2025-11-18,false,false
SEND004399,CMP04,Summer Essentials,C00439,ads,Simple essentials for warmer days.,2025-08-02,false,true
SEND004400,CMP04,Summer Essentials,C00738,ads,Simple essentials for warmer days.,2025-06-15,true,false
SEND004401,CMP05,Back to Routine,C00624,email,Get back into your everyday rhythm.,2025-08-02,false,false
SEND004402,CMP06,Autumn Edit,C00106,ads,Discover this season's useful upgrades.,2025-10-08,true,false
SEND004403,CMP07,Early Holiday,C00339,email,A head start on thoughtful gifting.,2025-11-21,false,false
SEND004404,CMP01,New Year Reset,C00078,email,Start fresh with practical favorites.,2025-02-12,true,true
SEND004405,CMP02,Spring Refresh,C00826,ads,Refresh your routine for spring.,2025-04-29,false,false
SEND004406,CMP08,Holiday Highlights,C00099,ads,Explore customer favorites this holiday.,2025-12-01,false,false
SEND004407,CMP08,Holiday Highlights,C00319,ads,Explore customer favorites this holiday.,2025-12-07,false,false
SEND004408,CMP06,Autumn Edit,C00121,ads,Discover this season's useful upgrades.,2025-10-18,false,false
SEND004409,CMP04,Summer Essentials,C00307,ads,Simple essentials for warmer days.,2025-07-02,false,false
SEND004410,CMP08,Holiday Highlights,C00396,ads,Explore customer favorites this holiday.,2025-11-01,false,false
SEND004411,CMP07,Early Holiday,C00566,email,A head start on thoughtful gifting.,2025-11-18,false,false
SEND004412,CMP08,Holiday Highlights,C00949,ads,Explore customer favorites this holiday.,2025-12-17,false,false
SEND004413,CMP08,Holiday Highlights,C00560,ads,Explore customer favorites this holiday.,2025-12-23,false,false
SEND004414,CMP06,Autumn Edit,C00350,ads,Discover this season's useful upgrades.,2025-10-24,false,false
SEND004415,CMP05,Back to Routine,C00325,email,Get back into your everyday rhythm.,2025-08-07,false,false
SEND004416,CMP04,Summer Essentials,C00635,ads,Simple essentials for warmer days.,2025-06-21,false,true
SEND004417,CMP07,Early Holiday,C00667,email,A head start on thoughtful gifting.,2025-11-16,false,false
SEND004418,CMP05,Back to Routine,C00607,email,Get back into your everyday rhythm.,2025-09-15,false,false
SEND004419,CMP03,Member Picks,C00684,email,Popular picks selected for you.,2025-06-08,false,true
SEND004420,CMP05,Back to Routine,C00447,email,Get back into your everyday rhythm.,2025-09-18,false,false
SEND004421,CMP01,New Year Reset,C00573,email,Start fresh with practical favorites.,2025-01-15,true,true
SEND004422,CMP06,Autumn Edit,C00442,ads,Discover this season's useful upgrades.,2025-10-12,true,false
SEND004423,CMP03,Member Picks,C00596,email,Popular picks selected for you.,2025-05-23,false,false
SEND004424,CMP03,Member Picks,C00110,email,Popular picks selected for you.,2025-05-15,false,false
SEND004425,CMP01,New Year Reset,C00436,email,Start fresh with practical favorites.,2025-01-03,true,false
SEND004426,CMP04,Summer Essentials,C00940,ads,Simple essentials for warmer days.,2025-06-03,false,false
SEND004427,CMP01,New Year Reset,C00674,email,Start fresh with practical favorites.,2025-02-22,false,false
SEND004428,CMP07,Early Holiday,C00204,email,A head start on thoughtful gifting.,2025-11-12,false,false
SEND004429,CMP05,Back to Routine,C00454,email,Get back into your everyday rhythm.,2025-08-22,false,false
SEND004430,CMP02,Spring Refresh,C00036,ads,Refresh your routine for spring.,2025-03-05,false,false
SEND004431,CMP06,Autumn Edit,C00523,ads,Discover this season's useful upgrades.,2025-10-11,false,false
SEND004432,CMP06,Autumn Edit,C00966,ads,Discover this season's useful upgrades.,2025-09-02,false,false
SEND004433,CMP06,Autumn Edit,C00875,ads,Discover this season's useful upgrades.,2025-09-04,true,false
SEND004434,CMP06,Autumn Edit,C00797,ads,Discover this season's useful upgrades.,2025-09-04,false,true
SEND004435,CMP01,New Year Reset,C00580,email,Start fresh with practical favorites.,2025-02-07,false,false
SEND004436,CMP04,Summer Essentials,C00292,ads,Simple essentials for warmer days.,2025-08-03,false,true
SEND004437,CMP02,Spring Refresh,C00379,ads,Refresh your routine for spring.,2025-03-20,false,false
SEND004438,CMP08,Holiday Highlights,C00124,ads,Explore customer favorites this holiday.,2025-11-21,true,false
SEND004439,CMP05,Back to Routine,C00813,email,Get back into your everyday rhythm.,2025-09-04,false,false
SEND004440,CMP06,Autumn Edit,C00479,ads,Discover this season's useful upgrades.,2025-10-27,false,false
SEND004441,CMP01,New Year Reset,C00485,email,Start fresh with practical favorites.,2025-01-23,false,false
SEND004442,CMP05,Back to Routine,C00739,email,Get back into your everyday rhythm.,2025-08-31,false,false
SEND004443,CMP08,Holiday Highlights,C00072,ads,Explore customer favorites this holiday.,2025-12-06,false,false
SEND004444,CMP05,Back to Routine,C00953,email,Get back into your everyday rhythm.,2025-09-23,false,false
SEND004445,CMP06,Autumn Edit,C00963,ads,Discover this season's useful upgrades.,2025-10-03,true,false
SEND004446,CMP08,Holiday Highlights,C00087,ads,Explore customer favorites this holiday.,2025-11-02,false,false
SEND004447,CMP03,Member Picks,C00444,email,Popular picks selected for you.,2025-06-28,true,false
SEND004448,CMP01,New Year Reset,C00969,email,Start fresh with practical favorites.,2025-01-19,false,false
SEND004449,CMP06,Autumn Edit,C00944,ads,Discover this season's useful upgrades.,2025-09-15,false,false
SEND004450,CMP08,Holiday Highlights,C00638,ads,Explore customer favorites this holiday.,2025-12-05,false,false
SEND004451,CMP07,Early Holiday,C00575,email,A head start on thoughtful gifting.,2025-11-29,false,true
SEND004452,CMP06,Autumn Edit,C00534,ads,Discover this season's useful upgrades.,2025-09-16,false,false
SEND004453,CMP02,Spring Refresh,C00305,ads,Refresh your routine for spring.,2025-03-17,false,false
SEND004454,CMP03,Member Picks,C00421,email,Popular picks selected for you.,2025-05-26,false,false
SEND004455,CMP02,Spring Refresh,C00099,ads,Refresh your routine for spring.,2025-04-15,false,false
SEND004456,CMP05,Back to Routine,C00937,email,Get back into your everyday rhythm.,2025-09-30,false,false
SEND004457,CMP03,Member Picks,C00865,email,Popular picks selected for you.,2025-05-30,false,false
SEND004458,CMP07,Early Holiday,C00547,email,A head start on thoughtful gifting.,2025-11-04,false,false
SEND004459,CMP04,Summer Essentials,C00120,ads,Simple essentials for warmer days.,2025-08-26,false,false
SEND004460,CMP08,Holiday Highlights,C00483,ads,Explore customer favorites this holiday.,2025-12-13,false,false
SEND004461,CMP01,New Year Reset,C00248,email,Start fresh with practical favorites.,2025-02-06,false,false
SEND004462,CMP05,Back to Routine,C00328,email,Get back into your everyday rhythm.,2025-08-04,true,false
SEND004463,CMP03,Member Picks,C00967,email,Popular picks selected for you.,2025-06-10,false,false
SEND004464,CMP07,Early Holiday,C00394,email,A head start on thoughtful gifting.,2025-11-01,false,false
SEND004465,CMP03,Member Picks,C00027,email,Popular picks selected for you.,2025-06-22,false,false
SEND004466,CMP08,Holiday Highlights,C00787,ads,Explore customer favorites this holiday.,2025-11-13,false,false
SEND004467,CMP02,Spring Refresh,C00270,ads,Refresh your routine for spring.,2025-04-07,false,false
SEND004468,CMP02,Spring Refresh,C00696,ads,Refresh your routine for spring.,2025-04-01,false,false
SEND004469,CMP04,Summer Essentials,C00451,ads,Simple essentials for warmer days.,2025-06-05,true,false
SEND004470,CMP01,New Year Reset,C00200,email,Start fresh with practical favorites.,2025-01-08,false,false
SEND004471,CMP05,Back to Routine,C00438,email,Get back into your everyday rhythm.,2025-08-29,false,false
SEND004472,CMP04,Summer Essentials,C00175,ads,Simple essentials for warmer days.,2025-06-11,false,false
SEND004473,CMP05,Back to Routine,C00301,email,Get back into your everyday rhythm.,2025-09-23,false,false
SEND004474,CMP08,Holiday Highlights,C00224,ads,Explore customer favorites this holiday.,2025-11-07,false,true
SEND004475,CMP04,Summer Essentials,C00263,ads,Simple essentials for warmer days.,2025-08-05,false,false
SEND004476,CMP03,Member Picks,C00036,email,Popular picks selected for you.,2025-06-15,false,false
SEND004477,CMP03,Member Picks,C00415,email,Popular picks selected for you.,2025-05-04,false,false
SEND004478,CMP06,Autumn Edit,C00587,ads,Discover this season's useful upgrades.,2025-10-16,false,false
SEND004479,CMP07,Early Holiday,C00518,email,A head start on thoughtful gifting.,2025-11-29,false,true
SEND004480,CMP07,Early Holiday,C00028,email,A head start on thoughtful gifting.,2025-11-28,false,false
SEND004481,CMP05,Back to Routine,C00460,email,Get back into your everyday rhythm.,2025-09-07,false,false
SEND004482,CMP02,Spring Refresh,C00355,ads,Refresh your routine for spring.,2025-03-08,false,false
SEND004483,CMP04,Summer Essentials,C00506,ads,Simple essentials for warmer days.,2025-06-11,false,false
SEND004484,CMP04,Summer Essentials,C00061,ads,Simple essentials for warmer days.,2025-08-28,false,false
SEND004485,CMP02,Spring Refresh,C00370,ads,Refresh your routine for spring.,2025-04-03,false,false
SEND004486,CMP07,Early Holiday,C00855,email,A head start on thoughtful gifting.,2025-11-01,false,false
SEND004487,CMP06,Autumn Edit,C00364,ads,Discover this season's useful upgrades.,2025-10-15,false,false
SEND004488,CMP02,Spring Refresh,C00625,ads,Refresh your routine for spring.,2025-04-21,false,false
SEND004489,CMP05,Back to Routine,C00430,email,Get back into your everyday rhythm.,2025-09-30,false,false
SEND004490,CMP05,Back to Routine,C00280,email,Get back into your everyday rhythm.,2025-08-14,false,false
SEND004491,CMP06,Autumn Edit,C00872,ads,Discover this season's useful upgrades.,2025-10-08,true,false
SEND004492,CMP06,Autumn Edit,C00501,ads,Discover this season's useful upgrades.,2025-10-24,false,false
SEND004493,CMP04,Summer Essentials,C00002,ads,Simple essentials for warmer days.,2025-08-04,false,false
SEND004494,CMP08,Holiday Highlights,C00010,ads,Explore customer favorites this holiday.,2025-12-17,false,false
SEND004495,CMP08,Holiday Highlights,C00239,ads,Explore customer favorites this holiday.,2025-11-01,false,false
SEND004496,CMP08,Holiday Highlights,C00184,ads,Explore customer favorites this holiday.,2025-12-12,false,false
SEND004497,CMP04,Summer Essentials,C00977,ads,Simple essentials for warmer days.,2025-07-10,false,false
SEND004498,CMP04,Summer Essentials,C00099,ads,Simple essentials for warmer days.,2025-06-14,false,false
SEND004499,CMP04,Summer Essentials,C00373,ads,Simple essentials for warmer days.,2025-06-11,false,false
SEND004500,CMP03,Member Picks,C00968,email,Popular picks selected for you.,2025-06-19,true,true
SEND004501,CMP07,Early Holiday,C00010,email,A head start on thoughtful gifting.,2025-11-17,false,false
SEND004502,CMP07,Early Holiday,C00880,email,A head start on thoughtful gifting.,2025-11-12,true,false
SEND004503,CMP02,Spring Refresh,C00959,ads,Refresh your routine for spring.,2025-04-11,false,false
SEND004504,CMP07,Early Holiday,C00199,email,A head start on thoughtful gifting.,2025-11-10,false,false
SEND004505,CMP03,Member Picks,C00720,email,Popular picks selected for you.,2025-05-20,false,false
SEND004506,CMP02,Spring Refresh,C00309,ads,Refresh your routine for spring.,2025-03-21,false,false
SEND004507,CMP02,Spring Refresh,C00140,ads,Refresh your routine for spring.,2025-04-13,false,false
SEND004508,CMP04,Summer Essentials,C00086,ads,Simple essentials for warmer days.,2025-08-14,false,false
SEND004509,CMP01,New Year Reset,C00719,email,Start fresh with practical favorites.,2025-01-11,false,false
SEND004510,CMP03,Member Picks,C00743,email,Popular picks selected for you.,2025-05-12,false,false
SEND004511,CMP02,Spring Refresh,C00659,ads,Refresh your routine for spring.,2025-03-14,true,false
SEND004512,CMP07,Early Holiday,C00417,email,A head start on thoughtful gifting.,2025-11-17,false,false
SEND004513,CMP08,Holiday Highlights,C00145,ads,Explore customer favorites this holiday.,2025-12-06,false,false
SEND004514,CMP05,Back to Routine,C00174,email,Get back into your everyday rhythm.,2025-08-22,false,false
SEND004515,CMP06,Autumn Edit,C00880,ads,Discover this season's useful upgrades.,2025-09-18,false,false
SEND004516,CMP07,Early Holiday,C00468,email,A head start on thoughtful gifting.,2025-11-02,false,false
SEND004517,CMP08,Holiday Highlights,C00490,ads,Explore customer favorites this holiday.,2025-11-08,false,false
SEND004518,CMP05,Back to Routine,C00854,email,Get back into your everyday rhythm.,2025-08-18,false,false
SEND004519,CMP03,Member Picks,C00219,email,Popular picks selected for you.,2025-05-18,false,false
SEND004520,CMP06,Autumn Edit,C00674,ads,Discover this season's useful upgrades.,2025-09-21,false,false
SEND004521,CMP02,Spring Refresh,C00973,ads,Refresh your routine for spring.,2025-03-11,false,false
SEND004522,CMP01,New Year Reset,C00569,email,Start fresh with practical favorites.,2025-02-04,false,false
SEND004523,CMP08,Holiday Highlights,C00634,ads,Explore customer favorites this holiday.,2025-12-11,false,false
SEND004524,CMP04,Summer Essentials,C00963,ads,Simple essentials for warmer days.,2025-08-13,false,false
SEND004525,CMP06,Autumn Edit,C00053,ads,Discover this season's useful upgrades.,2025-10-03,false,false
SEND004526,CMP05,Back to Routine,C00733,email,Get back into your everyday rhythm.,2025-09-02,false,false
SEND004527,CMP02,Spring Refresh,C00790,ads,Refresh your routine for spring.,2025-03-05,false,false
SEND004528,CMP08,Holiday Highlights,C00411,ads,Explore customer favorites this holiday.,2025-11-03,false,false
SEND004529,CMP05,Back to Routine,C00553,email,Get back into your everyday rhythm.,2025-09-01,true,false
SEND004530,CMP01,New Year Reset,C00511,email,Start fresh with practical favorites.,2025-02-13,true,false
SEND004531,CMP07,Early Holiday,C00141,email,A head start on thoughtful gifting.,2025-11-03,false,false
SEND004532,CMP06,Autumn Edit,C00627,ads,Discover this season's useful upgrades.,2025-10-10,false,false
SEND004533,CMP01,New Year Reset,C00317,email,Start fresh with practical favorites.,2025-02-14,true,true
SEND004534,CMP04,Summer Essentials,C00607,ads,Simple essentials for warmer days.,2025-07-12,false,false
SEND004535,CMP08,Holiday Highlights,C00965,ads,Explore customer favorites this holiday.,2025-11-02,false,false
SEND004536,CMP08,Holiday Highlights,C00900,ads,Explore customer favorites this holiday.,2025-12-09,false,false
SEND004537,CMP02,Spring Refresh,C00609,ads,Refresh your routine for spring.,2025-04-28,false,false
SEND004538,CMP08,Holiday Highlights,C00083,ads,Explore customer favorites this holiday.,2025-11-18,false,false
SEND004539,CMP03,Member Picks,C00229,email,Popular picks selected for you.,2025-05-25,false,false
SEND004540,CMP04,Summer Essentials,C00983,ads,Simple essentials for warmer days.,2025-08-24,true,false
SEND004541,CMP07,Early Holiday,C00328,email,A head start on thoughtful gifting.,2025-11-16,false,false
SEND004542,CMP08,Holiday Highlights,C00839,ads,Explore customer favorites this holiday.,2025-11-12,false,false
SEND004543,CMP04,Summer Essentials,C00153,ads,Simple essentials for warmer days.,2025-08-22,false,false
SEND004544,CMP04,Summer Essentials,C00046,ads,Simple essentials for warmer days.,2025-06-24,false,false
SEND004545,CMP06,Autumn Edit,C00667,ads,Discover this season's useful upgrades.,2025-10-04,false,false
SEND004546,CMP04,Summer Essentials,C00468,ads,Simple essentials for warmer days.,2025-06-04,false,false
SEND004547,CMP02,Spring Refresh,C00749,ads,Refresh your routine for spring.,2025-04-15,false,false
SEND004548,CMP03,Member Picks,C00932,email,Popular picks selected for you.,2025-05-18,false,false
SEND004549,CMP08,Holiday Highlights,C00365,ads,Explore customer favorites this holiday.,2025-11-24,false,false
SEND004550,CMP04,Summer Essentials,C00780,ads,Simple essentials for warmer days.,2025-08-15,false,false
SEND004551,CMP03,Member Picks,C00842,email,Popular picks selected for you.,2025-06-09,false,false
SEND004552,CMP06,Autumn Edit,C00283,ads,Discover this season's useful upgrades.,2025-09-22,false,false
SEND004553,CMP03,Member Picks,C00314,email,Popular picks selected for you.,2025-06-20,false,false
SEND004554,CMP07,Early Holiday,C00151,email,A head start on thoughtful gifting.,2025-11-18,false,false
SEND004555,CMP04,Summer Essentials,C00546,ads,Simple essentials for warmer days.,2025-06-26,false,false
SEND004556,CMP04,Summer Essentials,C00648,ads,Simple essentials for warmer days.,2025-08-03,true,false
SEND004557,CMP02,Spring Refresh,C00923,ads,Refresh your routine for spring.,2025-03-07,false,false
SEND004558,CMP07,Early Holiday,C00881,email,A head start on thoughtful gifting.,2025-11-09,false,false
SEND004559,CMP06,Autumn Edit,C00933,ads,Discover this season's useful upgrades.,2025-10-24,false,false
SEND004560,CMP06,Autumn Edit,C00096,ads,Discover this season's useful upgrades.,2025-10-10,false,false
SEND004561,CMP04,Summer Essentials,C00925,ads,Simple essentials for warmer days.,2025-06-30,false,false
SEND004562,CMP01,New Year Reset,C00345,email,Start fresh with practical favorites.,2025-01-08,false,false
SEND004563,CMP04,Summer Essentials,C00057,ads,Simple essentials for warmer days.,2025-07-04,false,false
SEND004564,CMP01,New Year Reset,C00143,email,Start fresh with practical favorites.,2025-02-12,false,false
SEND004565,CMP04,Summer Essentials,C00467,ads,Simple essentials for warmer days.,2025-08-09,false,false
SEND004566,CMP07,Early Holiday,C00041,email,A head start on thoughtful gifting.,2025-11-18,false,false
SEND004567,CMP07,Early Holiday,C00659,email,A head start on thoughtful gifting.,2025-11-14,false,false
SEND004568,CMP05,Back to Routine,C00424,email,Get back into your everyday rhythm.,2025-09-04,false,false
SEND004569,CMP08,Holiday Highlights,C00626,ads,Explore customer favorites this holiday.,2025-11-21,false,false
SEND004570,CMP06,Autumn Edit,C00583,ads,Discover this season's useful upgrades.,2025-10-07,true,false
SEND004571,CMP05,Back to Routine,C00959,email,Get back into your everyday rhythm.,2025-09-07,false,true
SEND004572,CMP04,Summer Essentials,C00583,ads,Simple essentials for warmer days.,2025-06-19,false,false
SEND004573,CMP05,Back to Routine,C00622,email,Get back into your everyday rhythm.,2025-09-24,false,false
SEND004574,CMP02,Spring Refresh,C00057,ads,Refresh your routine for spring.,2025-04-24,false,false
SEND004575,CMP04,Summer Essentials,C00331,ads,Simple essentials for warmer days.,2025-06-26,false,false
SEND004576,CMP02,Spring Refresh,C00990,ads,Refresh your routine for spring.,2025-04-22,false,false
SEND004577,CMP02,Spring Refresh,C00783,ads,Refresh your routine for spring.,2025-03-05,false,false
SEND004578,CMP05,Back to Routine,C00794,email,Get back into your everyday rhythm.,2025-09-29,false,false
SEND004579,CMP06,Autumn Edit,C00426,ads,Discover this season's useful upgrades.,2025-10-30,false,false
SEND004580,CMP01,New Year Reset,C00054,email,Start fresh with practical favorites.,2025-01-01,true,false
SEND004581,CMP01,New Year Reset,C00761,email,Start fresh with practical favorites.,2025-02-22,false,false
SEND004582,CMP04,Summer Essentials,C00676,ads,Simple essentials for warmer days.,2025-08-12,false,false
SEND004583,CMP01,New Year Reset,C00121,email,Start fresh with practical favorites.,2025-01-24,false,false
SEND004584,CMP03,Member Picks,C00104,email,Popular picks selected for you.,2025-06-09,false,false
SEND004585,CMP03,Member Picks,C00515,email,Popular picks selected for you.,2025-05-16,false,false
SEND004586,CMP08,Holiday Highlights,C00680,ads,Explore customer favorites this holiday.,2025-11-10,false,false
SEND004587,CMP03,Member Picks,C00730,email,Popular picks selected for you.,2025-05-05,false,false
SEND004588,CMP06,Autumn Edit,C00991,ads,Discover this season's useful upgrades.,2025-10-19,false,false
SEND004589,CMP08,Holiday Highlights,C00614,ads,Explore customer favorites this holiday.,2025-12-22,false,false
SEND004590,CMP03,Member Picks,C00691,email,Popular picks selected for you.,2025-06-14,false,false
SEND004591,CMP07,Early Holiday,C00690,email,A head start on thoughtful gifting.,2025-11-28,false,false
SEND004592,CMP05,Back to Routine,C00052,email,Get back into your everyday rhythm.,2025-08-22,false,false
SEND004593,CMP05,Back to Routine,C00648,email,Get back into your everyday rhythm.,2025-08-09,false,false
SEND004594,CMP08,Holiday Highlights,C00169,ads,Explore customer favorites this holiday.,2025-11-06,false,false
SEND004595,CMP06,Autumn Edit,C00695,ads,Discover this season's useful upgrades.,2025-09-01,false,false
SEND004596,CMP08,Holiday Highlights,C00131,ads,Explore customer favorites this holiday.,2025-12-29,true,false
SEND004597,CMP05,Back to Routine,C00838,email,Get back into your everyday rhythm.,2025-09-02,false,false
SEND004598,CMP05,Back to Routine,C00682,email,Get back into your everyday rhythm.,2025-09-17,false,true
SEND004599,CMP07,Early Holiday,C00076,email,A head start on thoughtful gifting.,2025-11-03,false,false
SEND004600,CMP07,Early Holiday,C00729,email,A head start on thoughtful gifting.,2025-11-08,false,false
SEND004601,CMP06,Autumn Edit,C00861,ads,Discover this season's useful upgrades.,2025-10-01,false,false
SEND004602,CMP08,Holiday Highlights,C00122,ads,Explore customer favorites this holiday.,2025-12-23,false,false
SEND004603,CMP02,Spring Refresh,C00559,ads,Refresh your routine for spring.,2025-03-01,false,false
SEND004604,CMP04,Summer Essentials,C00178,ads,Simple essentials for warmer days.,2025-06-30,false,false
SEND004605,CMP07,Early Holiday,C00543,email,A head start on thoughtful gifting.,2025-11-05,false,false
SEND004606,CMP05,Back to Routine,C00845,email,Get back into your everyday rhythm.,2025-09-28,false,true
SEND004607,CMP05,Back to Routine,C00265,email,Get back into your everyday rhythm.,2025-09-30,false,false
SEND004608,CMP06,Autumn Edit,C00400,ads,Discover this season's useful upgrades.,2025-10-19,false,false
SEND004609,CMP03,Member Picks,C00648,email,Popular picks selected for you.,2025-05-23,false,false
SEND004610,CMP05,Back to Routine,C00029,email,Get back into your everyday rhythm.,2025-08-16,false,false
SEND004611,CMP01,New Year Reset,C00205,email,Start fresh with practical favorites.,2025-01-16,false,false
SEND004612,CMP01,New Year Reset,C00970,email,Start fresh with practical favorites.,2025-02-19,false,false
SEND004613,CMP08,Holiday Highlights,C00569,ads,Explore customer favorites this holiday.,2025-11-19,false,false
SEND004614,CMP07,Early Holiday,C00847,email,A head start on thoughtful gifting.,2025-11-22,false,false
SEND004615,CMP07,Early Holiday,C00504,email,A head start on thoughtful gifting.,2025-11-30,false,false
SEND004616,CMP07,Early Holiday,C00388,email,A head start on thoughtful gifting.,2025-11-10,false,false
SEND004617,CMP01,New Year Reset,C00694,email,Start fresh with practical favorites.,2025-01-12,false,false
SEND004618,CMP07,Early Holiday,C00305,email,A head start on thoughtful gifting.,2025-11-20,false,false
SEND004619,CMP05,Back to Routine,C00732,email,Get back into your everyday rhythm.,2025-09-21,false,false
SEND004620,CMP03,Member Picks,C00685,email,Popular picks selected for you.,2025-05-03,false,false
SEND004621,CMP03,Member Picks,C00371,email,Popular picks selected for you.,2025-06-16,false,false
SEND004622,CMP03,Member Picks,C00271,email,Popular picks selected for you.,2025-06-26,false,false
SEND004623,CMP06,Autumn Edit,C00978,ads,Discover this season's useful upgrades.,2025-09-11,false,false
SEND004624,CMP08,Holiday Highlights,C00870,ads,Explore customer favorites this holiday.,2025-11-09,false,false
SEND004625,CMP01,New Year Reset,C00045,email,Start fresh with practical favorites.,2025-01-10,true,false
SEND004626,CMP08,Holiday Highlights,C00050,ads,Explore customer favorites this holiday.,2025-11-30,true,true
SEND004627,CMP02,Spring Refresh,C00934,ads,Refresh your routine for spring.,2025-04-23,false,false
SEND004628,CMP06,Autumn Edit,C00064,ads,Discover this season's useful upgrades.,2025-09-24,false,false
SEND004629,CMP02,Spring Refresh,C00126,ads,Refresh your routine for spring.,2025-03-04,true,false
SEND004630,CMP01,New Year Reset,C00764,email,Start fresh with practical favorites.,2025-01-28,false,false
SEND004631,CMP03,Member Picks,C00444,email,Popular picks selected for you.,2025-06-10,false,false
SEND004632,CMP07,Early Holiday,C00794,email,A head start on thoughtful gifting.,2025-11-11,false,false
SEND004633,CMP05,Back to Routine,C00891,email,Get back into your everyday rhythm.,2025-09-28,false,false
SEND004634,CMP02,Spring Refresh,C00666,ads,Refresh your routine for spring.,2025-04-20,false,false
SEND004635,CMP08,Holiday Highlights,C00965,ads,Explore customer favorites this holiday.,2025-12-22,true,false
SEND004636,CMP06,Autumn Edit,C00935,ads,Discover this season's useful upgrades.,2025-09-04,false,false
SEND004637,CMP04,Summer Essentials,C00409,ads,Simple essentials for warmer days.,2025-08-25,false,false
SEND004638,CMP05,Back to Routine,C00332,email,Get back into your everyday rhythm.,2025-09-30,false,false
SEND004639,CMP07,Early Holiday,C00048,email,A head start on thoughtful gifting.,2025-11-05,false,false
SEND004640,CMP01,New Year Reset,C00823,email,Start fresh with practical favorites.,2025-02-10,false,false
SEND004641,CMP01,New Year Reset,C00430,email,Start fresh with practical favorites.,2025-01-16,false,false
SEND004642,CMP01,New Year Reset,C00460,email,Start fresh with practical favorites.,2025-01-18,false,false
SEND004643,CMP04,Summer Essentials,C00606,ads,Simple essentials for warmer days.,2025-06-09,false,false
SEND004644,CMP02,Spring Refresh,C00275,ads,Refresh your routine for spring.,2025-04-11,true,false
SEND004645,CMP08,Holiday Highlights,C00573,ads,Explore customer favorites this holiday.,2025-12-10,false,false
SEND004646,CMP06,Autumn Edit,C00968,ads,Discover this season's useful upgrades.,2025-09-22,false,false
SEND004647,CMP05,Back to Routine,C00635,email,Get back into your everyday rhythm.,2025-09-16,false,false
SEND004648,CMP01,New Year Reset,C00976,email,Start fresh with practical favorites.,2025-01-28,false,true
SEND004649,CMP02,Spring Refresh,C00661,ads,Refresh your routine for spring.,2025-04-15,false,false
SEND004650,CMP02,Spring Refresh,C00224,ads,Refresh your routine for spring.,2025-03-16,false,false
SEND004651,CMP03,Member Picks,C00331,email,Popular picks selected for you.,2025-06-04,false,false
SEND004652,CMP05,Back to Routine,C00396,email,Get back into your everyday rhythm.,2025-08-18,false,false
SEND004653,CMP05,Back to Routine,C00600,email,Get back into your everyday rhythm.,2025-08-27,false,false
SEND004654,CMP02,Spring Refresh,C00420,ads,Refresh your routine for spring.,2025-03-21,false,false
SEND004655,CMP01,New Year Reset,C00668,email,Start fresh with practical favorites.,2025-02-10,false,false
SEND004656,CMP01,New Year Reset,C00670,email,Start fresh with practical favorites.,2025-01-28,false,false
SEND004657,CMP06,Autumn Edit,C00143,ads,Discover this season's useful upgrades.,2025-09-29,false,false
SEND004658,CMP03,Member Picks,C00740,email,Popular picks selected for you.,2025-06-30,false,false
SEND004659,CMP05,Back to Routine,C00069,email,Get back into your everyday rhythm.,2025-08-31,false,false
SEND004660,CMP01,New Year Reset,C00338,email,Start fresh with practical favorites.,2025-02-20,false,false
SEND004661,CMP08,Holiday Highlights,C00116,ads,Explore customer favorites this holiday.,2025-12-10,false,false
SEND004662,CMP08,Holiday Highlights,C00661,ads,Explore customer favorites this holiday.,2025-11-01,false,true
SEND004663,CMP06,Autumn Edit,C00414,ads,Discover this season's useful upgrades.,2025-09-26,false,false
SEND004664,CMP06,Autumn Edit,C00596,ads,Discover this season's useful upgrades.,2025-09-05,false,false
SEND004665,CMP01,New Year Reset,C00139,email,Start fresh with practical favorites.,2025-01-12,false,false
SEND004666,CMP03,Member Picks,C00184,email,Popular picks selected for you.,2025-06-22,false,false
SEND004667,CMP08,Holiday Highlights,C00601,ads,Explore customer favorites this holiday.,2025-12-04,true,false
SEND004668,CMP05,Back to Routine,C00622,email,Get back into your everyday rhythm.,2025-09-27,true,false
SEND004669,CMP06,Autumn Edit,C00238,ads,Discover this season's useful upgrades.,2025-10-14,true,false
SEND004670,CMP08,Holiday Highlights,C00138,ads,Explore customer favorites this holiday.,2025-12-23,true,true
SEND004671,CMP02,Spring Refresh,C00138,ads,Refresh your routine for spring.,2025-03-12,false,false
SEND004672,CMP05,Back to Routine,C00747,email,Get back into your everyday rhythm.,2025-08-05,false,false
SEND004673,CMP03,Member Picks,C00949,email,Popular picks selected for you.,2025-05-25,false,false
SEND004674,CMP05,Back to Routine,C00705,email,Get back into your everyday rhythm.,2025-09-07,true,false
SEND004675,CMP06,Autumn Edit,C00164,ads,Discover this season's useful upgrades.,2025-10-31,false,false
SEND004676,CMP06,Autumn Edit,C00558,ads,Discover this season's useful upgrades.,2025-09-11,false,false
SEND004677,CMP03,Member Picks,C00319,email,Popular picks selected for you.,2025-06-24,true,false
SEND004678,CMP08,Holiday Highlights,C00838,ads,Explore customer favorites this holiday.,2025-12-11,false,false
SEND004679,CMP04,Summer Essentials,C00642,ads,Simple essentials for warmer days.,2025-06-11,false,false
SEND004680,CMP06,Autumn Edit,C00037,ads,Discover this season's useful upgrades.,2025-10-23,false,false
SEND004681,CMP03,Member Picks,C00726,email,Popular picks selected for you.,2025-06-27,false,false
SEND004682,CMP04,Summer Essentials,C00854,ads,Simple essentials for warmer days.,2025-08-08,false,false
SEND004683,CMP08,Holiday Highlights,C00004,ads,Explore customer favorites this holiday.,2025-11-19,true,false
SEND004684,CMP05,Back to Routine,C00425,email,Get back into your everyday rhythm.,2025-08-12,true,false
SEND004685,CMP02,Spring Refresh,C00854,ads,Refresh your routine for spring.,2025-04-04,false,false
SEND004686,CMP04,Summer Essentials,C00856,ads,Simple essentials for warmer days.,2025-06-19,false,false
SEND004687,CMP03,Member Picks,C00387,email,Popular picks selected for you.,2025-06-23,true,false
SEND004688,CMP08,Holiday Highlights,C00036,ads,Explore customer favorites this holiday.,2025-11-16,false,false
SEND004689,CMP06,Autumn Edit,C00905,ads,Discover this season's useful upgrades.,2025-10-11,false,false
SEND004690,CMP01,New Year Reset,C00516,email,Start fresh with practical favorites.,2025-01-28,false,false
SEND004691,CMP06,Autumn Edit,C00436,ads,Discover this season's useful upgrades.,2025-10-27,false,true
SEND004692,CMP03,Member Picks,C00818,email,Popular picks selected for you.,2025-05-28,false,false
SEND004693,CMP08,Holiday Highlights,C00821,ads,Explore customer favorites this holiday.,2025-11-29,false,false
SEND004694,CMP04,Summer Essentials,C00266,ads,Simple essentials for warmer days.,2025-08-26,false,false
SEND004695,CMP07,Early Holiday,C00076,email,A head start on thoughtful gifting.,2025-11-19,false,false
SEND004696,CMP02,Spring Refresh,C00668,ads,Refresh your routine for spring.,2025-04-02,false,false
SEND004697,CMP05,Back to Routine,C00026,email,Get back into your everyday rhythm.,2025-09-13,false,false
SEND004698,CMP08,Holiday Highlights,C00423,ads,Explore customer favorites this holiday.,2025-11-26,false,false
SEND004699,CMP06,Autumn Edit,C00549,ads,Discover this season's useful upgrades.,2025-09-30,true,false
SEND004700,CMP01,New Year Reset,C00161,email,Start fresh with practical favorites.,2025-02-23,false,false
SEND004701,CMP06,Autumn Edit,C00412,ads,Discover this season's useful upgrades.,2025-09-23,false,false
SEND004702,CMP06,Autumn Edit,C00976,ads,Discover this season's useful upgrades.,2025-10-01,true,false
SEND004703,CMP07,Early Holiday,C00560,email,A head start on thoughtful gifting.,2025-11-26,false,false
SEND004704,CMP04,Summer Essentials,C00932,ads,Simple essentials for warmer days.,2025-08-23,false,false
SEND004705,CMP01,New Year Reset,C00818,email,Start fresh with practical favorites.,2025-01-26,false,false
SEND004706,CMP02,Spring Refresh,C00791,ads,Refresh your routine for spring.,2025-04-14,false,false
SEND004707,CMP02,Spring Refresh,C00995,ads,Refresh your routine for spring.,2025-03-12,false,false
SEND004708,CMP07,Early Holiday,C00280,email,A head start on thoughtful gifting.,2025-11-04,true,false
SEND004709,CMP01,New Year Reset,C00931,email,Start fresh with practical favorites.,2025-01-30,false,false
SEND004710,CMP01,New Year Reset,C00171,email,Start fresh with practical favorites.,2025-02-13,false,false
SEND004711,CMP06,Autumn Edit,C00488,ads,Discover this season's useful upgrades.,2025-10-09,false,false
SEND004712,CMP06,Autumn Edit,C00256,ads,Discover this season's useful upgrades.,2025-10-17,false,false
SEND004713,CMP03,Member Picks,C00394,email,Popular picks selected for you.,2025-06-22,false,true
SEND004714,CMP08,Holiday Highlights,C00889,ads,Explore customer favorites this holiday.,2025-11-15,false,false
SEND004715,CMP08,Holiday Highlights,C00353,ads,Explore customer favorites this holiday.,2025-12-30,true,true
SEND004716,CMP01,New Year Reset,C00552,email,Start fresh with practical favorites.,2025-02-16,false,false
SEND004717,CMP07,Early Holiday,C00790,email,A head start on thoughtful gifting.,2025-11-17,true,false
SEND004718,CMP05,Back to Routine,C00407,email,Get back into your everyday rhythm.,2025-09-27,false,false
SEND004719,CMP02,Spring Refresh,C00228,ads,Refresh your routine for spring.,2025-03-04,false,false
SEND004720,CMP08,Holiday Highlights,C00978,ads,Explore customer favorites this holiday.,2025-11-20,false,false
SEND004721,CMP02,Spring Refresh,C00280,ads,Refresh your routine for spring.,2025-03-12,false,false
SEND004722,CMP04,Summer Essentials,C00354,ads,Simple essentials for warmer days.,2025-08-17,false,false
SEND004723,CMP06,Autumn Edit,C00068,ads,Discover this season's useful upgrades.,2025-10-06,false,false
SEND004724,CMP03,Member Picks,C00290,email,Popular picks selected for you.,2025-05-29,false,false
SEND004725,CMP04,Summer Essentials,C00893,ads,Simple essentials for warmer days.,2025-06-20,false,true
SEND004726,CMP02,Spring Refresh,C00534,ads,Refresh your routine for spring.,2025-03-09,false,false
SEND004727,CMP02,Spring Refresh,C00451,ads,Refresh your routine for spring.,2025-04-17,false,false
SEND004728,CMP04,Summer Essentials,C00908,ads,Simple essentials for warmer days.,2025-08-13,false,false
SEND004729,CMP01,New Year Reset,C00058,email,Start fresh with practical favorites.,2025-02-26,true,false
SEND004730,CMP05,Back to Routine,C00745,email,Get back into your everyday rhythm.,2025-09-09,true,false
SEND004731,CMP05,Back to Routine,C00144,email,Get back into your everyday rhythm.,2025-09-06,false,false
SEND004732,CMP08,Holiday Highlights,C00908,ads,Explore customer favorites this holiday.,2025-11-02,false,false
SEND004733,CMP07,Early Holiday,C00771,email,A head start on thoughtful gifting.,2025-11-19,false,false
SEND004734,CMP08,Holiday Highlights,C00571,ads,Explore customer favorites this holiday.,2025-11-30,false,false
SEND004735,CMP08,Holiday Highlights,C00399,ads,Explore customer favorites this holiday.,2025-12-09,true,true
SEND004736,CMP08,Holiday Highlights,C00958,ads,Explore customer favorites this holiday.,2025-12-24,true,false
SEND004737,CMP08,Holiday Highlights,C00140,ads,Explore customer favorites this holiday.,2025-12-09,false,false
SEND004738,CMP05,Back to Routine,C00667,email,Get back into your everyday rhythm.,2025-09-30,false,false
SEND004739,CMP06,Autumn Edit,C00309,ads,Discover this season's useful upgrades.,2025-10-13,false,false
SEND004740,CMP08,Holiday Highlights,C00873,ads,Explore customer favorites this holiday.,2025-11-13,true,false
SEND004741,CMP03,Member Picks,C00627,email,Popular picks selected for you.,2025-05-21,false,false
SEND004742,CMP05,Back to Routine,C00939,email,Get back into your everyday rhythm.,2025-08-20,true,false
SEND004743,CMP06,Autumn Edit,C00895,ads,Discover this season's useful upgrades.,2025-10-30,false,false
SEND004744,CMP03,Member Picks,C00242,email,Popular picks selected for you.,2025-06-09,false,true
SEND004745,CMP05,Back to Routine,C00530,email,Get back into your everyday rhythm.,2025-08-25,false,true
SEND004746,CMP05,Back to Routine,C00137,email,Get back into your everyday rhythm.,2025-09-22,false,false
SEND004747,CMP08,Holiday Highlights,C00112,ads,Explore customer favorites this holiday.,2025-12-10,false,false
SEND004748,CMP01,New Year Reset,C00620,email,Start fresh with practical favorites.,2025-02-04,false,false
SEND004749,CMP08,Holiday Highlights,C00164,ads,Explore customer favorites this holiday.,2025-11-29,true,false
SEND004750,CMP01,New Year Reset,C00330,email,Start fresh with practical favorites.,2025-01-30,false,false
SEND004751,CMP04,Summer Essentials,C00872,ads,Simple essentials for warmer days.,2025-06-24,true,false
SEND004752,CMP03,Member Picks,C00256,email,Popular picks selected for you.,2025-06-23,false,false
SEND004753,CMP08,Holiday Highlights,C00658,ads,Explore customer favorites this holiday.,2025-12-07,false,false
SEND004754,CMP01,New Year Reset,C00218,email,Start fresh with practical favorites.,2025-01-31,false,false
SEND004755,CMP07,Early Holiday,C00614,email,A head start on thoughtful gifting.,2025-11-15,false,false
SEND004756,CMP08,Holiday Highlights,C00806,ads,Explore customer favorites this holiday.,2025-12-04,false,false
SEND004757,CMP02,Spring Refresh,C00278,ads,Refresh your routine for spring.,2025-03-28,false,false
SEND004758,CMP01,New Year Reset,C00505,email,Start fresh with practical favorites.,2025-01-04,false,false
SEND004759,CMP03,Member Picks,C00830,email,Popular picks selected for you.,2025-05-29,false,false
SEND004760,CMP08,Holiday Highlights,C00127,ads,Explore customer favorites this holiday.,2025-12-27,true,false
SEND004761,CMP04,Summer Essentials,C00470,ads,Simple essentials for warmer days.,2025-06-14,false,false
SEND004762,CMP03,Member Picks,C00636,email,Popular picks selected for you.,2025-06-05,false,false
SEND004763,CMP08,Holiday Highlights,C00095,ads,Explore customer favorites this holiday.,2025-12-03,true,false
SEND004764,CMP02,Spring Refresh,C00666,ads,Refresh your routine for spring.,2025-03-09,false,false
SEND004765,CMP04,Summer Essentials,C00488,ads,Simple essentials for warmer days.,2025-07-31,false,false
SEND004766,CMP08,Holiday Highlights,C00857,ads,Explore customer favorites this holiday.,2025-12-01,false,false
SEND004767,CMP03,Member Picks,C00984,email,Popular picks selected for you.,2025-06-18,false,false
SEND004768,CMP03,Member Picks,C00996,email,Popular picks selected for you.,2025-06-13,false,false
SEND004769,CMP02,Spring Refresh,C00702,ads,Refresh your routine for spring.,2025-04-07,false,false
SEND004770,CMP05,Back to Routine,C00431,email,Get back into your everyday rhythm.,2025-08-11,true,true
SEND004771,CMP07,Early Holiday,C00826,email,A head start on thoughtful gifting.,2025-11-03,false,false
SEND004772,CMP03,Member Picks,C00729,email,Popular picks selected for you.,2025-05-31,false,false
SEND004773,CMP04,Summer Essentials,C00581,ads,Simple essentials for warmer days.,2025-08-02,false,false
SEND004774,CMP07,Early Holiday,C00161,email,A head start on thoughtful gifting.,2025-11-25,false,false
SEND004775,CMP08,Holiday Highlights,C00426,ads,Explore customer favorites this holiday.,2025-11-29,true,false
SEND004776,CMP03,Member Picks,C00349,email,Popular picks selected for you.,2025-06-01,false,true
SEND004777,CMP08,Holiday Highlights,C00948,ads,Explore customer favorites this holiday.,2025-11-05,false,false
SEND004778,CMP07,Early Holiday,C00497,email,A head start on thoughtful gifting.,2025-11-14,false,false
SEND004779,CMP01,New Year Reset,C00445,email,Start fresh with practical favorites.,2025-02-11,false,false
SEND004780,CMP01,New Year Reset,C00726,email,Start fresh with practical favorites.,2025-01-26,false,false
SEND004781,CMP08,Holiday Highlights,C00719,ads,Explore customer favorites this holiday.,2025-11-10,false,false
SEND004782,CMP07,Early Holiday,C00892,email,A head start on thoughtful gifting.,2025-11-01,true,false
SEND004783,CMP07,Early Holiday,C00015,email,A head start on thoughtful gifting.,2025-11-18,false,false
SEND004784,CMP06,Autumn Edit,C00853,ads,Discover this season's useful upgrades.,2025-10-14,false,false
SEND004785,CMP03,Member Picks,C00801,email,Popular picks selected for you.,2025-05-28,false,false
SEND004786,CMP05,Back to Routine,C00756,email,Get back into your everyday rhythm.,2025-08-14,false,false
SEND004787,CMP05,Back to Routine,C00494,email,Get back into your everyday rhythm.,2025-09-27,false,false
SEND004788,CMP04,Summer Essentials,C00385,ads,Simple essentials for warmer days.,2025-07-28,false,false
SEND004789,CMP08,Holiday Highlights,C00538,ads,Explore customer favorites this holiday.,2025-12-25,false,true
SEND004790,CMP02,Spring Refresh,C00654,ads,Refresh your routine for spring.,2025-03-03,false,true
SEND004791,CMP05,Back to Routine,C00461,email,Get back into your everyday rhythm.,2025-08-07,false,false
SEND004792,CMP01,New Year Reset,C00294,email,Start fresh with practical favorites.,2025-02-10,false,false
SEND004793,CMP06,Autumn Edit,C00874,ads,Discover this season's useful upgrades.,2025-10-28,false,false
SEND004794,CMP07,Early Holiday,C00592,email,A head start on thoughtful gifting.,2025-11-21,false,false
SEND004795,CMP02,Spring Refresh,C00817,ads,Refresh your routine for spring.,2025-04-06,false,false
SEND004796,CMP05,Back to Routine,C00879,email,Get back into your everyday rhythm.,2025-09-19,false,false
SEND004797,CMP07,Early Holiday,C00077,email,A head start on thoughtful gifting.,2025-11-02,true,false
SEND004798,CMP06,Autumn Edit,C00997,ads,Discover this season's useful upgrades.,2025-10-29,false,false
SEND004799,CMP03,Member Picks,C00385,email,Popular picks selected for you.,2025-05-20,false,false
SEND004800,CMP08,Holiday Highlights,C00912,ads,Explore customer favorites this holiday.,2025-12-21,false,false
SEND004801,CMP01,New Year Reset,C00755,email,Start fresh with practical favorites.,2025-02-04,false,false
SEND004802,CMP07,Early Holiday,C00950,email,A head start on thoughtful gifting.,2025-11-04,false,false
SEND004803,CMP02,Spring Refresh,C00938,ads,Refresh your routine for spring.,2025-04-14,false,false
SEND004804,CMP06,Autumn Edit,C00476,ads,Discover this season's useful upgrades.,2025-10-01,true,false
SEND004805,CMP07,Early Holiday,C00485,email,A head start on thoughtful gifting.,2025-11-16,false,false
SEND004806,CMP07,Early Holiday,C00073,email,A head start on thoughtful gifting.,2025-11-19,true,true
SEND004807,CMP01,New Year Reset,C00038,email,Start fresh with practical favorites.,2025-02-02,true,false
SEND004808,CMP04,Summer Essentials,C00732,ads,Simple essentials for warmer days.,2025-07-11,false,false
SEND004809,CMP01,New Year Reset,C00479,email,Start fresh with practical favorites.,2025-02-07,true,false
SEND004810,CMP02,Spring Refresh,C00722,ads,Refresh your routine for spring.,2025-03-10,false,false
SEND004811,CMP04,Summer Essentials,C00344,ads,Simple essentials for warmer days.,2025-08-20,false,false
SEND004812,CMP07,Early Holiday,C00425,email,A head start on thoughtful gifting.,2025-11-23,false,false
SEND004813,CMP07,Early Holiday,C00402,email,A head start on thoughtful gifting.,2025-11-26,false,false
SEND004814,CMP03,Member Picks,C00004,email,Popular picks selected for you.,2025-06-02,false,false
SEND004815,CMP02,Spring Refresh,C00733,ads,Refresh your routine for spring.,2025-04-10,true,false
SEND004816,CMP02,Spring Refresh,C00899,ads,Refresh your routine for spring.,2025-04-25,false,false
SEND004817,CMP08,Holiday Highlights,C00475,ads,Explore customer favorites this holiday.,2025-12-13,false,false
SEND004818,CMP06,Autumn Edit,C00940,ads,Discover this season's useful upgrades.,2025-09-09,false,false
SEND004819,CMP01,New Year Reset,C00520,email,Start fresh with practical favorites.,2025-02-21,false,false
SEND004820,CMP06,Autumn Edit,C00640,ads,Discover this season's useful upgrades.,2025-09-10,false,false
SEND004821,CMP06,Autumn Edit,C00759,ads,Discover this season's useful upgrades.,2025-10-24,false,false
SEND004822,CMP08,Holiday Highlights,C00207,ads,Explore customer favorites this holiday.,2025-11-10,false,false
SEND004823,CMP05,Back to Routine,C00080,email,Get back into your everyday rhythm.,2025-08-17,false,false
SEND004824,CMP03,Member Picks,C00034,email,Popular picks selected for you.,2025-06-08,false,false
SEND004825,CMP08,Holiday Highlights,C00986,ads,Explore customer favorites this holiday.,2025-11-22,false,false
SEND004826,CMP08,Holiday Highlights,C00826,ads,Explore customer favorites this holiday.,2025-11-03,false,false
SEND004827,CMP04,Summer Essentials,C00291,ads,Simple essentials for warmer days.,2025-06-19,true,false
SEND004828,CMP02,Spring Refresh,C00724,ads,Refresh your routine for spring.,2025-03-28,false,false
SEND004829,CMP04,Summer Essentials,C00703,ads,Simple essentials for warmer days.,2025-08-12,false,false
SEND004830,CMP04,Summer Essentials,C00094,ads,Simple essentials for warmer days.,2025-07-19,false,false
SEND004831,CMP08,Holiday Highlights,C00209,ads,Explore customer favorites this holiday.,2025-11-17,false,false
SEND004832,CMP01,New Year Reset,C00154,email,Start fresh with practical favorites.,2025-02-09,false,false
SEND004833,CMP08,Holiday Highlights,C00051,ads,Explore customer favorites this holiday.,2025-11-30,false,false
SEND004834,CMP06,Autumn Edit,C00806,ads,Discover this season's useful upgrades.,2025-09-25,false,false
SEND004835,CMP05,Back to Routine,C00427,email,Get back into your everyday rhythm.,2025-09-27,false,false
SEND004836,CMP06,Autumn Edit,C00855,ads,Discover this season's useful upgrades.,2025-09-30,false,false
SEND004837,CMP01,New Year Reset,C00680,email,Start fresh with practical favorites.,2025-02-07,false,false
SEND004838,CMP06,Autumn Edit,C00601,ads,Discover this season's useful upgrades.,2025-10-09,false,true
SEND004839,CMP03,Member Picks,C00221,email,Popular picks selected for you.,2025-05-25,false,false
SEND004840,CMP06,Autumn Edit,C00712,ads,Discover this season's useful upgrades.,2025-10-17,false,false
SEND004841,CMP08,Holiday Highlights,C00522,ads,Explore customer favorites this holiday.,2025-12-22,false,false
SEND004842,CMP08,Holiday Highlights,C00421,ads,Explore customer favorites this holiday.,2025-12-30,false,false
SEND004843,CMP08,Holiday Highlights,C00569,ads,Explore customer favorites this holiday.,2025-12-17,false,false
SEND004844,CMP02,Spring Refresh,C00638,ads,Refresh your routine for spring.,2025-03-01,false,false
SEND004845,CMP03,Member Picks,C00508,email,Popular picks selected for you.,2025-05-12,false,false
SEND004846,CMP08,Holiday Highlights,C00865,ads,Explore customer favorites this holiday.,2025-11-03,false,false
SEND004847,CMP08,Holiday Highlights,C00095,ads,Explore customer favorites this holiday.,2025-12-22,false,false
SEND004848,CMP06,Autumn Edit,C00974,ads,Discover this season's useful upgrades.,2025-10-23,false,false
SEND004849,CMP04,Summer Essentials,C00669,ads,Simple essentials for warmer days.,2025-08-22,false,false
SEND004850,CMP05,Back to Routine,C00500,email,Get back into your everyday rhythm.,2025-09-01,false,false
SEND004851,CMP04,Summer Essentials,C00346,ads,Simple essentials for warmer days.,2025-08-12,false,false
SEND004852,CMP04,Summer Essentials,C00739,ads,Simple essentials for warmer days.,2025-07-19,false,false
SEND004853,CMP02,Spring Refresh,C00691,ads,Refresh your routine for spring.,2025-03-05,true,false
SEND004854,CMP07,Early Holiday,C00666,email,A head start on thoughtful gifting.,2025-11-12,false,false
SEND004855,CMP01,New Year Reset,C00233,email,Start fresh with practical favorites.,2025-01-23,false,false
SEND004856,CMP05,Back to Routine,C00103,email,Get back into your everyday rhythm.,2025-09-02,false,false
SEND004857,CMP07,Early Holiday,C00348,email,A head start on thoughtful gifting.,2025-11-25,false,false
SEND004858,CMP03,Member Picks,C00064,email,Popular picks selected for you.,2025-06-27,false,false
SEND004859,CMP02,Spring Refresh,C00486,ads,Refresh your routine for spring.,2025-03-24,false,false
SEND004860,CMP08,Holiday Highlights,C00725,ads,Explore customer favorites this holiday.,2025-12-21,true,false
SEND004861,CMP03,Member Picks,C00105,email,Popular picks selected for you.,2025-06-22,false,true
SEND004862,CMP08,Holiday Highlights,C00602,ads,Explore customer favorites this holiday.,2025-11-03,false,false
SEND004863,CMP02,Spring Refresh,C00239,ads,Refresh your routine for spring.,2025-03-02,false,false
SEND004864,CMP07,Early Holiday,C00555,email,A head start on thoughtful gifting.,2025-11-07,false,true
SEND004865,CMP08,Holiday Highlights,C00816,ads,Explore customer favorites this holiday.,2025-12-26,false,false
SEND004866,CMP08,Holiday Highlights,C00972,ads,Explore customer favorites this holiday.,2025-11-03,false,false
SEND004867,CMP06,Autumn Edit,C00214,ads,Discover this season's useful upgrades.,2025-09-05,false,false
SEND004868,CMP02,Spring Refresh,C00634,ads,Refresh your routine for spring.,2025-03-20,false,false
SEND004869,CMP05,Back to Routine,C00340,email,Get back into your everyday rhythm.,2025-08-04,false,false
SEND004870,CMP05,Back to Routine,C00444,email,Get back into your everyday rhythm.,2025-08-12,false,false
SEND004871,CMP03,Member Picks,C00076,email,Popular picks selected for you.,2025-06-10,false,false
SEND004872,CMP07,Early Holiday,C00691,email,A head start on thoughtful gifting.,2025-11-06,false,false
SEND004873,CMP05,Back to Routine,C00135,email,Get back into your everyday rhythm.,2025-08-21,true,false
SEND004874,CMP07,Early Holiday,C00128,email,A head start on thoughtful gifting.,2025-11-14,false,false
SEND004875,CMP01,New Year Reset,C00890,email,Start fresh with practical favorites.,2025-02-17,false,false
SEND004876,CMP08,Holiday Highlights,C00752,ads,Explore customer favorites this holiday.,2025-11-03,false,false
SEND004877,CMP05,Back to Routine,C00546,email,Get back into your everyday rhythm.,2025-09-11,false,false
SEND004878,CMP01,New Year Reset,C00266,email,Start fresh with practical favorites.,2025-01-04,false,false
SEND004879,CMP03,Member Picks,C00998,email,Popular picks selected for you.,2025-05-09,false,false
SEND004880,CMP03,Member Picks,C00227,email,Popular picks selected for you.,2025-05-29,false,false
SEND004881,CMP01,New Year Reset,C00368,email,Start fresh with practical favorites.,2025-02-26,false,false
SEND004882,CMP05,Back to Routine,C00435,email,Get back into your everyday rhythm.,2025-09-09,false,false
SEND004883,CMP04,Summer Essentials,C00327,ads,Simple essentials for warmer days.,2025-07-31,false,false
SEND004884,CMP08,Holiday Highlights,C00777,ads,Explore customer favorites this holiday.,2025-11-05,false,false
SEND004885,CMP06,Autumn Edit,C00294,ads,Discover this season's useful upgrades.,2025-10-29,false,false
SEND004886,CMP04,Summer Essentials,C00352,ads,Simple essentials for warmer days.,2025-08-04,false,false
SEND004887,CMP02,Spring Refresh,C00586,ads,Refresh your routine for spring.,2025-04-16,false,false
SEND004888,CMP05,Back to Routine,C00226,email,Get back into your everyday rhythm.,2025-08-31,false,false
SEND004889,CMP06,Autumn Edit,C00358,ads,Discover this season's useful upgrades.,2025-09-14,false,false
SEND004890,CMP02,Spring Refresh,C00885,ads,Refresh your routine for spring.,2025-03-15,false,false
SEND004891,CMP02,Spring Refresh,C00857,ads,Refresh your routine for spring.,2025-04-27,false,false
SEND004892,CMP08,Holiday Highlights,C00941,ads,Explore customer favorites this holiday.,2025-11-27,false,false
SEND004893,CMP02,Spring Refresh,C00212,ads,Refresh your routine for spring.,2025-04-10,false,false
SEND004894,CMP04,Summer Essentials,C00835,ads,Simple essentials for warmer days.,2025-06-28,false,false
SEND004895,CMP02,Spring Refresh,C00669,ads,Refresh your routine for spring.,2025-03-01,false,false
SEND004896,CMP08,Holiday Highlights,C00896,ads,Explore customer favorites this holiday.,2025-11-05,false,true
SEND004897,CMP04,Summer Essentials,C00803,ads,Simple essentials for warmer days.,2025-08-11,true,false
SEND004898,CMP02,Spring Refresh,C00339,ads,Refresh your routine for spring.,2025-03-21,false,false
SEND004899,CMP04,Summer Essentials,C00150,ads,Simple essentials for warmer days.,2025-07-01,false,false
SEND004900,CMP06,Autumn Edit,C00587,ads,Discover this season's useful upgrades.,2025-09-18,false,false
SEND004901,CMP03,Member Picks,C00924,email,Popular picks selected for you.,2025-05-01,false,true
SEND004902,CMP04,Summer Essentials,C00924,ads,Simple essentials for warmer days.,2025-06-20,false,false
SEND004903,CMP01,New Year Reset,C00635,email,Start fresh with practical favorites.,2025-02-25,false,false
SEND004904,CMP04,Summer Essentials,C00191,ads,Simple essentials for warmer days.,2025-06-17,false,false
SEND004905,CMP03,Member Picks,C00914,email,Popular picks selected for you.,2025-05-22,false,false
SEND004906,CMP05,Back to Routine,C00013,email,Get back into your everyday rhythm.,2025-08-03,false,false
SEND004907,CMP08,Holiday Highlights,C00150,ads,Explore customer favorites this holiday.,2025-11-09,false,false
SEND004908,CMP08,Holiday Highlights,C00065,ads,Explore customer favorites this holiday.,2025-12-03,false,false
SEND004909,CMP04,Summer Essentials,C00496,ads,Simple essentials for warmer days.,2025-07-05,false,false
SEND004910,CMP07,Early Holiday,C00711,email,A head start on thoughtful gifting.,2025-11-15,true,false
SEND004911,CMP04,Summer Essentials,C00645,ads,Simple essentials for warmer days.,2025-07-27,false,false
SEND004912,CMP01,New Year Reset,C00851,email,Start fresh with practical favorites.,2025-01-13,false,false
SEND004913,CMP05,Back to Routine,C00591,email,Get back into your everyday rhythm.,2025-09-13,false,false
SEND004914,CMP08,Holiday Highlights,C00345,ads,Explore customer favorites this holiday.,2025-12-04,false,false
SEND004915,CMP08,Holiday Highlights,C00918,ads,Explore customer favorites this holiday.,2025-12-30,false,false
SEND004916,CMP03,Member Picks,C00386,email,Popular picks selected for you.,2025-06-09,false,false
SEND004917,CMP08,Holiday Highlights,C00552,ads,Explore customer favorites this holiday.,2025-12-21,false,false
SEND004918,CMP05,Back to Routine,C00580,email,Get back into your everyday rhythm.,2025-08-08,false,false
SEND004919,CMP01,New Year Reset,C00555,email,Start fresh with practical favorites.,2025-02-07,false,false
SEND004920,CMP02,Spring Refresh,C00300,ads,Refresh your routine for spring.,2025-03-31,false,false
SEND004921,CMP04,Summer Essentials,C00344,ads,Simple essentials for warmer days.,2025-08-16,false,false
SEND004922,CMP03,Member Picks,C00330,email,Popular picks selected for you.,2025-06-28,false,false
SEND004923,CMP08,Holiday Highlights,C00558,ads,Explore customer favorites this holiday.,2025-12-30,false,true
SEND004924,CMP08,Holiday Highlights,C00179,ads,Explore customer favorites this holiday.,2025-12-04,false,false
SEND004925,CMP02,Spring Refresh,C00905,ads,Refresh your routine for spring.,2025-04-23,false,false
SEND004926,CMP04,Summer Essentials,C00414,ads,Simple essentials for warmer days.,2025-06-06,false,false
SEND004927,CMP07,Early Holiday,C00538,email,A head start on thoughtful gifting.,2025-11-15,false,true
SEND004928,CMP04,Summer Essentials,C00516,ads,Simple essentials for warmer days.,2025-07-01,false,false
SEND004929,CMP06,Autumn Edit,C00450,ads,Discover this season's useful upgrades.,2025-09-01,false,false
SEND004930,CMP08,Holiday Highlights,C00994,ads,Explore customer favorites this holiday.,2025-12-31,false,false
SEND004931,CMP06,Autumn Edit,C00400,ads,Discover this season's useful upgrades.,2025-09-05,false,false
SEND004932,CMP03,Member Picks,C00283,email,Popular picks selected for you.,2025-06-06,false,false
SEND004933,CMP07,Early Holiday,C00401,email,A head start on thoughtful gifting.,2025-11-24,false,false
SEND004934,CMP08,Holiday Highlights,C00063,ads,Explore customer favorites this holiday.,2025-12-06,true,false
SEND004935,CMP02,Spring Refresh,C00264,ads,Refresh your routine for spring.,2025-03-31,false,false
SEND004936,CMP03,Member Picks,C00626,email,Popular picks selected for you.,2025-05-15,true,false
SEND004937,CMP02,Spring Refresh,C00301,ads,Refresh your routine for spring.,2025-03-19,false,false
SEND004938,CMP03,Member Picks,C00427,email,Popular picks selected for you.,2025-05-16,false,false
SEND004939,CMP07,Early Holiday,C00113,email,A head start on thoughtful gifting.,2025-11-16,true,true
SEND004940,CMP05,Back to Routine,C00840,email,Get back into your everyday rhythm.,2025-09-11,true,false
SEND004941,CMP06,Autumn Edit,C00122,ads,Discover this season's useful upgrades.,2025-09-06,false,false
SEND004942,CMP01,New Year Reset,C00614,email,Start fresh with practical favorites.,2025-02-10,false,false
SEND004943,CMP06,Autumn Edit,C00980,ads,Discover this season's useful upgrades.,2025-10-29,false,false
SEND004944,CMP03,Member Picks,C00596,email,Popular picks selected for you.,2025-06-22,false,true
SEND004945,CMP04,Summer Essentials,C00992,ads,Simple essentials for warmer days.,2025-06-07,false,false
SEND004946,CMP07,Early Holiday,C00861,email,A head start on thoughtful gifting.,2025-11-26,false,false
SEND004947,CMP03,Member Picks,C00104,email,Popular picks selected for you.,2025-06-10,false,false
SEND004948,CMP02,Spring Refresh,C00680,ads,Refresh your routine for spring.,2025-04-24,false,false
SEND004949,CMP01,New Year Reset,C00432,email,Start fresh with practical favorites.,2025-02-22,false,false
SEND004950,CMP06,Autumn Edit,C00773,ads,Discover this season's useful upgrades.,2025-09-26,false,false
SEND004951,CMP03,Member Picks,C00023,email,Popular picks selected for you.,2025-06-16,false,false
SEND004952,CMP05,Back to Routine,C00016,email,Get back into your everyday rhythm.,2025-08-04,false,false
SEND004953,CMP02,Spring Refresh,C00559,ads,Refresh your routine for spring.,2025-03-11,false,false
SEND004954,CMP05,Back to Routine,C00225,email,Get back into your everyday rhythm.,2025-09-29,false,false
SEND004955,CMP02,Spring Refresh,C00686,ads,Refresh your routine for spring.,2025-04-17,false,false
SEND004956,CMP02,Spring Refresh,C00819,ads,Refresh your routine for spring.,2025-04-16,false,false
SEND004957,CMP08,Holiday Highlights,C00347,ads,Explore customer favorites this holiday.,2025-12-24,false,false
SEND004958,CMP07,Early Holiday,C00124,email,A head start on thoughtful gifting.,2025-11-07,true,false
SEND004959,CMP01,New Year Reset,C00085,email,Start fresh with practical favorites.,2025-01-25,true,true
SEND004960,CMP07,Early Holiday,C00048,email,A head start on thoughtful gifting.,2025-11-10,false,true
SEND004961,CMP05,Back to Routine,C00587,email,Get back into your everyday rhythm.,2025-09-18,true,false
SEND004962,CMP02,Spring Refresh,C00385,ads,Refresh your routine for spring.,2025-04-08,false,false
SEND004963,CMP03,Member Picks,C00640,email,Popular picks selected for you.,2025-05-14,false,false
SEND004964,CMP03,Member Picks,C00241,email,Popular picks selected for you.,2025-06-10,false,false
SEND004965,CMP08,Holiday Highlights,C00999,ads,Explore customer favorites this holiday.,2025-11-29,false,false
SEND004966,CMP05,Back to Routine,C00888,email,Get back into your everyday rhythm.,2025-08-10,false,false
SEND004967,CMP06,Autumn Edit,C00830,ads,Discover this season's useful upgrades.,2025-10-03,true,false
SEND004968,CMP06,Autumn Edit,C00944,ads,Discover this season's useful upgrades.,2025-09-09,false,true
SEND004969,CMP08,Holiday Highlights,C00770,ads,Explore customer favorites this holiday.,2025-11-08,false,false
SEND004970,CMP01,New Year Reset,C00536,email,Start fresh with practical favorites.,2025-01-20,false,false
SEND004971,CMP02,Spring Refresh,C00186,ads,Refresh your routine for spring.,2025-04-12,false,false
SEND004972,CMP07,Early Holiday,C00005,email,A head start on thoughtful gifting.,2025-11-23,false,false
SEND004973,CMP07,Early Holiday,C00934,email,A head start on thoughtful gifting.,2025-11-16,false,false
SEND004974,CMP01,New Year Reset,C00524,email,Start fresh with practical favorites.,2025-01-13,false,false
SEND004975,CMP04,Summer Essentials,C00740,ads,Simple essentials for warmer days.,2025-08-29,false,false
SEND004976,CMP01,New Year Reset,C00591,email,Start fresh with practical favorites.,2025-02-04,false,false
SEND004977,CMP02,Spring Refresh,C00454,ads,Refresh your routine for spring.,2025-03-21,false,false
SEND004978,CMP03,Member Picks,C00242,email,Popular picks selected for you.,2025-05-10,false,false
SEND004979,CMP02,Spring Refresh,C00830,ads,Refresh your routine for spring.,2025-03-21,false,false
SEND004980,CMP03,Member Picks,C00202,email,Popular picks selected for you.,2025-05-25,false,false
SEND004981,CMP05,Back to Routine,C00020,email,Get back into your everyday rhythm.,2025-09-02,true,false
SEND004982,CMP08,Holiday Highlights,C00072,ads,Explore customer favorites this holiday.,2025-12-20,true,false
SEND004983,CMP08,Holiday Highlights,C00630,ads,Explore customer favorites this holiday.,2025-11-16,false,false
SEND004984,CMP06,Autumn Edit,C00101,ads,Discover this season's useful upgrades.,2025-10-13,false,false
SEND004985,CMP07,Early Holiday,C00631,email,A head start on thoughtful gifting.,2025-11-25,false,false
SEND004986,CMP07,Early Holiday,C00774,email,A head start on thoughtful gifting.,2025-11-19,false,false
SEND004987,CMP06,Autumn Edit,C00793,ads,Discover this season's useful upgrades.,2025-10-12,false,false
SEND004988,CMP04,Summer Essentials,C00297,ads,Simple essentials for warmer days.,2025-06-11,false,false
SEND004989,CMP08,Holiday Highlights,C00643,ads,Explore customer favorites this holiday.,2025-12-15,false,false
SEND004990,CMP07,Early Holiday,C00899,email,A head start on thoughtful gifting.,2025-11-23,false,false
SEND004991,CMP06,Autumn Edit,C00096,ads,Discover this season's useful upgrades.,2025-10-16,false,false
SEND004992,CMP08,Holiday Highlights,C00969,ads,Explore customer favorites this holiday.,2025-11-03,false,false
SEND004993,CMP03,Member Picks,C00467,email,Popular picks selected for you.,2025-05-03,false,false
SEND004994,CMP01,New Year Reset,C00425,email,Start fresh with practical favorites.,2025-02-05,false,false
SEND004995,CMP04,Summer Essentials,C00970,ads,Simple essentials for warmer days.,2025-08-09,true,false
SEND004996,CMP02,Spring Refresh,C00713,ads,Refresh your routine for spring.,2025-03-11,false,false
SEND004997,CMP02,Spring Refresh,C00748,ads,Refresh your routine for spring.,2025-04-27,false,false
SEND004998,CMP08,Holiday Highlights,C00154,ads,Explore customer favorites this holiday.,2025-12-17,false,false
SEND004999,CMP07,Early Holiday,C00053,email,A head start on thoughtful gifting.,2025-11-21,false,false
SEND005000,CMP05,Back to Routine,C00911,email,Get back into your everyday rhythm.,2025-08-30,false,false
SEND005001,CMP08,Holiday Highlights,C00440,ads,Explore customer favorites this holiday.,2025-11-17,false,false
SEND005002,CMP06,Autumn Edit,C00159,ads,Discover this season's useful upgrades.,2025-09-09,false,false
SEND005003,CMP08,Holiday Highlights,C00648,ads,Explore customer favorites this holiday.,2025-12-31,false,false
SEND005004,CMP03,Member Picks,C00114,email,Popular picks selected for you.,2025-06-23,true,false
SEND005005,CMP06,Autumn Edit,C00329,ads,Discover this season's useful upgrades.,2025-09-23,true,true
SEND005006,CMP05,Back to Routine,C00818,email,Get back into your everyday rhythm.,2025-08-13,false,false
SEND005007,CMP08,Holiday Highlights,C00678,ads,Explore customer favorites this holiday.,2025-12-25,false,false
SEND005008,CMP06,Autumn Edit,C00233,ads,Discover this season's useful upgrades.,2025-10-10,false,false
SEND005009,CMP03,Member Picks,C00257,email,Popular picks selected for you.,2025-05-16,false,false
SEND005010,CMP01,New Year Reset,C00065,email,Start fresh with practical favorites.,2025-01-26,false,false
SEND005011,CMP07,Early Holiday,C00126,email,A head start on thoughtful gifting.,2025-11-17,false,false
SEND005012,CMP06,Autumn Edit,C00721,ads,Discover this season's useful upgrades.,2025-10-20,false,false
SEND005013,CMP02,Spring Refresh,C00712,ads,Refresh your routine for spring.,2025-03-09,false,false
SEND005014,CMP01,New Year Reset,C00270,email,Start fresh with practical favorites.,2025-02-25,false,true
SEND005015,CMP02,Spring Refresh,C00890,ads,Refresh your routine for spring.,2025-04-06,false,false
SEND005016,CMP04,Summer Essentials,C00239,ads,Simple essentials for warmer days.,2025-07-12,false,false
SEND005017,CMP04,Summer Essentials,C00144,ads,Simple essentials for warmer days.,2025-07-02,true,false
SEND005018,CMP04,Summer Essentials,C00746,ads,Simple essentials for warmer days.,2025-08-10,false,false
SEND005019,CMP08,Holiday Highlights,C00457,ads,Explore customer favorites this holiday.,2025-11-14,false,true
SEND005020,CMP03,Member Picks,C00853,email,Popular picks selected for you.,2025-06-09,false,false
SEND005021,CMP02,Spring Refresh,C00348,ads,Refresh your routine for spring.,2025-03-19,false,false
SEND005022,CMP06,Autumn Edit,C00069,ads,Discover this season's useful upgrades.,2025-09-22,false,false
SEND005023,CMP03,Member Picks,C00900,email,Popular picks selected for you.,2025-05-30,true,false
SEND005024,CMP05,Back to Routine,C00040,email,Get back into your everyday rhythm.,2025-09-21,true,false
SEND005025,CMP01,New Year Reset,C00642,email,Start fresh with practical favorites.,2025-01-18,false,false
SEND005026,CMP05,Back to Routine,C00145,email,Get back into your everyday rhythm.,2025-09-27,false,false
SEND005027,CMP08,Holiday Highlights,C00467,ads,Explore customer favorites this holiday.,2025-12-20,false,false
SEND005028,CMP08,Holiday Highlights,C00799,ads,Explore customer favorites this holiday.,2025-12-21,false,false
SEND005029,CMP01,New Year Reset,C00441,email,Start fresh with practical favorites.,2025-02-28,true,false
SEND005030,CMP08,Holiday Highlights,C00610,ads,Explore customer favorites this holiday.,2025-11-02,false,false
SEND005031,CMP02,Spring Refresh,C00222,ads,Refresh your routine for spring.,2025-03-02,false,false
SEND005032,CMP07,Early Holiday,C00234,email,A head start on thoughtful gifting.,2025-11-06,false,false
SEND005033,CMP02,Spring Refresh,C00290,ads,Refresh your routine for spring.,2025-04-06,false,false
SEND005034,CMP07,Early Holiday,C00845,email,A head start on thoughtful gifting.,2025-11-20,false,false
SEND005035,CMP08,Holiday Highlights,C00031,ads,Explore customer favorites this holiday.,2025-11-01,false,false
SEND005036,CMP03,Member Picks,C00508,email,Popular picks selected for you.,2025-06-19,false,false
SEND005037,CMP05,Back to Routine,C00979,email,Get back into your everyday rhythm.,2025-08-23,false,false
SEND005038,CMP02,Spring Refresh,C00677,ads,Refresh your routine for spring.,2025-04-10,false,false
SEND005039,CMP06,Autumn Edit,C00010,ads,Discover this season's useful upgrades.,2025-09-15,false,false
SEND005040,CMP04,Summer Essentials,C00656,ads,Simple essentials for warmer days.,2025-06-06,true,false
SEND005041,CMP04,Summer Essentials,C00598,ads,Simple essentials for warmer days.,2025-07-05,false,false
SEND005042,CMP08,Holiday Highlights,C00028,ads,Explore customer favorites this holiday.,2025-12-13,false,false
SEND005043,CMP04,Summer Essentials,C00331,ads,Simple essentials for warmer days.,2025-06-29,false,false
SEND005044,CMP08,Holiday Highlights,C00081,ads,Explore customer favorites this holiday.,2025-12-26,true,true
SEND005045,CMP06,Autumn Edit,C00101,ads,Discover this season's useful upgrades.,2025-09-12,false,false
SEND005046,CMP03,Member Picks,C00166,email,Popular picks selected for you.,2025-06-28,false,false
SEND005047,CMP08,Holiday Highlights,C00115,ads,Explore customer favorites this holiday.,2025-11-08,true,false
SEND005048,CMP06,Autumn Edit,C00195,ads,Discover this season's useful upgrades.,2025-10-04,false,false
SEND005049,CMP05,Back to Routine,C00158,email,Get back into your everyday rhythm.,2025-09-11,true,false
SEND005050,CMP04,Summer Essentials,C00549,ads,Simple essentials for warmer days.,2025-07-17,true,false
SEND005051,CMP06,Autumn Edit,C00205,ads,Discover this season's useful upgrades.,2025-10-01,false,false
SEND005052,CMP01,New Year Reset,C00024,email,Start fresh with practical favorites.,2025-01-22,false,false
SEND005053,CMP06,Autumn Edit,C00085,ads,Discover this season's useful upgrades.,2025-09-11,false,false
SEND005054,CMP08,Holiday Highlights,C00695,ads,Explore customer favorites this holiday.,2025-11-20,false,false
SEND005055,CMP04,Summer Essentials,C00848,ads,Simple essentials for warmer days.,2025-06-02,false,false
SEND005056,CMP07,Early Holiday,C00767,email,A head start on thoughtful gifting.,2025-11-26,false,false
SEND005057,CMP01,New Year Reset,C00854,email,Start fresh with practical favorites.,2025-02-11,false,false
SEND005058,CMP05,Back to Routine,C00010,email,Get back into your everyday rhythm.,2025-08-11,false,false
SEND005059,CMP02,Spring Refresh,C00050,ads,Refresh your routine for spring.,2025-03-13,false,false
SEND005060,CMP03,Member Picks,C00243,email,Popular picks selected for you.,2025-06-16,true,false
SEND005061,CMP08,Holiday Highlights,C00564,ads,Explore customer favorites this holiday.,2025-11-21,false,false
SEND005062,CMP05,Back to Routine,C00305,email,Get back into your everyday rhythm.,2025-09-12,false,false
SEND005063,CMP03,Member Picks,C00757,email,Popular picks selected for you.,2025-05-02,false,false
SEND005064,CMP06,Autumn Edit,C00646,ads,Discover this season's useful upgrades.,2025-10-02,false,false
SEND005065,CMP07,Early Holiday,C00534,email,A head start on thoughtful gifting.,2025-11-05,false,false
SEND005066,CMP04,Summer Essentials,C00507,ads,Simple essentials for warmer days.,2025-07-03,false,true
SEND005067,CMP03,Member Picks,C00272,email,Popular picks selected for you.,2025-05-26,true,true
SEND005068,CMP08,Holiday Highlights,C00478,ads,Explore customer favorites this holiday.,2025-11-23,false,false
SEND005069,CMP02,Spring Refresh,C00429,ads,Refresh your routine for spring.,2025-03-23,false,true
SEND005070,CMP07,Early Holiday,C00624,email,A head start on thoughtful gifting.,2025-11-18,false,false
SEND005071,CMP02,Spring Refresh,C00985,ads,Refresh your routine for spring.,2025-04-14,false,false
SEND005072,CMP06,Autumn Edit,C00347,ads,Discover this season's useful upgrades.,2025-09-19,false,false
SEND005073,CMP06,Autumn Edit,C00513,ads,Discover this season's useful upgrades.,2025-10-27,false,false
SEND005074,CMP04,Summer Essentials,C00588,ads,Simple essentials for warmer days.,2025-06-04,true,false
SEND005075,CMP03,Member Picks,C00306,email,Popular picks selected for you.,2025-06-07,true,false
SEND005076,CMP08,Holiday Highlights,C00058,ads,Explore customer favorites this holiday.,2025-11-15,false,false
SEND005077,CMP07,Early Holiday,C00783,email,A head start on thoughtful gifting.,2025-11-08,false,false
SEND005078,CMP08,Holiday Highlights,C00730,ads,Explore customer favorites this holiday.,2025-11-27,false,false
SEND005079,CMP02,Spring Refresh,C00520,ads,Refresh your routine for spring.,2025-03-22,false,false
SEND005080,CMP06,Autumn Edit,C00809,ads,Discover this season's useful upgrades.,2025-09-21,false,false
SEND005081,CMP06,Autumn Edit,C00235,ads,Discover this season's useful upgrades.,2025-09-02,false,false
SEND005082,CMP01,New Year Reset,C00812,email,Start fresh with practical favorites.,2025-02-27,false,false
SEND005083,CMP08,Holiday Highlights,C00585,ads,Explore customer favorites this holiday.,2025-12-07,false,false
SEND005084,CMP03,Member Picks,C00141,email,Popular picks selected for you.,2025-05-08,false,false
SEND005085,CMP04,Summer Essentials,C00009,ads,Simple essentials for warmer days.,2025-06-20,false,false
SEND005086,CMP08,Holiday Highlights,C00547,ads,Explore customer favorites this holiday.,2025-12-21,false,false
SEND005087,CMP06,Autumn Edit,C00060,ads,Discover this season's useful upgrades.,2025-09-09,false,false
SEND005088,CMP05,Back to Routine,C00537,email,Get back into your everyday rhythm.,2025-08-07,false,false
SEND005089,CMP08,Holiday Highlights,C00675,ads,Explore customer favorites this holiday.,2025-12-01,false,false
SEND005090,CMP07,Early Holiday,C00563,email,A head start on thoughtful gifting.,2025-11-07,false,false
SEND005091,CMP03,Member Picks,C00303,email,Popular picks selected for you.,2025-05-08,false,false
SEND005092,CMP03,Member Picks,C00483,email,Popular picks selected for you.,2025-06-24,false,false
SEND005093,CMP04,Summer Essentials,C00274,ads,Simple essentials for warmer days.,2025-07-21,false,false
SEND005094,CMP04,Summer Essentials,C00192,ads,Simple essentials for warmer days.,2025-08-10,false,false
SEND005095,CMP02,Spring Refresh,C00905,ads,Refresh your routine for spring.,2025-04-07,false,false
SEND005096,CMP08,Holiday Highlights,C00932,ads,Explore customer favorites this holiday.,2025-11-20,false,false
SEND005097,CMP04,Summer Essentials,C00654,ads,Simple essentials for warmer days.,2025-08-03,false,false
SEND005098,CMP03,Member Picks,C00035,email,Popular picks selected for you.,2025-06-17,false,false
SEND005099,CMP02,Spring Refresh,C00294,ads,Refresh your routine for spring.,2025-03-05,false,false
SEND005100,CMP04,Summer Essentials,C00250,ads,Simple essentials for warmer days.,2025-08-26,false,false
SEND005101,CMP07,Early Holiday,C00992,email,A head start on thoughtful gifting.,2025-11-21,true,false
SEND005102,CMP02,Spring Refresh,C00462,ads,Refresh your routine for spring.,2025-03-28,false,false
SEND005103,CMP01,New Year Reset,C00074,email,Start fresh with practical favorites.,2025-01-05,true,false
SEND005104,CMP06,Autumn Edit,C00012,ads,Discover this season's useful upgrades.,2025-10-19,false,false
SEND005105,CMP04,Summer Essentials,C00902,ads,Simple essentials for warmer days.,2025-08-11,false,false
SEND005106,CMP05,Back to Routine,C00496,email,Get back into your everyday rhythm.,2025-09-08,true,false
SEND005107,CMP04,Summer Essentials,C00187,ads,Simple essentials for warmer days.,2025-06-19,false,false
SEND005108,CMP04,Summer Essentials,C00150,ads,Simple essentials for warmer days.,2025-06-04,false,false
SEND005109,CMP01,New Year Reset,C00817,email,Start fresh with practical favorites.,2025-02-14,true,false
SEND005110,CMP04,Summer Essentials,C00618,ads,Simple essentials for warmer days.,2025-06-16,false,false
SEND005111,CMP02,Spring Refresh,C00178,ads,Refresh your routine for spring.,2025-04-30,false,false
SEND005112,CMP04,Summer Essentials,C00400,ads,Simple essentials for warmer days.,2025-08-14,false,false
SEND005113,CMP04,Summer Essentials,C00261,ads,Simple essentials for warmer days.,2025-07-08,false,false
SEND005114,CMP03,Member Picks,C00261,email,Popular picks selected for you.,2025-05-25,false,false
SEND005115,CMP05,Back to Routine,C00938,email,Get back into your everyday rhythm.,2025-08-17,false,false
SEND005116,CMP06,Autumn Edit,C00868,ads,Discover this season's useful upgrades.,2025-09-20,false,false
SEND005117,CMP02,Spring Refresh,C00012,ads,Refresh your routine for spring.,2025-04-08,false,false
SEND005118,CMP08,Holiday Highlights,C00399,ads,Explore customer favorites this holiday.,2025-11-21,false,false
SEND005119,CMP08,Holiday Highlights,C00809,ads,Explore customer favorites this holiday.,2025-11-13,false,false
SEND005120,CMP01,New Year Reset,C00128,email,Start fresh with practical favorites.,2025-01-30,false,false
SEND005121,CMP01,New Year Reset,C00867,email,Start fresh with practical favorites.,2025-01-12,false,false
SEND005122,CMP07,Early Holiday,C00908,email,A head start on thoughtful gifting.,2025-11-22,false,false
SEND005123,CMP06,Autumn Edit,C00405,ads,Discover this season's useful upgrades.,2025-10-02,false,false
SEND005124,CMP04,Summer Essentials,C00083,ads,Simple essentials for warmer days.,2025-07-09,false,false
SEND005125,CMP07,Early Holiday,C00453,email,A head start on thoughtful gifting.,2025-11-24,false,false
SEND005126,CMP04,Summer Essentials,C00690,ads,Simple essentials for warmer days.,2025-07-28,false,false
SEND005127,CMP05,Back to Routine,C00006,email,Get back into your everyday rhythm.,2025-08-23,false,false
SEND005128,CMP05,Back to Routine,C00739,email,Get back into your everyday rhythm.,2025-08-04,false,false
SEND005129,CMP03,Member Picks,C00966,email,Popular picks selected for you.,2025-05-23,false,false
SEND005130,CMP02,Spring Refresh,C00128,ads,Refresh your routine for spring.,2025-03-23,false,false
SEND005131,CMP03,Member Picks,C00182,email,Popular picks selected for you.,2025-05-30,false,false
SEND005132,CMP01,New Year Reset,C00698,email,Start fresh with practical favorites.,2025-02-19,false,false
SEND005133,CMP04,Summer Essentials,C00923,ads,Simple essentials for warmer days.,2025-08-11,false,false
SEND005134,CMP08,Holiday Highlights,C00972,ads,Explore customer favorites this holiday.,2025-12-06,false,false
SEND005135,CMP02,Spring Refresh,C00207,ads,Refresh your routine for spring.,2025-03-17,false,true
SEND005136,CMP08,Holiday Highlights,C00706,ads,Explore customer favorites this holiday.,2025-12-04,false,false
SEND005137,CMP02,Spring Refresh,C00017,ads,Refresh your routine for spring.,2025-03-05,true,false
SEND005138,CMP07,Early Holiday,C00896,email,A head start on thoughtful gifting.,2025-11-18,false,false
SEND005139,CMP05,Back to Routine,C00974,email,Get back into your everyday rhythm.,2025-09-29,false,false
SEND005140,CMP05,Back to Routine,C00752,email,Get back into your everyday rhythm.,2025-09-07,false,false
SEND005141,CMP01,New Year Reset,C00311,email,Start fresh with practical favorites.,2025-01-01,true,false
SEND005142,CMP03,Member Picks,C00094,email,Popular picks selected for you.,2025-05-17,false,false
SEND005143,CMP07,Early Holiday,C00536,email,A head start on thoughtful gifting.,2025-11-23,false,false
SEND005144,CMP06,Autumn Edit,C00297,ads,Discover this season's useful upgrades.,2025-09-13,false,false
SEND005145,CMP08,Holiday Highlights,C00825,ads,Explore customer favorites this holiday.,2025-12-23,false,false
SEND005146,CMP01,New Year Reset,C00089,email,Start fresh with practical favorites.,2025-01-31,false,false
SEND005147,CMP05,Back to Routine,C00420,email,Get back into your everyday rhythm.,2025-08-06,false,false
SEND005148,CMP08,Holiday Highlights,C00379,ads,Explore customer favorites this holiday.,2025-12-23,false,false
SEND005149,CMP01,New Year Reset,C00144,email,Start fresh with practical favorites.,2025-02-09,false,false
SEND005150,CMP03,Member Picks,C00074,email,Popular picks selected for you.,2025-05-01,false,false
SEND005151,CMP07,Early Holiday,C00320,email,A head start on thoughtful gifting.,2025-11-16,true,false
SEND005152,CMP08,Holiday Highlights,C00561,ads,Explore customer favorites this holiday.,2025-11-03,true,false
SEND005153,CMP08,Holiday Highlights,C00020,ads,Explore customer favorites this holiday.,2025-11-03,false,false
SEND005154,CMP07,Early Holiday,C00201,email,A head start on thoughtful gifting.,2025-11-03,true,true
SEND005155,CMP06,Autumn Edit,C00199,ads,Discover this season's useful upgrades.,2025-10-19,false,false
SEND005156,CMP01,New Year Reset,C00570,email,Start fresh with practical favorites.,2025-01-03,false,false
SEND005157,CMP04,Summer Essentials,C00418,ads,Simple essentials for warmer days.,2025-08-11,false,false
SEND005158,CMP05,Back to Routine,C00144,email,Get back into your everyday rhythm.,2025-09-21,false,false
SEND005159,CMP01,New Year Reset,C00636,email,Start fresh with practical favorites.,2025-02-16,false,false
SEND005160,CMP04,Summer Essentials,C00065,ads,Simple essentials for warmer days.,2025-08-13,false,false
SEND005161,CMP04,Summer Essentials,C00202,ads,Simple essentials for warmer days.,2025-06-25,false,false
SEND005162,CMP08,Holiday Highlights,C00085,ads,Explore customer favorites this holiday.,2025-12-28,false,false
SEND005163,CMP03,Member Picks,C00945,email,Popular picks selected for you.,2025-05-30,false,false
SEND005164,CMP08,Holiday Highlights,C00525,ads,Explore customer favorites this holiday.,2025-12-17,false,false
SEND005165,CMP06,Autumn Edit,C00477,ads,Discover this season's useful upgrades.,2025-09-25,false,false
SEND005166,CMP07,Early Holiday,C00757,email,A head start on thoughtful gifting.,2025-11-14,false,false
SEND005167,CMP05,Back to Routine,C00705,email,Get back into your everyday rhythm.,2025-09-03,false,false
SEND005168,CMP01,New Year Reset,C00888,email,Start fresh with practical favorites.,2025-01-08,false,false
SEND005169,CMP03,Member Picks,C00820,email,Popular picks selected for you.,2025-06-12,false,false
SEND005170,CMP03,Member Picks,C00161,email,Popular picks selected for you.,2025-06-21,false,false
SEND005171,CMP08,Holiday Highlights,C00331,ads,Explore customer favorites this holiday.,2025-12-20,true,false
SEND005172,CMP03,Member Picks,C00386,email,Popular picks selected for you.,2025-06-16,false,false
SEND005173,CMP08,Holiday Highlights,C00185,ads,Explore customer favorites this holiday.,2025-11-26,true,false
SEND005174,CMP03,Member Picks,C00408,email,Popular picks selected for you.,2025-05-24,false,false
SEND005175,CMP03,Member Picks,C00748,email,Popular picks selected for you.,2025-06-25,true,false
SEND005176,CMP01,New Year Reset,C00726,email,Start fresh with practical favorites.,2025-02-08,false,false
SEND005177,CMP04,Summer Essentials,C00664,ads,Simple essentials for warmer days.,2025-06-24,false,false
SEND005178,CMP07,Early Holiday,C00246,email,A head start on thoughtful gifting.,2025-11-23,false,true
SEND005179,CMP08,Holiday Highlights,C00770,ads,Explore customer favorites this holiday.,2025-11-14,true,false
SEND005180,CMP08,Holiday Highlights,C00146,ads,Explore customer favorites this holiday.,2025-11-11,false,false
SEND005181,CMP02,Spring Refresh,C00685,ads,Refresh your routine for spring.,2025-04-09,false,false
SEND005182,CMP04,Summer Essentials,C00462,ads,Simple essentials for warmer days.,2025-06-29,false,false
SEND005183,CMP07,Early Holiday,C00552,email,A head start on thoughtful gifting.,2025-11-08,false,false
SEND005184,CMP07,Early Holiday,C00393,email,A head start on thoughtful gifting.,2025-11-05,false,false
SEND005185,CMP07,Early Holiday,C00435,email,A head start on thoughtful gifting.,2025-11-27,true,false
SEND005186,CMP07,Early Holiday,C00678,email,A head start on thoughtful gifting.,2025-11-14,false,false
SEND005187,CMP01,New Year Reset,C00152,email,Start fresh with practical favorites.,2025-01-01,false,false
SEND005188,CMP07,Early Holiday,C00848,email,A head start on thoughtful gifting.,2025-11-01,false,false
SEND005189,CMP05,Back to Routine,C00074,email,Get back into your everyday rhythm.,2025-08-05,false,false
SEND005190,CMP04,Summer Essentials,C00164,ads,Simple essentials for warmer days.,2025-08-15,false,false
SEND005191,CMP05,Back to Routine,C00647,email,Get back into your everyday rhythm.,2025-09-12,false,false
SEND005192,CMP06,Autumn Edit,C00705,ads,Discover this season's useful upgrades.,2025-09-11,false,false
SEND005193,CMP06,Autumn Edit,C00155,ads,Discover this season's useful upgrades.,2025-09-02,false,false
SEND005194,CMP03,Member Picks,C00231,email,Popular picks selected for you.,2025-05-09,false,false
SEND005195,CMP01,New Year Reset,C00761,email,Start fresh with practical favorites.,2025-02-07,false,false
SEND005196,CMP05,Back to Routine,C00320,email,Get back into your everyday rhythm.,2025-09-28,true,false
SEND005197,CMP04,Summer Essentials,C00233,ads,Simple essentials for warmer days.,2025-08-13,false,false
SEND005198,CMP03,Member Picks,C00709,email,Popular picks selected for you.,2025-06-22,false,true
SEND005199,CMP02,Spring Refresh,C00179,ads,Refresh your routine for spring.,2025-04-02,false,false
SEND005200,CMP06,Autumn Edit,C00307,ads,Discover this season's useful upgrades.,2025-10-09,true,false
SEND005201,CMP01,New Year Reset,C00784,email,Start fresh with practical favorites.,2025-01-25,false,false
SEND005202,CMP04,Summer Essentials,C00669,ads,Simple essentials for warmer days.,2025-07-07,false,false
SEND005203,CMP06,Autumn Edit,C00394,ads,Discover this season's useful upgrades.,2025-09-26,true,false
SEND005204,CMP03,Member Picks,C00484,email,Popular picks selected for you.,2025-05-27,false,false
SEND005205,CMP08,Holiday Highlights,C00553,ads,Explore customer favorites this holiday.,2025-12-02,false,false
SEND005206,CMP07,Early Holiday,C00204,email,A head start on thoughtful gifting.,2025-11-13,false,false
SEND005207,CMP05,Back to Routine,C00214,email,Get back into your everyday rhythm.,2025-09-11,true,true
SEND005208,CMP04,Summer Essentials,C00776,ads,Simple essentials for warmer days.,2025-06-14,false,false
SEND005209,CMP04,Summer Essentials,C00876,ads,Simple essentials for warmer days.,2025-08-03,false,false
SEND005210,CMP05,Back to Routine,C00732,email,Get back into your everyday rhythm.,2025-08-09,false,false
SEND005211,CMP08,Holiday Highlights,C00024,ads,Explore customer favorites this holiday.,2025-11-15,false,false
SEND005212,CMP07,Early Holiday,C00985,email,A head start on thoughtful gifting.,2025-11-12,false,false
SEND005213,CMP01,New Year Reset,C00721,email,Start fresh with practical favorites.,2025-01-24,false,false
SEND005214,CMP01,New Year Reset,C00122,email,Start fresh with practical favorites.,2025-02-22,false,false
SEND005215,CMP06,Autumn Edit,C00021,ads,Discover this season's useful upgrades.,2025-09-07,true,false
SEND005216,CMP01,New Year Reset,C00350,email,Start fresh with practical favorites.,2025-01-03,false,false
SEND005217,CMP07,Early Holiday,C00278,email,A head start on thoughtful gifting.,2025-11-05,false,false
SEND005218,CMP01,New Year Reset,C00869,email,Start fresh with practical favorites.,2025-01-24,false,false
SEND005219,CMP05,Back to Routine,C00342,email,Get back into your everyday rhythm.,2025-08-06,false,false
SEND005220,CMP03,Member Picks,C00267,email,Popular picks selected for you.,2025-05-17,false,false
SEND005221,CMP02,Spring Refresh,C00603,ads,Refresh your routine for spring.,2025-04-09,false,false
SEND005222,CMP05,Back to Routine,C00773,email,Get back into your everyday rhythm.,2025-08-28,true,false
SEND005223,CMP06,Autumn Edit,C00844,ads,Discover this season's useful upgrades.,2025-09-25,false,true
SEND005224,CMP03,Member Picks,C00209,email,Popular picks selected for you.,2025-06-11,false,false
SEND005225,CMP08,Holiday Highlights,C00548,ads,Explore customer favorites this holiday.,2025-12-06,false,false
SEND005226,CMP03,Member Picks,C00506,email,Popular picks selected for you.,2025-05-28,false,false
SEND005227,CMP01,New Year Reset,C00141,email,Start fresh with practical favorites.,2025-02-13,false,false
SEND005228,CMP01,New Year Reset,C00679,email,Start fresh with practical favorites.,2025-02-12,false,false
SEND005229,CMP01,New Year Reset,C00795,email,Start fresh with practical favorites.,2025-01-19,false,true
SEND005230,CMP03,Member Picks,C00490,email,Popular picks selected for you.,2025-06-26,false,true
SEND005231,CMP08,Holiday Highlights,C00600,ads,Explore customer favorites this holiday.,2025-12-27,false,false
SEND005232,CMP07,Early Holiday,C00073,email,A head start on thoughtful gifting.,2025-11-03,false,false
SEND005233,CMP02,Spring Refresh,C00541,ads,Refresh your routine for spring.,2025-03-28,false,false
SEND005234,CMP05,Back to Routine,C00488,email,Get back into your everyday rhythm.,2025-09-18,true,false
SEND005235,CMP05,Back to Routine,C00234,email,Get back into your everyday rhythm.,2025-08-20,false,false
SEND005236,CMP06,Autumn Edit,C00777,ads,Discover this season's useful upgrades.,2025-09-20,false,false
SEND005237,CMP02,Spring Refresh,C00697,ads,Refresh your routine for spring.,2025-03-29,false,false
SEND005238,CMP02,Spring Refresh,C00317,ads,Refresh your routine for spring.,2025-03-24,false,false
SEND005239,CMP04,Summer Essentials,C00074,ads,Simple essentials for warmer days.,2025-06-10,false,false
SEND005240,CMP07,Early Holiday,C00113,email,A head start on thoughtful gifting.,2025-11-26,true,true
SEND005241,CMP07,Early Holiday,C00369,email,A head start on thoughtful gifting.,2025-11-27,false,false
SEND005242,CMP08,Holiday Highlights,C00064,ads,Explore customer favorites this holiday.,2025-12-31,false,false
SEND005243,CMP05,Back to Routine,C00966,email,Get back into your everyday rhythm.,2025-09-17,true,false
SEND005244,CMP01,New Year Reset,C00900,email,Start fresh with practical favorites.,2025-01-22,false,false
SEND005245,CMP06,Autumn Edit,C00302,ads,Discover this season's useful upgrades.,2025-09-07,false,false
SEND005246,CMP03,Member Picks,C00801,email,Popular picks selected for you.,2025-06-09,false,false
SEND005247,CMP07,Early Holiday,C00113,email,A head start on thoughtful gifting.,2025-11-30,false,false
SEND005248,CMP05,Back to Routine,C00167,email,Get back into your everyday rhythm.,2025-09-03,false,false
SEND005249,CMP05,Back to Routine,C00508,email,Get back into your everyday rhythm.,2025-09-14,false,false
SEND005250,CMP08,Holiday Highlights,C00212,ads,Explore customer favorites this holiday.,2025-11-23,false,false
SEND005251,CMP03,Member Picks,C00566,email,Popular picks selected for you.,2025-06-19,false,false
SEND005252,CMP05,Back to Routine,C00407,email,Get back into your everyday rhythm.,2025-08-25,false,false
SEND005253,CMP03,Member Picks,C00628,email,Popular picks selected for you.,2025-06-18,false,false
SEND005254,CMP01,New Year Reset,C00417,email,Start fresh with practical favorites.,2025-01-31,false,false
SEND005255,CMP02,Spring Refresh,C00648,ads,Refresh your routine for spring.,2025-03-13,false,false
SEND005256,CMP07,Early Holiday,C00672,email,A head start on thoughtful gifting.,2025-11-05,false,false
SEND005257,CMP05,Back to Routine,C00631,email,Get back into your everyday rhythm.,2025-09-22,false,false
SEND005258,CMP08,Holiday Highlights,C00188,ads,Explore customer favorites this holiday.,2025-11-09,false,false
SEND005259,CMP08,Holiday Highlights,C00599,ads,Explore customer favorites this holiday.,2025-11-21,false,false
SEND005260,CMP04,Summer Essentials,C00691,ads,Simple essentials for warmer days.,2025-08-31,false,false
SEND005261,CMP07,Early Holiday,C00837,email,A head start on thoughtful gifting.,2025-11-01,false,false
SEND005262,CMP08,Holiday Highlights,C00977,ads,Explore customer favorites this holiday.,2025-12-02,true,false
SEND005263,CMP06,Autumn Edit,C00337,ads,Discover this season's useful upgrades.,2025-10-15,true,false
SEND005264,CMP08,Holiday Highlights,C00879,ads,Explore customer favorites this holiday.,2025-11-30,true,true
SEND005265,CMP03,Member Picks,C00918,email,Popular picks selected for you.,2025-06-28,false,false
SEND005266,CMP06,Autumn Edit,C00987,ads,Discover this season's useful upgrades.,2025-09-09,false,false
SEND005267,CMP08,Holiday Highlights,C00416,ads,Explore customer favorites this holiday.,2025-11-13,true,false
SEND005268,CMP07,Early Holiday,C00523,email,A head start on thoughtful gifting.,2025-11-09,false,false
SEND005269,CMP02,Spring Refresh,C00446,ads,Refresh your routine for spring.,2025-04-22,true,false
SEND005270,CMP04,Summer Essentials,C00579,ads,Simple essentials for warmer days.,2025-08-21,false,false
SEND005271,CMP02,Spring Refresh,C00727,ads,Refresh your routine for spring.,2025-04-03,false,false
SEND005272,CMP01,New Year Reset,C00053,email,Start fresh with practical favorites.,2025-02-15,false,false
SEND005273,CMP04,Summer Essentials,C00497,ads,Simple essentials for warmer days.,2025-08-31,false,false
SEND005274,CMP06,Autumn Edit,C00026,ads,Discover this season's useful upgrades.,2025-10-18,false,false
SEND005275,CMP08,Holiday Highlights,C00050,ads,Explore customer favorites this holiday.,2025-11-27,false,false
SEND005276,CMP03,Member Picks,C00677,email,Popular picks selected for you.,2025-06-17,false,false
SEND005277,CMP04,Summer Essentials,C00421,ads,Simple essentials for warmer days.,2025-06-16,false,false
SEND005278,CMP06,Autumn Edit,C00177,ads,Discover this season's useful upgrades.,2025-09-20,false,false
SEND005279,CMP02,Spring Refresh,C00870,ads,Refresh your routine for spring.,2025-04-26,false,false
SEND005280,CMP04,Summer Essentials,C00286,ads,Simple essentials for warmer days.,2025-06-21,true,false
SEND005281,CMP08,Holiday Highlights,C00116,ads,Explore customer favorites this holiday.,2025-12-19,false,false
SEND005282,CMP08,Holiday Highlights,C00695,ads,Explore customer favorites this holiday.,2025-12-05,false,false
SEND005283,CMP08,Holiday Highlights,C00698,ads,Explore customer favorites this holiday.,2025-11-11,false,false
SEND005284,CMP07,Early Holiday,C00026,email,A head start on thoughtful gifting.,2025-11-11,false,false
SEND005285,CMP06,Autumn Edit,C00952,ads,Discover this season's useful upgrades.,2025-09-14,false,false
SEND005286,CMP05,Back to Routine,C00919,email,Get back into your everyday rhythm.,2025-09-05,false,false
SEND005287,CMP01,New Year Reset,C00277,email,Start fresh with practical favorites.,2025-01-31,false,false
SEND005288,CMP06,Autumn Edit,C00304,ads,Discover this season's useful upgrades.,2025-09-25,false,false
SEND005289,CMP02,Spring Refresh,C00863,ads,Refresh your routine for spring.,2025-04-10,false,true
SEND005290,CMP03,Member Picks,C00192,email,Popular picks selected for you.,2025-06-29,false,false
SEND005291,CMP05,Back to Routine,C00208,email,Get back into your everyday rhythm.,2025-09-06,false,false
SEND005292,CMP04,Summer Essentials,C00812,ads,Simple essentials for warmer days.,2025-06-28,false,false
SEND005293,CMP05,Back to Routine,C00871,email,Get back into your everyday rhythm.,2025-08-22,true,false
SEND005294,CMP02,Spring Refresh,C00885,ads,Refresh your routine for spring.,2025-03-14,false,false
SEND005295,CMP02,Spring Refresh,C00707,ads,Refresh your routine for spring.,2025-04-25,true,false
SEND005296,CMP07,Early Holiday,C00796,email,A head start on thoughtful gifting.,2025-11-22,false,false
SEND005297,CMP04,Summer Essentials,C00256,ads,Simple essentials for warmer days.,2025-07-16,false,false
SEND005298,CMP03,Member Picks,C00784,email,Popular picks selected for you.,2025-06-27,false,false
SEND005299,CMP08,Holiday Highlights,C00695,ads,Explore customer favorites this holiday.,2025-12-02,false,false
SEND005300,CMP06,Autumn Edit,C00185,ads,Discover this season's useful upgrades.,2025-10-29,false,false
SEND005301,CMP02,Spring Refresh,C00443,ads,Refresh your routine for spring.,2025-04-13,false,false
SEND005302,CMP04,Summer Essentials,C00397,ads,Simple essentials for warmer days.,2025-06-19,true,false
SEND005303,CMP02,Spring Refresh,C00385,ads,Refresh your routine for spring.,2025-03-09,false,false
SEND005304,CMP03,Member Picks,C00752,email,Popular picks selected for you.,2025-06-10,false,false
SEND005305,CMP02,Spring Refresh,C00194,ads,Refresh your routine for spring.,2025-04-12,false,false
SEND005306,CMP05,Back to Routine,C00895,email,Get back into your everyday rhythm.,2025-09-22,true,false
SEND005307,CMP02,Spring Refresh,C00327,ads,Refresh your routine for spring.,2025-03-08,false,false
SEND005308,CMP01,New Year Reset,C00182,email,Start fresh with practical favorites.,2025-01-12,true,false
SEND005309,CMP01,New Year Reset,C00104,email,Start fresh with practical favorites.,2025-02-06,true,false
SEND005310,CMP02,Spring Refresh,C00064,ads,Refresh your routine for spring.,2025-04-05,false,false
SEND005311,CMP08,Holiday Highlights,C00738,ads,Explore customer favorites this holiday.,2025-12-21,false,false
SEND005312,CMP03,Member Picks,C00483,email,Popular picks selected for you.,2025-05-31,false,false
SEND005313,CMP05,Back to Routine,C00566,email,Get back into your everyday rhythm.,2025-09-24,false,false
SEND005314,CMP01,New Year Reset,C00296,email,Start fresh with practical favorites.,2025-02-17,false,false
SEND005315,CMP06,Autumn Edit,C00103,ads,Discover this season's useful upgrades.,2025-09-17,false,false
SEND005316,CMP03,Member Picks,C00701,email,Popular picks selected for you.,2025-05-07,false,false
SEND005317,CMP03,Member Picks,C00134,email,Popular picks selected for you.,2025-06-07,false,false
SEND005318,CMP02,Spring Refresh,C00493,ads,Refresh your routine for spring.,2025-04-04,false,false
SEND005319,CMP05,Back to Routine,C00464,email,Get back into your everyday rhythm.,2025-08-16,false,false
SEND005320,CMP07,Early Holiday,C00722,email,A head start on thoughtful gifting.,2025-11-15,false,true
SEND005321,CMP05,Back to Routine,C00650,email,Get back into your everyday rhythm.,2025-08-30,false,false
SEND005322,CMP06,Autumn Edit,C00613,ads,Discover this season's useful upgrades.,2025-09-13,false,false
SEND005323,CMP01,New Year Reset,C00281,email,Start fresh with practical favorites.,2025-02-05,false,false
SEND005324,CMP01,New Year Reset,C00900,email,Start fresh with practical favorites.,2025-02-19,false,false
SEND005325,CMP02,Spring Refresh,C00465,ads,Refresh your routine for spring.,2025-04-04,false,false
SEND005326,CMP02,Spring Refresh,C00845,ads,Refresh your routine for spring.,2025-04-21,false,false
SEND005327,CMP05,Back to Routine,C00062,email,Get back into your everyday rhythm.,2025-09-15,false,false
SEND005328,CMP01,New Year Reset,C00412,email,Start fresh with practical favorites.,2025-02-26,false,false
SEND005329,CMP08,Holiday Highlights,C00794,ads,Explore customer favorites this holiday.,2025-11-22,false,false
SEND005330,CMP01,New Year Reset,C00519,email,Start fresh with practical favorites.,2025-01-27,false,false
SEND005331,CMP04,Summer Essentials,C00524,ads,Simple essentials for warmer days.,2025-06-02,true,false
SEND005332,CMP07,Early Holiday,C00805,email,A head start on thoughtful gifting.,2025-11-17,false,false
SEND005333,CMP04,Summer Essentials,C00901,ads,Simple essentials for warmer days.,2025-06-28,false,false
SEND005334,CMP06,Autumn Edit,C00325,ads,Discover this season's useful upgrades.,2025-10-28,false,false
SEND005335,CMP03,Member Picks,C00477,email,Popular picks selected for you.,2025-06-05,false,false
SEND005336,CMP05,Back to Routine,C00925,email,Get back into your everyday rhythm.,2025-09-13,false,false
SEND005337,CMP04,Summer Essentials,C00806,ads,Simple essentials for warmer days.,2025-08-05,false,true
SEND005338,CMP05,Back to Routine,C00871,email,Get back into your everyday rhythm.,2025-08-27,false,false
SEND005339,CMP07,Early Holiday,C00761,email,A head start on thoughtful gifting.,2025-11-29,true,false
SEND005340,CMP05,Back to Routine,C00054,email,Get back into your everyday rhythm.,2025-09-26,false,false
SEND005341,CMP04,Summer Essentials,C00931,ads,Simple essentials for warmer days.,2025-07-25,false,true
SEND005342,CMP03,Member Picks,C00755,email,Popular picks selected for you.,2025-06-08,false,false
SEND005343,CMP04,Summer Essentials,C00075,ads,Simple essentials for warmer days.,2025-07-09,false,false
SEND005344,CMP04,Summer Essentials,C00502,ads,Simple essentials for warmer days.,2025-08-08,false,false
SEND005345,CMP06,Autumn Edit,C00442,ads,Discover this season's useful upgrades.,2025-09-14,false,true
SEND005346,CMP03,Member Picks,C00894,email,Popular picks selected for you.,2025-05-31,false,false
SEND005347,CMP04,Summer Essentials,C00558,ads,Simple essentials for warmer days.,2025-08-18,false,false
SEND005348,CMP01,New Year Reset,C00225,email,Start fresh with practical favorites.,2025-02-05,false,false
SEND005349,CMP01,New Year Reset,C00895,email,Start fresh with practical favorites.,2025-02-27,false,false
SEND005350,CMP06,Autumn Edit,C00115,ads,Discover this season's useful upgrades.,2025-09-05,false,false
SEND005351,CMP03,Member Picks,C00915,email,Popular picks selected for you.,2025-06-26,false,false
SEND005352,CMP02,Spring Refresh,C00740,ads,Refresh your routine for spring.,2025-03-16,false,false
SEND005353,CMP08,Holiday Highlights,C00379,ads,Explore customer favorites this holiday.,2025-12-12,false,false
SEND005354,CMP05,Back to Routine,C00881,email,Get back into your everyday rhythm.,2025-08-02,false,false
SEND005355,CMP05,Back to Routine,C00520,email,Get back into your everyday rhythm.,2025-09-15,false,false
SEND005356,CMP08,Holiday Highlights,C00926,ads,Explore customer favorites this holiday.,2025-12-09,false,false
SEND005357,CMP03,Member Picks,C00086,email,Popular picks selected for you.,2025-05-17,false,false
SEND005358,CMP07,Early Holiday,C00631,email,A head start on thoughtful gifting.,2025-11-07,false,false
SEND005359,CMP04,Summer Essentials,C00616,ads,Simple essentials for warmer days.,2025-07-11,false,false
SEND005360,CMP07,Early Holiday,C00114,email,A head start on thoughtful gifting.,2025-11-11,false,true
SEND005361,CMP08,Holiday Highlights,C00822,ads,Explore customer favorites this holiday.,2025-11-26,false,false
SEND005362,CMP07,Early Holiday,C00106,email,A head start on thoughtful gifting.,2025-11-19,false,false
SEND005363,CMP06,Autumn Edit,C00266,ads,Discover this season's useful upgrades.,2025-09-22,false,false
SEND005364,CMP05,Back to Routine,C00286,email,Get back into your everyday rhythm.,2025-09-10,false,false
SEND005365,CMP08,Holiday Highlights,C00643,ads,Explore customer favorites this holiday.,2025-12-11,false,true
SEND005366,CMP03,Member Picks,C00290,email,Popular picks selected for you.,2025-06-27,false,false
SEND005367,CMP03,Member Picks,C00815,email,Popular picks selected for you.,2025-05-24,false,false
SEND005368,CMP06,Autumn Edit,C00421,ads,Discover this season's useful upgrades.,2025-09-01,true,true
SEND005369,CMP06,Autumn Edit,C00354,ads,Discover this season's useful upgrades.,2025-10-04,false,false
SEND005370,CMP01,New Year Reset,C00936,email,Start fresh with practical favorites.,2025-01-16,false,false
SEND005371,CMP01,New Year Reset,C00694,email,Start fresh with practical favorites.,2025-02-13,false,false
SEND005372,CMP06,Autumn Edit,C00031,ads,Discover this season's useful upgrades.,2025-09-28,false,false
SEND005373,CMP02,Spring Refresh,C00191,ads,Refresh your routine for spring.,2025-03-13,true,false
SEND005374,CMP04,Summer Essentials,C00738,ads,Simple essentials for warmer days.,2025-08-09,true,false
SEND005375,CMP04,Summer Essentials,C00738,ads,Simple essentials for warmer days.,2025-08-03,false,false
SEND005376,CMP02,Spring Refresh,C00719,ads,Refresh your routine for spring.,2025-03-01,false,false
SEND005377,CMP03,Member Picks,C00464,email,Popular picks selected for you.,2025-06-23,false,false
SEND005378,CMP02,Spring Refresh,C00007,ads,Refresh your routine for spring.,2025-03-28,false,false
SEND005379,CMP03,Member Picks,C00494,email,Popular picks selected for you.,2025-05-07,false,true
SEND005380,CMP04,Summer Essentials,C00628,ads,Simple essentials for warmer days.,2025-07-13,false,true
SEND005381,CMP01,New Year Reset,C00191,email,Start fresh with practical favorites.,2025-01-04,false,false
SEND005382,CMP02,Spring Refresh,C00015,ads,Refresh your routine for spring.,2025-04-17,false,false
SEND005383,CMP06,Autumn Edit,C00059,ads,Discover this season's useful upgrades.,2025-10-30,false,false
SEND005384,CMP06,Autumn Edit,C00364,ads,Discover this season's useful upgrades.,2025-10-13,false,false
SEND005385,CMP04,Summer Essentials,C00176,ads,Simple essentials for warmer days.,2025-06-23,true,false
SEND005386,CMP01,New Year Reset,C00815,email,Start fresh with practical favorites.,2025-01-10,false,false
SEND005387,CMP04,Summer Essentials,C00017,ads,Simple essentials for warmer days.,2025-07-22,false,false
SEND005388,CMP01,New Year Reset,C00433,email,Start fresh with practical favorites.,2025-02-27,false,false
SEND005389,CMP05,Back to Routine,C00270,email,Get back into your everyday rhythm.,2025-09-01,false,false
SEND005390,CMP02,Spring Refresh,C00526,ads,Refresh your routine for spring.,2025-03-08,false,false
SEND005391,CMP01,New Year Reset,C00570,email,Start fresh with practical favorites.,2025-02-21,false,false
SEND005392,CMP05,Back to Routine,C00541,email,Get back into your everyday rhythm.,2025-08-22,false,false
SEND005393,CMP04,Summer Essentials,C00747,ads,Simple essentials for warmer days.,2025-07-15,false,false
SEND005394,CMP02,Spring Refresh,C00800,ads,Refresh your routine for spring.,2025-04-13,false,false
SEND005395,CMP07,Early Holiday,C00760,email,A head start on thoughtful gifting.,2025-11-28,false,false
SEND005396,CMP07,Early Holiday,C00025,email,A head start on thoughtful gifting.,2025-11-01,false,false
SEND005397,CMP02,Spring Refresh,C00100,ads,Refresh your routine for spring.,2025-03-26,false,false
SEND005398,CMP05,Back to Routine,C00773,email,Get back into your everyday rhythm.,2025-09-25,false,false
SEND005399,CMP03,Member Picks,C00832,email,Popular picks selected for you.,2025-05-23,false,false
SEND005400,CMP07,Early Holiday,C00129,email,A head start on thoughtful gifting.,2025-11-26,false,false
SEND005401,CMP07,Early Holiday,C00132,email,A head start on thoughtful gifting.,2025-11-29,false,false
SEND005402,CMP08,Holiday Highlights,C00530,ads,Explore customer favorites this holiday.,2025-11-02,false,true
SEND005403,CMP08,Holiday Highlights,C00734,ads,Explore customer favorites this holiday.,2025-11-22,false,false
SEND005404,CMP05,Back to Routine,C00243,email,Get back into your everyday rhythm.,2025-08-01,false,false
SEND005405,CMP06,Autumn Edit,C00875,ads,Discover this season's useful upgrades.,2025-10-11,false,false
SEND005406,CMP02,Spring Refresh,C00967,ads,Refresh your routine for spring.,2025-04-18,true,true
SEND005407,CMP03,Member Picks,C00165,email,Popular picks selected for you.,2025-06-20,false,false
SEND005408,CMP05,Back to Routine,C00558,email,Get back into your everyday rhythm.,2025-09-17,true,false
SEND005409,CMP01,New Year Reset,C00236,email,Start fresh with practical favorites.,2025-02-26,true,true
SEND005410,CMP07,Early Holiday,C00339,email,A head start on thoughtful gifting.,2025-11-01,false,false
SEND005411,CMP06,Autumn Edit,C00596,ads,Discover this season's useful upgrades.,2025-10-26,false,true
SEND005412,CMP06,Autumn Edit,C00464,ads,Discover this season's useful upgrades.,2025-09-10,false,false
SEND005413,CMP04,Summer Essentials,C00609,ads,Simple essentials for warmer days.,2025-06-11,false,false
SEND005414,CMP02,Spring Refresh,C00836,ads,Refresh your routine for spring.,2025-03-18,false,false
SEND005415,CMP01,New Year Reset,C00252,email,Start fresh with practical favorites.,2025-01-23,false,false
SEND005416,CMP04,Summer Essentials,C00424,ads,Simple essentials for warmer days.,2025-06-02,false,false
SEND005417,CMP03,Member Picks,C00235,email,Popular picks selected for you.,2025-05-21,false,false
SEND005418,CMP05,Back to Routine,C00498,email,Get back into your everyday rhythm.,2025-09-05,false,false
SEND005419,CMP01,New Year Reset,C00894,email,Start fresh with practical favorites.,2025-01-15,false,false
SEND005420,CMP05,Back to Routine,C00065,email,Get back into your everyday rhythm.,2025-08-16,false,false
SEND005421,CMP08,Holiday Highlights,C00575,ads,Explore customer favorites this holiday.,2025-12-15,true,false
SEND005422,CMP04,Summer Essentials,C00800,ads,Simple essentials for warmer days.,2025-07-30,false,false
SEND005423,CMP05,Back to Routine,C00192,email,Get back into your everyday rhythm.,2025-08-01,false,false
SEND005424,CMP06,Autumn Edit,C00905,ads,Discover this season's useful upgrades.,2025-09-27,false,false
SEND005425,CMP03,Member Picks,C00344,email,Popular picks selected for you.,2025-05-05,true,false
SEND005426,CMP05,Back to Routine,C00414,email,Get back into your everyday rhythm.,2025-09-29,false,false
SEND005427,CMP06,Autumn Edit,C00927,ads,Discover this season's useful upgrades.,2025-09-23,false,false
SEND005428,CMP04,Summer Essentials,C00033,ads,Simple essentials for warmer days.,2025-06-18,false,false
SEND005429,CMP01,New Year Reset,C00746,email,Start fresh with practical favorites.,2025-02-16,false,false
SEND005430,CMP04,Summer Essentials,C00169,ads,Simple essentials for warmer days.,2025-08-25,false,false
SEND005431,CMP07,Early Holiday,C00071,email,A head start on thoughtful gifting.,2025-11-19,true,true
SEND005432,CMP07,Early Holiday,C00351,email,A head start on thoughtful gifting.,2025-11-07,false,false
SEND005433,CMP05,Back to Routine,C00702,email,Get back into your everyday rhythm.,2025-08-28,false,false
SEND005434,CMP08,Holiday Highlights,C00374,ads,Explore customer favorites this holiday.,2025-12-13,false,false
SEND005435,CMP02,Spring Refresh,C00353,ads,Refresh your routine for spring.,2025-03-31,false,false
SEND005436,CMP03,Member Picks,C00951,email,Popular picks selected for you.,2025-05-30,false,false
SEND005437,CMP05,Back to Routine,C00942,email,Get back into your everyday rhythm.,2025-08-25,false,false
SEND005438,CMP05,Back to Routine,C00724,email,Get back into your everyday rhythm.,2025-09-30,false,false
SEND005439,CMP05,Back to Routine,C00502,email,Get back into your everyday rhythm.,2025-08-01,true,true
SEND005440,CMP08,Holiday Highlights,C00652,ads,Explore customer favorites this holiday.,2025-12-29,true,false
SEND005441,CMP02,Spring Refresh,C00067,ads,Refresh your routine for spring.,2025-03-02,false,false
SEND005442,CMP04,Summer Essentials,C00796,ads,Simple essentials for warmer days.,2025-06-19,false,false
SEND005443,CMP01,New Year Reset,C00826,email,Start fresh with practical favorites.,2025-01-04,false,false
SEND005444,CMP05,Back to Routine,C00538,email,Get back into your everyday rhythm.,2025-09-04,false,false
SEND005445,CMP02,Spring Refresh,C00269,ads,Refresh your routine for spring.,2025-04-14,false,false
SEND005446,CMP07,Early Holiday,C00613,email,A head start on thoughtful gifting.,2025-11-02,false,false
SEND005447,CMP02,Spring Refresh,C00803,ads,Refresh your routine for spring.,2025-03-31,false,false
SEND005448,CMP02,Spring Refresh,C00705,ads,Refresh your routine for spring.,2025-04-05,false,false
SEND005449,CMP07,Early Holiday,C00915,email,A head start on thoughtful gifting.,2025-11-16,false,false
SEND005450,CMP07,Early Holiday,C00298,email,A head start on thoughtful gifting.,2025-11-08,false,false
SEND005451,CMP08,Holiday Highlights,C00343,ads,Explore customer favorites this holiday.,2025-12-30,false,false
SEND005452,CMP08,Holiday Highlights,C00928,ads,Explore customer favorites this holiday.,2025-12-15,false,false
SEND005453,CMP01,New Year Reset,C00455,email,Start fresh with practical favorites.,2025-01-28,false,false
SEND005454,CMP08,Holiday Highlights,C00974,ads,Explore customer favorites this holiday.,2025-11-10,false,false
SEND005455,CMP07,Early Holiday,C00855,email,A head start on thoughtful gifting.,2025-11-24,false,false
SEND005456,CMP04,Summer Essentials,C00750,ads,Simple essentials for warmer days.,2025-07-22,false,false
SEND005457,CMP03,Member Picks,C00999,email,Popular picks selected for you.,2025-06-30,false,true
SEND005458,CMP06,Autumn Edit,C00315,ads,Discover this season's useful upgrades.,2025-10-16,false,false
SEND005459,CMP03,Member Picks,C00252,email,Popular picks selected for you.,2025-05-18,false,false
SEND005460,CMP02,Spring Refresh,C00694,ads,Refresh your routine for spring.,2025-03-19,true,false
SEND005461,CMP03,Member Picks,C00534,email,Popular picks selected for you.,2025-05-22,false,false
SEND005462,CMP02,Spring Refresh,C00702,ads,Refresh your routine for spring.,2025-03-17,false,false
SEND005463,CMP07,Early Holiday,C00058,email,A head start on thoughtful gifting.,2025-11-22,false,true
SEND005464,CMP01,New Year Reset,C00071,email,Start fresh with practical favorites.,2025-01-13,false,false
SEND005465,CMP03,Member Picks,C00636,email,Popular picks selected for you.,2025-06-15,false,false
SEND005466,CMP06,Autumn Edit,C00253,ads,Discover this season's useful upgrades.,2025-10-24,false,false
SEND005467,CMP08,Holiday Highlights,C00012,ads,Explore customer favorites this holiday.,2025-12-01,false,false
SEND005468,CMP05,Back to Routine,C00406,email,Get back into your everyday rhythm.,2025-08-10,false,false
SEND005469,CMP01,New Year Reset,C00659,email,Start fresh with practical favorites.,2025-01-16,true,false
SEND005470,CMP08,Holiday Highlights,C00072,ads,Explore customer favorites this holiday.,2025-12-31,false,false
SEND005471,CMP02,Spring Refresh,C00782,ads,Refresh your routine for spring.,2025-04-13,true,false
SEND005472,CMP07,Early Holiday,C00881,email,A head start on thoughtful gifting.,2025-11-01,true,false
SEND005473,CMP03,Member Picks,C00493,email,Popular picks selected for you.,2025-06-23,false,true
SEND005474,CMP01,New Year Reset,C00456,email,Start fresh with practical favorites.,2025-02-11,false,false
SEND005475,CMP02,Spring Refresh,C00120,ads,Refresh your routine for spring.,2025-04-18,false,false
SEND005476,CMP07,Early Holiday,C00484,email,A head start on thoughtful gifting.,2025-11-24,false,false
SEND005477,CMP06,Autumn Edit,C00093,ads,Discover this season's useful upgrades.,2025-09-27,false,false
SEND005478,CMP07,Early Holiday,C00686,email,A head start on thoughtful gifting.,2025-11-21,false,false
SEND005479,CMP07,Early Holiday,C00589,email,A head start on thoughtful gifting.,2025-11-01,false,false
SEND005480,CMP07,Early Holiday,C00234,email,A head start on thoughtful gifting.,2025-11-27,false,false
SEND005481,CMP02,Spring Refresh,C00175,ads,Refresh your routine for spring.,2025-04-03,false,false
SEND005482,CMP04,Summer Essentials,C00076,ads,Simple essentials for warmer days.,2025-08-30,false,false
SEND005483,CMP04,Summer Essentials,C00239,ads,Simple essentials for warmer days.,2025-06-16,false,false
SEND005484,CMP05,Back to Routine,C00448,email,Get back into your everyday rhythm.,2025-08-21,false,false
SEND005485,CMP01,New Year Reset,C00919,email,Start fresh with practical favorites.,2025-01-18,false,true
SEND005486,CMP04,Summer Essentials,C00041,ads,Simple essentials for warmer days.,2025-06-29,false,false
SEND005487,CMP06,Autumn Edit,C00526,ads,Discover this season's useful upgrades.,2025-10-16,false,true
SEND005488,CMP05,Back to Routine,C00439,email,Get back into your everyday rhythm.,2025-08-19,false,false
SEND005489,CMP08,Holiday Highlights,C00328,ads,Explore customer favorites this holiday.,2025-11-29,false,false
SEND005490,CMP03,Member Picks,C00393,email,Popular picks selected for you.,2025-05-26,false,false
SEND005491,CMP08,Holiday Highlights,C00356,ads,Explore customer favorites this holiday.,2025-11-18,false,false
SEND005492,CMP05,Back to Routine,C00454,email,Get back into your everyday rhythm.,2025-08-17,false,false
SEND005493,CMP03,Member Picks,C00953,email,Popular picks selected for you.,2025-05-21,false,false
SEND005494,CMP03,Member Picks,C00352,email,Popular picks selected for you.,2025-05-26,false,true
SEND005495,CMP07,Early Holiday,C00869,email,A head start on thoughtful gifting.,2025-11-25,false,false
SEND005496,CMP04,Summer Essentials,C00290,ads,Simple essentials for warmer days.,2025-08-08,false,false
SEND005497,CMP06,Autumn Edit,C00003,ads,Discover this season's useful upgrades.,2025-10-31,false,true
SEND005498,CMP07,Early Holiday,C00801,email,A head start on thoughtful gifting.,2025-11-04,false,false
SEND005499,CMP07,Early Holiday,C00116,email,A head start on thoughtful gifting.,2025-11-20,false,false
SEND005500,CMP03,Member Picks,C00570,email,Popular picks selected for you.,2025-06-21,false,false
SEND005501,CMP05,Back to Routine,C00120,email,Get back into your everyday rhythm.,2025-09-08,false,false
SEND005502,CMP01,New Year Reset,C00358,email,Start fresh with practical favorites.,2025-02-06,false,false
SEND005503,CMP04,Summer Essentials,C00474,ads,Simple essentials for warmer days.,2025-08-18,false,false
SEND005504,CMP07,Early Holiday,C00264,email,A head start on thoughtful gifting.,2025-11-20,false,true
SEND005505,CMP01,New Year Reset,C00438,email,Start fresh with practical favorites.,2025-01-15,false,false
SEND005506,CMP04,Summer Essentials,C00152,ads,Simple essentials for warmer days.,2025-08-10,false,false
SEND005507,CMP06,Autumn Edit,C00325,ads,Discover this season's useful upgrades.,2025-10-14,true,false
SEND005508,CMP06,Autumn Edit,C00136,ads,Discover this season's useful upgrades.,2025-09-02,false,false
SEND005509,CMP08,Holiday Highlights,C00549,ads,Explore customer favorites this holiday.,2025-11-10,false,false
SEND005510,CMP08,Holiday Highlights,C00811,ads,Explore customer favorites this holiday.,2025-12-02,false,false
SEND005511,CMP08,Holiday Highlights,C00936,ads,Explore customer favorites this holiday.,2025-11-08,true,false
SEND005512,CMP04,Summer Essentials,C00515,ads,Simple essentials for warmer days.,2025-08-17,true,false
SEND005513,CMP03,Member Picks,C00218,email,Popular picks selected for you.,2025-06-09,false,false
SEND005514,CMP05,Back to Routine,C00450,email,Get back into your everyday rhythm.,2025-09-02,false,false
SEND005515,CMP01,New Year Reset,C00477,email,Start fresh with practical favorites.,2025-01-28,false,false
SEND005516,CMP01,New Year Reset,C00367,email,Start fresh with practical favorites.,2025-01-01,true,false
SEND005517,CMP05,Back to Routine,C00058,email,Get back into your everyday rhythm.,2025-08-14,false,false
SEND005518,CMP06,Autumn Edit,C00072,ads,Discover this season's useful upgrades.,2025-10-29,false,false
SEND005519,CMP04,Summer Essentials,C00687,ads,Simple essentials for warmer days.,2025-07-09,false,false
SEND005520,CMP06,Autumn Edit,C00189,ads,Discover this season's useful upgrades.,2025-09-22,false,true
SEND005521,CMP08,Holiday Highlights,C00753,ads,Explore customer favorites this holiday.,2025-12-31,false,false
SEND005522,CMP01,New Year Reset,C00400,email,Start fresh with practical favorites.,2025-01-07,false,false
SEND005523,CMP02,Spring Refresh,C00490,ads,Refresh your routine for spring.,2025-04-14,false,false
SEND005524,CMP06,Autumn Edit,C00836,ads,Discover this season's useful upgrades.,2025-09-10,false,false
SEND005525,CMP07,Early Holiday,C00775,email,A head start on thoughtful gifting.,2025-11-02,false,false
SEND005526,CMP05,Back to Routine,C00022,email,Get back into your everyday rhythm.,2025-09-17,false,false
SEND005527,CMP06,Autumn Edit,C00248,ads,Discover this season's useful upgrades.,2025-10-17,false,false
SEND005528,CMP05,Back to Routine,C00746,email,Get back into your everyday rhythm.,2025-08-16,false,false
SEND005529,CMP08,Holiday Highlights,C00371,ads,Explore customer favorites this holiday.,2025-12-16,false,false
SEND005530,CMP02,Spring Refresh,C00364,ads,Refresh your routine for spring.,2025-03-11,false,false
SEND005531,CMP04,Summer Essentials,C00599,ads,Simple essentials for warmer days.,2025-08-20,false,false
SEND005532,CMP06,Autumn Edit,C00391,ads,Discover this season's useful upgrades.,2025-09-09,true,false
SEND005533,CMP01,New Year Reset,C00611,email,Start fresh with practical favorites.,2025-01-05,false,false
SEND005534,CMP01,New Year Reset,C00473,email,Start fresh with practical favorites.,2025-02-11,false,false
SEND005535,CMP03,Member Picks,C00522,email,Popular picks selected for you.,2025-05-10,false,false
SEND005536,CMP06,Autumn Edit,C00348,ads,Discover this season's useful upgrades.,2025-10-03,false,false
SEND005537,CMP04,Summer Essentials,C00455,ads,Simple essentials for warmer days.,2025-08-16,false,false
SEND005538,CMP01,New Year Reset,C00409,email,Start fresh with practical favorites.,2025-02-04,true,false
SEND005539,CMP06,Autumn Edit,C00780,ads,Discover this season's useful upgrades.,2025-10-21,false,false
SEND005540,CMP04,Summer Essentials,C00784,ads,Simple essentials for warmer days.,2025-07-11,false,false
SEND005541,CMP07,Early Holiday,C00327,email,A head start on thoughtful gifting.,2025-11-20,false,true
SEND005542,CMP04,Summer Essentials,C00064,ads,Simple essentials for warmer days.,2025-07-26,false,false
SEND005543,CMP04,Summer Essentials,C00801,ads,Simple essentials for warmer days.,2025-07-31,false,false
SEND005544,CMP03,Member Picks,C00916,email,Popular picks selected for you.,2025-05-31,false,false
SEND005545,CMP02,Spring Refresh,C00812,ads,Refresh your routine for spring.,2025-03-08,false,false
SEND005546,CMP06,Autumn Edit,C00018,ads,Discover this season's useful upgrades.,2025-09-10,false,false
SEND005547,CMP01,New Year Reset,C00024,email,Start fresh with practical favorites.,2025-02-24,false,false
SEND005548,CMP03,Member Picks,C00523,email,Popular picks selected for you.,2025-05-21,false,false
SEND005549,CMP03,Member Picks,C00184,email,Popular picks selected for you.,2025-06-25,false,false
SEND005550,CMP06,Autumn Edit,C00954,ads,Discover this season's useful upgrades.,2025-09-20,false,false
SEND005551,CMP05,Back to Routine,C00698,email,Get back into your everyday rhythm.,2025-09-19,false,false
SEND005552,CMP08,Holiday Highlights,C00815,ads,Explore customer favorites this holiday.,2025-12-05,false,false
SEND005553,CMP04,Summer Essentials,C00033,ads,Simple essentials for warmer days.,2025-06-26,false,false
SEND005554,CMP02,Spring Refresh,C00328,ads,Refresh your routine for spring.,2025-03-02,false,false
SEND005555,CMP05,Back to Routine,C00833,email,Get back into your everyday rhythm.,2025-08-26,false,false
SEND005556,CMP04,Summer Essentials,C00684,ads,Simple essentials for warmer days.,2025-06-23,false,false
SEND005557,CMP02,Spring Refresh,C00401,ads,Refresh your routine for spring.,2025-03-23,false,false
SEND005558,CMP08,Holiday Highlights,C00081,ads,Explore customer favorites this holiday.,2025-12-01,false,false
SEND005559,CMP05,Back to Routine,C00868,email,Get back into your everyday rhythm.,2025-08-30,true,false
SEND005560,CMP06,Autumn Edit,C00144,ads,Discover this season's useful upgrades.,2025-10-23,true,false
SEND005561,CMP02,Spring Refresh,C00342,ads,Refresh your routine for spring.,2025-03-30,false,true
SEND005562,CMP03,Member Picks,C00615,email,Popular picks selected for you.,2025-05-13,false,false
SEND005563,CMP05,Back to Routine,C00718,email,Get back into your everyday rhythm.,2025-09-11,true,false
SEND005564,CMP07,Early Holiday,C00020,email,A head start on thoughtful gifting.,2025-11-14,false,false
SEND005565,CMP08,Holiday Highlights,C00132,ads,Explore customer favorites this holiday.,2025-11-14,false,false
SEND005566,CMP02,Spring Refresh,C00992,ads,Refresh your routine for spring.,2025-04-16,false,false
SEND005567,CMP03,Member Picks,C00163,email,Popular picks selected for you.,2025-06-28,false,false
SEND005568,CMP02,Spring Refresh,C00009,ads,Refresh your routine for spring.,2025-03-28,false,false
SEND005569,CMP07,Early Holiday,C00073,email,A head start on thoughtful gifting.,2025-11-20,true,false
SEND005570,CMP05,Back to Routine,C00031,email,Get back into your everyday rhythm.,2025-09-08,false,false
SEND005571,CMP03,Member Picks,C00820,email,Popular picks selected for you.,2025-06-10,false,false
SEND005572,CMP02,Spring Refresh,C00732,ads,Refresh your routine for spring.,2025-04-24,false,false
SEND005573,CMP05,Back to Routine,C00606,email,Get back into your everyday rhythm.,2025-09-28,false,false
SEND005574,CMP03,Member Picks,C00818,email,Popular picks selected for you.,2025-06-17,false,false
SEND005575,CMP01,New Year Reset,C00405,email,Start fresh with practical favorites.,2025-01-29,true,false
SEND005576,CMP04,Summer Essentials,C00195,ads,Simple essentials for warmer days.,2025-06-03,false,false
SEND005577,CMP01,New Year Reset,C00146,email,Start fresh with practical favorites.,2025-01-21,false,false
SEND005578,CMP02,Spring Refresh,C00166,ads,Refresh your routine for spring.,2025-03-14,false,false
SEND005579,CMP06,Autumn Edit,C00952,ads,Discover this season's useful upgrades.,2025-10-26,false,false
SEND005580,CMP01,New Year Reset,C00088,email,Start fresh with practical favorites.,2025-01-14,true,false
SEND005581,CMP06,Autumn Edit,C00783,ads,Discover this season's useful upgrades.,2025-10-21,false,false
SEND005582,CMP04,Summer Essentials,C00068,ads,Simple essentials for warmer days.,2025-06-07,false,false
SEND005583,CMP05,Back to Routine,C00177,email,Get back into your everyday rhythm.,2025-08-12,false,false
SEND005584,CMP08,Holiday Highlights,C00511,ads,Explore customer favorites this holiday.,2025-11-02,false,false
SEND005585,CMP06,Autumn Edit,C00365,ads,Discover this season's useful upgrades.,2025-09-22,false,false
SEND005586,CMP02,Spring Refresh,C00409,ads,Refresh your routine for spring.,2025-04-07,false,false
SEND005587,CMP05,Back to Routine,C00896,email,Get back into your everyday rhythm.,2025-08-08,false,false
SEND005588,CMP01,New Year Reset,C00589,email,Start fresh with practical favorites.,2025-01-28,false,false
SEND005589,CMP03,Member Picks,C00151,email,Popular picks selected for you.,2025-05-20,false,false
SEND005590,CMP02,Spring Refresh,C00413,ads,Refresh your routine for spring.,2025-04-29,true,false
SEND005591,CMP01,New Year Reset,C00894,email,Start fresh with practical favorites.,2025-02-24,false,false
SEND005592,CMP01,New Year Reset,C00830,email,Start fresh with practical favorites.,2025-01-01,false,true
SEND005593,CMP02,Spring Refresh,C00195,ads,Refresh your routine for spring.,2025-03-24,false,false
SEND005594,CMP02,Spring Refresh,C00191,ads,Refresh your routine for spring.,2025-04-26,false,false
SEND005595,CMP05,Back to Routine,C00263,email,Get back into your everyday rhythm.,2025-08-20,false,false
SEND005596,CMP05,Back to Routine,C00331,email,Get back into your everyday rhythm.,2025-08-30,false,false
SEND005597,CMP06,Autumn Edit,C00813,ads,Discover this season's useful upgrades.,2025-10-10,false,false
SEND005598,CMP02,Spring Refresh,C00966,ads,Refresh your routine for spring.,2025-04-25,false,true
SEND005599,CMP05,Back to Routine,C00762,email,Get back into your everyday rhythm.,2025-08-10,false,false
SEND005600,CMP08,Holiday Highlights,C00800,ads,Explore customer favorites this holiday.,2025-12-18,false,false
SEND005601,CMP04,Summer Essentials,C00192,ads,Simple essentials for warmer days.,2025-06-23,false,false
SEND005602,CMP01,New Year Reset,C00653,email,Start fresh with practical favorites.,2025-01-17,false,false
SEND005603,CMP05,Back to Routine,C00225,email,Get back into your everyday rhythm.,2025-08-13,false,false
SEND005604,CMP01,New Year Reset,C00442,email,Start fresh with practical favorites.,2025-02-08,false,false
SEND005605,CMP04,Summer Essentials,C00053,ads,Simple essentials for warmer days.,2025-06-28,false,false
SEND005606,CMP01,New Year Reset,C00391,email,Start fresh with practical favorites.,2025-02-28,false,false
SEND005607,CMP08,Holiday Highlights,C00696,ads,Explore customer favorites this holiday.,2025-11-13,false,false
SEND005608,CMP07,Early Holiday,C00502,email,A head start on thoughtful gifting.,2025-11-22,false,false
SEND005609,CMP07,Early Holiday,C00136,email,A head start on thoughtful gifting.,2025-11-08,false,false
SEND005610,CMP01,New Year Reset,C00516,email,Start fresh with practical favorites.,2025-01-13,false,false
SEND005611,CMP05,Back to Routine,C00595,email,Get back into your everyday rhythm.,2025-08-11,false,false
SEND005612,CMP08,Holiday Highlights,C00302,ads,Explore customer favorites this holiday.,2025-11-23,false,false
SEND005613,CMP04,Summer Essentials,C00533,ads,Simple essentials for warmer days.,2025-06-21,false,false
SEND005614,CMP02,Spring Refresh,C00915,ads,Refresh your routine for spring.,2025-03-11,false,false
SEND005615,CMP02,Spring Refresh,C00943,ads,Refresh your routine for spring.,2025-03-30,true,false
SEND005616,CMP08,Holiday Highlights,C00192,ads,Explore customer favorites this holiday.,2025-11-30,false,false
SEND005617,CMP06,Autumn Edit,C00509,ads,Discover this season's useful upgrades.,2025-10-11,false,false
SEND005618,CMP08,Holiday Highlights,C00729,ads,Explore customer favorites this holiday.,2025-12-02,false,false
SEND005619,CMP06,Autumn Edit,C00111,ads,Discover this season's useful upgrades.,2025-10-24,false,false
SEND005620,CMP08,Holiday Highlights,C00817,ads,Explore customer favorites this holiday.,2025-12-28,false,false
SEND005621,CMP02,Spring Refresh,C00301,ads,Refresh your routine for spring.,2025-03-14,false,false
SEND005622,CMP02,Spring Refresh,C00015,ads,Refresh your routine for spring.,2025-03-12,false,false
SEND005623,CMP08,Holiday Highlights,C00325,ads,Explore customer favorites this holiday.,2025-12-30,false,false
SEND005624,CMP05,Back to Routine,C00111,email,Get back into your everyday rhythm.,2025-09-24,false,false
SEND005625,CMP06,Autumn Edit,C00442,ads,Discover this season's useful upgrades.,2025-09-10,true,false
SEND005626,CMP06,Autumn Edit,C00258,ads,Discover this season's useful upgrades.,2025-09-18,true,true
SEND005627,CMP03,Member Picks,C00541,email,Popular picks selected for you.,2025-05-28,false,false
SEND005628,CMP03,Member Picks,C00587,email,Popular picks selected for you.,2025-05-26,false,false
SEND005629,CMP01,New Year Reset,C00953,email,Start fresh with practical favorites.,2025-02-08,true,false
SEND005630,CMP02,Spring Refresh,C00838,ads,Refresh your routine for spring.,2025-04-13,false,false
SEND005631,CMP02,Spring Refresh,C00444,ads,Refresh your routine for spring.,2025-03-23,false,false
SEND005632,CMP08,Holiday Highlights,C00932,ads,Explore customer favorites this holiday.,2025-12-15,false,false
SEND005633,CMP04,Summer Essentials,C00520,ads,Simple essentials for warmer days.,2025-06-12,false,false
SEND005634,CMP01,New Year Reset,C00503,email,Start fresh with practical favorites.,2025-01-13,false,false
SEND005635,CMP02,Spring Refresh,C00747,ads,Refresh your routine for spring.,2025-03-18,false,false
SEND005636,CMP08,Holiday Highlights,C00654,ads,Explore customer favorites this holiday.,2025-12-12,false,false
SEND005637,CMP02,Spring Refresh,C00195,ads,Refresh your routine for spring.,2025-03-31,false,false
SEND005638,CMP05,Back to Routine,C00443,email,Get back into your everyday rhythm.,2025-08-11,false,false
SEND005639,CMP06,Autumn Edit,C00564,ads,Discover this season's useful upgrades.,2025-09-08,false,false
SEND005640,CMP06,Autumn Edit,C00787,ads,Discover this season's useful upgrades.,2025-10-14,false,false
SEND005641,CMP05,Back to Routine,C00719,email,Get back into your everyday rhythm.,2025-08-11,true,false
SEND005642,CMP02,Spring Refresh,C00872,ads,Refresh your routine for spring.,2025-03-26,false,false
SEND005643,CMP02,Spring Refresh,C00969,ads,Refresh your routine for spring.,2025-04-01,true,false
SEND005644,CMP08,Holiday Highlights,C00672,ads,Explore customer favorites this holiday.,2025-11-15,false,false
SEND005645,CMP08,Holiday Highlights,C00704,ads,Explore customer favorites this holiday.,2025-12-17,true,false
SEND005646,CMP01,New Year Reset,C00495,email,Start fresh with practical favorites.,2025-02-10,false,false
SEND005647,CMP06,Autumn Edit,C00593,ads,Discover this season's useful upgrades.,2025-10-03,false,false
SEND005648,CMP07,Early Holiday,C00115,email,A head start on thoughtful gifting.,2025-11-22,false,false
SEND005649,CMP07,Early Holiday,C00068,email,A head start on thoughtful gifting.,2025-11-13,true,false
SEND005650,CMP05,Back to Routine,C00563,email,Get back into your everyday rhythm.,2025-09-20,false,false
SEND005651,CMP05,Back to Routine,C00060,email,Get back into your everyday rhythm.,2025-09-16,false,false
SEND005652,CMP07,Early Holiday,C00228,email,A head start on thoughtful gifting.,2025-11-18,false,false
SEND005653,CMP03,Member Picks,C00338,email,Popular picks selected for you.,2025-06-01,false,false
SEND005654,CMP02,Spring Refresh,C00244,ads,Refresh your routine for spring.,2025-03-22,false,false
SEND005655,CMP04,Summer Essentials,C00850,ads,Simple essentials for warmer days.,2025-06-24,false,false
SEND005656,CMP07,Early Holiday,C00567,email,A head start on thoughtful gifting.,2025-11-17,false,false
SEND005657,CMP06,Autumn Edit,C00988,ads,Discover this season's useful upgrades.,2025-09-27,false,true
SEND005658,CMP06,Autumn Edit,C00296,ads,Discover this season's useful upgrades.,2025-10-12,false,false
SEND005659,CMP07,Early Holiday,C00188,email,A head start on thoughtful gifting.,2025-11-30,false,false
SEND005660,CMP03,Member Picks,C00369,email,Popular picks selected for you.,2025-06-03,false,true
SEND005661,CMP06,Autumn Edit,C00139,ads,Discover this season's useful upgrades.,2025-09-06,false,false
SEND005662,CMP06,Autumn Edit,C00181,ads,Discover this season's useful upgrades.,2025-10-05,false,false
SEND005663,CMP05,Back to Routine,C00643,email,Get back into your everyday rhythm.,2025-08-01,false,false
SEND005664,CMP03,Member Picks,C00265,email,Popular picks selected for you.,2025-05-27,false,false
SEND005665,CMP02,Spring Refresh,C00175,ads,Refresh your routine for spring.,2025-04-19,false,false
SEND005666,CMP04,Summer Essentials,C00197,ads,Simple essentials for warmer days.,2025-08-30,true,false
SEND005667,CMP04,Summer Essentials,C00661,ads,Simple essentials for warmer days.,2025-07-26,false,false
SEND005668,CMP08,Holiday Highlights,C00818,ads,Explore customer favorites this holiday.,2025-12-20,false,false
SEND005669,CMP04,Summer Essentials,C00736,ads,Simple essentials for warmer days.,2025-06-30,false,false
SEND005670,CMP05,Back to Routine,C00646,email,Get back into your everyday rhythm.,2025-09-13,false,false
SEND005671,CMP05,Back to Routine,C00682,email,Get back into your everyday rhythm.,2025-08-26,false,false
SEND005672,CMP02,Spring Refresh,C00993,ads,Refresh your routine for spring.,2025-03-21,false,false
SEND005673,CMP01,New Year Reset,C00771,email,Start fresh with practical favorites.,2025-02-20,false,false
SEND005674,CMP01,New Year Reset,C00875,email,Start fresh with practical favorites.,2025-01-19,false,false
SEND005675,CMP06,Autumn Edit,C00403,ads,Discover this season's useful upgrades.,2025-10-04,false,false
SEND005676,CMP08,Holiday Highlights,C00347,ads,Explore customer favorites this holiday.,2025-11-06,false,false
SEND005677,CMP05,Back to Routine,C00520,email,Get back into your everyday rhythm.,2025-09-07,false,false
SEND005678,CMP08,Holiday Highlights,C00759,ads,Explore customer favorites this holiday.,2025-11-30,false,false
SEND005679,CMP03,Member Picks,C00025,email,Popular picks selected for you.,2025-06-01,false,true
SEND005680,CMP05,Back to Routine,C00025,email,Get back into your everyday rhythm.,2025-09-20,false,false
SEND005681,CMP08,Holiday Highlights,C00103,ads,Explore customer favorites this holiday.,2025-11-16,false,false
SEND005682,CMP06,Autumn Edit,C00766,ads,Discover this season's useful upgrades.,2025-09-10,false,false
SEND005683,CMP03,Member Picks,C00921,email,Popular picks selected for you.,2025-06-11,false,false
SEND005684,CMP03,Member Picks,C00052,email,Popular picks selected for you.,2025-06-19,false,false
SEND005685,CMP06,Autumn Edit,C00963,ads,Discover this season's useful upgrades.,2025-09-09,false,false
SEND005686,CMP06,Autumn Edit,C00986,ads,Discover this season's useful upgrades.,2025-10-07,false,false
SEND005687,CMP08,Holiday Highlights,C00110,ads,Explore customer favorites this holiday.,2025-12-07,false,false
SEND005688,CMP01,New Year Reset,C00608,email,Start fresh with practical favorites.,2025-01-07,true,false
SEND005689,CMP06,Autumn Edit,C00708,ads,Discover this season's useful upgrades.,2025-10-30,false,false
SEND005690,CMP04,Summer Essentials,C00649,ads,Simple essentials for warmer days.,2025-07-19,false,false
SEND005691,CMP07,Early Holiday,C00708,email,A head start on thoughtful gifting.,2025-11-24,true,false
SEND005692,CMP04,Summer Essentials,C00954,ads,Simple essentials for warmer days.,2025-07-23,false,false
SEND005693,CMP06,Autumn Edit,C00057,ads,Discover this season's useful upgrades.,2025-09-20,false,false
SEND005694,CMP07,Early Holiday,C00171,email,A head start on thoughtful gifting.,2025-11-16,false,false
SEND005695,CMP01,New Year Reset,C00282,email,Start fresh with practical favorites.,2025-01-19,false,false
SEND005696,CMP01,New Year Reset,C00254,email,Start fresh with practical favorites.,2025-01-29,false,true
SEND005697,CMP08,Holiday Highlights,C00500,ads,Explore customer favorites this holiday.,2025-12-16,false,false
SEND005698,CMP06,Autumn Edit,C00448,ads,Discover this season's useful upgrades.,2025-10-19,false,false
SEND005699,CMP06,Autumn Edit,C00321,ads,Discover this season's useful upgrades.,2025-10-07,false,false
SEND005700,CMP05,Back to Routine,C00327,email,Get back into your everyday rhythm.,2025-08-27,true,true
SEND005701,CMP08,Holiday Highlights,C00628,ads,Explore customer favorites this holiday.,2025-11-28,false,false
SEND005702,CMP06,Autumn Edit,C00921,ads,Discover this season's useful upgrades.,2025-10-15,false,false
SEND005703,CMP08,Holiday Highlights,C00646,ads,Explore customer favorites this holiday.,2025-11-17,false,false
SEND005704,CMP03,Member Picks,C00916,email,Popular picks selected for you.,2025-06-04,false,false
SEND005705,CMP01,New Year Reset,C00482,email,Start fresh with practical favorites.,2025-01-16,false,false
SEND005706,CMP06,Autumn Edit,C00525,ads,Discover this season's useful upgrades.,2025-10-01,false,false
SEND005707,CMP04,Summer Essentials,C00107,ads,Simple essentials for warmer days.,2025-08-19,false,false
SEND005708,CMP07,Early Holiday,C00496,email,A head start on thoughtful gifting.,2025-11-13,true,false
SEND005709,CMP02,Spring Refresh,C00288,ads,Refresh your routine for spring.,2025-04-20,false,false
SEND005710,CMP06,Autumn Edit,C00179,ads,Discover this season's useful upgrades.,2025-10-01,true,false
SEND005711,CMP07,Early Holiday,C00316,email,A head start on thoughtful gifting.,2025-11-21,false,false
SEND005712,CMP01,New Year Reset,C00641,email,Start fresh with practical favorites.,2025-02-03,false,false
SEND005713,CMP04,Summer Essentials,C00626,ads,Simple essentials for warmer days.,2025-08-18,false,false
SEND005714,CMP05,Back to Routine,C00561,email,Get back into your everyday rhythm.,2025-09-06,false,true
SEND005715,CMP08,Holiday Highlights,C00101,ads,Explore customer favorites this holiday.,2025-11-30,false,true
SEND005716,CMP02,Spring Refresh,C00360,ads,Refresh your routine for spring.,2025-03-08,false,false
SEND005717,CMP07,Early Holiday,C00606,email,A head start on thoughtful gifting.,2025-11-23,true,true
SEND005718,CMP05,Back to Routine,C00168,email,Get back into your everyday rhythm.,2025-08-01,false,false
SEND005719,CMP06,Autumn Edit,C00628,ads,Discover this season's useful upgrades.,2025-10-19,false,false
SEND005720,CMP08,Holiday Highlights,C00418,ads,Explore customer favorites this holiday.,2025-11-17,true,true
SEND005721,CMP04,Summer Essentials,C00308,ads,Simple essentials for warmer days.,2025-07-28,false,false
SEND005722,CMP08,Holiday Highlights,C00542,ads,Explore customer favorites this holiday.,2025-12-16,false,false
SEND005723,CMP04,Summer Essentials,C00423,ads,Simple essentials for warmer days.,2025-07-04,false,false
SEND005724,CMP01,New Year Reset,C00207,email,Start fresh with practical favorites.,2025-01-03,false,false
SEND005725,CMP02,Spring Refresh,C00464,ads,Refresh your routine for spring.,2025-04-02,false,false
SEND005726,CMP03,Member Picks,C00429,email,Popular picks selected for you.,2025-06-08,false,false
SEND005727,CMP02,Spring Refresh,C00564,ads,Refresh your routine for spring.,2025-04-12,false,false
SEND005728,CMP03,Member Picks,C00302,email,Popular picks selected for you.,2025-06-11,false,false
SEND005729,CMP02,Spring Refresh,C00683,ads,Refresh your routine for spring.,2025-03-21,false,false
SEND005730,CMP08,Holiday Highlights,C00309,ads,Explore customer favorites this holiday.,2025-11-20,false,false
SEND005731,CMP03,Member Picks,C00994,email,Popular picks selected for you.,2025-06-30,false,false
SEND005732,CMP01,New Year Reset,C00479,email,Start fresh with practical favorites.,2025-01-14,false,false
SEND005733,CMP08,Holiday Highlights,C00868,ads,Explore customer favorites this holiday.,2025-12-26,false,false
SEND005734,CMP05,Back to Routine,C00519,email,Get back into your everyday rhythm.,2025-08-07,false,false
SEND005735,CMP04,Summer Essentials,C00666,ads,Simple essentials for warmer days.,2025-08-18,false,false
SEND005736,CMP06,Autumn Edit,C00756,ads,Discover this season's useful upgrades.,2025-10-22,true,false
SEND005737,CMP02,Spring Refresh,C00168,ads,Refresh your routine for spring.,2025-03-04,false,false
SEND005738,CMP07,Early Holiday,C00266,email,A head start on thoughtful gifting.,2025-11-17,false,false
SEND005739,CMP04,Summer Essentials,C00984,ads,Simple essentials for warmer days.,2025-07-02,false,false
SEND005740,CMP03,Member Picks,C00296,email,Popular picks selected for you.,2025-05-14,false,false
SEND005741,CMP04,Summer Essentials,C00286,ads,Simple essentials for warmer days.,2025-08-02,true,true
SEND005742,CMP03,Member Picks,C00408,email,Popular picks selected for you.,2025-06-21,false,false
SEND005743,CMP01,New Year Reset,C00108,email,Start fresh with practical favorites.,2025-01-16,false,false
SEND005744,CMP01,New Year Reset,C00281,email,Start fresh with practical favorites.,2025-02-17,false,false
SEND005745,CMP07,Early Holiday,C00996,email,A head start on thoughtful gifting.,2025-11-05,false,false
SEND005746,CMP05,Back to Routine,C00038,email,Get back into your everyday rhythm.,2025-08-16,false,false
SEND005747,CMP03,Member Picks,C00525,email,Popular picks selected for you.,2025-05-05,false,true
SEND005748,CMP05,Back to Routine,C00151,email,Get back into your everyday rhythm.,2025-09-29,false,false
SEND005749,CMP07,Early Holiday,C00926,email,A head start on thoughtful gifting.,2025-11-25,false,false
SEND005750,CMP01,New Year Reset,C00998,email,Start fresh with practical favorites.,2025-02-08,false,false
SEND005751,CMP02,Spring Refresh,C00396,ads,Refresh your routine for spring.,2025-03-05,false,false
SEND005752,CMP04,Summer Essentials,C00189,ads,Simple essentials for warmer days.,2025-06-13,false,false
SEND005753,CMP03,Member Picks,C00662,email,Popular picks selected for you.,2025-06-19,false,false
SEND005754,CMP08,Holiday Highlights,C00284,ads,Explore customer favorites this holiday.,2025-12-23,false,false
SEND005755,CMP08,Holiday Highlights,C00858,ads,Explore customer favorites this holiday.,2025-11-07,false,false
SEND005756,CMP03,Member Picks,C00326,email,Popular picks selected for you.,2025-05-29,false,false
SEND005757,CMP01,New Year Reset,C00204,email,Start fresh with practical favorites.,2025-02-04,true,true
SEND005758,CMP05,Back to Routine,C00406,email,Get back into your everyday rhythm.,2025-09-03,true,true
SEND005759,CMP06,Autumn Edit,C00979,ads,Discover this season's useful upgrades.,2025-10-23,false,false
SEND005760,CMP07,Early Holiday,C00894,email,A head start on thoughtful gifting.,2025-11-22,false,false
SEND005761,CMP08,Holiday Highlights,C00496,ads,Explore customer favorites this holiday.,2025-12-29,false,false
SEND005762,CMP04,Summer Essentials,C00135,ads,Simple essentials for warmer days.,2025-08-21,false,false
SEND005763,CMP04,Summer Essentials,C00267,ads,Simple essentials for warmer days.,2025-06-01,false,true
SEND005764,CMP03,Member Picks,C00951,email,Popular picks selected for you.,2025-05-17,false,false
SEND005765,CMP04,Summer Essentials,C00690,ads,Simple essentials for warmer days.,2025-07-10,false,false
SEND005766,CMP01,New Year Reset,C00206,email,Start fresh with practical favorites.,2025-02-07,false,false
SEND005767,CMP01,New Year Reset,C00321,email,Start fresh with practical favorites.,2025-02-17,false,false
SEND005768,CMP05,Back to Routine,C00417,email,Get back into your everyday rhythm.,2025-08-20,false,false
SEND005769,CMP03,Member Picks,C00679,email,Popular picks selected for you.,2025-06-14,true,false
SEND005770,CMP05,Back to Routine,C00208,email,Get back into your everyday rhythm.,2025-09-06,false,false
SEND005771,CMP06,Autumn Edit,C00340,ads,Discover this season's useful upgrades.,2025-10-19,true,false
SEND005772,CMP03,Member Picks,C00176,email,Popular picks selected for you.,2025-06-25,false,false
SEND005773,CMP05,Back to Routine,C00281,email,Get back into your everyday rhythm.,2025-08-02,true,false
SEND005774,CMP08,Holiday Highlights,C00444,ads,Explore customer favorites this holiday.,2025-12-01,false,false
SEND005775,CMP07,Early Holiday,C00264,email,A head start on thoughtful gifting.,2025-11-10,false,false
SEND005776,CMP07,Early Holiday,C00844,email,A head start on thoughtful gifting.,2025-11-19,false,false
SEND005777,CMP07,Early Holiday,C00513,email,A head start on thoughtful gifting.,2025-11-19,false,false
SEND005778,CMP05,Back to Routine,C00862,email,Get back into your everyday rhythm.,2025-09-02,false,false
SEND005779,CMP06,Autumn Edit,C00874,ads,Discover this season's useful upgrades.,2025-10-01,false,false
SEND005780,CMP03,Member Picks,C00324,email,Popular picks selected for you.,2025-06-19,false,false
SEND005781,CMP05,Back to Routine,C00608,email,Get back into your everyday rhythm.,2025-09-05,false,false
SEND005782,CMP02,Spring Refresh,C00037,ads,Refresh your routine for spring.,2025-04-17,false,false
SEND005783,CMP08,Holiday Highlights,C00381,ads,Explore customer favorites this holiday.,2025-11-16,false,false
SEND005784,CMP01,New Year Reset,C00039,email,Start fresh with practical favorites.,2025-01-10,false,false
SEND005785,CMP08,Holiday Highlights,C00531,ads,Explore customer favorites this holiday.,2025-12-25,true,false
SEND005786,CMP07,Early Holiday,C00879,email,A head start on thoughtful gifting.,2025-11-23,false,false
SEND005787,CMP03,Member Picks,C00154,email,Popular picks selected for you.,2025-05-24,false,false
SEND005788,CMP06,Autumn Edit,C00843,ads,Discover this season's useful upgrades.,2025-09-29,false,false
SEND005789,CMP07,Early Holiday,C00139,email,A head start on thoughtful gifting.,2025-11-29,false,false
SEND005790,CMP04,Summer Essentials,C00639,ads,Simple essentials for warmer days.,2025-06-22,false,false
SEND005791,CMP05,Back to Routine,C00140,email,Get back into your everyday rhythm.,2025-08-10,false,false
SEND005792,CMP01,New Year Reset,C00850,email,Start fresh with practical favorites.,2025-02-16,false,false
SEND005793,CMP08,Holiday Highlights,C00713,ads,Explore customer favorites this holiday.,2025-11-10,false,false
SEND005794,CMP04,Summer Essentials,C00960,ads,Simple essentials for warmer days.,2025-08-24,false,false
SEND005795,CMP02,Spring Refresh,C00453,ads,Refresh your routine for spring.,2025-03-18,false,false
SEND005796,CMP03,Member Picks,C00050,email,Popular picks selected for you.,2025-05-08,false,false
SEND005797,CMP08,Holiday Highlights,C00161,ads,Explore customer favorites this holiday.,2025-11-17,false,false
SEND005798,CMP05,Back to Routine,C00605,email,Get back into your everyday rhythm.,2025-09-10,false,false
SEND005799,CMP02,Spring Refresh,C00552,ads,Refresh your routine for spring.,2025-04-18,false,false
SEND005800,CMP06,Autumn Edit,C00692,ads,Discover this season's useful upgrades.,2025-09-06,true,false
SEND005801,CMP06,Autumn Edit,C00267,ads,Discover this season's useful upgrades.,2025-10-09,true,false
SEND005802,CMP07,Early Holiday,C00487,email,A head start on thoughtful gifting.,2025-11-25,false,false
SEND005803,CMP06,Autumn Edit,C00028,ads,Discover this season's useful upgrades.,2025-09-20,false,false
SEND005804,CMP06,Autumn Edit,C00147,ads,Discover this season's useful upgrades.,2025-09-15,false,false
SEND005805,CMP08,Holiday Highlights,C00612,ads,Explore customer favorites this holiday.,2025-11-12,false,false
SEND005806,CMP07,Early Holiday,C00836,email,A head start on thoughtful gifting.,2025-11-01,false,false
SEND005807,CMP01,New Year Reset,C00144,email,Start fresh with practical favorites.,2025-02-08,false,false
SEND005808,CMP07,Early Holiday,C00253,email,A head start on thoughtful gifting.,2025-11-15,false,false
SEND005809,CMP07,Early Holiday,C00044,email,A head start on thoughtful gifting.,2025-11-23,false,false
SEND005810,CMP01,New Year Reset,C00239,email,Start fresh with practical favorites.,2025-01-15,false,false
SEND005811,CMP05,Back to Routine,C00727,email,Get back into your everyday rhythm.,2025-08-15,false,false
SEND005812,CMP07,Early Holiday,C00839,email,A head start on thoughtful gifting.,2025-11-23,false,false
SEND005813,CMP05,Back to Routine,C00722,email,Get back into your everyday rhythm.,2025-09-26,false,false
SEND005814,CMP03,Member Picks,C00521,email,Popular picks selected for you.,2025-05-17,false,false
SEND005815,CMP04,Summer Essentials,C00983,ads,Simple essentials for warmer days.,2025-08-19,false,false
SEND005816,CMP04,Summer Essentials,C00269,ads,Simple essentials for warmer days.,2025-08-13,false,false
SEND005817,CMP07,Early Holiday,C00603,email,A head start on thoughtful gifting.,2025-11-23,false,false
SEND005818,CMP06,Autumn Edit,C00005,ads,Discover this season's useful upgrades.,2025-10-31,false,false
SEND005819,CMP01,New Year Reset,C00884,email,Start fresh with practical favorites.,2025-02-03,false,false
SEND005820,CMP06,Autumn Edit,C00708,ads,Discover this season's useful upgrades.,2025-10-07,false,false
SEND005821,CMP04,Summer Essentials,C00374,ads,Simple essentials for warmer days.,2025-08-20,true,false
SEND005822,CMP06,Autumn Edit,C00670,ads,Discover this season's useful upgrades.,2025-09-16,false,false
SEND005823,CMP02,Spring Refresh,C00722,ads,Refresh your routine for spring.,2025-03-21,false,false
SEND005824,CMP01,New Year Reset,C00015,email,Start fresh with practical favorites.,2025-02-16,false,false
SEND005825,CMP06,Autumn Edit,C00975,ads,Discover this season's useful upgrades.,2025-09-29,false,false
SEND005826,CMP03,Member Picks,C00693,email,Popular picks selected for you.,2025-05-18,false,false
SEND005827,CMP03,Member Picks,C00884,email,Popular picks selected for you.,2025-06-30,false,false
SEND005828,CMP07,Early Holiday,C00666,email,A head start on thoughtful gifting.,2025-11-17,false,false
SEND005829,CMP04,Summer Essentials,C00628,ads,Simple essentials for warmer days.,2025-06-07,false,false
SEND005830,CMP03,Member Picks,C00810,email,Popular picks selected for you.,2025-06-17,false,false
SEND005831,CMP02,Spring Refresh,C00861,ads,Refresh your routine for spring.,2025-04-27,false,false
SEND005832,CMP07,Early Holiday,C00163,email,A head start on thoughtful gifting.,2025-11-13,false,false
SEND005833,CMP03,Member Picks,C00550,email,Popular picks selected for you.,2025-06-23,false,false
SEND005834,CMP01,New Year Reset,C00445,email,Start fresh with practical favorites.,2025-02-05,true,false
SEND005835,CMP02,Spring Refresh,C00235,ads,Refresh your routine for spring.,2025-03-27,true,false
SEND005836,CMP05,Back to Routine,C00062,email,Get back into your everyday rhythm.,2025-09-12,false,false
SEND005837,CMP08,Holiday Highlights,C00909,ads,Explore customer favorites this holiday.,2025-11-27,false,false
SEND005838,CMP08,Holiday Highlights,C00512,ads,Explore customer favorites this holiday.,2025-12-01,false,true
SEND005839,CMP01,New Year Reset,C00477,email,Start fresh with practical favorites.,2025-01-18,false,false
SEND005840,CMP07,Early Holiday,C00434,email,A head start on thoughtful gifting.,2025-11-24,false,false
SEND005841,CMP05,Back to Routine,C00608,email,Get back into your everyday rhythm.,2025-08-16,false,false
SEND005842,CMP05,Back to Routine,C00619,email,Get back into your everyday rhythm.,2025-08-08,false,false
SEND005843,CMP08,Holiday Highlights,C00517,ads,Explore customer favorites this holiday.,2025-12-22,false,false
SEND005844,CMP03,Member Picks,C00636,email,Popular picks selected for you.,2025-06-27,false,false
SEND005845,CMP04,Summer Essentials,C00931,ads,Simple essentials for warmer days.,2025-06-23,false,false
SEND005846,CMP05,Back to Routine,C00906,email,Get back into your everyday rhythm.,2025-09-10,false,false
SEND005847,CMP05,Back to Routine,C00249,email,Get back into your everyday rhythm.,2025-09-26,true,false
SEND005848,CMP03,Member Picks,C00329,email,Popular picks selected for you.,2025-06-02,false,false
SEND005849,CMP04,Summer Essentials,C00116,ads,Simple essentials for warmer days.,2025-06-27,false,false
SEND005850,CMP03,Member Picks,C00601,email,Popular picks selected for you.,2025-06-20,true,false
SEND005851,CMP01,New Year Reset,C00335,email,Start fresh with practical favorites.,2025-01-25,false,false
SEND005852,CMP02,Spring Refresh,C00340,ads,Refresh your routine for spring.,2025-03-09,false,false
SEND005853,CMP01,New Year Reset,C00116,email,Start fresh with practical favorites.,2025-01-21,false,false
SEND005854,CMP01,New Year Reset,C00401,email,Start fresh with practical favorites.,2025-02-20,false,false
SEND005855,CMP08,Holiday Highlights,C00510,ads,Explore customer favorites this holiday.,2025-11-15,true,false
SEND005856,CMP04,Summer Essentials,C00637,ads,Simple essentials for warmer days.,2025-07-30,false,false
SEND005857,CMP01,New Year Reset,C00264,email,Start fresh with practical favorites.,2025-02-06,false,false
SEND005858,CMP04,Summer Essentials,C00670,ads,Simple essentials for warmer days.,2025-06-25,false,false
SEND005859,CMP06,Autumn Edit,C00202,ads,Discover this season's useful upgrades.,2025-10-26,false,false
SEND005860,CMP04,Summer Essentials,C00312,ads,Simple essentials for warmer days.,2025-06-28,false,false
SEND005861,CMP02,Spring Refresh,C00511,ads,Refresh your routine for spring.,2025-04-12,false,false
SEND005862,CMP07,Early Holiday,C00404,email,A head start on thoughtful gifting.,2025-11-09,false,false
SEND005863,CMP08,Holiday Highlights,C00831,ads,Explore customer favorites this holiday.,2025-12-21,false,false
SEND005864,CMP06,Autumn Edit,C00767,ads,Discover this season's useful upgrades.,2025-10-16,false,false
SEND005865,CMP02,Spring Refresh,C00098,ads,Refresh your routine for spring.,2025-04-03,false,false
SEND005866,CMP08,Holiday Highlights,C00232,ads,Explore customer favorites this holiday.,2025-11-01,false,false
SEND005867,CMP07,Early Holiday,C00366,email,A head start on thoughtful gifting.,2025-11-23,false,false
SEND005868,CMP04,Summer Essentials,C00181,ads,Simple essentials for warmer days.,2025-08-29,false,false
SEND005869,CMP05,Back to Routine,C00623,email,Get back into your everyday rhythm.,2025-08-08,false,false
SEND005870,CMP02,Spring Refresh,C00791,ads,Refresh your routine for spring.,2025-03-18,true,true
SEND005871,CMP01,New Year Reset,C00125,email,Start fresh with practical favorites.,2025-01-23,false,false
SEND005872,CMP02,Spring Refresh,C00556,ads,Refresh your routine for spring.,2025-03-27,false,false
SEND005873,CMP02,Spring Refresh,C00665,ads,Refresh your routine for spring.,2025-03-03,false,false
SEND005874,CMP08,Holiday Highlights,C00104,ads,Explore customer favorites this holiday.,2025-12-21,false,false
SEND005875,CMP06,Autumn Edit,C00427,ads,Discover this season's useful upgrades.,2025-10-24,false,false
SEND005876,CMP06,Autumn Edit,C00737,ads,Discover this season's useful upgrades.,2025-10-30,false,false
SEND005877,CMP06,Autumn Edit,C00050,ads,Discover this season's useful upgrades.,2025-09-03,false,false
SEND005878,CMP05,Back to Routine,C00439,email,Get back into your everyday rhythm.,2025-09-13,false,false
SEND005879,CMP03,Member Picks,C00125,email,Popular picks selected for you.,2025-05-04,false,false
SEND005880,CMP06,Autumn Edit,C00350,ads,Discover this season's useful upgrades.,2025-10-24,false,false
SEND005881,CMP02,Spring Refresh,C00238,ads,Refresh your routine for spring.,2025-04-13,false,false
SEND005882,CMP02,Spring Refresh,C00901,ads,Refresh your routine for spring.,2025-03-06,false,false
SEND005883,CMP04,Summer Essentials,C00622,ads,Simple essentials for warmer days.,2025-08-11,false,false
SEND005884,CMP04,Summer Essentials,C00488,ads,Simple essentials for warmer days.,2025-08-24,false,false
SEND005885,CMP08,Holiday Highlights,C00256,ads,Explore customer favorites this holiday.,2025-12-11,false,false
SEND005886,CMP06,Autumn Edit,C00888,ads,Discover this season's useful upgrades.,2025-10-04,false,false
SEND005887,CMP05,Back to Routine,C00211,email,Get back into your everyday rhythm.,2025-08-31,false,false
SEND005888,CMP01,New Year Reset,C00650,email,Start fresh with practical favorites.,2025-01-29,false,false
SEND005889,CMP02,Spring Refresh,C00087,ads,Refresh your routine for spring.,2025-03-12,false,false
SEND005890,CMP06,Autumn Edit,C00186,ads,Discover this season's useful upgrades.,2025-09-04,false,false
SEND005891,CMP07,Early Holiday,C00007,email,A head start on thoughtful gifting.,2025-11-25,false,false
SEND005892,CMP01,New Year Reset,C00726,email,Start fresh with practical favorites.,2025-01-15,true,false
SEND005893,CMP06,Autumn Edit,C00001,ads,Discover this season's useful upgrades.,2025-09-24,true,false
SEND005894,CMP02,Spring Refresh,C00457,ads,Refresh your routine for spring.,2025-04-28,false,false
SEND005895,CMP04,Summer Essentials,C00481,ads,Simple essentials for warmer days.,2025-07-17,false,false
SEND005896,CMP07,Early Holiday,C00156,email,A head start on thoughtful gifting.,2025-11-12,false,false
SEND005897,CMP06,Autumn Edit,C00063,ads,Discover this season's useful upgrades.,2025-09-19,false,false
SEND005898,CMP02,Spring Refresh,C00748,ads,Refresh your routine for spring.,2025-03-28,false,false
SEND005899,CMP07,Early Holiday,C00635,email,A head start on thoughtful gifting.,2025-11-04,false,false
SEND005900,CMP01,New Year Reset,C00443,email,Start fresh with practical favorites.,2025-01-02,false,false
SEND005901,CMP04,Summer Essentials,C00549,ads,Simple essentials for warmer days.,2025-07-14,false,false
SEND005902,CMP08,Holiday Highlights,C00860,ads,Explore customer favorites this holiday.,2025-11-03,false,true
SEND005903,CMP05,Back to Routine,C00925,email,Get back into your everyday rhythm.,2025-09-18,false,false
SEND005904,CMP04,Summer Essentials,C00470,ads,Simple essentials for warmer days.,2025-07-06,false,false
SEND005905,CMP02,Spring Refresh,C00759,ads,Refresh your routine for spring.,2025-03-10,false,false
SEND005906,CMP04,Summer Essentials,C00304,ads,Simple essentials for warmer days.,2025-08-07,false,false
SEND005907,CMP06,Autumn Edit,C00504,ads,Discover this season's useful upgrades.,2025-10-20,false,false
SEND005908,CMP07,Early Holiday,C00743,email,A head start on thoughtful gifting.,2025-11-01,false,false
SEND005909,CMP08,Holiday Highlights,C00752,ads,Explore customer favorites this holiday.,2025-11-18,false,false
SEND005910,CMP05,Back to Routine,C00584,email,Get back into your everyday rhythm.,2025-08-09,false,false
SEND005911,CMP08,Holiday Highlights,C00548,ads,Explore customer favorites this holiday.,2025-12-03,false,false
SEND005912,CMP03,Member Picks,C00575,email,Popular picks selected for you.,2025-05-23,false,false
SEND005913,CMP03,Member Picks,C00153,email,Popular picks selected for you.,2025-05-02,false,false
SEND005914,CMP01,New Year Reset,C00240,email,Start fresh with practical favorites.,2025-01-12,true,true
SEND005915,CMP02,Spring Refresh,C00849,ads,Refresh your routine for spring.,2025-04-08,false,false
SEND005916,CMP05,Back to Routine,C00016,email,Get back into your everyday rhythm.,2025-08-20,false,false
SEND005917,CMP02,Spring Refresh,C00773,ads,Refresh your routine for spring.,2025-03-14,false,false
SEND005918,CMP07,Early Holiday,C00267,email,A head start on thoughtful gifting.,2025-11-08,false,false
SEND005919,CMP06,Autumn Edit,C00550,ads,Discover this season's useful upgrades.,2025-10-27,false,false
SEND005920,CMP04,Summer Essentials,C00436,ads,Simple essentials for warmer days.,2025-08-30,false,false
SEND005921,CMP04,Summer Essentials,C00497,ads,Simple essentials for warmer days.,2025-07-29,false,false
SEND005922,CMP02,Spring Refresh,C00402,ads,Refresh your routine for spring.,2025-03-31,false,false
SEND005923,CMP02,Spring Refresh,C00940,ads,Refresh your routine for spring.,2025-03-31,false,false
SEND005924,CMP06,Autumn Edit,C00358,ads,Discover this season's useful upgrades.,2025-09-02,false,false
SEND005925,CMP02,Spring Refresh,C00627,ads,Refresh your routine for spring.,2025-03-01,true,false
SEND005926,CMP01,New Year Reset,C00597,email,Start fresh with practical favorites.,2025-01-01,false,true
SEND005927,CMP04,Summer Essentials,C00737,ads,Simple essentials for warmer days.,2025-08-12,false,false
SEND005928,CMP04,Summer Essentials,C00883,ads,Simple essentials for warmer days.,2025-08-16,false,false
SEND005929,CMP02,Spring Refresh,C00892,ads,Refresh your routine for spring.,2025-04-27,false,false
SEND005930,CMP01,New Year Reset,C00498,email,Start fresh with practical favorites.,2025-01-13,true,false
SEND005931,CMP03,Member Picks,C00784,email,Popular picks selected for you.,2025-06-12,false,false
SEND005932,CMP05,Back to Routine,C00604,email,Get back into your everyday rhythm.,2025-09-10,false,false
SEND005933,CMP05,Back to Routine,C00483,email,Get back into your everyday rhythm.,2025-08-12,false,false
SEND005934,CMP01,New Year Reset,C00227,email,Start fresh with practical favorites.,2025-01-20,false,false
SEND005935,CMP04,Summer Essentials,C00165,ads,Simple essentials for warmer days.,2025-07-01,false,false
SEND005936,CMP04,Summer Essentials,C00608,ads,Simple essentials for warmer days.,2025-08-10,false,false
SEND005937,CMP07,Early Holiday,C00140,email,A head start on thoughtful gifting.,2025-11-15,false,true
SEND005938,CMP05,Back to Routine,C00895,email,Get back into your everyday rhythm.,2025-08-13,false,false
SEND005939,CMP08,Holiday Highlights,C00601,ads,Explore customer favorites this holiday.,2025-12-06,false,false
SEND005940,CMP02,Spring Refresh,C00986,ads,Refresh your routine for spring.,2025-04-29,false,false
SEND005941,CMP05,Back to Routine,C00895,email,Get back into your everyday rhythm.,2025-09-15,false,false
SEND005942,CMP07,Early Holiday,C00344,email,A head start on thoughtful gifting.,2025-11-07,false,false
SEND005943,CMP01,New Year Reset,C00660,email,Start fresh with practical favorites.,2025-01-07,false,false
SEND005944,CMP07,Early Holiday,C00755,email,A head start on thoughtful gifting.,2025-11-20,false,false
SEND005945,CMP03,Member Picks,C00053,email,Popular picks selected for you.,2025-05-13,false,false
SEND005946,CMP08,Holiday Highlights,C00035,ads,Explore customer favorites this holiday.,2025-11-30,false,false
SEND005947,CMP06,Autumn Edit,C00024,ads,Discover this season's useful upgrades.,2025-09-20,false,false
SEND005948,CMP04,Summer Essentials,C00103,ads,Simple essentials for warmer days.,2025-08-30,false,false
SEND005949,CMP03,Member Picks,C00596,email,Popular picks selected for you.,2025-06-20,true,false
SEND005950,CMP08,Holiday Highlights,C00044,ads,Explore customer favorites this holiday.,2025-11-29,false,false
SEND005951,CMP02,Spring Refresh,C00332,ads,Refresh your routine for spring.,2025-04-13,false,false
SEND005952,CMP08,Holiday Highlights,C00800,ads,Explore customer favorites this holiday.,2025-11-28,false,false
SEND005953,CMP04,Summer Essentials,C00960,ads,Simple essentials for warmer days.,2025-08-08,false,false
SEND005954,CMP07,Early Holiday,C00153,email,A head start on thoughtful gifting.,2025-11-09,true,false
SEND005955,CMP01,New Year Reset,C00663,email,Start fresh with practical favorites.,2025-01-05,true,false
SEND005956,CMP01,New Year Reset,C00036,email,Start fresh with practical favorites.,2025-02-11,false,false
SEND005957,CMP05,Back to Routine,C00715,email,Get back into your everyday rhythm.,2025-08-02,false,false
SEND005958,CMP08,Holiday Highlights,C00673,ads,Explore customer favorites this holiday.,2025-11-02,false,false
SEND005959,CMP07,Early Holiday,C00308,email,A head start on thoughtful gifting.,2025-11-26,true,false
SEND005960,CMP08,Holiday Highlights,C00658,ads,Explore customer favorites this holiday.,2025-11-17,false,false
SEND005961,CMP04,Summer Essentials,C00756,ads,Simple essentials for warmer days.,2025-08-09,false,false
SEND005962,CMP07,Early Holiday,C00077,email,A head start on thoughtful gifting.,2025-11-17,false,false
SEND005963,CMP03,Member Picks,C00602,email,Popular picks selected for you.,2025-05-24,true,false
SEND005964,CMP01,New Year Reset,C00878,email,Start fresh with practical favorites.,2025-02-25,false,false
SEND005965,CMP07,Early Holiday,C00648,email,A head start on thoughtful gifting.,2025-11-15,false,false
SEND005966,CMP08,Holiday Highlights,C00128,ads,Explore customer favorites this holiday.,2025-11-25,false,false
SEND005967,CMP03,Member Picks,C00698,email,Popular picks selected for you.,2025-05-27,false,false
SEND005968,CMP06,Autumn Edit,C00928,ads,Discover this season's useful upgrades.,2025-09-26,true,false
SEND005969,CMP02,Spring Refresh,C00306,ads,Refresh your routine for spring.,2025-03-04,false,false
SEND005970,CMP04,Summer Essentials,C00588,ads,Simple essentials for warmer days.,2025-06-15,false,false
SEND005971,CMP02,Spring Refresh,C00371,ads,Refresh your routine for spring.,2025-03-06,false,false
SEND005972,CMP02,Spring Refresh,C00579,ads,Refresh your routine for spring.,2025-04-30,false,false
SEND005973,CMP06,Autumn Edit,C00670,ads,Discover this season's useful upgrades.,2025-09-16,false,false
SEND005974,CMP07,Early Holiday,C00061,email,A head start on thoughtful gifting.,2025-11-29,false,false
SEND005975,CMP02,Spring Refresh,C00535,ads,Refresh your routine for spring.,2025-04-01,false,false
SEND005976,CMP04,Summer Essentials,C00107,ads,Simple essentials for warmer days.,2025-06-09,false,false
SEND005977,CMP05,Back to Routine,C00052,email,Get back into your everyday rhythm.,2025-09-21,false,false
SEND005978,CMP03,Member Picks,C00997,email,Popular picks selected for you.,2025-05-07,false,false
SEND005979,CMP03,Member Picks,C00766,email,Popular picks selected for you.,2025-06-07,false,false
SEND005980,CMP06,Autumn Edit,C00661,ads,Discover this season's useful upgrades.,2025-10-29,false,false
SEND005981,CMP06,Autumn Edit,C00329,ads,Discover this season's useful upgrades.,2025-10-12,false,false
SEND005982,CMP04,Summer Essentials,C00300,ads,Simple essentials for warmer days.,2025-08-18,true,false
SEND005983,CMP02,Spring Refresh,C00657,ads,Refresh your routine for spring.,2025-04-22,false,false
SEND005984,CMP05,Back to Routine,C00571,email,Get back into your everyday rhythm.,2025-09-16,false,false
SEND005985,CMP08,Holiday Highlights,C00644,ads,Explore customer favorites this holiday.,2025-11-11,false,false
SEND005986,CMP02,Spring Refresh,C00382,ads,Refresh your routine for spring.,2025-04-17,false,false
SEND005987,CMP04,Summer Essentials,C00830,ads,Simple essentials for warmer days.,2025-07-07,false,false
SEND005988,CMP02,Spring Refresh,C00293,ads,Refresh your routine for spring.,2025-03-23,false,false
SEND005989,CMP08,Holiday Highlights,C00098,ads,Explore customer favorites this holiday.,2025-11-18,false,false
SEND005990,CMP02,Spring Refresh,C00040,ads,Refresh your routine for spring.,2025-04-03,true,false
SEND005991,CMP01,New Year Reset,C00892,email,Start fresh with practical favorites.,2025-01-01,false,false
SEND005992,CMP03,Member Picks,C00099,email,Popular picks selected for you.,2025-06-26,false,false
SEND005993,CMP04,Summer Essentials,C00153,ads,Simple essentials for warmer days.,2025-07-20,false,false
SEND005994,CMP07,Early Holiday,C00454,email,A head start on thoughtful gifting.,2025-11-10,false,false
SEND005995,CMP08,Holiday Highlights,C00038,ads,Explore customer favorites this holiday.,2025-12-29,true,false
SEND005996,CMP06,Autumn Edit,C00384,ads,Discover this season's useful upgrades.,2025-09-11,false,false
SEND005997,CMP06,Autumn Edit,C00709,ads,Discover this season's useful upgrades.,2025-10-11,true,false
SEND005998,CMP01,New Year Reset,C00846,email,Start fresh with practical favorites.,2025-02-20,false,false
SEND005999,CMP05,Back to Routine,C00242,email,Get back into your everyday rhythm.,2025-08-07,false,false
SEND006000,CMP03,Member Picks,C00155,email,Popular picks selected for you.,2025-05-06,false,false
SEND006001,CMP01,New Year Reset,C00106,email,Start fresh with practical favorites.,2025-02-05,false,false
SEND006002,CMP01,New Year Reset,C00352,email,Start fresh with practical favorites.,2025-01-25,false,false
SEND006003,CMP07,Early Holiday,C00351,email,A head start on thoughtful gifting.,2025-11-27,false,false
SEND006004,CMP05,Back to Routine,C00101,email,Get back into your everyday rhythm.,2025-09-13,false,false
SEND006005,CMP01,New Year Reset,C00402,email,Start fresh with practical favorites.,2025-01-26,false,false
SEND006006,CMP08,Holiday Highlights,C00269,ads,Explore customer favorites this holiday.,2025-12-17,false,false
SEND006007,CMP03,Member Picks,C00178,email,Popular picks selected for you.,2025-05-19,false,false
SEND006008,CMP08,Holiday Highlights,C00594,ads,Explore customer favorites this holiday.,2025-11-26,false,true
SEND006009,CMP05,Back to Routine,C00405,email,Get back into your everyday rhythm.,2025-08-06,false,true
SEND006010,CMP02,Spring Refresh,C00914,ads,Refresh your routine for spring.,2025-03-23,false,false
SEND006011,CMP06,Autumn Edit,C00251,ads,Discover this season's useful upgrades.,2025-09-20,false,false
SEND006012,CMP08,Holiday Highlights,C00444,ads,Explore customer favorites this holiday.,2025-12-04,false,false
SEND006013,CMP08,Holiday Highlights,C00397,ads,Explore customer favorites this holiday.,2025-12-20,false,false
SEND006014,CMP02,Spring Refresh,C00938,ads,Refresh your routine for spring.,2025-04-05,false,false
SEND006015,CMP04,Summer Essentials,C00308,ads,Simple essentials for warmer days.,2025-06-26,false,false
SEND006016,CMP02,Spring Refresh,C00092,ads,Refresh your routine for spring.,2025-03-09,false,false
SEND006017,CMP07,Early Holiday,C00103,email,A head start on thoughtful gifting.,2025-11-05,false,false
SEND006018,CMP01,New Year Reset,C00955,email,Start fresh with practical favorites.,2025-01-22,false,false
SEND006019,CMP04,Summer Essentials,C00585,ads,Simple essentials for warmer days.,2025-06-19,false,false
SEND006020,CMP06,Autumn Edit,C00412,ads,Discover this season's useful upgrades.,2025-09-26,false,false
SEND006021,CMP03,Member Picks,C00048,email,Popular picks selected for you.,2025-06-19,false,false
SEND006022,CMP07,Early Holiday,C00450,email,A head start on thoughtful gifting.,2025-11-26,false,false
SEND006023,CMP02,Spring Refresh,C00809,ads,Refresh your routine for spring.,2025-03-02,true,false
SEND006024,CMP04,Summer Essentials,C00180,ads,Simple essentials for warmer days.,2025-07-24,false,false
SEND006025,CMP04,Summer Essentials,C01000,ads,Simple essentials for warmer days.,2025-06-09,false,false
SEND006026,CMP03,Member Picks,C00570,email,Popular picks selected for you.,2025-05-21,false,false
SEND006027,CMP07,Early Holiday,C00656,email,A head start on thoughtful gifting.,2025-11-12,true,false
SEND006028,CMP07,Early Holiday,C00998,email,A head start on thoughtful gifting.,2025-11-02,false,false
SEND006029,CMP02,Spring Refresh,C00521,ads,Refresh your routine for spring.,2025-03-06,false,false
SEND006030,CMP08,Holiday Highlights,C00701,ads,Explore customer favorites this holiday.,2025-11-10,false,false
SEND006031,CMP08,Holiday Highlights,C00863,ads,Explore customer favorites this holiday.,2025-12-19,false,false
SEND006032,CMP01,New Year Reset,C00765,email,Start fresh with practical favorites.,2025-02-03,false,false
SEND006033,CMP03,Member Picks,C00994,email,Popular picks selected for you.,2025-05-29,false,false
SEND006034,CMP07,Early Holiday,C00490,email,A head start on thoughtful gifting.,2025-11-17,false,false
SEND006035,CMP03,Member Picks,C00482,email,Popular picks selected for you.,2025-06-03,false,false
SEND006036,CMP08,Holiday Highlights,C00752,ads,Explore customer favorites this holiday.,2025-12-03,false,false
SEND006037,CMP08,Holiday Highlights,C00540,ads,Explore customer favorites this holiday.,2025-12-03,false,false
SEND006038,CMP08,Holiday Highlights,C00910,ads,Explore customer favorites this holiday.,2025-12-15,false,false
SEND006039,CMP02,Spring Refresh,C00951,ads,Refresh your routine for spring.,2025-04-10,true,false
SEND006040,CMP08,Holiday Highlights,C00390,ads,Explore customer favorites this holiday.,2025-12-24,false,false
SEND006041,CMP06,Autumn Edit,C00439,ads,Discover this season's useful upgrades.,2025-09-22,false,false
SEND006042,CMP04,Summer Essentials,C00622,ads,Simple essentials for warmer days.,2025-06-09,false,false
SEND006043,CMP04,Summer Essentials,C00354,ads,Simple essentials for warmer days.,2025-06-21,false,false
SEND006044,CMP06,Autumn Edit,C00663,ads,Discover this season's useful upgrades.,2025-10-14,false,false
SEND006045,CMP06,Autumn Edit,C00785,ads,Discover this season's useful upgrades.,2025-09-17,false,false
SEND006046,CMP08,Holiday Highlights,C00436,ads,Explore customer favorites this holiday.,2025-11-07,false,false
SEND006047,CMP07,Early Holiday,C00526,email,A head start on thoughtful gifting.,2025-11-20,false,false
SEND006048,CMP08,Holiday Highlights,C00904,ads,Explore customer favorites this holiday.,2025-11-07,false,false
SEND006049,CMP05,Back to Routine,C00129,email,Get back into your everyday rhythm.,2025-09-24,true,false
SEND006050,CMP02,Spring Refresh,C00386,ads,Refresh your routine for spring.,2025-04-20,false,false
SEND006051,CMP08,Holiday Highlights,C00281,ads,Explore customer favorites this holiday.,2025-11-17,false,true
SEND006052,CMP05,Back to Routine,C00050,email,Get back into your everyday rhythm.,2025-08-20,false,false
SEND006053,CMP07,Early Holiday,C00757,email,A head start on thoughtful gifting.,2025-11-02,false,false
SEND006054,CMP05,Back to Routine,C00610,email,Get back into your everyday rhythm.,2025-08-16,false,false
SEND006055,CMP07,Early Holiday,C00331,email,A head start on thoughtful gifting.,2025-11-11,false,false
SEND006056,CMP01,New Year Reset,C00300,email,Start fresh with practical favorites.,2025-02-27,false,false
SEND006057,CMP05,Back to Routine,C00556,email,Get back into your everyday rhythm.,2025-08-05,false,false
SEND006058,CMP04,Summer Essentials,C00030,ads,Simple essentials for warmer days.,2025-08-24,true,false
SEND006059,CMP03,Member Picks,C00115,email,Popular picks selected for you.,2025-06-28,true,false
SEND006060,CMP03,Member Picks,C00541,email,Popular picks selected for you.,2025-06-29,true,false
SEND006061,CMP07,Early Holiday,C00280,email,A head start on thoughtful gifting.,2025-11-16,false,false
SEND006062,CMP03,Member Picks,C00922,email,Popular picks selected for you.,2025-05-01,false,false
SEND006063,CMP01,New Year Reset,C00981,email,Start fresh with practical favorites.,2025-01-05,false,false
SEND006064,CMP01,New Year Reset,C00190,email,Start fresh with practical favorites.,2025-01-08,false,false
SEND006065,CMP08,Holiday Highlights,C00572,ads,Explore customer favorites this holiday.,2025-12-27,false,false
SEND006066,CMP03,Member Picks,C00316,email,Popular picks selected for you.,2025-05-16,false,false
SEND006067,CMP05,Back to Routine,C00721,email,Get back into your everyday rhythm.,2025-08-23,false,false
SEND006068,CMP08,Holiday Highlights,C00035,ads,Explore customer favorites this holiday.,2025-12-08,false,false
SEND006069,CMP03,Member Picks,C00145,email,Popular picks selected for you.,2025-05-01,false,false
SEND006070,CMP03,Member Picks,C00803,email,Popular picks selected for you.,2025-05-02,false,false
SEND006071,CMP06,Autumn Edit,C00255,ads,Discover this season's useful upgrades.,2025-10-07,false,false
SEND006072,CMP04,Summer Essentials,C00522,ads,Simple essentials for warmer days.,2025-08-28,true,false
SEND006073,CMP08,Holiday Highlights,C00832,ads,Explore customer favorites this holiday.,2025-11-20,false,false
SEND006074,CMP05,Back to Routine,C00120,email,Get back into your everyday rhythm.,2025-09-14,false,false
SEND006075,CMP05,Back to Routine,C00841,email,Get back into your everyday rhythm.,2025-08-31,false,false
SEND006076,CMP07,Early Holiday,C00229,email,A head start on thoughtful gifting.,2025-11-24,false,false
SEND006077,CMP07,Early Holiday,C00689,email,A head start on thoughtful gifting.,2025-11-18,true,false
SEND006078,CMP06,Autumn Edit,C00964,ads,Discover this season's useful upgrades.,2025-09-22,false,false
SEND006079,CMP01,New Year Reset,C00467,email,Start fresh with practical favorites.,2025-01-01,true,false
SEND006080,CMP04,Summer Essentials,C00657,ads,Simple essentials for warmer days.,2025-07-29,false,false
SEND006081,CMP07,Early Holiday,C00641,email,A head start on thoughtful gifting.,2025-11-23,true,false
SEND006082,CMP06,Autumn Edit,C00626,ads,Discover this season's useful upgrades.,2025-09-22,true,false
SEND006083,CMP06,Autumn Edit,C00677,ads,Discover this season's useful upgrades.,2025-10-23,false,false
SEND006084,CMP03,Member Picks,C00770,email,Popular picks selected for you.,2025-06-25,false,false
SEND006085,CMP07,Early Holiday,C00853,email,A head start on thoughtful gifting.,2025-11-12,false,false
SEND006086,CMP05,Back to Routine,C00288,email,Get back into your everyday rhythm.,2025-08-01,true,false
SEND006087,CMP03,Member Picks,C00621,email,Popular picks selected for you.,2025-06-11,false,false
SEND006088,CMP07,Early Holiday,C00314,email,A head start on thoughtful gifting.,2025-11-07,false,false
SEND006089,CMP03,Member Picks,C00490,email,Popular picks selected for you.,2025-06-12,true,false
SEND006090,CMP06,Autumn Edit,C00199,ads,Discover this season's useful upgrades.,2025-09-16,false,true
SEND006091,CMP07,Early Holiday,C00821,email,A head start on thoughtful gifting.,2025-11-08,false,false
SEND006092,CMP05,Back to Routine,C00302,email,Get back into your everyday rhythm.,2025-09-07,false,false
SEND006093,CMP06,Autumn Edit,C00298,ads,Discover this season's useful upgrades.,2025-09-13,false,false
SEND006094,CMP01,New Year Reset,C00279,email,Start fresh with practical favorites.,2025-02-06,true,false
SEND006095,CMP08,Holiday Highlights,C00329,ads,Explore customer favorites this holiday.,2025-12-25,false,false
SEND006096,CMP03,Member Picks,C00542,email,Popular picks selected for you.,2025-06-05,false,false
SEND006097,CMP01,New Year Reset,C00386,email,Start fresh with practical favorites.,2025-01-30,false,false
SEND006098,CMP04,Summer Essentials,C00710,ads,Simple essentials for warmer days.,2025-06-14,false,false
SEND006099,CMP04,Summer Essentials,C00225,ads,Simple essentials for warmer days.,2025-08-20,false,false
SEND006100,CMP03,Member Picks,C00498,email,Popular picks selected for you.,2025-05-15,false,false
SEND006101,CMP05,Back to Routine,C00768,email,Get back into your everyday rhythm.,2025-09-27,false,false
SEND006102,CMP06,Autumn Edit,C00265,ads,Discover this season's useful upgrades.,2025-10-02,false,false
SEND006103,CMP01,New Year Reset,C00419,email,Start fresh with practical favorites.,2025-01-24,false,false
SEND006104,CMP05,Back to Routine,C00183,email,Get back into your everyday rhythm.,2025-08-30,false,false
SEND006105,CMP01,New Year Reset,C00830,email,Start fresh with practical favorites.,2025-02-11,false,false
SEND006106,CMP03,Member Picks,C00350,email,Popular picks selected for you.,2025-06-24,false,false
SEND006107,CMP07,Early Holiday,C00543,email,A head start on thoughtful gifting.,2025-11-08,false,false
SEND006108,CMP04,Summer Essentials,C00900,ads,Simple essentials for warmer days.,2025-07-25,false,true
SEND006109,CMP05,Back to Routine,C00152,email,Get back into your everyday rhythm.,2025-09-16,false,false
SEND006110,CMP02,Spring Refresh,C00826,ads,Refresh your routine for spring.,2025-03-19,false,false
SEND006111,CMP08,Holiday Highlights,C00172,ads,Explore customer favorites this holiday.,2025-11-02,false,false
SEND006112,CMP03,Member Picks,C00800,email,Popular picks selected for you.,2025-05-08,true,false
SEND006113,CMP07,Early Holiday,C00445,email,A head start on thoughtful gifting.,2025-11-14,false,false
SEND006114,CMP08,Holiday Highlights,C00258,ads,Explore customer favorites this holiday.,2025-12-08,false,false
SEND006115,CMP03,Member Picks,C00138,email,Popular picks selected for you.,2025-05-02,false,false
SEND006116,CMP03,Member Picks,C00475,email,Popular picks selected for you.,2025-06-26,false,false
SEND006117,CMP04,Summer Essentials,C00394,ads,Simple essentials for warmer days.,2025-06-17,false,false
SEND006118,CMP04,Summer Essentials,C00720,ads,Simple essentials for warmer days.,2025-07-08,false,false
SEND006119,CMP05,Back to Routine,C00167,email,Get back into your everyday rhythm.,2025-08-04,false,false
SEND006120,CMP05,Back to Routine,C00216,email,Get back into your everyday rhythm.,2025-08-23,false,false
SEND006121,CMP03,Member Picks,C00013,email,Popular picks selected for you.,2025-06-26,false,false
SEND006122,CMP03,Member Picks,C00715,email,Popular picks selected for you.,2025-05-28,false,false
SEND006123,CMP03,Member Picks,C00536,email,Popular picks selected for you.,2025-06-26,false,true
SEND006124,CMP02,Spring Refresh,C00147,ads,Refresh your routine for spring.,2025-04-25,false,false
SEND006125,CMP03,Member Picks,C00582,email,Popular picks selected for you.,2025-05-14,false,false
SEND006126,CMP05,Back to Routine,C00851,email,Get back into your everyday rhythm.,2025-09-13,false,false
SEND006127,CMP08,Holiday Highlights,C00150,ads,Explore customer favorites this holiday.,2025-11-27,false,false
SEND006128,CMP07,Early Holiday,C00833,email,A head start on thoughtful gifting.,2025-11-14,false,false
SEND006129,CMP03,Member Picks,C00665,email,Popular picks selected for you.,2025-06-18,false,false
SEND006130,CMP06,Autumn Edit,C00961,ads,Discover this season's useful upgrades.,2025-10-14,false,false
SEND006131,CMP06,Autumn Edit,C00180,ads,Discover this season's useful upgrades.,2025-09-08,false,false
SEND006132,CMP06,Autumn Edit,C00003,ads,Discover this season's useful upgrades.,2025-09-18,false,false
SEND006133,CMP03,Member Picks,C00387,email,Popular picks selected for you.,2025-05-23,false,false
SEND006134,CMP05,Back to Routine,C00929,email,Get back into your everyday rhythm.,2025-08-26,false,false
SEND006135,CMP06,Autumn Edit,C00025,ads,Discover this season's useful upgrades.,2025-09-29,true,false
SEND006136,CMP05,Back to Routine,C00345,email,Get back into your everyday rhythm.,2025-09-02,false,false
SEND006137,CMP02,Spring Refresh,C00760,ads,Refresh your routine for spring.,2025-03-06,false,false
SEND006138,CMP06,Autumn Edit,C00851,ads,Discover this season's useful upgrades.,2025-10-26,true,false
SEND006139,CMP06,Autumn Edit,C00877,ads,Discover this season's useful upgrades.,2025-09-14,false,false
SEND006140,CMP01,New Year Reset,C00155,email,Start fresh with practical favorites.,2025-02-11,false,false
SEND006141,CMP05,Back to Routine,C00663,email,Get back into your everyday rhythm.,2025-09-19,false,false
SEND006142,CMP08,Holiday Highlights,C00844,ads,Explore customer favorites this holiday.,2025-12-13,false,false
SEND006143,CMP08,Holiday Highlights,C00103,ads,Explore customer favorites this holiday.,2025-11-26,true,false
SEND006144,CMP07,Early Holiday,C00857,email,A head start on thoughtful gifting.,2025-11-07,true,false
SEND006145,CMP06,Autumn Edit,C00435,ads,Discover this season's useful upgrades.,2025-09-16,false,false
SEND006146,CMP06,Autumn Edit,C00869,ads,Discover this season's useful upgrades.,2025-10-23,false,false
SEND006147,CMP02,Spring Refresh,C00163,ads,Refresh your routine for spring.,2025-03-17,false,false
SEND006148,CMP06,Autumn Edit,C00725,ads,Discover this season's useful upgrades.,2025-09-23,false,false
SEND006149,CMP04,Summer Essentials,C00599,ads,Simple essentials for warmer days.,2025-07-03,false,false
SEND006150,CMP01,New Year Reset,C00964,email,Start fresh with practical favorites.,2025-01-17,true,false
SEND006151,CMP03,Member Picks,C00790,email,Popular picks selected for you.,2025-06-24,false,false
SEND006152,CMP02,Spring Refresh,C00125,ads,Refresh your routine for spring.,2025-03-24,false,false
SEND006153,CMP02,Spring Refresh,C00124,ads,Refresh your routine for spring.,2025-03-02,false,false
SEND006154,CMP04,Summer Essentials,C00468,ads,Simple essentials for warmer days.,2025-08-17,false,false
SEND006155,CMP03,Member Picks,C00104,email,Popular picks selected for you.,2025-05-17,false,false
SEND006156,CMP05,Back to Routine,C00408,email,Get back into your everyday rhythm.,2025-09-05,true,true
SEND006157,CMP05,Back to Routine,C00117,email,Get back into your everyday rhythm.,2025-08-21,false,false
SEND006158,CMP04,Summer Essentials,C00467,ads,Simple essentials for warmer days.,2025-06-02,false,false
SEND006159,CMP04,Summer Essentials,C00072,ads,Simple essentials for warmer days.,2025-08-04,false,false
SEND006160,CMP01,New Year Reset,C00075,email,Start fresh with practical favorites.,2025-02-16,false,false
SEND006161,CMP06,Autumn Edit,C00350,ads,Discover this season's useful upgrades.,2025-10-13,false,false
SEND006162,CMP03,Member Picks,C00453,email,Popular picks selected for you.,2025-06-25,false,false
SEND006163,CMP07,Early Holiday,C00081,email,A head start on thoughtful gifting.,2025-11-06,false,false
SEND006164,CMP08,Holiday Highlights,C00466,ads,Explore customer favorites this holiday.,2025-11-09,false,false
SEND006165,CMP04,Summer Essentials,C00775,ads,Simple essentials for warmer days.,2025-08-03,false,false
SEND006166,CMP04,Summer Essentials,C00402,ads,Simple essentials for warmer days.,2025-08-03,true,false
SEND006167,CMP01,New Year Reset,C00772,email,Start fresh with practical favorites.,2025-02-28,false,false
SEND006168,CMP05,Back to Routine,C00895,email,Get back into your everyday rhythm.,2025-09-15,false,false
SEND006169,CMP01,New Year Reset,C00645,email,Start fresh with practical favorites.,2025-01-24,false,false
SEND006170,CMP06,Autumn Edit,C00511,ads,Discover this season's useful upgrades.,2025-09-20,false,false
SEND006171,CMP01,New Year Reset,C00980,email,Start fresh with practical favorites.,2025-01-08,false,false
SEND006172,CMP07,Early Holiday,C00547,email,A head start on thoughtful gifting.,2025-11-19,false,false
SEND006173,CMP08,Holiday Highlights,C00585,ads,Explore customer favorites this holiday.,2025-12-17,false,false
SEND006174,CMP07,Early Holiday,C00729,email,A head start on thoughtful gifting.,2025-11-29,false,false
SEND006175,CMP06,Autumn Edit,C00266,ads,Discover this season's useful upgrades.,2025-09-02,false,false
SEND006176,CMP02,Spring Refresh,C00270,ads,Refresh your routine for spring.,2025-04-18,false,false
SEND006177,CMP02,Spring Refresh,C00337,ads,Refresh your routine for spring.,2025-03-24,false,false
SEND006178,CMP03,Member Picks,C00556,email,Popular picks selected for you.,2025-06-21,false,true
SEND006179,CMP07,Early Holiday,C00118,email,A head start on thoughtful gifting.,2025-11-17,true,true
SEND006180,CMP06,Autumn Edit,C00123,ads,Discover this season's useful upgrades.,2025-10-30,false,true
SEND006181,CMP07,Early Holiday,C00021,email,A head start on thoughtful gifting.,2025-11-16,false,false
SEND006182,CMP05,Back to Routine,C00130,email,Get back into your everyday rhythm.,2025-08-02,true,false
SEND006183,CMP01,New Year Reset,C00648,email,Start fresh with practical favorites.,2025-01-02,false,false
SEND006184,CMP03,Member Picks,C00157,email,Popular picks selected for you.,2025-06-24,true,false
SEND006185,CMP08,Holiday Highlights,C00694,ads,Explore customer favorites this holiday.,2025-11-11,false,false
SEND006186,CMP06,Autumn Edit,C00820,ads,Discover this season's useful upgrades.,2025-09-29,false,false
SEND006187,CMP07,Early Holiday,C00813,email,A head start on thoughtful gifting.,2025-11-08,false,false
SEND006188,CMP07,Early Holiday,C00226,email,A head start on thoughtful gifting.,2025-11-04,false,false
SEND006189,CMP03,Member Picks,C00419,email,Popular picks selected for you.,2025-05-11,false,false
SEND006190,CMP02,Spring Refresh,C00598,ads,Refresh your routine for spring.,2025-04-07,false,false
SEND006191,CMP01,New Year Reset,C00011,email,Start fresh with practical favorites.,2025-02-14,false,false
SEND006192,CMP07,Early Holiday,C00330,email,A head start on thoughtful gifting.,2025-11-18,false,false
SEND006193,CMP08,Holiday Highlights,C00673,ads,Explore customer favorites this holiday.,2025-11-21,false,false
SEND006194,CMP02,Spring Refresh,C00197,ads,Refresh your routine for spring.,2025-04-04,false,true
SEND006195,CMP03,Member Picks,C00768,email,Popular picks selected for you.,2025-06-28,false,false
SEND006196,CMP03,Member Picks,C00947,email,Popular picks selected for you.,2025-06-30,false,false
SEND006197,CMP07,Early Holiday,C00103,email,A head start on thoughtful gifting.,2025-11-23,false,false
SEND006198,CMP02,Spring Refresh,C00090,ads,Refresh your routine for spring.,2025-04-24,false,false
SEND006199,CMP02,Spring Refresh,C00534,ads,Refresh your routine for spring.,2025-03-27,false,false
SEND006200,CMP06,Autumn Edit,C00563,ads,Discover this season's useful upgrades.,2025-10-01,true,false
SEND006201,CMP07,Early Holiday,C00620,email,A head start on thoughtful gifting.,2025-11-16,false,false
SEND006202,CMP01,New Year Reset,C00246,email,Start fresh with practical favorites.,2025-01-11,false,false
SEND006203,CMP04,Summer Essentials,C00048,ads,Simple essentials for warmer days.,2025-06-18,false,false
SEND006204,CMP07,Early Holiday,C00764,email,A head start on thoughtful gifting.,2025-11-14,false,false
SEND006205,CMP05,Back to Routine,C00960,email,Get back into your everyday rhythm.,2025-08-05,false,false
SEND006206,CMP02,Spring Refresh,C00700,ads,Refresh your routine for spring.,2025-04-12,false,false
SEND006207,CMP06,Autumn Edit,C00991,ads,Discover this season's useful upgrades.,2025-09-03,false,true
SEND006208,CMP05,Back to Routine,C00733,email,Get back into your everyday rhythm.,2025-09-01,false,false
SEND006209,CMP05,Back to Routine,C00134,email,Get back into your everyday rhythm.,2025-09-06,false,false
SEND006210,CMP03,Member Picks,C00544,email,Popular picks selected for you.,2025-05-18,false,false
SEND006211,CMP07,Early Holiday,C00362,email,A head start on thoughtful gifting.,2025-11-15,false,false
SEND006212,CMP01,New Year Reset,C00661,email,Start fresh with practical favorites.,2025-01-07,false,false
SEND006213,CMP08,Holiday Highlights,C00144,ads,Explore customer favorites this holiday.,2025-11-12,false,false
SEND006214,CMP01,New Year Reset,C00551,email,Start fresh with practical favorites.,2025-02-09,false,false
SEND006215,CMP05,Back to Routine,C00862,email,Get back into your everyday rhythm.,2025-09-12,false,false
SEND006216,CMP07,Early Holiday,C00020,email,A head start on thoughtful gifting.,2025-11-18,false,false
SEND006217,CMP05,Back to Routine,C00642,email,Get back into your everyday rhythm.,2025-08-05,false,false
SEND006218,CMP03,Member Picks,C00979,email,Popular picks selected for you.,2025-06-11,true,false
SEND006219,CMP01,New Year Reset,C00649,email,Start fresh with practical favorites.,2025-01-05,false,false
SEND006220,CMP02,Spring Refresh,C00372,ads,Refresh your routine for spring.,2025-03-30,false,false
SEND006221,CMP05,Back to Routine,C00249,email,Get back into your everyday rhythm.,2025-08-14,false,false
SEND006222,CMP05,Back to Routine,C00637,email,Get back into your everyday rhythm.,2025-09-10,false,false
SEND006223,CMP01,New Year Reset,C00367,email,Start fresh with practical favorites.,2025-01-18,false,false
SEND006224,CMP06,Autumn Edit,C00105,ads,Discover this season's useful upgrades.,2025-10-15,false,false
SEND006225,CMP07,Early Holiday,C00820,email,A head start on thoughtful gifting.,2025-11-02,false,false
SEND006226,CMP06,Autumn Edit,C00514,ads,Discover this season's useful upgrades.,2025-09-27,false,false
SEND006227,CMP07,Early Holiday,C00714,email,A head start on thoughtful gifting.,2025-11-29,false,false
SEND006228,CMP02,Spring Refresh,C00640,ads,Refresh your routine for spring.,2025-04-08,false,false
SEND006229,CMP04,Summer Essentials,C00386,ads,Simple essentials for warmer days.,2025-08-23,false,false
SEND006230,CMP02,Spring Refresh,C00510,ads,Refresh your routine for spring.,2025-03-12,false,false
SEND006231,CMP08,Holiday Highlights,C00229,ads,Explore customer favorites this holiday.,2025-12-16,false,false
SEND006232,CMP08,Holiday Highlights,C00123,ads,Explore customer favorites this holiday.,2025-12-26,true,true
SEND006233,CMP02,Spring Refresh,C00477,ads,Refresh your routine for spring.,2025-03-27,false,false
SEND006234,CMP02,Spring Refresh,C00274,ads,Refresh your routine for spring.,2025-03-04,false,false
SEND006235,CMP05,Back to Routine,C00169,email,Get back into your everyday rhythm.,2025-08-09,false,false
SEND006236,CMP08,Holiday Highlights,C00666,ads,Explore customer favorites this holiday.,2025-12-27,false,false
SEND006237,CMP02,Spring Refresh,C00474,ads,Refresh your routine for spring.,2025-04-18,false,false
SEND006238,CMP07,Early Holiday,C00902,email,A head start on thoughtful gifting.,2025-11-26,false,false
SEND006239,CMP05,Back to Routine,C00116,email,Get back into your everyday rhythm.,2025-09-22,false,false
SEND006240,CMP07,Early Holiday,C00864,email,A head start on thoughtful gifting.,2025-11-03,false,false
SEND006241,CMP08,Holiday Highlights,C00904,ads,Explore customer favorites this holiday.,2025-12-15,true,false
SEND006242,CMP03,Member Picks,C00948,email,Popular picks selected for you.,2025-06-05,false,false
SEND006243,CMP04,Summer Essentials,C00934,ads,Simple essentials for warmer days.,2025-07-01,true,false
SEND006244,CMP01,New Year Reset,C00982,email,Start fresh with practical favorites.,2025-01-11,true,true
SEND006245,CMP03,Member Picks,C00026,email,Popular picks selected for you.,2025-05-10,false,false
SEND006246,CMP08,Holiday Highlights,C00002,ads,Explore customer favorites this holiday.,2025-12-30,false,false
SEND006247,CMP04,Summer Essentials,C00937,ads,Simple essentials for warmer days.,2025-08-25,false,false
SEND006248,CMP06,Autumn Edit,C00175,ads,Discover this season's useful upgrades.,2025-09-11,false,false
SEND006249,CMP05,Back to Routine,C00134,email,Get back into your everyday rhythm.,2025-08-07,false,true
SEND006250,CMP05,Back to Routine,C00411,email,Get back into your everyday rhythm.,2025-09-21,false,false
SEND006251,CMP07,Early Holiday,C00465,email,A head start on thoughtful gifting.,2025-11-20,false,true
SEND006252,CMP03,Member Picks,C00753,email,Popular picks selected for you.,2025-05-30,false,false
SEND006253,CMP05,Back to Routine,C00841,email,Get back into your everyday rhythm.,2025-09-27,false,true
SEND006254,CMP03,Member Picks,C00652,email,Popular picks selected for you.,2025-06-19,false,false
SEND006255,CMP03,Member Picks,C00469,email,Popular picks selected for you.,2025-06-22,false,false
SEND006256,CMP04,Summer Essentials,C00219,ads,Simple essentials for warmer days.,2025-08-29,false,false
SEND006257,CMP03,Member Picks,C00077,email,Popular picks selected for you.,2025-05-25,false,false
SEND006258,CMP06,Autumn Edit,C00932,ads,Discover this season's useful upgrades.,2025-09-27,false,false
SEND006259,CMP04,Summer Essentials,C00340,ads,Simple essentials for warmer days.,2025-06-16,false,false
SEND006260,CMP03,Member Picks,C00911,email,Popular picks selected for you.,2025-05-29,false,false
SEND006261,CMP05,Back to Routine,C00861,email,Get back into your everyday rhythm.,2025-08-22,false,false
SEND006262,CMP04,Summer Essentials,C00121,ads,Simple essentials for warmer days.,2025-06-18,false,false
SEND006263,CMP06,Autumn Edit,C00856,ads,Discover this season's useful upgrades.,2025-09-12,false,false
SEND006264,CMP08,Holiday Highlights,C00070,ads,Explore customer favorites this holiday.,2025-11-14,false,false
SEND006265,CMP06,Autumn Edit,C00307,ads,Discover this season's useful upgrades.,2025-09-10,false,false
SEND006266,CMP01,New Year Reset,C00672,email,Start fresh with practical favorites.,2025-01-23,false,false
SEND006267,CMP01,New Year Reset,C00523,email,Start fresh with practical favorites.,2025-02-11,false,false
SEND006268,CMP08,Holiday Highlights,C00710,ads,Explore customer favorites this holiday.,2025-12-15,false,false
SEND006269,CMP01,New Year Reset,C00298,email,Start fresh with practical favorites.,2025-01-02,false,true
SEND006270,CMP07,Early Holiday,C00163,email,A head start on thoughtful gifting.,2025-11-25,false,false
SEND006271,CMP03,Member Picks,C00106,email,Popular picks selected for you.,2025-05-31,false,false
SEND006272,CMP03,Member Picks,C00729,email,Popular picks selected for you.,2025-05-31,true,false
SEND006273,CMP03,Member Picks,C00876,email,Popular picks selected for you.,2025-06-28,true,false
SEND006274,CMP02,Spring Refresh,C00862,ads,Refresh your routine for spring.,2025-03-08,true,true
SEND006275,CMP03,Member Picks,C00573,email,Popular picks selected for you.,2025-05-08,false,false
SEND006276,CMP08,Holiday Highlights,C00864,ads,Explore customer favorites this holiday.,2025-12-03,true,false
SEND006277,CMP03,Member Picks,C00595,email,Popular picks selected for you.,2025-05-28,false,false
SEND006278,CMP07,Early Holiday,C00927,email,A head start on thoughtful gifting.,2025-11-06,false,false
SEND006279,CMP06,Autumn Edit,C00919,ads,Discover this season's useful upgrades.,2025-09-24,false,false
SEND006280,CMP02,Spring Refresh,C00596,ads,Refresh your routine for spring.,2025-03-21,false,false
SEND006281,CMP01,New Year Reset,C00763,email,Start fresh with practical favorites.,2025-01-24,false,false
SEND006282,CMP02,Spring Refresh,C00481,ads,Refresh your routine for spring.,2025-04-14,false,false
SEND006283,CMP07,Early Holiday,C00810,email,A head start on thoughtful gifting.,2025-11-07,false,false
SEND006284,CMP07,Early Holiday,C00402,email,A head start on thoughtful gifting.,2025-11-02,false,false
SEND006285,CMP01,New Year Reset,C00189,email,Start fresh with practical favorites.,2025-02-23,true,false
SEND006286,CMP01,New Year Reset,C00101,email,Start fresh with practical favorites.,2025-01-05,true,true
SEND006287,CMP08,Holiday Highlights,C00442,ads,Explore customer favorites this holiday.,2025-12-12,false,false
SEND006288,CMP04,Summer Essentials,C00972,ads,Simple essentials for warmer days.,2025-07-15,false,false
SEND006289,CMP04,Summer Essentials,C00180,ads,Simple essentials for warmer days.,2025-06-29,false,false
SEND006290,CMP02,Spring Refresh,C00564,ads,Refresh your routine for spring.,2025-04-18,false,false
SEND006291,CMP02,Spring Refresh,C00655,ads,Refresh your routine for spring.,2025-03-24,false,false
SEND006292,CMP01,New Year Reset,C00753,email,Start fresh with practical favorites.,2025-01-21,false,false
SEND006293,CMP02,Spring Refresh,C00583,ads,Refresh your routine for spring.,2025-04-15,false,false
SEND006294,CMP08,Holiday Highlights,C00734,ads,Explore customer favorites this holiday.,2025-11-25,false,false
SEND006295,CMP03,Member Picks,C00434,email,Popular picks selected for you.,2025-06-16,false,false
SEND006296,CMP03,Member Picks,C00404,email,Popular picks selected for you.,2025-05-17,false,false
SEND006297,CMP04,Summer Essentials,C00996,ads,Simple essentials for warmer days.,2025-08-29,false,false
SEND006298,CMP05,Back to Routine,C00899,email,Get back into your everyday rhythm.,2025-08-18,false,false
SEND006299,CMP07,Early Holiday,C00798,email,A head start on thoughtful gifting.,2025-11-08,true,true
SEND006300,CMP07,Early Holiday,C00882,email,A head start on thoughtful gifting.,2025-11-25,false,false
SEND006301,CMP07,Early Holiday,C00567,email,A head start on thoughtful gifting.,2025-11-04,false,false
SEND006302,CMP08,Holiday Highlights,C00887,ads,Explore customer favorites this holiday.,2025-11-27,false,false
SEND006303,CMP07,Early Holiday,C00859,email,A head start on thoughtful gifting.,2025-11-22,false,false
SEND006304,CMP04,Summer Essentials,C00238,ads,Simple essentials for warmer days.,2025-08-31,false,false
SEND006305,CMP06,Autumn Edit,C00534,ads,Discover this season's useful upgrades.,2025-10-23,true,false
SEND006306,CMP05,Back to Routine,C00060,email,Get back into your everyday rhythm.,2025-09-06,false,false
SEND006307,CMP06,Autumn Edit,C00742,ads,Discover this season's useful upgrades.,2025-10-27,false,false
SEND006308,CMP06,Autumn Edit,C00227,ads,Discover this season's useful upgrades.,2025-10-22,false,false
SEND006309,CMP03,Member Picks,C00868,email,Popular picks selected for you.,2025-05-05,false,false
SEND006310,CMP08,Holiday Highlights,C00078,ads,Explore customer favorites this holiday.,2025-11-18,false,false
SEND006311,CMP07,Early Holiday,C00953,email,A head start on thoughtful gifting.,2025-11-05,false,false
SEND006312,CMP02,Spring Refresh,C00253,ads,Refresh your routine for spring.,2025-03-20,false,false
SEND006313,CMP07,Early Holiday,C00332,email,A head start on thoughtful gifting.,2025-11-24,false,false
SEND006314,CMP05,Back to Routine,C00948,email,Get back into your everyday rhythm.,2025-08-26,true,false
SEND006315,CMP01,New Year Reset,C00835,email,Start fresh with practical favorites.,2025-02-01,false,false
SEND006316,CMP07,Early Holiday,C00862,email,A head start on thoughtful gifting.,2025-11-04,false,false
SEND006317,CMP01,New Year Reset,C00338,email,Start fresh with practical favorites.,2025-02-03,true,false
SEND006318,CMP01,New Year Reset,C00800,email,Start fresh with practical favorites.,2025-02-25,true,false
SEND006319,CMP02,Spring Refresh,C00490,ads,Refresh your routine for spring.,2025-03-04,false,false
SEND006320,CMP08,Holiday Highlights,C00254,ads,Explore customer favorites this holiday.,2025-11-07,true,false
SEND006321,CMP03,Member Picks,C00655,email,Popular picks selected for you.,2025-06-28,false,false
SEND006322,CMP07,Early Holiday,C00429,email,A head start on thoughtful gifting.,2025-11-14,true,false
SEND006323,CMP08,Holiday Highlights,C00767,ads,Explore customer favorites this holiday.,2025-12-10,true,false
SEND006324,CMP06,Autumn Edit,C00916,ads,Discover this season's useful upgrades.,2025-09-28,false,false
SEND006325,CMP06,Autumn Edit,C00348,ads,Discover this season's useful upgrades.,2025-10-12,false,false
SEND006326,CMP05,Back to Routine,C00772,email,Get back into your everyday rhythm.,2025-08-12,false,true
SEND006327,CMP02,Spring Refresh,C00386,ads,Refresh your routine for spring.,2025-03-22,false,false
SEND006328,CMP04,Summer Essentials,C00286,ads,Simple essentials for warmer days.,2025-06-09,false,false
SEND006329,CMP01,New Year Reset,C00007,email,Start fresh with practical favorites.,2025-01-20,false,false
SEND006330,CMP03,Member Picks,C00540,email,Popular picks selected for you.,2025-05-13,false,false
SEND006331,CMP04,Summer Essentials,C00978,ads,Simple essentials for warmer days.,2025-06-09,false,false
SEND006332,CMP07,Early Holiday,C00508,email,A head start on thoughtful gifting.,2025-11-18,false,false
SEND006333,CMP03,Member Picks,C00949,email,Popular picks selected for you.,2025-05-08,false,false
SEND006334,CMP03,Member Picks,C00152,email,Popular picks selected for you.,2025-06-10,false,false
SEND006335,CMP07,Early Holiday,C00784,email,A head start on thoughtful gifting.,2025-11-24,false,false
SEND006336,CMP01,New Year Reset,C00217,email,Start fresh with practical favorites.,2025-01-11,true,false
SEND006337,CMP03,Member Picks,C00319,email,Popular picks selected for you.,2025-06-02,false,false
SEND006338,CMP01,New Year Reset,C00118,email,Start fresh with practical favorites.,2025-01-22,false,false
SEND006339,CMP05,Back to Routine,C00701,email,Get back into your everyday rhythm.,2025-09-13,false,false
SEND006340,CMP03,Member Picks,C00716,email,Popular picks selected for you.,2025-05-21,false,false
SEND006341,CMP02,Spring Refresh,C00611,ads,Refresh your routine for spring.,2025-03-29,false,false
SEND006342,CMP06,Autumn Edit,C00613,ads,Discover this season's useful upgrades.,2025-10-23,false,false
SEND006343,CMP07,Early Holiday,C00922,email,A head start on thoughtful gifting.,2025-11-23,false,false
SEND006344,CMP01,New Year Reset,C00287,email,Start fresh with practical favorites.,2025-01-14,false,false
SEND006345,CMP04,Summer Essentials,C00704,ads,Simple essentials for warmer days.,2025-06-03,false,false
SEND006346,CMP08,Holiday Highlights,C00691,ads,Explore customer favorites this holiday.,2025-11-21,false,false
SEND006347,CMP02,Spring Refresh,C00907,ads,Refresh your routine for spring.,2025-03-15,false,false
SEND006348,CMP05,Back to Routine,C00866,email,Get back into your everyday rhythm.,2025-08-16,false,false
SEND006349,CMP03,Member Picks,C00497,email,Popular picks selected for you.,2025-06-16,false,false
SEND006350,CMP05,Back to Routine,C00366,email,Get back into your everyday rhythm.,2025-09-20,false,false
SEND006351,CMP02,Spring Refresh,C00121,ads,Refresh your routine for spring.,2025-03-06,false,false
SEND006352,CMP02,Spring Refresh,C00422,ads,Refresh your routine for spring.,2025-04-08,false,false
SEND006353,CMP07,Early Holiday,C00413,email,A head start on thoughtful gifting.,2025-11-05,false,false
SEND006354,CMP01,New Year Reset,C00406,email,Start fresh with practical favorites.,2025-01-23,false,false
SEND006355,CMP04,Summer Essentials,C00530,ads,Simple essentials for warmer days.,2025-06-14,false,false
SEND006356,CMP01,New Year Reset,C00221,email,Start fresh with practical favorites.,2025-02-28,false,false
SEND006357,CMP03,Member Picks,C00669,email,Popular picks selected for you.,2025-05-04,false,false
SEND006358,CMP02,Spring Refresh,C00515,ads,Refresh your routine for spring.,2025-03-10,false,false
SEND006359,CMP02,Spring Refresh,C00001,ads,Refresh your routine for spring.,2025-04-11,false,false
SEND006360,CMP01,New Year Reset,C00968,email,Start fresh with practical favorites.,2025-02-24,true,false
SEND006361,CMP06,Autumn Edit,C00027,ads,Discover this season's useful upgrades.,2025-09-12,false,false
SEND006362,CMP08,Holiday Highlights,C00903,ads,Explore customer favorites this holiday.,2025-12-27,false,false
SEND006363,CMP04,Summer Essentials,C00213,ads,Simple essentials for warmer days.,2025-08-25,false,false
SEND006364,CMP01,New Year Reset,C00791,email,Start fresh with practical favorites.,2025-01-05,false,false
SEND006365,CMP05,Back to Routine,C00838,email,Get back into your everyday rhythm.,2025-09-01,false,false
SEND006366,CMP03,Member Picks,C00284,email,Popular picks selected for you.,2025-05-22,false,false
SEND006367,CMP01,New Year Reset,C00102,email,Start fresh with practical favorites.,2025-01-19,false,false
SEND006368,CMP03,Member Picks,C00437,email,Popular picks selected for you.,2025-05-23,false,false
SEND006369,CMP01,New Year Reset,C00653,email,Start fresh with practical favorites.,2025-01-31,true,false
SEND006370,CMP06,Autumn Edit,C00957,ads,Discover this season's useful upgrades.,2025-10-10,false,false
SEND006371,CMP02,Spring Refresh,C00789,ads,Refresh your routine for spring.,2025-04-11,false,false
SEND006372,CMP06,Autumn Edit,C00963,ads,Discover this season's useful upgrades.,2025-10-10,false,true
SEND006373,CMP05,Back to Routine,C00456,email,Get back into your everyday rhythm.,2025-08-04,false,false
SEND006374,CMP02,Spring Refresh,C00335,ads,Refresh your routine for spring.,2025-04-19,false,false
SEND006375,CMP04,Summer Essentials,C00681,ads,Simple essentials for warmer days.,2025-06-12,false,false
SEND006376,CMP06,Autumn Edit,C00537,ads,Discover this season's useful upgrades.,2025-10-07,false,false
SEND006377,CMP07,Early Holiday,C00403,email,A head start on thoughtful gifting.,2025-11-24,false,false
SEND006378,CMP01,New Year Reset,C00052,email,Start fresh with practical favorites.,2025-02-07,false,false
SEND006379,CMP02,Spring Refresh,C00165,ads,Refresh your routine for spring.,2025-04-03,false,false
SEND006380,CMP02,Spring Refresh,C00935,ads,Refresh your routine for spring.,2025-04-09,false,false
SEND006381,CMP08,Holiday Highlights,C00033,ads,Explore customer favorites this holiday.,2025-12-14,false,false
SEND006382,CMP01,New Year Reset,C00375,email,Start fresh with practical favorites.,2025-02-01,false,false
SEND006383,CMP07,Early Holiday,C00674,email,A head start on thoughtful gifting.,2025-11-18,false,false
SEND006384,CMP01,New Year Reset,C00934,email,Start fresh with practical favorites.,2025-02-19,true,false
SEND006385,CMP06,Autumn Edit,C00810,ads,Discover this season's useful upgrades.,2025-10-07,false,false
SEND006386,CMP02,Spring Refresh,C00877,ads,Refresh your routine for spring.,2025-03-16,true,true
SEND006387,CMP05,Back to Routine,C00334,email,Get back into your everyday rhythm.,2025-08-25,false,false
SEND006388,CMP08,Holiday Highlights,C00688,ads,Explore customer favorites this holiday.,2025-12-08,false,false
SEND006389,CMP07,Early Holiday,C00142,email,A head start on thoughtful gifting.,2025-11-20,true,false
SEND006390,CMP03,Member Picks,C00978,email,Popular picks selected for you.,2025-06-07,false,false
SEND006391,CMP01,New Year Reset,C00648,email,Start fresh with practical favorites.,2025-01-23,false,false
SEND006392,CMP05,Back to Routine,C00112,email,Get back into your everyday rhythm.,2025-09-16,false,false
SEND006393,CMP07,Early Holiday,C00766,email,A head start on thoughtful gifting.,2025-11-12,false,false
SEND006394,CMP05,Back to Routine,C00946,email,Get back into your everyday rhythm.,2025-08-02,false,false
SEND006395,CMP03,Member Picks,C00047,email,Popular picks selected for you.,2025-06-07,true,false
SEND006396,CMP04,Summer Essentials,C00847,ads,Simple essentials for warmer days.,2025-06-28,false,false
SEND006397,CMP06,Autumn Edit,C00879,ads,Discover this season's useful upgrades.,2025-10-03,false,false
SEND006398,CMP02,Spring Refresh,C00380,ads,Refresh your routine for spring.,2025-03-21,true,false
SEND006399,CMP03,Member Picks,C00716,email,Popular picks selected for you.,2025-05-14,true,false
SEND006400,CMP07,Early Holiday,C00145,email,A head start on thoughtful gifting.,2025-11-01,false,false
SEND006401,CMP05,Back to Routine,C00052,email,Get back into your everyday rhythm.,2025-08-17,false,false
SEND006402,CMP01,New Year Reset,C00665,email,Start fresh with practical favorites.,2025-02-21,false,false
SEND006403,CMP05,Back to Routine,C00651,email,Get back into your everyday rhythm.,2025-09-06,false,true
SEND006404,CMP02,Spring Refresh,C00935,ads,Refresh your routine for spring.,2025-04-15,false,false
SEND006405,CMP03,Member Picks,C00435,email,Popular picks selected for you.,2025-06-27,false,false
SEND006406,CMP07,Early Holiday,C00774,email,A head start on thoughtful gifting.,2025-11-15,false,false
SEND006407,CMP01,New Year Reset,C00751,email,Start fresh with practical favorites.,2025-01-02,false,false
SEND006408,CMP08,Holiday Highlights,C00721,ads,Explore customer favorites this holiday.,2025-11-02,false,false
SEND006409,CMP04,Summer Essentials,C00384,ads,Simple essentials for warmer days.,2025-07-05,false,false
SEND006410,CMP08,Holiday Highlights,C00535,ads,Explore customer favorites this holiday.,2025-11-26,false,false
SEND006411,CMP02,Spring Refresh,C00786,ads,Refresh your routine for spring.,2025-04-29,false,false
SEND006412,CMP04,Summer Essentials,C00386,ads,Simple essentials for warmer days.,2025-07-07,false,false
SEND006413,CMP07,Early Holiday,C00774,email,A head start on thoughtful gifting.,2025-11-28,false,false
SEND006414,CMP02,Spring Refresh,C00736,ads,Refresh your routine for spring.,2025-04-09,false,false
SEND006415,CMP05,Back to Routine,C00068,email,Get back into your everyday rhythm.,2025-08-13,false,false
SEND006416,CMP08,Holiday Highlights,C00918,ads,Explore customer favorites this holiday.,2025-11-17,true,false
SEND006417,CMP06,Autumn Edit,C00059,ads,Discover this season's useful upgrades.,2025-09-25,false,false
SEND006418,CMP07,Early Holiday,C00767,email,A head start on thoughtful gifting.,2025-11-21,false,false
SEND006419,CMP07,Early Holiday,C00585,email,A head start on thoughtful gifting.,2025-11-15,false,false
SEND006420,CMP01,New Year Reset,C00975,email,Start fresh with practical favorites.,2025-01-28,false,false
SEND006421,CMP03,Member Picks,C00543,email,Popular picks selected for you.,2025-06-02,false,false
SEND006422,CMP08,Holiday Highlights,C00082,ads,Explore customer favorites this holiday.,2025-11-10,false,false
SEND006423,CMP02,Spring Refresh,C00761,ads,Refresh your routine for spring.,2025-03-23,true,false
SEND006424,CMP08,Holiday Highlights,C00174,ads,Explore customer favorites this holiday.,2025-11-07,true,false
SEND006425,CMP08,Holiday Highlights,C00593,ads,Explore customer favorites this holiday.,2025-12-25,true,false
SEND006426,CMP06,Autumn Edit,C00364,ads,Discover this season's useful upgrades.,2025-09-05,false,false
SEND006427,CMP03,Member Picks,C00249,email,Popular picks selected for you.,2025-06-02,false,false
SEND006428,CMP06,Autumn Edit,C00042,ads,Discover this season's useful upgrades.,2025-09-30,false,false
SEND006429,CMP01,New Year Reset,C00078,email,Start fresh with practical favorites.,2025-02-09,false,false
SEND006430,CMP02,Spring Refresh,C00742,ads,Refresh your routine for spring.,2025-04-15,false,false
SEND006431,CMP04,Summer Essentials,C00273,ads,Simple essentials for warmer days.,2025-08-10,false,false
SEND006432,CMP05,Back to Routine,C00348,email,Get back into your everyday rhythm.,2025-08-02,false,false
SEND006433,CMP06,Autumn Edit,C00957,ads,Discover this season's useful upgrades.,2025-10-10,false,false
SEND006434,CMP01,New Year Reset,C00471,email,Start fresh with practical favorites.,2025-01-22,true,false
SEND006435,CMP08,Holiday Highlights,C00504,ads,Explore customer favorites this holiday.,2025-11-06,false,false
SEND006436,CMP02,Spring Refresh,C00061,ads,Refresh your routine for spring.,2025-03-29,false,false
SEND006437,CMP03,Member Picks,C00752,email,Popular picks selected for you.,2025-06-26,false,false
SEND006438,CMP06,Autumn Edit,C00615,ads,Discover this season's useful upgrades.,2025-10-19,false,false
SEND006439,CMP01,New Year Reset,C00827,email,Start fresh with practical favorites.,2025-02-15,false,true
SEND006440,CMP08,Holiday Highlights,C00122,ads,Explore customer favorites this holiday.,2025-12-10,false,false
SEND006441,CMP04,Summer Essentials,C00043,ads,Simple essentials for warmer days.,2025-06-29,true,false
SEND006442,CMP01,New Year Reset,C00041,email,Start fresh with practical favorites.,2025-01-12,false,false
SEND006443,CMP05,Back to Routine,C00894,email,Get back into your everyday rhythm.,2025-09-13,false,false
SEND006444,CMP08,Holiday Highlights,C00666,ads,Explore customer favorites this holiday.,2025-11-13,false,false
SEND006445,CMP03,Member Picks,C00961,email,Popular picks selected for you.,2025-05-16,true,false
SEND006446,CMP05,Back to Routine,C00639,email,Get back into your everyday rhythm.,2025-09-29,false,false
SEND006447,CMP01,New Year Reset,C00256,email,Start fresh with practical favorites.,2025-01-07,false,false
SEND006448,CMP07,Early Holiday,C00080,email,A head start on thoughtful gifting.,2025-11-07,false,false
SEND006449,CMP03,Member Picks,C00021,email,Popular picks selected for you.,2025-06-19,false,false
SEND006450,CMP08,Holiday Highlights,C00663,ads,Explore customer favorites this holiday.,2025-12-21,false,false
SEND006451,CMP06,Autumn Edit,C00620,ads,Discover this season's useful upgrades.,2025-10-05,false,false
SEND006452,CMP08,Holiday Highlights,C00167,ads,Explore customer favorites this holiday.,2025-11-13,false,false
SEND006453,CMP04,Summer Essentials,C00298,ads,Simple essentials for warmer days.,2025-07-09,false,false
SEND006454,CMP06,Autumn Edit,C00879,ads,Discover this season's useful upgrades.,2025-09-29,false,false
SEND006455,CMP04,Summer Essentials,C00175,ads,Simple essentials for warmer days.,2025-08-13,false,false
SEND006456,CMP01,New Year Reset,C00348,email,Start fresh with practical favorites.,2025-01-10,false,false
SEND006457,CMP06,Autumn Edit,C00352,ads,Discover this season's useful upgrades.,2025-10-21,false,false
SEND006458,CMP01,New Year Reset,C00962,email,Start fresh with practical favorites.,2025-02-03,false,false
SEND006459,CMP08,Holiday Highlights,C00859,ads,Explore customer favorites this holiday.,2025-12-21,false,false
SEND006460,CMP01,New Year Reset,C00151,email,Start fresh with practical favorites.,2025-02-20,true,false
SEND006461,CMP03,Member Picks,C00866,email,Popular picks selected for you.,2025-06-04,false,false
SEND006462,CMP04,Summer Essentials,C00291,ads,Simple essentials for warmer days.,2025-06-15,false,false
SEND006463,CMP01,New Year Reset,C00950,email,Start fresh with practical favorites.,2025-01-04,false,false
SEND006464,CMP07,Early Holiday,C00825,email,A head start on thoughtful gifting.,2025-11-02,false,false
SEND006465,CMP03,Member Picks,C00065,email,Popular picks selected for you.,2025-05-10,false,false
SEND006466,CMP05,Back to Routine,C00803,email,Get back into your everyday rhythm.,2025-09-20,false,false
SEND006467,CMP05,Back to Routine,C00319,email,Get back into your everyday rhythm.,2025-09-02,false,false
SEND006468,CMP01,New Year Reset,C00585,email,Start fresh with practical favorites.,2025-02-14,false,false
SEND006469,CMP08,Holiday Highlights,C00383,ads,Explore customer favorites this holiday.,2025-12-16,false,false
SEND006470,CMP02,Spring Refresh,C00186,ads,Refresh your routine for spring.,2025-03-20,false,false
SEND006471,CMP03,Member Picks,C00384,email,Popular picks selected for you.,2025-06-25,false,true
SEND006472,CMP03,Member Picks,C00637,email,Popular picks selected for you.,2025-05-26,true,false
SEND006473,CMP08,Holiday Highlights,C00943,ads,Explore customer favorites this holiday.,2025-12-18,false,false
SEND006474,CMP05,Back to Routine,C00833,email,Get back into your everyday rhythm.,2025-09-06,false,false
SEND006475,CMP07,Early Holiday,C00237,email,A head start on thoughtful gifting.,2025-11-30,false,false
SEND006476,CMP06,Autumn Edit,C00942,ads,Discover this season's useful upgrades.,2025-09-30,false,false
SEND006477,CMP06,Autumn Edit,C00226,ads,Discover this season's useful upgrades.,2025-09-24,false,false
SEND006478,CMP01,New Year Reset,C00374,email,Start fresh with practical favorites.,2025-01-23,false,false
SEND006479,CMP08,Holiday Highlights,C00532,ads,Explore customer favorites this holiday.,2025-12-12,false,false
SEND006480,CMP03,Member Picks,C00578,email,Popular picks selected for you.,2025-05-12,false,false
SEND006481,CMP08,Holiday Highlights,C00172,ads,Explore customer favorites this holiday.,2025-11-11,false,false
SEND006482,CMP06,Autumn Edit,C00814,ads,Discover this season's useful upgrades.,2025-10-16,false,false
SEND006483,CMP06,Autumn Edit,C00532,ads,Discover this season's useful upgrades.,2025-10-22,false,false
SEND006484,CMP01,New Year Reset,C00701,email,Start fresh with practical favorites.,2025-02-08,false,false
SEND006485,CMP08,Holiday Highlights,C00701,ads,Explore customer favorites this holiday.,2025-12-20,false,false
SEND006486,CMP03,Member Picks,C00520,email,Popular picks selected for you.,2025-06-26,false,false
SEND006487,CMP05,Back to Routine,C00055,email,Get back into your everyday rhythm.,2025-09-25,false,false
SEND006488,CMP01,New Year Reset,C00240,email,Start fresh with practical favorites.,2025-01-07,false,false
SEND006489,CMP03,Member Picks,C00251,email,Popular picks selected for you.,2025-05-25,false,false
SEND006490,CMP07,Early Holiday,C00306,email,A head start on thoughtful gifting.,2025-11-14,false,false
SEND006491,CMP02,Spring Refresh,C00753,ads,Refresh your routine for spring.,2025-04-25,false,false
SEND006492,CMP03,Member Picks,C00089,email,Popular picks selected for you.,2025-05-11,true,false
SEND006493,CMP07,Early Holiday,C00935,email,A head start on thoughtful gifting.,2025-11-02,false,false
SEND006494,CMP05,Back to Routine,C00423,email,Get back into your everyday rhythm.,2025-09-14,false,false
SEND006495,CMP05,Back to Routine,C00390,email,Get back into your everyday rhythm.,2025-08-20,true,false
SEND006496,CMP01,New Year Reset,C00015,email,Start fresh with practical favorites.,2025-01-24,false,false
SEND006497,CMP02,Spring Refresh,C00910,ads,Refresh your routine for spring.,2025-04-25,false,false
SEND006498,CMP01,New Year Reset,C00264,email,Start fresh with practical favorites.,2025-02-13,false,false
SEND006499,CMP07,Early Holiday,C00923,email,A head start on thoughtful gifting.,2025-11-08,false,false
SEND006500,CMP02,Spring Refresh,C00040,ads,Refresh your routine for spring.,2025-04-30,false,false
SEND006501,CMP01,New Year Reset,C00497,email,Start fresh with practical favorites.,2025-02-14,false,false
SEND006502,CMP06,Autumn Edit,C00225,ads,Discover this season's useful upgrades.,2025-10-03,false,false
SEND006503,CMP02,Spring Refresh,C00250,ads,Refresh your routine for spring.,2025-04-02,false,false
SEND006504,CMP01,New Year Reset,C00040,email,Start fresh with practical favorites.,2025-01-27,false,false
SEND006505,CMP06,Autumn Edit,C00106,ads,Discover this season's useful upgrades.,2025-09-13,true,false
SEND006506,CMP01,New Year Reset,C00942,email,Start fresh with practical favorites.,2025-02-15,false,false
SEND006507,CMP02,Spring Refresh,C00786,ads,Refresh your routine for spring.,2025-04-19,false,false
SEND006508,CMP01,New Year Reset,C00582,email,Start fresh with practical favorites.,2025-01-13,false,false
SEND006509,CMP04,Summer Essentials,C00607,ads,Simple essentials for warmer days.,2025-08-01,false,false
SEND006510,CMP04,Summer Essentials,C00795,ads,Simple essentials for warmer days.,2025-08-29,true,false
SEND006511,CMP05,Back to Routine,C00626,email,Get back into your everyday rhythm.,2025-08-19,false,false
SEND006512,CMP02,Spring Refresh,C00261,ads,Refresh your routine for spring.,2025-03-04,false,false
SEND006513,CMP02,Spring Refresh,C00581,ads,Refresh your routine for spring.,2025-04-23,false,false
SEND006514,CMP02,Spring Refresh,C00426,ads,Refresh your routine for spring.,2025-03-04,true,false
SEND006515,CMP08,Holiday Highlights,C00387,ads,Explore customer favorites this holiday.,2025-11-01,false,false
SEND006516,CMP02,Spring Refresh,C00487,ads,Refresh your routine for spring.,2025-03-31,false,false
SEND006517,CMP08,Holiday Highlights,C00335,ads,Explore customer favorites this holiday.,2025-12-05,true,false
SEND006518,CMP05,Back to Routine,C00515,email,Get back into your everyday rhythm.,2025-08-05,false,false
SEND006519,CMP02,Spring Refresh,C00240,ads,Refresh your routine for spring.,2025-04-02,false,false
SEND006520,CMP07,Early Holiday,C00470,email,A head start on thoughtful gifting.,2025-11-23,false,true
SEND006521,CMP05,Back to Routine,C00922,email,Get back into your everyday rhythm.,2025-09-29,false,false
SEND006522,CMP02,Spring Refresh,C00390,ads,Refresh your routine for spring.,2025-03-06,false,false
SEND006523,CMP06,Autumn Edit,C00934,ads,Discover this season's useful upgrades.,2025-09-10,false,false
SEND006524,CMP07,Early Holiday,C00787,email,A head start on thoughtful gifting.,2025-11-22,false,false
SEND006525,CMP07,Early Holiday,C00422,email,A head start on thoughtful gifting.,2025-11-20,false,false
SEND006526,CMP02,Spring Refresh,C00179,ads,Refresh your routine for spring.,2025-03-26,true,false
SEND006527,CMP07,Early Holiday,C00605,email,A head start on thoughtful gifting.,2025-11-09,false,false
SEND006528,CMP01,New Year Reset,C00493,email,Start fresh with practical favorites.,2025-01-14,false,false
SEND006529,CMP02,Spring Refresh,C00104,ads,Refresh your routine for spring.,2025-03-24,false,true
SEND006530,CMP04,Summer Essentials,C00552,ads,Simple essentials for warmer days.,2025-06-02,false,false
SEND006531,CMP03,Member Picks,C00021,email,Popular picks selected for you.,2025-06-18,false,false
SEND006532,CMP05,Back to Routine,C00636,email,Get back into your everyday rhythm.,2025-09-28,false,false
SEND006533,CMP03,Member Picks,C00046,email,Popular picks selected for you.,2025-06-20,false,false
SEND006534,CMP06,Autumn Edit,C00256,ads,Discover this season's useful upgrades.,2025-09-18,false,false
SEND006535,CMP05,Back to Routine,C00784,email,Get back into your everyday rhythm.,2025-09-28,false,false
SEND006536,CMP02,Spring Refresh,C00816,ads,Refresh your routine for spring.,2025-04-08,false,false
SEND006537,CMP08,Holiday Highlights,C00852,ads,Explore customer favorites this holiday.,2025-11-15,false,false
SEND006538,CMP07,Early Holiday,C00581,email,A head start on thoughtful gifting.,2025-11-02,false,false
SEND006539,CMP05,Back to Routine,C00420,email,Get back into your everyday rhythm.,2025-09-01,false,false
SEND006540,CMP04,Summer Essentials,C00658,ads,Simple essentials for warmer days.,2025-07-04,false,false
SEND006541,CMP08,Holiday Highlights,C00337,ads,Explore customer favorites this holiday.,2025-12-09,true,false
SEND006542,CMP07,Early Holiday,C00152,email,A head start on thoughtful gifting.,2025-11-21,false,false
SEND006543,CMP04,Summer Essentials,C00953,ads,Simple essentials for warmer days.,2025-06-08,false,false
SEND006544,CMP02,Spring Refresh,C00839,ads,Refresh your routine for spring.,2025-04-17,false,false
SEND006545,CMP04,Summer Essentials,C00250,ads,Simple essentials for warmer days.,2025-06-23,false,false
SEND006546,CMP05,Back to Routine,C00236,email,Get back into your everyday rhythm.,2025-08-21,false,false
SEND006547,CMP07,Early Holiday,C00846,email,A head start on thoughtful gifting.,2025-11-12,false,false
SEND006548,CMP03,Member Picks,C00784,email,Popular picks selected for you.,2025-05-11,false,false
SEND006549,CMP04,Summer Essentials,C00524,ads,Simple essentials for warmer days.,2025-07-06,false,false
SEND006550,CMP03,Member Picks,C00340,email,Popular picks selected for you.,2025-05-03,false,false
SEND006551,CMP07,Early Holiday,C00149,email,A head start on thoughtful gifting.,2025-11-27,false,false
SEND006552,CMP06,Autumn Edit,C00518,ads,Discover this season's useful upgrades.,2025-09-06,false,false
SEND006553,CMP08,Holiday Highlights,C00306,ads,Explore customer favorites this holiday.,2025-12-27,false,false
SEND006554,CMP08,Holiday Highlights,C00651,ads,Explore customer favorites this holiday.,2025-12-05,false,false
SEND006555,CMP06,Autumn Edit,C00950,ads,Discover this season's useful upgrades.,2025-09-17,false,false
SEND006556,CMP07,Early Holiday,C00646,email,A head start on thoughtful gifting.,2025-11-04,false,false
SEND006557,CMP07,Early Holiday,C00221,email,A head start on thoughtful gifting.,2025-11-11,false,false
SEND006558,CMP07,Early Holiday,C00457,email,A head start on thoughtful gifting.,2025-11-20,false,false
SEND006559,CMP06,Autumn Edit,C00701,ads,Discover this season's useful upgrades.,2025-10-08,false,false
SEND006560,CMP03,Member Picks,C00104,email,Popular picks selected for you.,2025-05-09,false,false
SEND006561,CMP05,Back to Routine,C00330,email,Get back into your everyday rhythm.,2025-09-22,false,false
SEND006562,CMP05,Back to Routine,C00590,email,Get back into your everyday rhythm.,2025-08-12,false,false
SEND006563,CMP03,Member Picks,C00918,email,Popular picks selected for you.,2025-05-21,false,false
SEND006564,CMP05,Back to Routine,C00964,email,Get back into your everyday rhythm.,2025-09-11,false,false
SEND006565,CMP01,New Year Reset,C00035,email,Start fresh with practical favorites.,2025-01-11,true,false
SEND006566,CMP08,Holiday Highlights,C00812,ads,Explore customer favorites this holiday.,2025-11-28,false,false
SEND006567,CMP02,Spring Refresh,C00330,ads,Refresh your routine for spring.,2025-04-11,false,false
SEND006568,CMP02,Spring Refresh,C00712,ads,Refresh your routine for spring.,2025-03-31,false,false
SEND006569,CMP03,Member Picks,C00115,email,Popular picks selected for you.,2025-06-01,false,false
SEND006570,CMP04,Summer Essentials,C00499,ads,Simple essentials for warmer days.,2025-07-01,true,false
SEND006571,CMP08,Holiday Highlights,C00636,ads,Explore customer favorites this holiday.,2025-12-20,false,false
SEND006572,CMP03,Member Picks,C00005,email,Popular picks selected for you.,2025-06-28,false,false
SEND006573,CMP08,Holiday Highlights,C00502,ads,Explore customer favorites this holiday.,2025-12-31,true,false
SEND006574,CMP06,Autumn Edit,C00565,ads,Discover this season's useful upgrades.,2025-10-20,false,false
SEND006575,CMP05,Back to Routine,C00666,email,Get back into your everyday rhythm.,2025-09-04,false,false
SEND006576,CMP02,Spring Refresh,C00118,ads,Refresh your routine for spring.,2025-04-06,false,false
SEND006577,CMP03,Member Picks,C00378,email,Popular picks selected for you.,2025-06-13,false,false
SEND006578,CMP01,New Year Reset,C00396,email,Start fresh with practical favorites.,2025-02-10,false,false
SEND006579,CMP01,New Year Reset,C00622,email,Start fresh with practical favorites.,2025-01-04,false,false
SEND006580,CMP06,Autumn Edit,C00071,ads,Discover this season's useful upgrades.,2025-10-02,false,false
SEND006581,CMP04,Summer Essentials,C00442,ads,Simple essentials for warmer days.,2025-08-25,false,false
SEND006582,CMP03,Member Picks,C00787,email,Popular picks selected for you.,2025-05-22,false,false
SEND006583,CMP03,Member Picks,C00096,email,Popular picks selected for you.,2025-05-13,false,false
SEND006584,CMP05,Back to Routine,C00063,email,Get back into your everyday rhythm.,2025-08-06,false,false
SEND006585,CMP01,New Year Reset,C00161,email,Start fresh with practical favorites.,2025-01-18,false,false
SEND006586,CMP08,Holiday Highlights,C00651,ads,Explore customer favorites this holiday.,2025-11-12,false,false
SEND006587,CMP03,Member Picks,C00874,email,Popular picks selected for you.,2025-06-22,true,false
SEND006588,CMP03,Member Picks,C00887,email,Popular picks selected for you.,2025-06-12,false,false
SEND006589,CMP06,Autumn Edit,C00220,ads,Discover this season's useful upgrades.,2025-10-20,false,false
SEND006590,CMP03,Member Picks,C00945,email,Popular picks selected for you.,2025-05-06,false,false
SEND006591,CMP06,Autumn Edit,C00325,ads,Discover this season's useful upgrades.,2025-09-28,false,false
SEND006592,CMP02,Spring Refresh,C00385,ads,Refresh your routine for spring.,2025-03-04,false,false
SEND006593,CMP08,Holiday Highlights,C00571,ads,Explore customer favorites this holiday.,2025-12-17,false,false
SEND006594,CMP04,Summer Essentials,C00501,ads,Simple essentials for warmer days.,2025-06-20,true,false
SEND006595,CMP01,New Year Reset,C00778,email,Start fresh with practical favorites.,2025-01-23,false,false
SEND006596,CMP01,New Year Reset,C00339,email,Start fresh with practical favorites.,2025-02-16,false,false
SEND006597,CMP07,Early Holiday,C00224,email,A head start on thoughtful gifting.,2025-11-23,false,false
SEND006598,CMP03,Member Picks,C00050,email,Popular picks selected for you.,2025-05-18,false,false
SEND006599,CMP06,Autumn Edit,C00992,ads,Discover this season's useful upgrades.,2025-10-12,false,false
SEND006600,CMP04,Summer Essentials,C00446,ads,Simple essentials for warmer days.,2025-07-07,false,false
SEND006601,CMP04,Summer Essentials,C00565,ads,Simple essentials for warmer days.,2025-07-28,false,true
SEND006602,CMP08,Holiday Highlights,C00689,ads,Explore customer favorites this holiday.,2025-11-14,false,false
SEND006603,CMP01,New Year Reset,C00010,email,Start fresh with practical favorites.,2025-01-01,false,false
SEND006604,CMP03,Member Picks,C00953,email,Popular picks selected for you.,2025-06-22,false,false
SEND006605,CMP02,Spring Refresh,C00137,ads,Refresh your routine for spring.,2025-04-01,false,false
SEND006606,CMP08,Holiday Highlights,C00479,ads,Explore customer favorites this holiday.,2025-11-11,false,false
SEND006607,CMP05,Back to Routine,C00270,email,Get back into your everyday rhythm.,2025-08-16,false,false
SEND006608,CMP03,Member Picks,C00654,email,Popular picks selected for you.,2025-05-22,false,false
SEND006609,CMP03,Member Picks,C00573,email,Popular picks selected for you.,2025-06-17,false,false
SEND006610,CMP08,Holiday Highlights,C00610,ads,Explore customer favorites this holiday.,2025-11-28,false,false
SEND006611,CMP05,Back to Routine,C00780,email,Get back into your everyday rhythm.,2025-08-07,false,false
SEND006612,CMP08,Holiday Highlights,C00697,ads,Explore customer favorites this holiday.,2025-11-06,false,false
SEND006613,CMP07,Early Holiday,C00113,email,A head start on thoughtful gifting.,2025-11-19,true,false
SEND006614,CMP05,Back to Routine,C00763,email,Get back into your everyday rhythm.,2025-09-23,false,false
SEND006615,CMP07,Early Holiday,C00882,email,A head start on thoughtful gifting.,2025-11-29,false,false
SEND006616,CMP01,New Year Reset,C00425,email,Start fresh with practical favorites.,2025-01-12,false,false
SEND006617,CMP06,Autumn Edit,C00752,ads,Discover this season's useful upgrades.,2025-09-06,false,false
SEND006618,CMP03,Member Picks,C00873,email,Popular picks selected for you.,2025-05-30,false,false
SEND006619,CMP05,Back to Routine,C00493,email,Get back into your everyday rhythm.,2025-09-09,false,false
SEND006620,CMP06,Autumn Edit,C00447,ads,Discover this season's useful upgrades.,2025-10-14,false,false
SEND006621,CMP08,Holiday Highlights,C00377,ads,Explore customer favorites this holiday.,2025-12-27,false,false
SEND006622,CMP05,Back to Routine,C00473,email,Get back into your everyday rhythm.,2025-08-18,false,false
SEND006623,CMP06,Autumn Edit,C00749,ads,Discover this season's useful upgrades.,2025-09-05,false,false
SEND006624,CMP07,Early Holiday,C00450,email,A head start on thoughtful gifting.,2025-11-17,false,true
SEND006625,CMP02,Spring Refresh,C00921,ads,Refresh your routine for spring.,2025-03-20,false,false
SEND006626,CMP06,Autumn Edit,C00121,ads,Discover this season's useful upgrades.,2025-09-30,false,false
SEND006627,CMP07,Early Holiday,C00517,email,A head start on thoughtful gifting.,2025-11-30,false,true
SEND006628,CMP03,Member Picks,C00731,email,Popular picks selected for you.,2025-05-25,false,false
SEND006629,CMP04,Summer Essentials,C00016,ads,Simple essentials for warmer days.,2025-07-10,false,false
SEND006630,CMP05,Back to Routine,C00517,email,Get back into your everyday rhythm.,2025-08-30,false,false
SEND006631,CMP06,Autumn Edit,C00080,ads,Discover this season's useful upgrades.,2025-09-26,false,false
SEND006632,CMP03,Member Picks,C00502,email,Popular picks selected for you.,2025-06-07,false,false
SEND006633,CMP03,Member Picks,C00861,email,Popular picks selected for you.,2025-05-03,true,false
SEND006634,CMP07,Early Holiday,C00853,email,A head start on thoughtful gifting.,2025-11-28,false,false
SEND006635,CMP08,Holiday Highlights,C00784,ads,Explore customer favorites this holiday.,2025-12-15,false,false
SEND006636,CMP06,Autumn Edit,C00643,ads,Discover this season's useful upgrades.,2025-10-03,false,true
SEND006637,CMP06,Autumn Edit,C00018,ads,Discover this season's useful upgrades.,2025-10-01,false,false
SEND006638,CMP03,Member Picks,C00202,email,Popular picks selected for you.,2025-06-22,false,false
SEND006639,CMP02,Spring Refresh,C00968,ads,Refresh your routine for spring.,2025-04-09,false,false
SEND006640,CMP06,Autumn Edit,C00424,ads,Discover this season's useful upgrades.,2025-10-29,false,false
SEND006641,CMP06,Autumn Edit,C00200,ads,Discover this season's useful upgrades.,2025-10-04,false,false
SEND006642,CMP03,Member Picks,C00834,email,Popular picks selected for you.,2025-06-13,false,false
SEND006643,CMP03,Member Picks,C00025,email,Popular picks selected for you.,2025-06-18,false,false
SEND006644,CMP05,Back to Routine,C00234,email,Get back into your everyday rhythm.,2025-09-09,false,false
SEND006645,CMP07,Early Holiday,C00708,email,A head start on thoughtful gifting.,2025-11-18,false,true
SEND006646,CMP02,Spring Refresh,C00023,ads,Refresh your routine for spring.,2025-03-16,false,false
SEND006647,CMP06,Autumn Edit,C00744,ads,Discover this season's useful upgrades.,2025-10-18,false,true
SEND006648,CMP02,Spring Refresh,C00512,ads,Refresh your routine for spring.,2025-03-04,false,true
SEND006649,CMP01,New Year Reset,C00905,email,Start fresh with practical favorites.,2025-01-10,false,false
SEND006650,CMP06,Autumn Edit,C00148,ads,Discover this season's useful upgrades.,2025-10-03,false,true
SEND006651,CMP07,Early Holiday,C00612,email,A head start on thoughtful gifting.,2025-11-01,true,true
SEND006652,CMP01,New Year Reset,C00703,email,Start fresh with practical favorites.,2025-01-08,false,false
SEND006653,CMP08,Holiday Highlights,C00088,ads,Explore customer favorites this holiday.,2025-11-09,false,false
SEND006654,CMP02,Spring Refresh,C00386,ads,Refresh your routine for spring.,2025-03-09,false,false
SEND006655,CMP01,New Year Reset,C00416,email,Start fresh with practical favorites.,2025-01-17,false,false
SEND006656,CMP01,New Year Reset,C00217,email,Start fresh with practical favorites.,2025-02-20,true,false
SEND006657,CMP06,Autumn Edit,C00598,ads,Discover this season's useful upgrades.,2025-09-10,false,false
SEND006658,CMP06,Autumn Edit,C00217,ads,Discover this season's useful upgrades.,2025-10-13,false,false
SEND006659,CMP04,Summer Essentials,C00568,ads,Simple essentials for warmer days.,2025-07-06,false,false
SEND006660,CMP08,Holiday Highlights,C00307,ads,Explore customer favorites this holiday.,2025-12-03,false,false
SEND006661,CMP02,Spring Refresh,C00770,ads,Refresh your routine for spring.,2025-03-06,false,false
SEND006662,CMP05,Back to Routine,C00683,email,Get back into your everyday rhythm.,2025-08-25,false,false
SEND006663,CMP02,Spring Refresh,C00229,ads,Refresh your routine for spring.,2025-04-02,false,false
SEND006664,CMP08,Holiday Highlights,C00882,ads,Explore customer favorites this holiday.,2025-11-25,false,false
SEND006665,CMP06,Autumn Edit,C00311,ads,Discover this season's useful upgrades.,2025-09-06,false,false
SEND006666,CMP08,Holiday Highlights,C00352,ads,Explore customer favorites this holiday.,2025-12-21,false,false
SEND006667,CMP01,New Year Reset,C00307,email,Start fresh with practical favorites.,2025-02-22,false,false
SEND006668,CMP04,Summer Essentials,C00202,ads,Simple essentials for warmer days.,2025-06-16,false,false
SEND006669,CMP03,Member Picks,C00479,email,Popular picks selected for you.,2025-06-11,false,false
SEND006670,CMP06,Autumn Edit,C00051,ads,Discover this season's useful upgrades.,2025-09-22,true,false
SEND006671,CMP02,Spring Refresh,C00953,ads,Refresh your routine for spring.,2025-04-27,false,false
SEND006672,CMP06,Autumn Edit,C00982,ads,Discover this season's useful upgrades.,2025-10-04,false,false
SEND006673,CMP01,New Year Reset,C00861,email,Start fresh with practical favorites.,2025-02-11,false,false
SEND006674,CMP02,Spring Refresh,C00447,ads,Refresh your routine for spring.,2025-04-13,false,false
SEND006675,CMP06,Autumn Edit,C00315,ads,Discover this season's useful upgrades.,2025-09-09,false,false
SEND006676,CMP01,New Year Reset,C00323,email,Start fresh with practical favorites.,2025-01-14,true,true
SEND006677,CMP03,Member Picks,C00760,email,Popular picks selected for you.,2025-06-17,false,false
SEND006678,CMP07,Early Holiday,C00584,email,A head start on thoughtful gifting.,2025-11-11,true,false
SEND006679,CMP01,New Year Reset,C00895,email,Start fresh with practical favorites.,2025-01-01,true,false
SEND006680,CMP04,Summer Essentials,C00987,ads,Simple essentials for warmer days.,2025-08-17,false,false
SEND006681,CMP07,Early Holiday,C00126,email,A head start on thoughtful gifting.,2025-11-16,true,false
SEND006682,CMP01,New Year Reset,C00191,email,Start fresh with practical favorites.,2025-02-20,false,false
SEND006683,CMP08,Holiday Highlights,C00473,ads,Explore customer favorites this holiday.,2025-12-13,false,false
SEND006684,CMP06,Autumn Edit,C00600,ads,Discover this season's useful upgrades.,2025-10-08,false,false
SEND006685,CMP04,Summer Essentials,C00279,ads,Simple essentials for warmer days.,2025-08-05,false,false
SEND006686,CMP05,Back to Routine,C00196,email,Get back into your everyday rhythm.,2025-09-24,false,false
SEND006687,CMP08,Holiday Highlights,C00786,ads,Explore customer favorites this holiday.,2025-11-10,false,false
SEND006688,CMP02,Spring Refresh,C00817,ads,Refresh your routine for spring.,2025-03-30,false,false
SEND006689,CMP02,Spring Refresh,C00876,ads,Refresh your routine for spring.,2025-03-08,false,false
SEND006690,CMP06,Autumn Edit,C00643,ads,Discover this season's useful upgrades.,2025-10-28,false,false
SEND006691,CMP01,New Year Reset,C00564,email,Start fresh with practical favorites.,2025-02-04,false,false
SEND006692,CMP07,Early Holiday,C00127,email,A head start on thoughtful gifting.,2025-11-06,true,true
SEND006693,CMP04,Summer Essentials,C00177,ads,Simple essentials for warmer days.,2025-07-28,false,false
SEND006694,CMP08,Holiday Highlights,C00377,ads,Explore customer favorites this holiday.,2025-12-28,false,false
SEND006695,CMP01,New Year Reset,C00439,email,Start fresh with practical favorites.,2025-02-16,false,false
SEND006696,CMP06,Autumn Edit,C00029,ads,Discover this season's useful upgrades.,2025-09-17,false,false
SEND006697,CMP03,Member Picks,C00025,email,Popular picks selected for you.,2025-06-01,false,false
SEND006698,CMP08,Holiday Highlights,C00645,ads,Explore customer favorites this holiday.,2025-12-13,false,false
SEND006699,CMP08,Holiday Highlights,C00553,ads,Explore customer favorites this holiday.,2025-12-03,false,false
SEND006700,CMP04,Summer Essentials,C00642,ads,Simple essentials for warmer days.,2025-06-11,false,false
SEND006701,CMP04,Summer Essentials,C00766,ads,Simple essentials for warmer days.,2025-07-26,false,false
SEND006702,CMP04,Summer Essentials,C00564,ads,Simple essentials for warmer days.,2025-06-19,false,false
SEND006703,CMP06,Autumn Edit,C00350,ads,Discover this season's useful upgrades.,2025-10-07,false,false
SEND006704,CMP04,Summer Essentials,C00888,ads,Simple essentials for warmer days.,2025-06-14,false,false
SEND006705,CMP06,Autumn Edit,C00036,ads,Discover this season's useful upgrades.,2025-10-15,false,false
SEND006706,CMP08,Holiday Highlights,C00987,ads,Explore customer favorites this holiday.,2025-12-21,false,false
SEND006707,CMP02,Spring Refresh,C00593,ads,Refresh your routine for spring.,2025-04-05,false,false
SEND006708,CMP01,New Year Reset,C00342,email,Start fresh with practical favorites.,2025-01-03,false,false
SEND006709,CMP02,Spring Refresh,C00103,ads,Refresh your routine for spring.,2025-04-17,true,false
SEND006710,CMP07,Early Holiday,C00577,email,A head start on thoughtful gifting.,2025-11-01,false,false
SEND006711,CMP03,Member Picks,C00074,email,Popular picks selected for you.,2025-05-26,true,false
SEND006712,CMP08,Holiday Highlights,C00062,ads,Explore customer favorites this holiday.,2025-12-09,false,false
SEND006713,CMP07,Early Holiday,C00621,email,A head start on thoughtful gifting.,2025-11-20,false,false
SEND006714,CMP04,Summer Essentials,C00592,ads,Simple essentials for warmer days.,2025-07-27,false,false
SEND006715,CMP01,New Year Reset,C00946,email,Start fresh with practical favorites.,2025-01-18,false,false
SEND006716,CMP02,Spring Refresh,C00913,ads,Refresh your routine for spring.,2025-04-26,false,false
SEND006717,CMP03,Member Picks,C00709,email,Popular picks selected for you.,2025-05-04,false,false
SEND006718,CMP05,Back to Routine,C00056,email,Get back into your everyday rhythm.,2025-09-24,false,false
SEND006719,CMP06,Autumn Edit,C00337,ads,Discover this season's useful upgrades.,2025-10-20,false,false
SEND006720,CMP02,Spring Refresh,C00101,ads,Refresh your routine for spring.,2025-04-27,false,false
SEND006721,CMP02,Spring Refresh,C00906,ads,Refresh your routine for spring.,2025-03-09,true,false
SEND006722,CMP06,Autumn Edit,C00203,ads,Discover this season's useful upgrades.,2025-10-19,false,false
SEND006723,CMP06,Autumn Edit,C00438,ads,Discover this season's useful upgrades.,2025-10-13,false,false
SEND006724,CMP02,Spring Refresh,C00622,ads,Refresh your routine for spring.,2025-03-09,false,false
SEND006725,CMP02,Spring Refresh,C00313,ads,Refresh your routine for spring.,2025-03-18,false,false
SEND006726,CMP05,Back to Routine,C00631,email,Get back into your everyday rhythm.,2025-09-23,false,false
SEND006727,CMP04,Summer Essentials,C00451,ads,Simple essentials for warmer days.,2025-08-19,false,true
SEND006728,CMP07,Early Holiday,C00989,email,A head start on thoughtful gifting.,2025-11-04,false,false
SEND006729,CMP07,Early Holiday,C00185,email,A head start on thoughtful gifting.,2025-11-05,false,false
SEND006730,CMP01,New Year Reset,C00866,email,Start fresh with practical favorites.,2025-01-29,false,false
SEND006731,CMP02,Spring Refresh,C00149,ads,Refresh your routine for spring.,2025-04-27,true,false
SEND006732,CMP04,Summer Essentials,C00325,ads,Simple essentials for warmer days.,2025-06-05,false,false
SEND006733,CMP01,New Year Reset,C00459,email,Start fresh with practical favorites.,2025-02-23,false,true
SEND006734,CMP08,Holiday Highlights,C00785,ads,Explore customer favorites this holiday.,2025-12-24,false,false
SEND006735,CMP03,Member Picks,C00128,email,Popular picks selected for you.,2025-05-18,false,false
SEND006736,CMP04,Summer Essentials,C00738,ads,Simple essentials for warmer days.,2025-06-17,false,false
SEND006737,CMP01,New Year Reset,C00084,email,Start fresh with practical favorites.,2025-02-02,false,false
SEND006738,CMP07,Early Holiday,C00621,email,A head start on thoughtful gifting.,2025-11-16,true,false
SEND006739,CMP02,Spring Refresh,C00215,ads,Refresh your routine for spring.,2025-03-13,false,false
SEND006740,CMP08,Holiday Highlights,C00648,ads,Explore customer favorites this holiday.,2025-11-18,false,true
SEND006741,CMP06,Autumn Edit,C00341,ads,Discover this season's useful upgrades.,2025-09-07,false,false
SEND006742,CMP03,Member Picks,C00479,email,Popular picks selected for you.,2025-06-09,true,false
SEND006743,CMP04,Summer Essentials,C00603,ads,Simple essentials for warmer days.,2025-07-06,false,false
SEND006744,CMP08,Holiday Highlights,C00259,ads,Explore customer favorites this holiday.,2025-12-11,false,false
SEND006745,CMP06,Autumn Edit,C00601,ads,Discover this season's useful upgrades.,2025-10-17,false,false
SEND006746,CMP05,Back to Routine,C00020,email,Get back into your everyday rhythm.,2025-09-20,false,false
SEND006747,CMP08,Holiday Highlights,C00905,ads,Explore customer favorites this holiday.,2025-11-06,false,false
SEND006748,CMP02,Spring Refresh,C00195,ads,Refresh your routine for spring.,2025-04-01,false,false
SEND006749,CMP07,Early Holiday,C00985,email,A head start on thoughtful gifting.,2025-11-15,true,true
SEND006750,CMP03,Member Picks,C00754,email,Popular picks selected for you.,2025-05-30,false,false
SEND006751,CMP08,Holiday Highlights,C00304,ads,Explore customer favorites this holiday.,2025-11-21,false,false
SEND006752,CMP02,Spring Refresh,C00714,ads,Refresh your routine for spring.,2025-04-22,false,false
SEND006753,CMP07,Early Holiday,C00756,email,A head start on thoughtful gifting.,2025-11-01,false,false
SEND006754,CMP06,Autumn Edit,C00706,ads,Discover this season's useful upgrades.,2025-09-18,false,false
SEND006755,CMP03,Member Picks,C00268,email,Popular picks selected for you.,2025-06-05,false,false
SEND006756,CMP08,Holiday Highlights,C00062,ads,Explore customer favorites this holiday.,2025-12-04,false,false
SEND006757,CMP04,Summer Essentials,C00334,ads,Simple essentials for warmer days.,2025-07-06,false,false
SEND006758,CMP07,Early Holiday,C00728,email,A head start on thoughtful gifting.,2025-11-30,false,false
SEND006759,CMP06,Autumn Edit,C00169,ads,Discover this season's useful upgrades.,2025-10-07,false,true
SEND006760,CMP04,Summer Essentials,C00591,ads,Simple essentials for warmer days.,2025-08-16,false,false
SEND006761,CMP04,Summer Essentials,C00621,ads,Simple essentials for warmer days.,2025-07-09,false,false
SEND006762,CMP02,Spring Refresh,C00880,ads,Refresh your routine for spring.,2025-04-08,true,true
SEND006763,CMP01,New Year Reset,C00465,email,Start fresh with practical favorites.,2025-02-14,true,false
SEND006764,CMP05,Back to Routine,C00600,email,Get back into your everyday rhythm.,2025-09-06,false,false
SEND006765,CMP07,Early Holiday,C00860,email,A head start on thoughtful gifting.,2025-11-05,false,false
SEND006766,CMP03,Member Picks,C00569,email,Popular picks selected for you.,2025-06-25,false,true
SEND006767,CMP06,Autumn Edit,C00515,ads,Discover this season's useful upgrades.,2025-10-07,false,false
SEND006768,CMP06,Autumn Edit,C00069,ads,Discover this season's useful upgrades.,2025-10-26,false,false
SEND006769,CMP07,Early Holiday,C00735,email,A head start on thoughtful gifting.,2025-11-11,false,false
SEND006770,CMP08,Holiday Highlights,C00931,ads,Explore customer favorites this holiday.,2025-12-14,true,true
SEND006771,CMP05,Back to Routine,C00001,email,Get back into your everyday rhythm.,2025-08-26,true,false
SEND006772,CMP06,Autumn Edit,C00835,ads,Discover this season's useful upgrades.,2025-10-14,false,false
SEND006773,CMP03,Member Picks,C00952,email,Popular picks selected for you.,2025-06-21,false,true
SEND006774,CMP01,New Year Reset,C00165,email,Start fresh with practical favorites.,2025-01-26,true,false
SEND006775,CMP02,Spring Refresh,C00066,ads,Refresh your routine for spring.,2025-04-16,false,true
SEND006776,CMP04,Summer Essentials,C00443,ads,Simple essentials for warmer days.,2025-07-11,false,false
SEND006777,CMP03,Member Picks,C00886,email,Popular picks selected for you.,2025-06-20,false,true
SEND006778,CMP02,Spring Refresh,C00604,ads,Refresh your routine for spring.,2025-03-21,false,false
SEND006779,CMP04,Summer Essentials,C00536,ads,Simple essentials for warmer days.,2025-06-30,false,false
SEND006780,CMP04,Summer Essentials,C00300,ads,Simple essentials for warmer days.,2025-07-11,false,false
SEND006781,CMP07,Early Holiday,C00220,email,A head start on thoughtful gifting.,2025-11-03,false,false
SEND006782,CMP08,Holiday Highlights,C00835,ads,Explore customer favorites this holiday.,2025-11-22,false,false
SEND006783,CMP08,Holiday Highlights,C00836,ads,Explore customer favorites this holiday.,2025-11-23,false,false
SEND006784,CMP08,Holiday Highlights,C00611,ads,Explore customer favorites this holiday.,2025-12-29,false,false
SEND006785,CMP05,Back to Routine,C00345,email,Get back into your everyday rhythm.,2025-08-09,false,false
SEND006786,CMP02,Spring Refresh,C00977,ads,Refresh your routine for spring.,2025-03-27,false,false
SEND006787,CMP03,Member Picks,C00571,email,Popular picks selected for you.,2025-06-24,false,false
SEND006788,CMP05,Back to Routine,C00599,email,Get back into your everyday rhythm.,2025-09-11,false,false
SEND006789,CMP04,Summer Essentials,C00714,ads,Simple essentials for warmer days.,2025-07-30,false,false
SEND006790,CMP01,New Year Reset,C00278,email,Start fresh with practical favorites.,2025-01-18,false,false
SEND006791,CMP02,Spring Refresh,C00262,ads,Refresh your routine for spring.,2025-04-27,true,false
SEND006792,CMP03,Member Picks,C00476,email,Popular picks selected for you.,2025-05-25,true,false
SEND006793,CMP02,Spring Refresh,C00461,ads,Refresh your routine for spring.,2025-03-13,false,false
SEND006794,CMP07,Early Holiday,C00392,email,A head start on thoughtful gifting.,2025-11-19,false,false
SEND006795,CMP04,Summer Essentials,C00073,ads,Simple essentials for warmer days.,2025-07-31,false,false
SEND006796,CMP02,Spring Refresh,C00723,ads,Refresh your routine for spring.,2025-04-19,false,false
SEND006797,CMP08,Holiday Highlights,C00638,ads,Explore customer favorites this holiday.,2025-11-03,true,false
SEND006798,CMP08,Holiday Highlights,C00430,ads,Explore customer favorites this holiday.,2025-11-20,false,false
SEND006799,CMP02,Spring Refresh,C00749,ads,Refresh your routine for spring.,2025-03-27,false,false
SEND006800,CMP06,Autumn Edit,C00946,ads,Discover this season's useful upgrades.,2025-09-03,false,false
SEND006801,CMP06,Autumn Edit,C00872,ads,Discover this season's useful upgrades.,2025-09-24,false,false
SEND006802,CMP03,Member Picks,C00958,email,Popular picks selected for you.,2025-06-18,true,false
SEND006803,CMP08,Holiday Highlights,C00686,ads,Explore customer favorites this holiday.,2025-12-17,false,false
SEND006804,CMP01,New Year Reset,C00986,email,Start fresh with practical favorites.,2025-01-25,false,false
SEND006805,CMP05,Back to Routine,C00035,email,Get back into your everyday rhythm.,2025-08-19,false,false
SEND006806,CMP01,New Year Reset,C00196,email,Start fresh with practical favorites.,2025-02-21,false,false
SEND006807,CMP05,Back to Routine,C00602,email,Get back into your everyday rhythm.,2025-09-26,false,false
SEND006808,CMP01,New Year Reset,C00032,email,Start fresh with practical favorites.,2025-02-19,false,false
SEND006809,CMP07,Early Holiday,C00345,email,A head start on thoughtful gifting.,2025-11-24,false,false
SEND006810,CMP06,Autumn Edit,C00796,ads,Discover this season's useful upgrades.,2025-09-17,false,false
SEND006811,CMP07,Early Holiday,C00009,email,A head start on thoughtful gifting.,2025-11-25,false,false
SEND006812,CMP07,Early Holiday,C00599,email,A head start on thoughtful gifting.,2025-11-19,false,false
SEND006813,CMP06,Autumn Edit,C00133,ads,Discover this season's useful upgrades.,2025-10-07,true,false
SEND006814,CMP06,Autumn Edit,C00965,ads,Discover this season's useful upgrades.,2025-10-23,false,false
SEND006815,CMP05,Back to Routine,C00443,email,Get back into your everyday rhythm.,2025-09-08,false,false
SEND006816,CMP05,Back to Routine,C00604,email,Get back into your everyday rhythm.,2025-08-06,false,false
SEND006817,CMP04,Summer Essentials,C00436,ads,Simple essentials for warmer days.,2025-06-28,false,false
SEND006818,CMP01,New Year Reset,C00293,email,Start fresh with practical favorites.,2025-02-07,false,false
SEND006819,CMP05,Back to Routine,C00954,email,Get back into your everyday rhythm.,2025-08-16,false,false
SEND006820,CMP01,New Year Reset,C00505,email,Start fresh with practical favorites.,2025-01-22,false,false
SEND006821,CMP02,Spring Refresh,C00409,ads,Refresh your routine for spring.,2025-03-15,false,false
SEND006822,CMP06,Autumn Edit,C00448,ads,Discover this season's useful upgrades.,2025-10-01,false,false
SEND006823,CMP03,Member Picks,C00030,email,Popular picks selected for you.,2025-06-12,false,false
SEND006824,CMP05,Back to Routine,C00137,email,Get back into your everyday rhythm.,2025-08-20,false,false
SEND006825,CMP02,Spring Refresh,C00380,ads,Refresh your routine for spring.,2025-04-01,false,false
SEND006826,CMP02,Spring Refresh,C00147,ads,Refresh your routine for spring.,2025-04-29,false,false
SEND006827,CMP02,Spring Refresh,C00741,ads,Refresh your routine for spring.,2025-03-14,false,false
SEND006828,CMP01,New Year Reset,C00853,email,Start fresh with practical favorites.,2025-01-02,true,false
SEND006829,CMP01,New Year Reset,C00307,email,Start fresh with practical favorites.,2025-02-03,false,false
SEND006830,CMP04,Summer Essentials,C00224,ads,Simple essentials for warmer days.,2025-07-03,true,false
SEND006831,CMP05,Back to Routine,C00403,email,Get back into your everyday rhythm.,2025-08-08,true,false
SEND006832,CMP07,Early Holiday,C00357,email,A head start on thoughtful gifting.,2025-11-26,false,false
SEND006833,CMP05,Back to Routine,C00857,email,Get back into your everyday rhythm.,2025-09-15,true,true
SEND006834,CMP03,Member Picks,C00539,email,Popular picks selected for you.,2025-06-21,false,false
SEND006835,CMP03,Member Picks,C00481,email,Popular picks selected for you.,2025-05-07,false,false
SEND006836,CMP06,Autumn Edit,C00996,ads,Discover this season's useful upgrades.,2025-10-27,false,true
SEND006837,CMP08,Holiday Highlights,C00989,ads,Explore customer favorites this holiday.,2025-11-11,false,false
SEND006838,CMP02,Spring Refresh,C00415,ads,Refresh your routine for spring.,2025-04-05,false,false
SEND006839,CMP03,Member Picks,C00781,email,Popular picks selected for you.,2025-05-22,false,false
SEND006840,CMP04,Summer Essentials,C00871,ads,Simple essentials for warmer days.,2025-06-23,false,false
SEND006841,CMP06,Autumn Edit,C00283,ads,Discover this season's useful upgrades.,2025-10-13,false,false
SEND006842,CMP07,Early Holiday,C00784,email,A head start on thoughtful gifting.,2025-11-29,false,false
SEND006843,CMP01,New Year Reset,C00786,email,Start fresh with practical favorites.,2025-01-18,false,false
SEND006844,CMP07,Early Holiday,C00430,email,A head start on thoughtful gifting.,2025-11-19,false,false
SEND006845,CMP02,Spring Refresh,C00102,ads,Refresh your routine for spring.,2025-04-13,false,false
SEND006846,CMP01,New Year Reset,C00975,email,Start fresh with practical favorites.,2025-01-29,false,false
SEND006847,CMP08,Holiday Highlights,C00055,ads,Explore customer favorites this holiday.,2025-12-02,false,false
SEND006848,CMP03,Member Picks,C00951,email,Popular picks selected for you.,2025-05-12,true,true
SEND006849,CMP06,Autumn Edit,C00121,ads,Discover this season's useful upgrades.,2025-10-30,false,false
SEND006850,CMP08,Holiday Highlights,C00126,ads,Explore customer favorites this holiday.,2025-12-16,true,false
SEND006851,CMP06,Autumn Edit,C00167,ads,Discover this season's useful upgrades.,2025-09-29,false,false
SEND006852,CMP07,Early Holiday,C00044,email,A head start on thoughtful gifting.,2025-11-10,false,false
SEND006853,CMP04,Summer Essentials,C00025,ads,Simple essentials for warmer days.,2025-07-21,false,false
SEND006854,CMP08,Holiday Highlights,C00593,ads,Explore customer favorites this holiday.,2025-11-03,false,false
SEND006855,CMP05,Back to Routine,C00271,email,Get back into your everyday rhythm.,2025-08-24,false,false
SEND006856,CMP07,Early Holiday,C00478,email,A head start on thoughtful gifting.,2025-11-22,false,false
SEND006857,CMP03,Member Picks,C00103,email,Popular picks selected for you.,2025-06-09,false,false
SEND006858,CMP08,Holiday Highlights,C00307,ads,Explore customer favorites this holiday.,2025-12-20,true,true
SEND006859,CMP07,Early Holiday,C00031,email,A head start on thoughtful gifting.,2025-11-15,false,false
SEND006860,CMP06,Autumn Edit,C00546,ads,Discover this season's useful upgrades.,2025-09-28,false,true
SEND006861,CMP08,Holiday Highlights,C00647,ads,Explore customer favorites this holiday.,2025-12-20,false,false
SEND006862,CMP06,Autumn Edit,C00284,ads,Discover this season's useful upgrades.,2025-09-01,false,false
SEND006863,CMP04,Summer Essentials,C00406,ads,Simple essentials for warmer days.,2025-06-08,false,false
SEND006864,CMP03,Member Picks,C00152,email,Popular picks selected for you.,2025-06-24,false,false
SEND006865,CMP05,Back to Routine,C00276,email,Get back into your everyday rhythm.,2025-08-11,false,false
SEND006866,CMP04,Summer Essentials,C00555,ads,Simple essentials for warmer days.,2025-06-12,false,false
SEND006867,CMP01,New Year Reset,C00779,email,Start fresh with practical favorites.,2025-02-09,false,false
SEND006868,CMP07,Early Holiday,C00176,email,A head start on thoughtful gifting.,2025-11-24,true,true
SEND006869,CMP06,Autumn Edit,C00303,ads,Discover this season's useful upgrades.,2025-09-15,false,false
SEND006870,CMP03,Member Picks,C00924,email,Popular picks selected for you.,2025-06-22,false,false
SEND006871,CMP01,New Year Reset,C00525,email,Start fresh with practical favorites.,2025-01-09,false,false
SEND006872,CMP04,Summer Essentials,C00384,ads,Simple essentials for warmer days.,2025-08-17,false,true
SEND006873,CMP07,Early Holiday,C00613,email,A head start on thoughtful gifting.,2025-11-14,false,false
SEND006874,CMP06,Autumn Edit,C00331,ads,Discover this season's useful upgrades.,2025-10-28,false,false
SEND006875,CMP05,Back to Routine,C00236,email,Get back into your everyday rhythm.,2025-08-23,false,false
SEND006876,CMP06,Autumn Edit,C00759,ads,Discover this season's useful upgrades.,2025-09-11,false,false
SEND006877,CMP01,New Year Reset,C00082,email,Start fresh with practical favorites.,2025-02-16,false,false
SEND006878,CMP05,Back to Routine,C00731,email,Get back into your everyday rhythm.,2025-08-12,false,false
SEND006879,CMP03,Member Picks,C00252,email,Popular picks selected for you.,2025-05-20,false,false
SEND006880,CMP04,Summer Essentials,C00552,ads,Simple essentials for warmer days.,2025-07-19,false,false
SEND006881,CMP07,Early Holiday,C00366,email,A head start on thoughtful gifting.,2025-11-01,false,false
SEND006882,CMP07,Early Holiday,C00590,email,A head start on thoughtful gifting.,2025-11-26,true,false
SEND006883,CMP06,Autumn Edit,C00673,ads,Discover this season's useful upgrades.,2025-09-30,false,false
SEND006884,CMP02,Spring Refresh,C00596,ads,Refresh your routine for spring.,2025-03-12,false,false
SEND006885,CMP07,Early Holiday,C00390,email,A head start on thoughtful gifting.,2025-11-07,false,false
SEND006886,CMP08,Holiday Highlights,C00531,ads,Explore customer favorites this holiday.,2025-11-02,false,false
SEND006887,CMP07,Early Holiday,C00446,email,A head start on thoughtful gifting.,2025-11-23,false,false
SEND006888,CMP04,Summer Essentials,C00221,ads,Simple essentials for warmer days.,2025-07-31,true,true
SEND006889,CMP03,Member Picks,C00944,email,Popular picks selected for you.,2025-06-10,true,false
SEND006890,CMP04,Summer Essentials,C00973,ads,Simple essentials for warmer days.,2025-06-19,true,false
SEND006891,CMP07,Early Holiday,C00196,email,A head start on thoughtful gifting.,2025-11-08,false,false
SEND006892,CMP07,Early Holiday,C00049,email,A head start on thoughtful gifting.,2025-11-02,true,false
SEND006893,CMP02,Spring Refresh,C00308,ads,Refresh your routine for spring.,2025-03-26,false,false
SEND006894,CMP07,Early Holiday,C00963,email,A head start on thoughtful gifting.,2025-11-28,false,false
SEND006895,CMP02,Spring Refresh,C00202,ads,Refresh your routine for spring.,2025-03-29,false,false
SEND006896,CMP08,Holiday Highlights,C00517,ads,Explore customer favorites this holiday.,2025-12-17,false,false
SEND006897,CMP05,Back to Routine,C00099,email,Get back into your everyday rhythm.,2025-08-30,false,false
SEND006898,CMP07,Early Holiday,C00026,email,A head start on thoughtful gifting.,2025-11-03,false,false
SEND006899,CMP07,Early Holiday,C00245,email,A head start on thoughtful gifting.,2025-11-26,false,false
SEND006900,CMP05,Back to Routine,C00929,email,Get back into your everyday rhythm.,2025-08-18,false,false
SEND006901,CMP06,Autumn Edit,C00159,ads,Discover this season's useful upgrades.,2025-09-24,false,false
SEND006902,CMP06,Autumn Edit,C00823,ads,Discover this season's useful upgrades.,2025-09-21,false,false
SEND006903,CMP04,Summer Essentials,C00195,ads,Simple essentials for warmer days.,2025-08-06,false,false
SEND006904,CMP02,Spring Refresh,C00782,ads,Refresh your routine for spring.,2025-04-25,false,false
SEND006905,CMP04,Summer Essentials,C00982,ads,Simple essentials for warmer days.,2025-06-14,false,false
SEND006906,CMP01,New Year Reset,C00351,email,Start fresh with practical favorites.,2025-01-16,true,false
SEND006907,CMP01,New Year Reset,C00512,email,Start fresh with practical favorites.,2025-02-25,true,true
SEND006908,CMP07,Early Holiday,C00374,email,A head start on thoughtful gifting.,2025-11-06,false,true
SEND006909,CMP08,Holiday Highlights,C00518,ads,Explore customer favorites this holiday.,2025-12-30,true,false
SEND006910,CMP02,Spring Refresh,C00922,ads,Refresh your routine for spring.,2025-03-07,false,false
SEND006911,CMP08,Holiday Highlights,C00183,ads,Explore customer favorites this holiday.,2025-12-09,false,false
SEND006912,CMP08,Holiday Highlights,C00144,ads,Explore customer favorites this holiday.,2025-11-15,false,false
SEND006913,CMP06,Autumn Edit,C00394,ads,Discover this season's useful upgrades.,2025-10-16,false,false
SEND006914,CMP03,Member Picks,C00751,email,Popular picks selected for you.,2025-06-13,false,false
SEND006915,CMP06,Autumn Edit,C00962,ads,Discover this season's useful upgrades.,2025-10-22,false,false
SEND006916,CMP04,Summer Essentials,C00442,ads,Simple essentials for warmer days.,2025-06-06,false,false
SEND006917,CMP06,Autumn Edit,C00763,ads,Discover this season's useful upgrades.,2025-09-30,false,false
SEND006918,CMP03,Member Picks,C00736,email,Popular picks selected for you.,2025-06-16,false,false
SEND006919,CMP05,Back to Routine,C00901,email,Get back into your everyday rhythm.,2025-09-03,false,false
SEND006920,CMP01,New Year Reset,C00093,email,Start fresh with practical favorites.,2025-02-14,false,false
SEND006921,CMP01,New Year Reset,C00662,email,Start fresh with practical favorites.,2025-01-06,false,false
SEND006922,CMP01,New Year Reset,C00102,email,Start fresh with practical favorites.,2025-02-10,false,false
SEND006923,CMP05,Back to Routine,C00660,email,Get back into your everyday rhythm.,2025-08-19,false,false
SEND006924,CMP04,Summer Essentials,C00201,ads,Simple essentials for warmer days.,2025-06-05,false,false
SEND006925,CMP04,Summer Essentials,C00153,ads,Simple essentials for warmer days.,2025-06-12,true,false
SEND006926,CMP01,New Year Reset,C00555,email,Start fresh with practical favorites.,2025-01-27,false,false
SEND006927,CMP03,Member Picks,C00473,email,Popular picks selected for you.,2025-05-05,false,false
SEND006928,CMP02,Spring Refresh,C00738,ads,Refresh your routine for spring.,2025-04-17,false,false
SEND006929,CMP07,Early Holiday,C00603,email,A head start on thoughtful gifting.,2025-11-08,false,false
SEND006930,CMP02,Spring Refresh,C00428,ads,Refresh your routine for spring.,2025-03-30,false,false
SEND006931,CMP01,New Year Reset,C00222,email,Start fresh with practical favorites.,2025-02-02,false,false
SEND006932,CMP02,Spring Refresh,C00040,ads,Refresh your routine for spring.,2025-03-03,false,false
SEND006933,CMP02,Spring Refresh,C00759,ads,Refresh your routine for spring.,2025-03-07,false,false
SEND006934,CMP03,Member Picks,C00775,email,Popular picks selected for you.,2025-05-17,false,false
SEND006935,CMP04,Summer Essentials,C00127,ads,Simple essentials for warmer days.,2025-07-17,false,false
SEND006936,CMP04,Summer Essentials,C00452,ads,Simple essentials for warmer days.,2025-08-05,false,false
SEND006937,CMP02,Spring Refresh,C00843,ads,Refresh your routine for spring.,2025-04-23,false,false
SEND006938,CMP01,New Year Reset,C00731,email,Start fresh with practical favorites.,2025-01-19,true,false
SEND006939,CMP02,Spring Refresh,C00314,ads,Refresh your routine for spring.,2025-04-09,false,false
SEND006940,CMP08,Holiday Highlights,C00156,ads,Explore customer favorites this holiday.,2025-11-13,true,false
SEND006941,CMP06,Autumn Edit,C00550,ads,Discover this season's useful upgrades.,2025-09-27,false,false
SEND006942,CMP08,Holiday Highlights,C00683,ads,Explore customer favorites this holiday.,2025-12-06,false,false
SEND006943,CMP07,Early Holiday,C00540,email,A head start on thoughtful gifting.,2025-11-15,false,false
SEND006944,CMP07,Early Holiday,C00921,email,A head start on thoughtful gifting.,2025-11-22,false,false
SEND006945,CMP02,Spring Refresh,C00323,ads,Refresh your routine for spring.,2025-04-21,false,false
SEND006946,CMP02,Spring Refresh,C00336,ads,Refresh your routine for spring.,2025-03-31,false,false
SEND006947,CMP06,Autumn Edit,C00225,ads,Discover this season's useful upgrades.,2025-09-04,false,false
SEND006948,CMP03,Member Picks,C00632,email,Popular picks selected for you.,2025-05-15,false,false
SEND006949,CMP04,Summer Essentials,C00146,ads,Simple essentials for warmer days.,2025-07-08,false,false
SEND006950,CMP02,Spring Refresh,C00450,ads,Refresh your routine for spring.,2025-03-12,false,false
SEND006951,CMP04,Summer Essentials,C00347,ads,Simple essentials for warmer days.,2025-08-25,true,false
SEND006952,CMP03,Member Picks,C00231,email,Popular picks selected for you.,2025-05-19,false,false
SEND006953,CMP01,New Year Reset,C00285,email,Start fresh with practical favorites.,2025-02-28,false,false
SEND006954,CMP08,Holiday Highlights,C00648,ads,Explore customer favorites this holiday.,2025-11-04,false,true
SEND006955,CMP08,Holiday Highlights,C00367,ads,Explore customer favorites this holiday.,2025-12-18,false,false
SEND006956,CMP05,Back to Routine,C00869,email,Get back into your everyday rhythm.,2025-08-20,true,false
SEND006957,CMP03,Member Picks,C00720,email,Popular picks selected for you.,2025-06-20,false,false
SEND006958,CMP06,Autumn Edit,C00090,ads,Discover this season's useful upgrades.,2025-09-14,false,false
SEND006959,CMP04,Summer Essentials,C00803,ads,Simple essentials for warmer days.,2025-07-02,true,false
SEND006960,CMP07,Early Holiday,C00970,email,A head start on thoughtful gifting.,2025-11-06,false,true
SEND006961,CMP01,New Year Reset,C00527,email,Start fresh with practical favorites.,2025-01-30,true,true
SEND006962,CMP05,Back to Routine,C00672,email,Get back into your everyday rhythm.,2025-09-01,true,false
SEND006963,CMP08,Holiday Highlights,C00172,ads,Explore customer favorites this holiday.,2025-11-17,false,false
SEND006964,CMP04,Summer Essentials,C00856,ads,Simple essentials for warmer days.,2025-08-05,false,false
SEND006965,CMP06,Autumn Edit,C00737,ads,Discover this season's useful upgrades.,2025-10-27,false,false
SEND006966,CMP08,Holiday Highlights,C00742,ads,Explore customer favorites this holiday.,2025-12-12,false,false
SEND006967,CMP06,Autumn Edit,C00732,ads,Discover this season's useful upgrades.,2025-09-29,false,false
SEND006968,CMP04,Summer Essentials,C00220,ads,Simple essentials for warmer days.,2025-07-19,true,false
SEND006969,CMP01,New Year Reset,C00643,email,Start fresh with practical favorites.,2025-02-20,false,false
SEND006970,CMP08,Holiday Highlights,C00104,ads,Explore customer favorites this holiday.,2025-12-20,false,false
SEND006971,CMP03,Member Picks,C00339,email,Popular picks selected for you.,2025-06-25,false,false
SEND006972,CMP07,Early Holiday,C00591,email,A head start on thoughtful gifting.,2025-11-12,false,false
SEND006973,CMP07,Early Holiday,C00541,email,A head start on thoughtful gifting.,2025-11-10,false,false
SEND006974,CMP02,Spring Refresh,C00087,ads,Refresh your routine for spring.,2025-03-11,false,false
SEND006975,CMP07,Early Holiday,C00983,email,A head start on thoughtful gifting.,2025-11-29,false,false
SEND006976,CMP02,Spring Refresh,C00428,ads,Refresh your routine for spring.,2025-04-24,false,false
SEND006977,CMP08,Holiday Highlights,C00527,ads,Explore customer favorites this holiday.,2025-12-04,false,false
SEND006978,CMP01,New Year Reset,C00077,email,Start fresh with practical favorites.,2025-02-25,true,false
SEND006979,CMP03,Member Picks,C00669,email,Popular picks selected for you.,2025-05-01,false,false
SEND006980,CMP08,Holiday Highlights,C00871,ads,Explore customer favorites this holiday.,2025-11-14,false,false
SEND006981,CMP06,Autumn Edit,C00568,ads,Discover this season's useful upgrades.,2025-10-07,true,false
SEND006982,CMP03,Member Picks,C00368,email,Popular picks selected for you.,2025-06-20,true,false
SEND006983,CMP07,Early Holiday,C00969,email,A head start on thoughtful gifting.,2025-11-14,false,false
SEND006984,CMP08,Holiday Highlights,C00186,ads,Explore customer favorites this holiday.,2025-11-15,false,false
SEND006985,CMP04,Summer Essentials,C00798,ads,Simple essentials for warmer days.,2025-06-10,false,false
SEND006986,CMP06,Autumn Edit,C00416,ads,Discover this season's useful upgrades.,2025-10-01,false,false
SEND006987,CMP08,Holiday Highlights,C00554,ads,Explore customer favorites this holiday.,2025-12-15,false,false
SEND006988,CMP04,Summer Essentials,C00236,ads,Simple essentials for warmer days.,2025-08-08,false,false
SEND006989,CMP02,Spring Refresh,C00258,ads,Refresh your routine for spring.,2025-04-18,false,false
SEND006990,CMP02,Spring Refresh,C00686,ads,Refresh your routine for spring.,2025-03-06,false,false
SEND006991,CMP07,Early Holiday,C00514,email,A head start on thoughtful gifting.,2025-11-06,true,false
SEND006992,CMP07,Early Holiday,C00619,email,A head start on thoughtful gifting.,2025-11-10,false,false
SEND006993,CMP08,Holiday Highlights,C00622,ads,Explore customer favorites this holiday.,2025-12-13,false,false
SEND006994,CMP03,Member Picks,C00526,email,Popular picks selected for you.,2025-05-26,false,false
SEND006995,CMP01,New Year Reset,C00975,email,Start fresh with practical favorites.,2025-01-04,false,false
SEND006996,CMP01,New Year Reset,C00537,email,Start fresh with practical favorites.,2025-01-07,false,false
SEND006997,CMP05,Back to Routine,C00648,email,Get back into your everyday rhythm.,2025-08-26,false,false
SEND006998,CMP06,Autumn Edit,C00851,ads,Discover this season's useful upgrades.,2025-10-08,false,false
SEND006999,CMP04,Summer Essentials,C00048,ads,Simple essentials for warmer days.,2025-06-30,false,false
SEND007000,CMP01,New Year Reset,C00214,email,Start fresh with practical favorites.,2025-01-27,false,false
