visit_id,customer_id,visit_date,traffic_source,product_id,product_viewed,added_to_cart,purchased
V000001,C00950,2025-08-30,email,P029,Bright Organizer 29,false,false
V000002,C00916,2025-02-10,paid_search,P020,Essential Bag 20,false,false
V000003,C00173,2025-07-27,organic_search,P020,Essential Bag 20,true,true
V000004,C00861,2025-05-03,paid_search,P014,Active Mat 14,false,false
V000005,C00924,2025-10-22,social,P017,Daily Lamp 17,false,false
V000006,C00258,2025-10-27,email,P028,Essential Bag 28,false,false
V000007,C00361,2025-12-20,social,P026,Pure Band 26,false,false
V000008,C00498,2025-11-02,organic_search,P028,Essential Bag 28,false,true
V000009,C00187,2025-12-04,social,P016,Modern Serum 16,false,false
V000010,C00624,2025-03-26,paid_search,P027,Urban Bottle 27,false,false
V000011,C00462,2025-06-02,organic_search,P020,Essential Bag 20,false,false
V000012,C00307,2025-09-21,organic_search,P016,Modern Serum 16,false,false
V000013,C00850,2025-06-22,social,P025,Daily Lamp 25,false,false
V000014,C00197,2025-04-17,paid_search,P012,Essential Bag 12,false,false
V000015,C00466,2025-03-26,organic_search,P007,Calm Cream 07,false,true
V000016,C00283,2025-01-01,organic_search,P010,Pure Band 10,false,false
V000017,C00987,2025-11-12,organic_search,P025,Daily Lamp 25,false,false
V000018,C00241,2025-06-30,organic_search,P002,Pure Band 02,true,false
V000019,C00986,2025-02-09,organic_search,P026,Pure Band 26,false,false
V000020,C00282,2025-12-21,organic_search,P017,Daily Lamp 17,true,false
V000021,C00091,2025-04-25,paid_search,P004,Essential Bag 04,false,false
V000022,C00018,2025-10-08,paid_search,P026,Pure Band 26,false,false
V000023,C00746,2025-11-04,direct,P012,Essential Bag 12,false,false
V000024,C00193,2025-02-21,social,P023,Calm Cream 23,true,true
V000025,C00977,2025-09-07,direct,P023,Calm Cream 23,false,false
V000026,C00874,2025-09-11,paid_search,P016,Modern Serum 16,false,false
V000027,C00708,2025-11-23,direct,P028,Essential Bag 28,false,false
V000028,C00306,2025-04-02,social,P002,Pure Band 02,false,true
V000029,C00387,2025-03-04,social,P002,Pure Band 02,false,false
V000030,C00142,2025-03-14,organic_search,P027,Urban Bottle 27,false,false
V000031,C00213,2025-12-15,social,P009,Daily Lamp 09,true,false
V000032,C00098,2025-03-14,organic_search,P018,Pure Band 18,true,false
V000033,C00912,2025-02-19,email,P009,Daily Lamp 09,false,false
V000034,C00378,2025-05-01,paid_search,P005,Bright Organizer 05,false,false
V000035,C00223,2025-02-24,paid_search,P016,Modern Serum 16,true,false
V000036,C00780,2025-05-16,paid_search,P002,Pure Band 02,false,false
V000037,C00465,2025-03-21,social,P029,Bright Organizer 29,false,false
V000038,C00754,2025-03-30,social,P011,Urban Bottle 11,true,false
V000039,C00467,2025-11-04,organic_search,P030,Active Mat 30,false,false
V000040,C00982,2025-11-05,social,P005,Bright Organizer 05,false,false
V000041,C00528,2025-07-21,organic_search,P008,Modern Serum 08,false,false
V000042,C00541,2025-06-18,organic_search,P018,Pure Band 18,true,false
V000043,C00426,2025-05-19,email,P006,Active Mat 06,true,false
V000044,C00749,2025-05-15,direct,P007,Calm Cream 07,false,false
V000045,C00642,2025-09-16,organic_search,P020,Essential Bag 20,false,false
V000046,C00287,2025-10-01,paid_search,P022,Active Mat 22,true,true
V000047,C00514,2025-05-03,organic_search,P023,Calm Cream 23,true,false
V000048,C00174,2025-09-27,paid_search,P021,Bright Organizer 21,false,false
V000049,C00988,2025-07-19,direct,P004,Essential Bag 04,true,true
V000050,C00914,2025-10-14,direct,P023,Calm Cream 23,false,false
V000051,C00548,2025-07-21,direct,P018,Pure Band 18,false,false
V000052,C00183,2025-04-10,paid_search,P005,Bright Organizer 05,false,false
V000053,C00121,2025-08-13,paid_search,P010,Pure Band 10,false,false
V000054,C00992,2025-05-13,direct,P012,Essential Bag 12,false,false
V000055,C00105,2025-10-20,direct,P009,Daily Lamp 09,false,false
V000056,C00790,2025-07-02,social,P008,Modern Serum 08,false,false
V000057,C00848,2025-02-07,email,P004,Essential Bag 04,false,false
V000058,C00056,2025-01-10,referral,P025,Daily Lamp 25,false,false
V000059,C00197,2025-06-16,organic_search,P006,Active Mat 06,false,false
V000060,C00752,2025-06-24,email,P028,Essential Bag 28,false,false
V000061,C00137,2025-10-14,email,P001,Daily Lamp 01,true,false
V000062,C00378,2025-07-17,organic_search,P008,Modern Serum 08,false,false
V000063,C00406,2025-07-21,email,P029,Bright Organizer 29,false,false
V000064,C00119,2025-02-21,paid_search,P021,Bright Organizer 21,false,false
V000065,C00754,2025-12-12,social,P002,Pure Band 02,false,false
V000066,C00645,2025-06-03,organic_search,P016,Modern Serum 16,false,false
V000067,C00695,2025-07-22,email,P012,Essential Bag 12,false,false
V000068,C00989,2025-06-22,email,P017,Daily Lamp 17,false,false
V000069,C00122,2025-01-24,organic_search,P019,Urban Bottle 19,false,false
V000070,C00583,2025-09-03,referral,P009,Daily Lamp 09,true,false
V000071,C00984,2025-11-01,organic_search,P004,Essential Bag 04,false,false
V000072,C00998,2025-09-15,social,P015,Calm Cream 15,false,false
V000073,C00037,2025-10-05,organic_search,P008,Modern Serum 08,false,false
V000074,C00631,2025-02-01,organic_search,P018,Pure Band 18,false,false
V000075,C00334,2025-08-09,social,P025,Daily Lamp 25,false,false
V000076,C00514,2025-12-15,organic_search,P023,Calm Cream 23,false,false
V000077,C00303,2025-08-17,email,P013,Bright Organizer 13,false,false
V000078,C00009,2025-06-15,organic_search,P010,Pure Band 10,false,false
V000079,C00303,2025-12-12,paid_search,P013,Bright Organizer 13,false,false
V000080,C00007,2025-01-01,organic_search,P006,Active Mat 06,true,false
V000081,C00548,2025-12-14,organic_search,P011,Urban Bottle 11,false,false
V000082,C00885,2025-03-20,organic_search,P006,Active Mat 06,false,false
V000083,C00648,2025-03-23,organic_search,P003,Urban Bottle 03,true,false
V000084,C00129,2025-10-09,organic_search,P015,Calm Cream 15,false,true
V000085,C00063,2025-03-22,organic_search,P019,Urban Bottle 19,false,false
V000086,C00404,2025-05-01,email,P024,Modern Serum 24,true,false
V000087,C00091,2025-05-21,direct,P024,Modern Serum 24,false,false
V000088,C00754,2025-02-02,referral,P004,Essential Bag 04,false,true
V000089,C00715,2025-04-12,organic_search,P023,Calm Cream 23,false,false
V000090,C00457,2025-07-23,social,P003,Urban Bottle 03,false,false
V000091,C00870,2025-02-11,social,P018,Pure Band 18,false,false
V000092,C00364,2025-12-14,social,P011,Urban Bottle 11,false,false
V000093,C00836,2025-10-30,paid_search,P026,Pure Band 26,false,false
V000094,C00009,2025-02-15,direct,P005,Bright Organizer 05,true,false
V000095,C00688,2025-11-24,email,P016,Modern Serum 16,false,false
V000096,C00074,2025-01-16,organic_search,P014,Active Mat 14,false,false
V000097,C00857,2025-03-03,paid_search,P030,Active Mat 30,false,false
V000098,C00536,2025-01-01,direct,P019,Urban Bottle 19,true,false
V000099,C00030,2025-12-08,social,P025,Daily Lamp 25,false,false
V000100,C00823,2025-08-19,organic_search,P018,Pure Band 18,true,false
V000101,C00910,2025-04-06,organic_search,P009,Daily Lamp 09,false,false
V000102,C00600,2025-11-22,social,P020,Essential Bag 20,false,false
V000103,C00138,2025-02-22,organic_search,P008,Modern Serum 08,false,false
V000104,C00824,2025-08-01,email,P005,Bright Organizer 05,true,false
V000105,C00495,2025-01-29,organic_search,P013,Bright Organizer 13,true,false
V000106,C00901,2025-05-16,organic_search,P013,Bright Organizer 13,false,false
V000107,C00041,2025-09-01,paid_search,P028,Essential Bag 28,false,false
V000108,C00544,2025-08-20,organic_search,P007,Calm Cream 07,false,false
V000109,C00617,2025-08-29,organic_search,P004,Essential Bag 04,false,false
V000110,C00896,2025-07-04,paid_search,P018,Pure Band 18,false,false
V000111,C00491,2025-10-27,organic_search,P027,Urban Bottle 27,false,false
V000112,C00707,2025-03-19,email,P028,Essential Bag 28,false,true
V000113,C00570,2025-10-04,organic_search,P013,Bright Organizer 13,true,false
V000114,C00241,2025-06-27,organic_search,P001,Daily Lamp 01,false,false
V000115,C00792,2025-11-07,paid_search,P005,Bright Organizer 05,false,false
V000116,C00795,2025-12-09,social,P016,Modern Serum 16,true,false
V000117,C00390,2025-10-12,direct,P002,Pure Band 02,false,false
V000118,C00808,2025-02-26,social,P018,Pure Band 18,true,false
V000119,C00493,2025-01-26,social,P003,Urban Bottle 03,false,false
V000120,C00226,2025-08-31,paid_search,P015,Calm Cream 15,false,false
V000121,C00765,2025-05-23,email,P026,Pure Band 26,false,false
V000122,C00487,2025-08-02,organic_search,P007,Calm Cream 07,true,false
V000123,C00464,2025-05-22,referral,P024,Modern Serum 24,false,false
V000124,C00141,2025-06-20,social,P014,Active Mat 14,false,true
V000125,C00318,2025-02-25,email,P017,Daily Lamp 17,false,false
V000126,C00518,2025-01-27,direct,P002,Pure Band 02,false,false
V000127,C00184,2025-05-24,email,P019,Urban Bottle 19,false,false
V000128,C00138,2025-01-04,paid_search,P026,Pure Band 26,false,false
V000129,C00845,2025-01-23,direct,P016,Modern Serum 16,false,false
V000130,C00904,2025-04-12,referral,P008,Modern Serum 08,false,false
V000131,C00789,2025-09-06,social,P016,Modern Serum 16,false,false
V000132,C00889,2025-09-23,organic_search,P021,Bright Organizer 21,false,false
V000133,C00495,2025-03-31,paid_search,P030,Active Mat 30,false,false
V000134,C00643,2025-10-29,email,P020,Essential Bag 20,true,true
V000135,C00441,2025-09-08,social,P002,Pure Band 02,false,false
V000136,C00222,2025-03-31,email,P020,Essential Bag 20,false,false
V000137,C00733,2025-10-06,paid_search,P016,Modern Serum 16,false,false
V000138,C00636,2025-07-19,social,P009,Daily Lamp 09,false,false
V000139,C00275,2025-07-12,direct,P002,Pure Band 02,true,false
V000140,C00998,2025-09-05,organic_search,P004,Essential Bag 04,false,true
V000141,C00213,2025-05-31,email,P007,Calm Cream 07,false,false
V000142,C00293,2025-05-12,paid_search,P001,Daily Lamp 01,false,false
V000143,C00895,2025-08-23,direct,P004,Essential Bag 04,false,false
V000144,C00702,2025-02-03,email,P010,Pure Band 10,true,true
V000145,C00648,2025-05-09,organic_search,P030,Active Mat 30,false,true
V000146,C00224,2025-01-10,paid_search,P020,Essential Bag 20,false,false
V000147,C00539,2025-08-15,direct,P020,Essential Bag 20,false,false
V000148,C00579,2025-05-04,direct,P005,Bright Organizer 05,false,false
V000149,C00080,2025-02-27,social,P019,Urban Bottle 19,false,false
V000150,C00006,2025-12-23,paid_search,P012,Essential Bag 12,false,false
V000151,C00005,2025-09-16,paid_search,P005,Bright Organizer 05,false,false
V000152,C00225,2025-03-05,direct,P015,Calm Cream 15,false,false
V000153,C00101,2025-05-12,direct,P025,Daily Lamp 25,false,false
V000154,C00562,2025-05-04,organic_search,P016,Modern Serum 16,false,false
V000155,C00515,2025-06-21,organic_search,P019,Urban Bottle 19,false,false
V000156,C00306,2025-10-25,direct,P012,Essential Bag 12,false,false
V000157,C00773,2025-03-22,organic_search,P008,Modern Serum 08,false,false
V000158,C00256,2025-05-22,direct,P028,Essential Bag 28,false,false
V000159,C00136,2025-11-16,email,P006,Active Mat 06,false,false
V000160,C00882,2025-08-25,email,P028,Essential Bag 28,false,false
V000161,C00744,2025-09-09,social,P009,Daily Lamp 09,true,false
V000162,C00038,2025-07-08,email,P009,Daily Lamp 09,false,false
V000163,C00069,2025-05-24,organic_search,P029,Bright Organizer 29,false,false
V000164,C00414,2025-05-03,social,P009,Daily Lamp 09,false,false
V000165,C00153,2025-07-29,paid_search,P012,Essential Bag 12,false,false
V000166,C00521,2025-04-29,organic_search,P022,Active Mat 22,true,false
V000167,C00247,2025-01-01,social,P023,Calm Cream 23,false,false
V000168,C00999,2025-07-25,email,P028,Essential Bag 28,false,false
V000169,C00234,2025-04-30,social,P001,Daily Lamp 01,true,false
V000170,C00126,2025-01-29,direct,P027,Urban Bottle 27,false,false
V000171,C00513,2025-12-20,social,P012,Essential Bag 12,true,false
V000172,C00566,2025-12-19,paid_search,P007,Calm Cream 07,false,false
V000173,C00035,2025-12-21,organic_search,P010,Pure Band 10,true,false
V000174,C00669,2025-12-18,paid_search,P030,Active Mat 30,true,false
V000175,C00278,2025-12-28,organic_search,P022,Active Mat 22,false,false
V000176,C00755,2025-10-04,paid_search,P008,Modern Serum 08,false,false
V000177,C00354,2025-08-04,email,P015,Calm Cream 15,false,false
V000178,C00519,2025-10-04,direct,P020,Essential Bag 20,false,false
V000179,C00126,2025-04-03,paid_search,P007,Calm Cream 07,false,false
V000180,C00699,2025-02-24,paid_search,P027,Urban Bottle 27,false,false
V000181,C00262,2025-12-19,organic_search,P004,Essential Bag 04,true,true
V000182,C00060,2025-03-08,email,P023,Calm Cream 23,false,false
V000183,C00879,2025-12-17,referral,P010,Pure Band 10,false,false
V000184,C00764,2025-06-10,organic_search,P030,Active Mat 30,false,false
V000185,C00931,2025-05-29,organic_search,P020,Essential Bag 20,false,false
V000186,C00083,2025-03-02,direct,P028,Essential Bag 28,false,false
V000187,C00195,2025-07-22,paid_search,P008,Modern Serum 08,false,true
V000188,C00930,2025-05-23,organic_search,P012,Essential Bag 12,false,false
V000189,C00763,2025-08-09,referral,P030,Active Mat 30,false,true
V000190,C00002,2025-07-04,social,P008,Modern Serum 08,true,false
V000191,C00607,2025-06-26,paid_search,P010,Pure Band 10,false,false
V000192,C00047,2025-12-20,referral,P001,Daily Lamp 01,false,false
V000193,C00401,2025-08-18,paid_search,P016,Modern Serum 16,true,false
V000194,C00318,2025-07-23,organic_search,P012,Essential Bag 12,false,false
V000195,C00073,2025-01-17,organic_search,P028,Essential Bag 28,false,false
V000196,C00294,2025-06-28,paid_search,P018,Pure Band 18,false,false
V000197,C00999,2025-09-03,organic_search,P020,Essential Bag 20,false,false
V000198,C00693,2025-10-18,paid_search,P027,Urban Bottle 27,false,false
V000199,C00367,2025-04-16,email,P024,Modern Serum 24,false,false
V000200,C00796,2025-10-17,social,P011,Urban Bottle 11,false,false
V000201,C00116,2025-03-28,paid_search,P004,Essential Bag 04,false,false
V000202,C00512,2025-09-01,organic_search,P015,Calm Cream 15,false,false
V000203,C00070,2025-07-14,referral,P030,Active Mat 30,false,false
V000204,C00495,2025-12-16,organic_search,P013,Bright Organizer 13,true,false
V000205,C00043,2025-08-09,organic_search,P020,Essential Bag 20,false,false
V000206,C00116,2025-02-25,paid_search,P024,Modern Serum 24,true,true
V000207,C00899,2025-05-01,email,P014,Active Mat 14,false,false
V000208,C00751,2025-03-21,paid_search,P030,Active Mat 30,false,false
V000209,C00955,2025-01-13,social,P006,Active Mat 06,false,false
V000210,C00495,2025-11-09,organic_search,P008,Modern Serum 08,false,false
V000211,C00201,2025-11-17,direct,P014,Active Mat 14,true,false
V000212,C00535,2025-04-30,social,P029,Bright Organizer 29,false,false
V000213,C00875,2025-06-04,social,P030,Active Mat 30,false,false
V000214,C00706,2025-09-30,email,P017,Daily Lamp 17,false,false
V000215,C00295,2025-11-16,email,P011,Urban Bottle 11,false,false
V000216,C00445,2025-12-24,direct,P010,Pure Band 10,true,false
V000217,C00624,2025-02-20,paid_search,P027,Urban Bottle 27,false,false
V000218,C00597,2025-12-24,direct,P010,Pure Band 10,true,false
V000219,C00677,2025-04-01,direct,P020,Essential Bag 20,false,false
V000220,C00800,2025-02-27,social,P012,Essential Bag 12,false,false
V000221,C00149,2025-07-28,social,P027,Urban Bottle 27,false,false
V000222,C00012,2025-07-30,social,P022,Active Mat 22,false,false
V000223,C00306,2025-07-22,paid_search,P016,Modern Serum 16,false,false
V000224,C00403,2025-05-02,organic_search,P015,Calm Cream 15,false,false
V000225,C00127,2025-03-24,organic_search,P013,Bright Organizer 13,false,false
V000226,C00113,2025-10-22,email,P013,Bright Organizer 13,true,false
V000227,C00772,2025-12-10,paid_search,P023,Calm Cream 23,false,false
V000228,C00101,2025-02-24,organic_search,P005,Bright Organizer 05,false,false
V000229,C00920,2025-05-22,organic_search,P026,Pure Band 26,false,false
V000230,C00245,2025-09-19,direct,P014,Active Mat 14,false,false
V000231,C00577,2025-10-06,paid_search,P026,Pure Band 26,false,false
V000232,C00567,2025-12-03,paid_search,P017,Daily Lamp 17,true,false
V000233,C00825,2025-03-07,paid_search,P009,Daily Lamp 09,false,false
V000234,C00843,2025-01-16,organic_search,P024,Modern Serum 24,false,false
V000235,C00882,2025-11-26,social,P024,Modern Serum 24,false,false
V000236,C00844,2025-09-15,organic_search,P019,Urban Bottle 19,true,false
V000237,C00067,2025-12-13,paid_search,P004,Essential Bag 04,true,false
V000238,C00471,2025-10-18,social,P001,Daily Lamp 01,false,false
V000239,C00902,2025-09-12,paid_search,P030,Active Mat 30,true,false
V000240,C00342,2025-11-23,organic_search,P012,Essential Bag 12,false,false
V000241,C00469,2025-05-03,organic_search,P012,Essential Bag 12,false,false
V000242,C00145,2025-07-14,organic_search,P014,Active Mat 14,true,false
V000243,C00275,2025-10-15,paid_search,P023,Calm Cream 23,false,false
V000244,C00806,2025-08-26,organic_search,P027,Urban Bottle 27,false,false
V000245,C00286,2025-02-21,social,P025,Daily Lamp 25,false,false
V000246,C00287,2025-10-10,paid_search,P006,Active Mat 06,false,false
V000247,C00121,2025-01-26,organic_search,P011,Urban Bottle 11,false,false
V000248,C00994,2025-01-06,email,P003,Urban Bottle 03,false,false
V000249,C00516,2025-04-07,social,P027,Urban Bottle 27,false,false
V000250,C00528,2025-10-18,social,P024,Modern Serum 24,false,false
V000251,C00138,2025-03-25,email,P009,Daily Lamp 09,false,true
V000252,C00978,2025-12-25,social,P009,Daily Lamp 09,false,false
V000253,C00290,2025-12-23,email,P018,Pure Band 18,false,false
V000254,C00947,2025-07-25,organic_search,P011,Urban Bottle 11,true,false
V000255,C00463,2025-08-16,email,P023,Calm Cream 23,false,false
V000256,C00203,2025-02-22,paid_search,P017,Daily Lamp 17,false,false
V000257,C00048,2025-02-28,email,P016,Modern Serum 16,false,true
V000258,C00462,2025-12-28,organic_search,P026,Pure Band 26,false,false
V000259,C00253,2025-12-18,organic_search,P004,Essential Bag 04,false,false
V000260,C00741,2025-04-16,organic_search,P010,Pure Band 10,false,false
V000261,C00581,2025-01-30,social,P015,Calm Cream 15,false,false
V000262,C00085,2025-10-18,email,P008,Modern Serum 08,false,false
V000263,C00043,2025-12-21,social,P028,Essential Bag 28,true,true
V000264,C00748,2025-06-11,organic_search,P027,Urban Bottle 27,false,false
V000265,C00309,2025-01-21,paid_search,P012,Essential Bag 12,false,false
V000266,C00914,2025-04-16,social,P013,Bright Organizer 13,false,false
V000267,C00938,2025-11-08,social,P011,Urban Bottle 11,false,false
V000268,C00602,2025-02-10,social,P021,Bright Organizer 21,true,false
V000269,C00803,2025-05-02,social,P005,Bright Organizer 05,false,false
V000270,C00960,2025-02-02,email,P001,Daily Lamp 01,false,false
V000271,C00962,2025-08-01,organic_search,P006,Active Mat 06,false,false
V000272,C00942,2025-06-14,paid_search,P012,Essential Bag 12,false,false
V000273,C00393,2025-07-06,direct,P002,Pure Band 02,true,true
V000274,C00387,2025-11-24,paid_search,P015,Calm Cream 15,true,true
V000275,C00842,2025-08-05,social,P022,Active Mat 22,false,false
V000276,C00118,2025-11-25,direct,P022,Active Mat 22,false,false
V000277,C00560,2025-10-09,paid_search,P010,Pure Band 10,false,false
V000278,C00185,2025-08-16,social,P026,Pure Band 26,true,false
V000279,C00494,2025-09-14,referral,P005,Bright Organizer 05,false,false
V000280,C00470,2025-06-30,social,P007,Calm Cream 07,false,false
V000281,C00064,2025-11-09,email,P023,Calm Cream 23,false,false
V000282,C00674,2025-06-03,email,P007,Calm Cream 07,false,false
V000283,C00542,2025-07-14,direct,P007,Calm Cream 07,false,false
V000284,C00432,2025-08-25,social,P007,Calm Cream 07,false,false
V000285,C00153,2025-03-14,organic_search,P009,Daily Lamp 09,true,false
V000286,C00141,2025-07-05,social,P026,Pure Band 26,false,false
V000287,C00625,2025-07-28,direct,P006,Active Mat 06,false,false
V000288,C00889,2025-02-16,social,P015,Calm Cream 15,false,false
V000289,C00971,2025-08-08,organic_search,P002,Pure Band 02,false,false
V000290,C00030,2025-07-26,direct,P002,Pure Band 02,false,false
V000291,C00745,2025-06-26,organic_search,P004,Essential Bag 04,false,false
V000292,C00595,2025-10-15,organic_search,P010,Pure Band 10,true,false
V000293,C00674,2025-12-11,organic_search,P018,Pure Band 18,false,false
V000294,C00024,2025-08-23,direct,P010,Pure Band 10,false,false
V000295,C00983,2025-06-29,organic_search,P029,Bright Organizer 29,true,false
V000296,C00061,2025-08-20,email,P003,Urban Bottle 03,true,false
V000297,C00867,2025-08-29,direct,P010,Pure Band 10,false,false
V000298,C00457,2025-05-25,paid_search,P028,Essential Bag 28,true,false
V000299,C00963,2025-10-04,referral,P016,Modern Serum 16,true,false
V000300,C00641,2025-11-05,email,P019,Urban Bottle 19,false,false
V000301,C00841,2025-01-30,organic_search,P014,Active Mat 14,true,false
V000302,C00410,2025-12-13,social,P026,Pure Band 26,true,true
V000303,C00120,2025-08-05,paid_search,P022,Active Mat 22,false,false
V000304,C00380,2025-09-21,social,P009,Daily Lamp 09,false,false
V000305,C00732,2025-02-21,social,P018,Pure Band 18,false,false
V000306,C00459,2025-09-15,paid_search,P021,Bright Organizer 21,false,false
V000307,C00583,2025-08-17,paid_search,P026,Pure Band 26,false,false
V000308,C00476,2025-07-15,social,P018,Pure Band 18,false,false
V000309,C00721,2025-03-05,organic_search,P024,Modern Serum 24,true,true
V000310,C00022,2025-10-10,organic_search,P008,Modern Serum 08,true,false
V000311,C00412,2025-12-29,direct,P006,Active Mat 06,false,true
V000312,C00974,2025-04-16,email,P026,Pure Band 26,false,false
V000313,C00933,2025-03-23,paid_search,P016,Modern Serum 16,false,false
V000314,C00960,2025-11-12,paid_search,P026,Pure Band 26,false,false
V000315,C00289,2025-03-22,email,P028,Essential Bag 28,true,false
V000316,C00523,2025-04-06,direct,P022,Active Mat 22,false,false
V000317,C00607,2025-03-24,social,P003,Urban Bottle 03,false,false
V000318,C00307,2025-01-07,organic_search,P004,Essential Bag 04,false,true
V000319,C00044,2025-12-11,referral,P023,Calm Cream 23,false,false
V000320,C00103,2025-09-12,direct,P025,Daily Lamp 25,false,false
V000321,C00294,2025-12-28,email,P024,Modern Serum 24,false,false
V000322,C00390,2025-09-28,organic_search,P022,Active Mat 22,false,false
V000323,C00463,2025-06-06,social,P013,Bright Organizer 13,false,false
V000324,C00750,2025-02-13,organic_search,P023,Calm Cream 23,false,false
V000325,C00576,2025-07-01,organic_search,P027,Urban Bottle 27,false,false
V000326,C00451,2025-02-10,email,P020,Essential Bag 20,false,false
V000327,C00251,2025-03-18,paid_search,P007,Calm Cream 07,true,true
V000328,C00847,2025-01-23,social,P004,Essential Bag 04,true,true
V000329,C00667,2025-03-29,direct,P009,Daily Lamp 09,false,false
V000330,C00262,2025-04-22,organic_search,P029,Bright Organizer 29,false,false
V000331,C00962,2025-12-13,paid_search,P009,Daily Lamp 09,false,false
V000332,C00986,2025-01-30,direct,P027,Urban Bottle 27,false,false
V000333,C00367,2025-10-14,social,P005,Bright Organizer 05,false,false
V000334,C00865,2025-06-30,social,P026,Pure Band 26,false,false
V000335,C00177,2025-02-07,referral,P005,Bright Organizer 05,false,false
V000336,C00268,2025-02-04,social,P007,Calm Cream 07,true,false
V000337,C00987,2025-11-28,social,P007,Calm Cream 07,false,false
V000338,C00188,2025-05-09,organic_search,P021,Bright Organizer 21,true,false
V000339,C00411,2025-09-19,organic_search,P015,Calm Cream 15,false,false
V000340,C00594,2025-08-29,email,P002,Pure Band 02,true,true
V000341,C00118,2025-09-01,paid_search,P011,Urban Bottle 11,false,false
V000342,C00391,2025-01-07,social,P020,Essential Bag 20,false,false
V000343,C00376,2025-08-17,paid_search,P029,Bright Organizer 29,false,false
V000344,C00304,2025-07-27,paid_search,P009,Daily Lamp 09,false,false
V000345,C00619,2025-08-20,email,P015,Calm Cream 15,false,false
V000346,C00552,2025-07-08,social,P008,Modern Serum 08,false,false
V000347,C00459,2025-01-19,organic_search,P020,Essential Bag 20,false,false
V000348,C00326,2025-02-22,organic_search,P004,Essential Bag 04,false,false
V000349,C00495,2025-05-28,organic_search,P004,Essential Bag 04,false,false
V000350,C00769,2025-10-05,organic_search,P026,Pure Band 26,false,false
V000351,C00740,2025-02-20,email,P011,Urban Bottle 11,false,false
V000352,C00042,2025-08-14,social,P026,Pure Band 26,false,false
V000353,C00156,2025-03-17,email,P014,Active Mat 14,false,false
V000354,C00159,2025-08-08,direct,P009,Daily Lamp 09,false,true
V000355,C00702,2025-09-23,direct,P010,Pure Band 10,false,false
V000356,C00040,2025-04-26,organic_search,P010,Pure Band 10,true,false
V000357,C00582,2025-01-21,social,P002,Pure Band 02,true,false
V000358,C00491,2025-11-06,paid_search,P008,Modern Serum 08,false,false
V000359,C00007,2025-10-28,email,P029,Bright Organizer 29,false,false
V000360,C00498,2025-01-25,organic_search,P009,Daily Lamp 09,true,false
V000361,C00125,2025-11-14,paid_search,P008,Modern Serum 08,true,true
V000362,C00973,2025-06-06,email,P020,Essential Bag 20,false,false
V000363,C00090,2025-05-16,organic_search,P006,Active Mat 06,false,false
V000364,C00780,2025-11-03,organic_search,P018,Pure Band 18,true,true
V000365,C00835,2025-02-22,organic_search,P019,Urban Bottle 19,false,false
V000366,C00803,2025-04-03,email,P028,Essential Bag 28,false,false
V000367,C00500,2025-03-19,social,P021,Bright Organizer 21,false,false
V000368,C00520,2025-10-30,direct,P019,Urban Bottle 19,false,false
V000369,C00530,2025-10-07,paid_search,P015,Calm Cream 15,false,false
V000370,C00287,2025-07-20,direct,P023,Calm Cream 23,false,false
V000371,C00790,2025-01-13,organic_search,P019,Urban Bottle 19,false,false
V000372,C00507,2025-10-03,direct,P001,Daily Lamp 01,true,true
V000373,C00787,2025-04-18,organic_search,P005,Bright Organizer 05,false,false
V000374,C00815,2025-03-14,direct,P020,Essential Bag 20,false,false
V000375,C00250,2025-06-04,paid_search,P024,Modern Serum 24,false,false
V000376,C00028,2025-10-28,organic_search,P018,Pure Band 18,false,false
V000377,C00899,2025-11-28,organic_search,P012,Essential Bag 12,false,false
V000378,C00021,2025-01-09,direct,P015,Calm Cream 15,false,false
V000379,C00923,2025-02-25,paid_search,P005,Bright Organizer 05,false,false
V000380,C00618,2025-05-28,email,P013,Bright Organizer 13,false,false
V000381,C00553,2025-04-20,paid_search,P026,Pure Band 26,false,false
V000382,C00207,2025-05-03,direct,P005,Bright Organizer 05,false,true
V000383,C00624,2025-04-09,social,P007,Calm Cream 07,false,false
V000384,C00880,2025-01-31,email,P027,Urban Bottle 27,false,false
V000385,C00666,2025-03-27,organic_search,P004,Essential Bag 04,false,false
V000386,C00313,2025-06-07,referral,P012,Essential Bag 12,false,false
V000387,C00403,2025-10-31,organic_search,P012,Essential Bag 12,false,false
V000388,C00538,2025-12-07,referral,P029,Bright Organizer 29,true,false
V000389,C00431,2025-08-02,paid_search,P026,Pure Band 26,false,true
V000390,C00023,2025-07-11,organic_search,P021,Bright Organizer 21,false,false
V000391,C00514,2025-06-21,organic_search,P003,Urban Bottle 03,false,false
V000392,C00308,2025-03-25,social,P018,Pure Band 18,false,false
V000393,C00032,2025-02-08,direct,P014,Active Mat 14,false,false
V000394,C00559,2025-06-30,organic_search,P019,Urban Bottle 19,false,false
V000395,C00817,2025-02-02,referral,P030,Active Mat 30,false,false
V000396,C00902,2025-09-04,direct,P030,Active Mat 30,false,false
V000397,C00385,2025-12-21,paid_search,P024,Modern Serum 24,false,false
V000398,C00336,2025-04-08,direct,P002,Pure Band 02,false,false
V000399,C00664,2025-09-16,social,P015,Calm Cream 15,false,false
V000400,C00795,2025-11-20,social,P030,Active Mat 30,true,false
V000401,C00634,2025-01-28,direct,P014,Active Mat 14,false,true
V000402,C00471,2025-03-16,social,P012,Essential Bag 12,false,true
V000403,C00931,2025-06-23,direct,P016,Modern Serum 16,false,false
V000404,C00582,2025-02-14,social,P014,Active Mat 14,true,false
V000405,C00046,2025-01-11,organic_search,P029,Bright Organizer 29,false,false
V000406,C00608,2025-04-24,paid_search,P017,Daily Lamp 17,false,false
V000407,C00266,2025-05-03,social,P010,Pure Band 10,false,false
V000408,C00608,2025-03-13,organic_search,P016,Modern Serum 16,false,false
V000409,C00874,2025-01-17,referral,P005,Bright Organizer 05,false,false
V000410,C00053,2025-07-31,email,P001,Daily Lamp 01,false,false
V000411,C00046,2025-04-27,social,P024,Modern Serum 24,false,false
V000412,C00992,2025-08-23,referral,P005,Bright Organizer 05,false,false
V000413,C00215,2025-11-23,organic_search,P028,Essential Bag 28,false,false
V000414,C00058,2025-03-10,direct,P026,Pure Band 26,false,false
V000415,C00631,2025-09-25,organic_search,P017,Daily Lamp 17,false,false
V000416,C00026,2025-06-07,direct,P018,Pure Band 18,false,false
V000417,C00974,2025-08-03,direct,P002,Pure Band 02,false,false
V000418,C00560,2025-04-12,direct,P006,Active Mat 06,true,true
V000419,C00669,2025-02-25,organic_search,P011,Urban Bottle 11,false,false
V000420,C00767,2025-05-14,paid_search,P003,Urban Bottle 03,true,false
V000421,C00945,2025-12-28,organic_search,P026,Pure Band 26,false,false
V000422,C00415,2025-11-06,organic_search,P024,Modern Serum 24,true,false
V000423,C00476,2025-04-28,paid_search,P010,Pure Band 10,false,false
V000424,C00776,2025-11-05,referral,P030,Active Mat 30,false,false
V000425,C00208,2025-02-09,organic_search,P011,Urban Bottle 11,true,false
V000426,C00506,2025-07-22,paid_search,P020,Essential Bag 20,true,false
V000427,C00143,2025-04-29,organic_search,P010,Pure Band 10,false,false
V000428,C00184,2025-08-08,organic_search,P024,Modern Serum 24,false,false
V000429,C00422,2025-10-26,email,P009,Daily Lamp 09,false,false
V000430,C00664,2025-12-11,paid_search,P010,Pure Band 10,false,true
V000431,C00196,2025-12-03,social,P007,Calm Cream 07,true,false
V000432,C00659,2025-03-24,email,P029,Bright Organizer 29,false,false
V000433,C00356,2025-02-09,organic_search,P012,Essential Bag 12,false,false
V000434,C00441,2025-10-29,direct,P028,Essential Bag 28,false,false
V000435,C00258,2025-01-22,email,P011,Urban Bottle 11,false,false
V000436,C00722,2025-01-17,email,P002,Pure Band 02,true,true
V000437,C00146,2025-05-17,direct,P010,Pure Band 10,false,false
V000438,C00215,2025-06-14,organic_search,P012,Essential Bag 12,false,false
V000439,C00466,2025-04-09,direct,P016,Modern Serum 16,false,false
V000440,C00396,2025-08-20,organic_search,P028,Essential Bag 28,false,false
V000441,C00622,2025-12-01,organic_search,P024,Modern Serum 24,false,false
V000442,C00485,2025-03-30,organic_search,P021,Bright Organizer 21,true,false
V000443,C00869,2025-10-21,direct,P027,Urban Bottle 27,false,false
V000444,C00833,2025-10-15,email,P017,Daily Lamp 17,false,false
V000445,C00395,2025-12-24,social,P003,Urban Bottle 03,true,false
V000446,C00026,2025-11-09,email,P007,Calm Cream 07,true,true
V000447,C00962,2025-07-02,organic_search,P001,Daily Lamp 01,false,false
V000448,C00053,2025-09-25,social,P013,Bright Organizer 13,false,false
V000449,C00460,2025-11-24,organic_search,P023,Calm Cream 23,false,false
V000450,C00305,2025-04-24,organic_search,P010,Pure Band 10,false,true
V000451,C00094,2025-07-09,direct,P004,Essential Bag 04,false,false
V000452,C00550,2025-11-27,paid_search,P016,Modern Serum 16,false,false
V000453,C00447,2025-08-04,email,P027,Urban Bottle 27,false,false
V000454,C00736,2025-07-19,paid_search,P015,Calm Cream 15,false,false
V000455,C00938,2025-08-17,organic_search,P009,Daily Lamp 09,false,false
V000456,C00604,2025-03-01,email,P002,Pure Band 02,true,true
V000457,C00849,2025-01-12,paid_search,P002,Pure Band 02,false,false
V000458,C00803,2025-08-25,paid_search,P017,Daily Lamp 17,false,false
V000459,C00650,2025-01-17,organic_search,P012,Essential Bag 12,false,false
V000460,C00185,2025-04-18,direct,P025,Daily Lamp 25,true,false
V000461,C00146,2025-01-09,paid_search,P017,Daily Lamp 17,false,false
V000462,C00160,2025-11-02,organic_search,P002,Pure Band 02,false,false
V000463,C00913,2025-06-09,organic_search,P005,Bright Organizer 05,false,false
V000464,C00736,2025-05-02,direct,P017,Daily Lamp 17,false,false
V000465,C00327,2025-03-09,social,P016,Modern Serum 16,false,false
V000466,C00530,2025-11-28,direct,P012,Essential Bag 12,true,false
V000467,C00941,2025-06-18,paid_search,P010,Pure Band 10,false,false
V000468,C00708,2025-09-24,referral,P025,Daily Lamp 25,false,false
V000469,C00509,2025-07-25,paid_search,P027,Urban Bottle 27,true,false
V000470,C00100,2025-07-01,social,P010,Pure Band 10,false,false
V000471,C00378,2025-12-06,social,P014,Active Mat 14,false,false
V000472,C00335,2025-10-19,paid_search,P026,Pure Band 26,false,false
V000473,C00382,2025-05-29,social,P005,Bright Organizer 05,false,false
V000474,C00595,2025-07-02,email,P028,Essential Bag 28,false,false
V000475,C00869,2025-06-18,direct,P009,Daily Lamp 09,false,false
V000476,C00614,2025-11-19,organic_search,P005,Bright Organizer 05,false,false
V000477,C00691,2025-12-27,organic_search,P010,Pure Band 10,false,false
V000478,C00715,2025-04-17,social,P020,Essential Bag 20,false,false
V000479,C00634,2025-01-30,email,P026,Pure Band 26,false,false
V000480,C00848,2025-12-27,referral,P012,Essential Bag 12,false,false
V000481,C00247,2025-12-14,organic_search,P023,Calm Cream 23,false,false
V000482,C00437,2025-12-02,paid_search,P025,Daily Lamp 25,false,false
V000483,C00547,2025-04-02,organic_search,P028,Essential Bag 28,false,false
V000484,C00249,2025-06-09,organic_search,P007,Calm Cream 07,false,false
V000485,C00750,2025-11-08,paid_search,P024,Modern Serum 24,false,false
V000486,C00529,2025-05-09,social,P002,Pure Band 02,true,true
V000487,C00868,2025-04-10,organic_search,P006,Active Mat 06,false,false
V000488,C00793,2025-02-28,email,P029,Bright Organizer 29,false,false
V000489,C00160,2025-06-14,organic_search,P016,Modern Serum 16,false,false
V000490,C00765,2025-07-15,email,P027,Urban Bottle 27,false,true
V000491,C00629,2025-04-07,social,P009,Daily Lamp 09,false,false
V000492,C00742,2025-08-20,email,P030,Active Mat 30,false,false
V000493,C00185,2025-10-08,social,P027,Urban Bottle 27,false,false
V000494,C00418,2025-09-04,organic_search,P016,Modern Serum 16,false,false
V000495,C00485,2025-10-05,email,P019,Urban Bottle 19,true,true
V000496,C00287,2025-01-30,organic_search,P024,Modern Serum 24,true,false
V000497,C00192,2025-04-02,direct,P010,Pure Band 10,false,false
V000498,C00721,2025-08-31,direct,P004,Essential Bag 04,false,true
V000499,C00227,2025-07-30,social,P017,Daily Lamp 17,false,false
V000500,C00773,2025-02-11,organic_search,P025,Daily Lamp 25,true,false
V000501,C00670,2025-06-07,social,P023,Calm Cream 23,false,false
V000502,C00338,2025-06-14,referral,P020,Essential Bag 20,false,false
V000503,C00380,2025-10-02,organic_search,P007,Calm Cream 07,false,false
V000504,C00563,2025-08-21,direct,P018,Pure Band 18,false,false
V000505,C00101,2025-05-09,paid_search,P009,Daily Lamp 09,false,false
V000506,C00544,2025-11-14,direct,P013,Bright Organizer 13,false,false
V000507,C00261,2025-12-24,direct,P018,Pure Band 18,false,false
V000508,C00857,2025-01-01,organic_search,P027,Urban Bottle 27,false,false
V000509,C00801,2025-08-24,organic_search,P024,Modern Serum 24,false,false
V000510,C00727,2025-09-27,direct,P010,Pure Band 10,false,false
V000511,C00668,2025-10-07,email,P014,Active Mat 14,false,false
V000512,C00853,2025-02-17,social,P010,Pure Band 10,true,false
V000513,C00007,2025-12-30,organic_search,P005,Bright Organizer 05,false,false
V000514,C00835,2025-05-01,organic_search,P011,Urban Bottle 11,false,false
V000515,C00766,2025-01-20,organic_search,P021,Bright Organizer 21,false,false
V000516,C00174,2025-04-11,referral,P022,Active Mat 22,false,false
V000517,C00657,2025-09-06,social,P021,Bright Organizer 21,false,false
V000518,C00305,2025-08-11,social,P007,Calm Cream 07,false,true
V000519,C00797,2025-03-06,organic_search,P012,Essential Bag 12,false,false
V000520,C00487,2025-12-17,social,P004,Essential Bag 04,false,false
V000521,C00305,2025-12-30,paid_search,P008,Modern Serum 08,false,false
V000522,C00045,2025-09-07,organic_search,P026,Pure Band 26,false,false
V000523,C00781,2025-05-27,paid_search,P011,Urban Bottle 11,false,false
V000524,C00664,2025-03-15,paid_search,P027,Urban Bottle 27,false,false
V000525,C00235,2025-04-13,direct,P006,Active Mat 06,false,false
V000526,C00053,2025-01-03,organic_search,P003,Urban Bottle 03,false,false
V000527,C00666,2025-07-28,email,P020,Essential Bag 20,false,false
V000528,C00187,2025-12-25,organic_search,P021,Bright Organizer 21,false,false
V000529,C00383,2025-12-04,organic_search,P003,Urban Bottle 03,false,false
V000530,C00896,2025-07-02,referral,P029,Bright Organizer 29,false,false
V000531,C00210,2025-01-29,email,P015,Calm Cream 15,false,true
V000532,C00179,2025-03-10,direct,P018,Pure Band 18,false,false
V000533,C00818,2025-08-10,paid_search,P011,Urban Bottle 11,false,false
V000534,C00403,2025-04-05,organic_search,P025,Daily Lamp 25,false,false
V000535,C00343,2025-08-31,email,P007,Calm Cream 07,false,false
V000536,C00974,2025-10-31,organic_search,P024,Modern Serum 24,false,false
V000537,C00165,2025-02-06,organic_search,P021,Bright Organizer 21,true,false
V000538,C00428,2025-03-13,social,P024,Modern Serum 24,false,false
V000539,C00986,2025-10-04,organic_search,P025,Daily Lamp 25,false,false
V000540,C00790,2025-08-06,organic_search,P023,Calm Cream 23,false,false
V000541,C00370,2025-01-11,email,P004,Essential Bag 04,false,false
V000542,C00034,2025-12-22,direct,P019,Urban Bottle 19,false,false
V000543,C00921,2025-10-07,direct,P028,Essential Bag 28,false,false
V000544,C00146,2025-06-24,direct,P017,Daily Lamp 17,true,false
V000545,C00439,2025-06-06,paid_search,P012,Essential Bag 12,false,false
V000546,C00271,2025-11-14,referral,P019,Urban Bottle 19,false,false
V000547,C00585,2025-07-09,direct,P017,Daily Lamp 17,true,false
V000548,C00134,2025-12-26,email,P009,Daily Lamp 09,false,false
V000549,C00370,2025-08-23,organic_search,P028,Essential Bag 28,false,false
V000550,C00226,2025-03-10,paid_search,P023,Calm Cream 23,false,false
V000551,C00778,2025-02-07,direct,P012,Essential Bag 12,false,false
V000552,C00346,2025-05-11,organic_search,P029,Bright Organizer 29,false,false
V000553,C00307,2025-03-10,social,P003,Urban Bottle 03,false,false
V000554,C00084,2025-12-14,email,P001,Daily Lamp 01,false,false
V000555,C00365,2025-07-06,direct,P002,Pure Band 02,false,false
V000556,C00846,2025-08-08,paid_search,P030,Active Mat 30,false,false
V000557,C00156,2025-11-05,paid_search,P025,Daily Lamp 25,false,false
V000558,C00389,2025-05-24,social,P024,Modern Serum 24,true,false
V000559,C00010,2025-12-06,social,P012,Essential Bag 12,false,false
V000560,C00934,2025-06-03,social,P027,Urban Bottle 27,false,false
V000561,C00788,2025-03-27,email,P007,Calm Cream 07,false,false
V000562,C00448,2025-03-06,social,P026,Pure Band 26,false,false
V000563,C00469,2025-11-28,social,P009,Daily Lamp 09,false,false
V000564,C00081,2025-01-08,paid_search,P027,Urban Bottle 27,false,false
V000565,C00126,2025-04-24,organic_search,P022,Active Mat 22,false,false
V000566,C00918,2025-11-21,email,P017,Daily Lamp 17,false,false
V000567,C00853,2025-02-07,organic_search,P010,Pure Band 10,false,false
V000568,C00582,2025-11-01,direct,P025,Daily Lamp 25,false,false
V000569,C00104,2025-06-23,referral,P012,Essential Bag 12,false,false
V000570,C00155,2025-10-24,organic_search,P006,Active Mat 06,false,false
V000571,C00550,2025-08-18,social,P028,Essential Bag 28,false,false
V000572,C00704,2025-07-30,organic_search,P005,Bright Organizer 05,true,true
V000573,C00125,2025-12-20,direct,P024,Modern Serum 24,false,true
V000574,C00113,2025-12-12,direct,P002,Pure Band 02,true,false
V000575,C00641,2025-08-14,organic_search,P029,Bright Organizer 29,false,false
V000576,C00123,2025-09-03,organic_search,P019,Urban Bottle 19,false,false
V000577,C00669,2025-10-24,referral,P029,Bright Organizer 29,false,false
V000578,C00025,2025-08-25,organic_search,P006,Active Mat 06,false,false
V000579,C00407,2025-04-04,social,P013,Bright Organizer 13,false,false
V000580,C00226,2025-12-26,paid_search,P007,Calm Cream 07,false,false
V000581,C00872,2025-06-21,referral,P028,Essential Bag 28,false,false
V000582,C00069,2025-07-04,social,P019,Urban Bottle 19,false,false
V000583,C00931,2025-11-22,social,P016,Modern Serum 16,false,false
V000584,C00198,2025-06-11,direct,P023,Calm Cream 23,false,false
V000585,C00062,2025-08-24,paid_search,P015,Calm Cream 15,false,false
V000586,C00521,2025-05-12,organic_search,P027,Urban Bottle 27,false,false
V000587,C00398,2025-07-21,social,P006,Active Mat 06,false,false
V000588,C00472,2025-10-06,social,P026,Pure Band 26,false,false
V000589,C00538,2025-03-03,organic_search,P003,Urban Bottle 03,false,false
V000590,C00430,2025-06-08,organic_search,P005,Bright Organizer 05,false,false
V000591,C00759,2025-12-03,paid_search,P024,Modern Serum 24,true,true
V000592,C00603,2025-10-03,paid_search,P021,Bright Organizer 21,false,false
V000593,C00625,2025-11-01,paid_search,P028,Essential Bag 28,false,true
V000594,C00895,2025-01-01,organic_search,P011,Urban Bottle 11,false,false
V000595,C00511,2025-12-30,organic_search,P015,Calm Cream 15,false,false
V000596,C00631,2025-01-05,social,P009,Daily Lamp 09,true,true
V000597,C00583,2025-03-03,organic_search,P019,Urban Bottle 19,true,false
V000598,C00165,2025-12-29,direct,P002,Pure Band 02,false,false
V000599,C00043,2025-07-26,organic_search,P025,Daily Lamp 25,false,false
V000600,C00670,2025-11-24,paid_search,P017,Daily Lamp 17,false,false
V000601,C00602,2025-02-24,email,P019,Urban Bottle 19,false,false
V000602,C00652,2025-09-15,email,P010,Pure Band 10,false,false
V000603,C00592,2025-02-28,organic_search,P002,Pure Band 02,false,false
V000604,C00115,2025-02-20,direct,P011,Urban Bottle 11,false,false
V000605,C00789,2025-06-27,social,P028,Essential Bag 28,false,false
V000606,C00705,2025-11-03,organic_search,P016,Modern Serum 16,false,false
V000607,C00601,2025-04-26,social,P026,Pure Band 26,false,false
V000608,C00048,2025-08-24,organic_search,P030,Active Mat 30,false,false
V000609,C00491,2025-02-05,paid_search,P021,Bright Organizer 21,true,false
V000610,C00492,2025-10-01,direct,P012,Essential Bag 12,false,false
V000611,C00525,2025-01-12,organic_search,P020,Essential Bag 20,true,true
V000612,C00750,2025-02-21,organic_search,P028,Essential Bag 28,false,true
V000613,C00920,2025-08-04,referral,P018,Pure Band 18,false,false
V000614,C00499,2025-03-28,paid_search,P005,Bright Organizer 05,false,true
V000615,C00213,2025-08-11,paid_search,P022,Active Mat 22,false,false
V000616,C00305,2025-04-15,referral,P028,Essential Bag 28,false,false
V000617,C00040,2025-07-26,email,P025,Daily Lamp 25,false,false
V000618,C00519,2025-05-09,email,P010,Pure Band 10,false,false
V000619,C00634,2025-02-02,email,P025,Daily Lamp 25,false,false
V000620,C00870,2025-12-27,direct,P011,Urban Bottle 11,false,false
V000621,C00161,2025-03-27,social,P003,Urban Bottle 03,true,false
V000622,C00312,2025-05-06,email,P024,Modern Serum 24,false,true
V000623,C00122,2025-08-15,organic_search,P027,Urban Bottle 27,false,false
V000624,C00780,2025-06-22,organic_search,P007,Calm Cream 07,false,false
V000625,C00285,2025-02-13,email,P012,Essential Bag 12,false,false
V000626,C00230,2025-12-07,organic_search,P012,Essential Bag 12,false,false
V000627,C00751,2025-12-30,organic_search,P005,Bright Organizer 05,false,false
V000628,C00284,2025-02-01,email,P014,Active Mat 14,false,false
V000629,C00936,2025-08-20,social,P023,Calm Cream 23,false,false
V000630,C00002,2025-03-31,organic_search,P027,Urban Bottle 27,false,false
V000631,C00202,2025-11-13,social,P001,Daily Lamp 01,false,false
V000632,C00436,2025-10-13,organic_search,P014,Active Mat 14,true,false
V000633,C00761,2025-01-20,paid_search,P003,Urban Bottle 03,false,false
V000634,C00722,2025-08-23,organic_search,P007,Calm Cream 07,false,false
V000635,C00922,2025-05-29,paid_search,P003,Urban Bottle 03,false,false
V000636,C00446,2025-12-19,social,P029,Bright Organizer 29,true,false
V000637,C00295,2025-07-07,paid_search,P018,Pure Band 18,false,false
V000638,C00309,2025-06-28,organic_search,P017,Daily Lamp 17,false,false
V000639,C00048,2025-11-07,paid_search,P013,Bright Organizer 13,false,false
V000640,C00331,2025-10-15,paid_search,P018,Pure Band 18,false,false
V000641,C00543,2025-04-21,email,P021,Bright Organizer 21,false,false
V000642,C00687,2025-08-17,direct,P008,Modern Serum 08,false,false
V000643,C00215,2025-12-17,social,P008,Modern Serum 08,false,false
V000644,C00093,2025-02-04,paid_search,P008,Modern Serum 08,false,false
V000645,C00492,2025-12-12,email,P009,Daily Lamp 09,false,false
V000646,C00460,2025-05-22,social,P019,Urban Bottle 19,false,false
V000647,C00557,2025-01-04,paid_search,P015,Calm Cream 15,false,false
V000648,C00449,2025-11-24,organic_search,P004,Essential Bag 04,false,false
V000649,C00871,2025-12-10,paid_search,P026,Pure Band 26,false,false
V000650,C00535,2025-12-06,social,P024,Modern Serum 24,true,false
V000651,C00552,2025-06-14,paid_search,P029,Bright Organizer 29,false,false
V000652,C00683,2025-03-23,paid_search,P020,Essential Bag 20,false,false
V000653,C00820,2025-09-22,paid_search,P010,Pure Band 10,false,false
V000654,C00840,2025-10-25,direct,P010,Pure Band 10,true,false
V000655,C00942,2025-10-18,social,P020,Essential Bag 20,false,false
V000656,C00175,2025-05-28,direct,P002,Pure Band 02,false,false
V000657,C00249,2025-04-14,organic_search,P028,Essential Bag 28,false,false
V000658,C00180,2025-09-03,direct,P003,Urban Bottle 03,false,false
V000659,C00013,2025-04-06,email,P024,Modern Serum 24,false,false
V000660,C00830,2025-08-30,organic_search,P014,Active Mat 14,false,true
V000661,C00017,2025-03-09,email,P005,Bright Organizer 05,false,false
V000662,C00928,2025-04-03,paid_search,P028,Essential Bag 28,false,false
V000663,C00391,2025-11-01,direct,P007,Calm Cream 07,false,false
V000664,C00869,2025-06-12,direct,P024,Modern Serum 24,false,false
V000665,C00028,2025-08-01,email,P017,Daily Lamp 17,false,false
V000666,C00726,2025-05-23,social,P028,Essential Bag 28,false,true
V000667,C00173,2025-09-12,referral,P001,Daily Lamp 01,false,false
V000668,C00769,2025-06-24,social,P018,Pure Band 18,false,false
V000669,C00761,2025-03-25,paid_search,P023,Calm Cream 23,false,false
V000670,C00558,2025-07-03,organic_search,P016,Modern Serum 16,false,false
V000671,C00815,2025-02-06,paid_search,P010,Pure Band 10,false,false
V000672,C00672,2025-02-24,email,P009,Daily Lamp 09,false,false
V000673,C00847,2025-05-13,email,P014,Active Mat 14,false,false
V000674,C00706,2025-02-22,organic_search,P003,Urban Bottle 03,true,true
V000675,C00322,2025-05-29,organic_search,P019,Urban Bottle 19,false,true
V000676,C00754,2025-04-06,organic_search,P008,Modern Serum 08,false,false
V000677,C00489,2025-11-07,email,P014,Active Mat 14,true,false
V000678,C00248,2025-09-16,direct,P013,Bright Organizer 13,true,false
V000679,C00781,2025-06-15,organic_search,P020,Essential Bag 20,false,false
V000680,C00183,2025-05-16,organic_search,P021,Bright Organizer 21,false,true
V000681,C00616,2025-12-20,paid_search,P016,Modern Serum 16,false,false
V000682,C00938,2025-12-26,social,P014,Active Mat 14,false,false
V000683,C00537,2025-03-25,paid_search,P004,Essential Bag 04,true,false
V000684,C00719,2025-09-15,email,P004,Essential Bag 04,true,false
V000685,C00261,2025-01-19,direct,P023,Calm Cream 23,true,false
V000686,C00807,2025-07-11,email,P011,Urban Bottle 11,true,false
V000687,C00600,2025-05-09,social,P026,Pure Band 26,false,false
V000688,C00556,2025-10-24,paid_search,P020,Essential Bag 20,false,false
V000689,C00643,2025-12-24,email,P027,Urban Bottle 27,false,false
V000690,C00019,2025-12-08,organic_search,P011,Urban Bottle 11,false,false
V000691,C00262,2025-08-30,paid_search,P019,Urban Bottle 19,false,false
V000692,C00045,2025-12-01,paid_search,P030,Active Mat 30,true,false
V000693,C00429,2025-10-29,direct,P003,Urban Bottle 03,false,false
V000694,C00669,2025-05-27,organic_search,P024,Modern Serum 24,false,false
V000695,C00022,2025-03-06,email,P007,Calm Cream 07,false,false
V000696,C00681,2025-10-20,organic_search,P005,Bright Organizer 05,false,false
V000697,C00222,2025-10-18,referral,P007,Calm Cream 07,false,false
V000698,C00403,2025-05-08,organic_search,P005,Bright Organizer 05,true,false
V000699,C00090,2025-05-23,referral,P002,Pure Band 02,false,false
V000700,C00990,2025-10-19,referral,P008,Modern Serum 08,false,false
V000701,C00846,2025-09-17,paid_search,P007,Calm Cream 07,false,false
V000702,C00161,2025-06-29,paid_search,P030,Active Mat 30,false,false
V000703,C00507,2025-03-06,social,P006,Active Mat 06,false,false
V000704,C00962,2025-07-19,paid_search,P022,Active Mat 22,false,false
V000705,C00114,2025-05-12,referral,P030,Active Mat 30,false,false
V000706,C00924,2025-06-10,organic_search,P023,Calm Cream 23,true,false
V000707,C00017,2025-11-03,social,P018,Pure Band 18,false,false
V000708,C00936,2025-06-19,social,P009,Daily Lamp 09,true,false
V000709,C00661,2025-03-05,social,P027,Urban Bottle 27,false,false
V000710,C00747,2025-12-01,organic_search,P003,Urban Bottle 03,true,false
V000711,C00768,2025-02-10,referral,P009,Daily Lamp 09,false,false
V000712,C00545,2025-04-30,organic_search,P015,Calm Cream 15,true,false
V000713,C00340,2025-04-29,social,P027,Urban Bottle 27,false,false
V000714,C00479,2025-09-30,paid_search,P026,Pure Band 26,false,false
V000715,C00429,2025-10-02,direct,P003,Urban Bottle 03,false,false
V000716,C00281,2025-02-15,social,P024,Modern Serum 24,false,false
V000717,C00587,2025-04-28,direct,P030,Active Mat 30,false,true
V000718,C00933,2025-01-07,direct,P018,Pure Band 18,true,false
V000719,C00023,2025-12-06,organic_search,P006,Active Mat 06,false,false
V000720,C00490,2025-02-10,organic_search,P007,Calm Cream 07,true,false
V000721,C00664,2025-07-29,social,P007,Calm Cream 07,false,false
V000722,C00187,2025-12-27,paid_search,P005,Bright Organizer 05,true,false
V000723,C00939,2025-04-19,email,P017,Daily Lamp 17,false,true
V000724,C00012,2025-06-07,organic_search,P010,Pure Band 10,false,false
V000725,C00099,2025-12-23,direct,P013,Bright Organizer 13,false,false
V000726,C00154,2025-10-01,organic_search,P026,Pure Band 26,false,false
V000727,C00862,2025-01-26,email,P025,Daily Lamp 25,false,false
V000728,C00654,2025-05-19,email,P019,Urban Bottle 19,false,false
V000729,C00620,2025-01-22,organic_search,P001,Daily Lamp 01,false,false
V000730,C00821,2025-02-22,organic_search,P018,Pure Band 18,false,false
V000731,C00794,2025-08-26,email,P001,Daily Lamp 01,false,false
V000732,C00367,2025-02-07,organic_search,P005,Bright Organizer 05,true,false
V000733,C00226,2025-05-13,paid_search,P016,Modern Serum 16,false,false
V000734,C00290,2025-04-30,email,P001,Daily Lamp 01,false,false
V000735,C00259,2025-01-22,social,P024,Modern Serum 24,false,false
V000736,C00334,2025-03-05,organic_search,P012,Essential Bag 12,false,false
V000737,C00725,2025-05-20,paid_search,P021,Bright Organizer 21,false,true
V000738,C00794,2025-03-18,paid_search,P017,Daily Lamp 17,true,false
V000739,C00692,2025-11-24,direct,P008,Modern Serum 08,false,false
V000740,C00804,2025-02-18,paid_search,P023,Calm Cream 23,false,false
V000741,C00570,2025-05-18,social,P003,Urban Bottle 03,true,false
V000742,C00575,2025-07-01,organic_search,P018,Pure Band 18,false,true
V000743,C00873,2025-05-03,social,P018,Pure Band 18,false,false
V000744,C00593,2025-04-11,organic_search,P004,Essential Bag 04,false,false
V000745,C00946,2025-07-09,email,P030,Active Mat 30,false,false
V000746,C00621,2025-07-15,paid_search,P007,Calm Cream 07,false,false
V000747,C00429,2025-03-15,organic_search,P024,Modern Serum 24,false,false
V000748,C00174,2025-05-28,direct,P003,Urban Bottle 03,true,false
V000749,C00841,2025-05-23,organic_search,P029,Bright Organizer 29,false,false
V000750,C00841,2025-01-16,organic_search,P006,Active Mat 06,false,false
V000751,C00904,2025-03-05,paid_search,P005,Bright Organizer 05,false,false
V000752,C00920,2025-11-22,direct,P020,Essential Bag 20,true,true
V000753,C00808,2025-08-26,organic_search,P024,Modern Serum 24,true,false
V000754,C00904,2025-07-14,organic_search,P025,Daily Lamp 25,false,false
V000755,C00182,2025-11-29,organic_search,P028,Essential Bag 28,false,false
V000756,C00798,2025-09-16,email,P007,Calm Cream 07,false,false
V000757,C00089,2025-09-07,organic_search,P026,Pure Band 26,false,true
V000758,C00330,2025-02-02,email,P014,Active Mat 14,false,true
V000759,C00803,2025-11-08,social,P027,Urban Bottle 27,false,false
V000760,C00233,2025-01-13,paid_search,P011,Urban Bottle 11,true,true
V000761,C00945,2025-07-30,organic_search,P005,Bright Organizer 05,false,false
V000762,C00477,2025-09-21,paid_search,P019,Urban Bottle 19,false,false
V000763,C00982,2025-08-14,organic_search,P010,Pure Band 10,false,false
V000764,C00555,2025-02-19,email,P029,Bright Organizer 29,false,false
V000765,C00052,2025-02-27,referral,P024,Modern Serum 24,false,false
V000766,C00148,2025-12-18,direct,P010,Pure Band 10,true,true
V000767,C00181,2025-10-15,paid_search,P009,Daily Lamp 09,false,true
V000768,C00929,2025-12-13,social,P024,Modern Serum 24,false,false
V000769,C00962,2025-06-22,social,P001,Daily Lamp 01,true,true
V000770,C00327,2025-04-22,organic_search,P008,Modern Serum 08,true,false
V000771,C00123,2025-05-11,social,P001,Daily Lamp 01,true,false
V000772,C00387,2025-05-22,email,P025,Daily Lamp 25,false,false
V000773,C00983,2025-12-20,organic_search,P015,Calm Cream 15,false,false
V000774,C00857,2025-10-14,organic_search,P018,Pure Band 18,true,false
V000775,C00542,2025-08-05,paid_search,P020,Essential Bag 20,false,false
V000776,C00027,2025-10-17,paid_search,P018,Pure Band 18,false,false
V000777,C00053,2025-06-03,organic_search,P002,Pure Band 02,true,false
V000778,C00463,2025-03-28,social,P029,Bright Organizer 29,false,false
V000779,C00236,2025-01-17,organic_search,P008,Modern Serum 08,false,false
V000780,C00943,2025-02-24,paid_search,P023,Calm Cream 23,false,false
V000781,C00563,2025-06-02,organic_search,P013,Bright Organizer 13,false,false
V000782,C00722,2025-06-10,organic_search,P007,Calm Cream 07,false,false
V000783,C00407,2025-10-22,email,P017,Daily Lamp 17,false,false
V000784,C00552,2025-06-23,direct,P007,Calm Cream 07,false,false
V000785,C00716,2025-08-30,organic_search,P014,Active Mat 14,false,false
V000786,C00271,2025-04-22,organic_search,P016,Modern Serum 16,false,false
V000787,C00045,2025-08-22,social,P013,Bright Organizer 13,false,false
V000788,C00475,2025-08-07,social,P029,Bright Organizer 29,true,false
V000789,C00521,2025-04-21,paid_search,P005,Bright Organizer 05,false,false
V000790,C00612,2025-07-29,organic_search,P020,Essential Bag 20,false,false
V000791,C00538,2025-08-14,organic_search,P003,Urban Bottle 03,false,false
V000792,C00591,2025-03-29,paid_search,P018,Pure Band 18,false,false
V000793,C00904,2025-04-07,organic_search,P018,Pure Band 18,false,false
V000794,C00701,2025-07-28,social,P013,Bright Organizer 13,false,false
V000795,C00279,2025-02-18,organic_search,P009,Daily Lamp 09,false,false
V000796,C00869,2025-07-26,direct,P020,Essential Bag 20,false,false
V000797,C00214,2025-09-15,organic_search,P027,Urban Bottle 27,false,false
V000798,C00102,2025-02-13,referral,P006,Active Mat 06,false,false
V000799,C00381,2025-01-21,organic_search,P009,Daily Lamp 09,false,false
V000800,C00547,2025-01-21,email,P024,Modern Serum 24,true,false
V000801,C00250,2025-09-10,organic_search,P023,Calm Cream 23,false,false
V000802,C00941,2025-03-10,organic_search,P007,Calm Cream 07,false,false
V000803,C00617,2025-03-26,social,P028,Essential Bag 28,false,false
V000804,C00565,2025-09-20,email,P026,Pure Band 26,false,false
V000805,C00990,2025-07-22,social,P016,Modern Serum 16,false,false
V000806,C00272,2025-07-13,organic_search,P002,Pure Band 02,true,true
V000807,C00015,2025-12-12,social,P012,Essential Bag 12,false,false
V000808,C00072,2025-05-01,paid_search,P023,Calm Cream 23,true,false
V000809,C00295,2025-04-23,paid_search,P010,Pure Band 10,true,false
V000810,C00411,2025-09-23,organic_search,P007,Calm Cream 07,false,false
V000811,C00626,2025-07-01,organic_search,P027,Urban Bottle 27,false,false
V000812,C00580,2025-07-10,organic_search,P016,Modern Serum 16,true,false
V000813,C00209,2025-02-09,referral,P024,Modern Serum 24,false,false
V000814,C00617,2025-10-11,organic_search,P012,Essential Bag 12,true,false
V000815,C00288,2025-05-22,email,P016,Modern Serum 16,false,false
V000816,C00482,2025-12-31,organic_search,P012,Essential Bag 12,false,false
V000817,C00536,2025-01-02,email,P028,Essential Bag 28,false,false
V000818,C00340,2025-04-04,paid_search,P018,Pure Band 18,false,false
V000819,C00878,2025-06-12,paid_search,P003,Urban Bottle 03,false,false
V000820,C00897,2025-12-16,social,P012,Essential Bag 12,false,false
V000821,C00919,2025-04-04,direct,P029,Bright Organizer 29,false,false
V000822,C00803,2025-09-24,organic_search,P018,Pure Band 18,false,false
V000823,C00823,2025-07-01,paid_search,P007,Calm Cream 07,true,true
V000824,C00163,2025-04-10,social,P002,Pure Band 02,false,false
V000825,C00208,2025-12-01,organic_search,P011,Urban Bottle 11,false,false
V000826,C00473,2025-08-17,organic_search,P020,Essential Bag 20,false,false
V000827,C00673,2025-03-18,social,P013,Bright Organizer 13,false,false
V000828,C00224,2025-03-21,paid_search,P011,Urban Bottle 11,false,true
V000829,C00462,2025-10-30,referral,P006,Active Mat 06,false,false
V000830,C00873,2025-09-17,social,P018,Pure Band 18,false,false
V000831,C00656,2025-06-17,organic_search,P011,Urban Bottle 11,false,false
V000832,C00209,2025-05-07,social,P012,Essential Bag 12,false,true
V000833,C00139,2025-10-14,direct,P028,Essential Bag 28,false,false
V000834,C00917,2025-03-18,direct,P022,Active Mat 22,false,true
V000835,C00549,2025-09-30,email,P027,Urban Bottle 27,false,false
V000836,C00090,2025-05-16,email,P005,Bright Organizer 05,true,false
V000837,C00828,2025-08-07,organic_search,P012,Essential Bag 12,false,false
V000838,C00254,2025-03-19,social,P023,Calm Cream 23,false,false
V000839,C00523,2025-12-25,social,P014,Active Mat 14,false,false
V000840,C00623,2025-09-12,organic_search,P011,Urban Bottle 11,false,false
V000841,C00234,2025-01-20,paid_search,P011,Urban Bottle 11,false,false
V000842,C00923,2025-08-12,paid_search,P011,Urban Bottle 11,false,false
V000843,C00877,2025-07-01,email,P005,Bright Organizer 05,false,false
V000844,C00152,2025-12-05,direct,P012,Essential Bag 12,true,false
V000845,C00815,2025-10-11,direct,P002,Pure Band 02,false,false
V000846,C00204,2025-05-21,organic_search,P018,Pure Band 18,false,false
V000847,C00243,2025-03-08,social,P014,Active Mat 14,true,false
V000848,C00545,2025-10-31,direct,P015,Calm Cream 15,false,false
V000849,C00350,2025-05-12,email,P011,Urban Bottle 11,false,true
V000850,C00301,2025-08-11,direct,P008,Modern Serum 08,false,false
V000851,C00605,2025-11-01,organic_search,P017,Daily Lamp 17,false,false
V000852,C00681,2025-03-04,direct,P013,Bright Organizer 13,false,false
V000853,C00981,2025-07-26,paid_search,P026,Pure Band 26,false,false
V000854,C00081,2025-01-25,email,P013,Bright Organizer 13,true,false
V000855,C00260,2025-09-19,direct,P009,Daily Lamp 09,false,false
V000856,C00850,2025-04-03,paid_search,P012,Essential Bag 12,true,false
V000857,C00708,2025-07-06,direct,P028,Essential Bag 28,false,false
V000858,C00513,2025-09-08,direct,P010,Pure Band 10,false,false
V000859,C00042,2025-10-05,social,P024,Modern Serum 24,false,false
V000860,C00340,2025-01-25,social,P006,Active Mat 06,false,false
V000861,C00326,2025-03-07,direct,P026,Pure Band 26,false,false
V000862,C00084,2025-06-06,social,P023,Calm Cream 23,false,false
V000863,C00288,2025-01-20,social,P012,Essential Bag 12,true,true
V000864,C00090,2025-10-31,paid_search,P001,Daily Lamp 01,false,false
V000865,C00047,2025-07-29,email,P006,Active Mat 06,false,false
V000866,C00307,2025-08-31,direct,P024,Modern Serum 24,false,false
V000867,C00045,2025-12-26,paid_search,P004,Essential Bag 04,true,false
V000868,C00110,2025-04-14,social,P024,Modern Serum 24,false,false
V000869,C00998,2025-04-13,email,P021,Bright Organizer 21,false,false
V000870,C00809,2025-03-08,direct,P008,Modern Serum 08,false,false
V000871,C00443,2025-05-08,paid_search,P026,Pure Band 26,true,false
V000872,C00228,2025-10-14,paid_search,P003,Urban Bottle 03,false,false
V000873,C00281,2025-07-13,email,P023,Calm Cream 23,false,false
V000874,C00237,2025-10-18,organic_search,P012,Essential Bag 12,false,false
V000875,C00516,2025-03-11,email,P011,Urban Bottle 11,false,false
V000876,C00145,2025-09-24,organic_search,P023,Calm Cream 23,true,true
V000877,C00169,2025-10-18,organic_search,P004,Essential Bag 04,false,false
V000878,C00864,2025-09-02,social,P010,Pure Band 10,false,false
V000879,C00741,2025-09-06,paid_search,P029,Bright Organizer 29,false,false
V000880,C00224,2025-03-01,organic_search,P018,Pure Band 18,false,false
V000881,C00965,2025-09-04,email,P018,Pure Band 18,false,false
V000882,C00526,2025-08-12,referral,P002,Pure Band 02,false,false
V000883,C00666,2025-04-20,direct,P026,Pure Band 26,false,false
V000884,C00587,2025-03-23,direct,P003,Urban Bottle 03,true,false
V000885,C00200,2025-08-24,organic_search,P028,Essential Bag 28,false,false
V000886,C00046,2025-11-24,social,P022,Active Mat 22,false,false
V000887,C00472,2025-02-04,organic_search,P003,Urban Bottle 03,false,false
V000888,C00006,2025-01-10,referral,P027,Urban Bottle 27,true,true
V000889,C00008,2025-12-16,direct,P026,Pure Band 26,false,false
V000890,C00281,2025-09-11,paid_search,P016,Modern Serum 16,false,false
V000891,C00277,2025-08-10,direct,P005,Bright Organizer 05,false,true
V000892,C00400,2025-01-13,social,P004,Essential Bag 04,false,false
V000893,C00558,2025-11-13,email,P010,Pure Band 10,true,false
V000894,C00724,2025-09-20,direct,P023,Calm Cream 23,false,true
V000895,C00660,2025-01-24,direct,P003,Urban Bottle 03,false,false
V000896,C00619,2025-02-28,organic_search,P013,Bright Organizer 13,false,false
V000897,C00120,2025-10-12,referral,P016,Modern Serum 16,false,false
V000898,C00587,2025-04-16,social,P017,Daily Lamp 17,true,false
V000899,C00494,2025-06-09,organic_search,P006,Active Mat 06,false,false
V000900,C00499,2025-04-26,organic_search,P001,Daily Lamp 01,false,false
V000901,C00647,2025-11-26,organic_search,P002,Pure Band 02,false,false
V000902,C00199,2025-01-13,social,P017,Daily Lamp 17,false,false
V000903,C00718,2025-12-17,social,P007,Calm Cream 07,false,false
V000904,C00349,2025-08-08,social,P008,Modern Serum 08,false,false
V000905,C00685,2025-02-25,email,P016,Modern Serum 16,true,false
V000906,C00081,2025-10-24,direct,P016,Modern Serum 16,false,false
V000907,C00583,2025-05-13,email,P028,Essential Bag 28,true,false
V000908,C00404,2025-01-20,organic_search,P007,Calm Cream 07,false,true
V000909,C00716,2025-06-10,email,P016,Modern Serum 16,false,false
V000910,C00830,2025-06-20,organic_search,P003,Urban Bottle 03,true,false
V000911,C00869,2025-01-04,direct,P008,Modern Serum 08,false,false
V000912,C00422,2025-10-16,direct,P018,Pure Band 18,false,false
V000913,C00715,2025-02-10,organic_search,P005,Bright Organizer 05,false,false
V000914,C00778,2025-12-30,direct,P004,Essential Bag 04,false,false
V000915,C00887,2025-12-09,organic_search,P030,Active Mat 30,true,true
V000916,C00095,2025-06-16,paid_search,P002,Pure Band 02,false,false
V000917,C00102,2025-04-27,organic_search,P022,Active Mat 22,false,false
V000918,C00968,2025-03-07,referral,P022,Active Mat 22,false,false
V000919,C00168,2025-12-18,direct,P028,Essential Bag 28,true,false
V000920,C00229,2025-07-17,organic_search,P010,Pure Band 10,false,false
V000921,C00993,2025-07-21,social,P009,Daily Lamp 09,true,false
V000922,C00077,2025-11-23,social,P028,Essential Bag 28,false,false
V000923,C00118,2025-04-29,organic_search,P018,Pure Band 18,true,false
V000924,C00532,2025-04-11,email,P026,Pure Band 26,false,false
V000925,C00137,2025-11-27,email,P023,Calm Cream 23,false,false
V000926,C00137,2025-05-11,organic_search,P003,Urban Bottle 03,false,false
V000927,C00189,2025-05-01,social,P024,Modern Serum 24,false,false
V000928,C00273,2025-09-28,direct,P007,Calm Cream 07,false,false
V000929,C00215,2025-05-09,paid_search,P004,Essential Bag 04,false,false
V000930,C00828,2025-03-16,paid_search,P009,Daily Lamp 09,false,false
V000931,C00498,2025-02-27,email,P023,Calm Cream 23,true,true
V000932,C00929,2025-04-30,organic_search,P007,Calm Cream 07,false,false
V000933,C00602,2025-02-09,direct,P026,Pure Band 26,true,false
V000934,C00120,2025-09-03,direct,P006,Active Mat 06,false,false
V000935,C00104,2025-02-08,social,P021,Bright Organizer 21,false,false
V000936,C00689,2025-05-01,social,P010,Pure Band 10,false,false
V000937,C00728,2025-08-06,organic_search,P007,Calm Cream 07,false,false
V000938,C00642,2025-05-21,social,P029,Bright Organizer 29,false,false
V000939,C00811,2025-11-15,organic_search,P028,Essential Bag 28,false,false
V000940,C00427,2025-11-23,organic_search,P030,Active Mat 30,true,false
V000941,C00746,2025-04-12,organic_search,P029,Bright Organizer 29,false,false
V000942,C00341,2025-12-13,organic_search,P012,Essential Bag 12,true,true
V000943,C00343,2025-12-08,email,P028,Essential Bag 28,false,false
V000944,C00117,2025-04-09,organic_search,P014,Active Mat 14,false,false
V000945,C00577,2025-02-01,organic_search,P028,Essential Bag 28,false,false
V000946,C00818,2025-05-23,social,P020,Essential Bag 20,false,false
V000947,C00805,2025-01-05,social,P030,Active Mat 30,false,false
V000948,C00787,2025-03-28,social,P005,Bright Organizer 05,false,false
V000949,C00105,2025-09-14,paid_search,P021,Bright Organizer 21,false,false
V000950,C00557,2025-11-05,organic_search,P005,Bright Organizer 05,true,false
V000951,C00132,2025-11-05,organic_search,P006,Active Mat 06,false,false
V000952,C00735,2025-08-23,organic_search,P013,Bright Organizer 13,false,false
V000953,C00156,2025-01-08,social,P024,Modern Serum 24,false,false
V000954,C00874,2025-01-12,organic_search,P002,Pure Band 02,false,true
V000955,C00893,2025-12-17,paid_search,P030,Active Mat 30,true,false
V000956,C00372,2025-05-12,paid_search,P010,Pure Band 10,false,false
V000957,C00074,2025-07-23,organic_search,P026,Pure Band 26,true,true
V000958,C00970,2025-07-10,email,P003,Urban Bottle 03,true,false
V000959,C00938,2025-09-02,direct,P022,Active Mat 22,false,true
V000960,C00877,2025-09-21,paid_search,P030,Active Mat 30,false,false
V000961,C00091,2025-01-23,email,P029,Bright Organizer 29,false,false
V000962,C00707,2025-01-07,social,P026,Pure Band 26,false,false
V000963,C00591,2025-10-04,direct,P001,Daily Lamp 01,false,false
V000964,C00816,2025-01-29,organic_search,P024,Modern Serum 24,false,false
V000965,C00580,2025-01-21,direct,P022,Active Mat 22,false,false
V000966,C00646,2025-01-24,paid_search,P030,Active Mat 30,true,false
V000967,C00296,2025-12-07,direct,P011,Urban Bottle 11,true,true
V000968,C00688,2025-10-09,paid_search,P028,Essential Bag 28,true,false
V000969,C00712,2025-03-18,paid_search,P005,Bright Organizer 05,false,false
V000970,C00185,2025-09-09,organic_search,P005,Bright Organizer 05,true,false
V000971,C00814,2025-08-26,referral,P020,Essential Bag 20,false,false
V000972,C00175,2025-08-20,email,P012,Essential Bag 12,false,false
V000973,C00800,2025-07-29,social,P016,Modern Serum 16,false,false
V000974,C00624,2025-02-26,social,P004,Essential Bag 04,false,false
V000975,C00083,2025-09-18,social,P002,Pure Band 02,false,false
V000976,C00562,2025-03-21,social,P022,Active Mat 22,true,true
V000977,C00199,2025-01-29,email,P030,Active Mat 30,false,false
V000978,C00649,2025-05-06,social,P003,Urban Bottle 03,false,false
V000979,C00198,2025-11-08,paid_search,P009,Daily Lamp 09,false,false
V000980,C00148,2025-03-07,direct,P030,Active Mat 30,false,false
V000981,C00978,2025-04-26,organic_search,P021,Bright Organizer 21,false,true
V000982,C00256,2025-11-11,organic_search,P016,Modern Serum 16,false,false
V000983,C00336,2025-05-25,referral,P023,Calm Cream 23,false,false
V000984,C00548,2025-01-31,organic_search,P023,Calm Cream 23,false,false
V000985,C00470,2025-06-16,email,P008,Modern Serum 08,false,false
V000986,C00192,2025-12-28,paid_search,P014,Active Mat 14,false,false
V000987,C00131,2025-01-16,paid_search,P005,Bright Organizer 05,false,false
V000988,C00441,2025-09-30,organic_search,P013,Bright Organizer 13,false,false
V000989,C00002,2025-06-02,organic_search,P008,Modern Serum 08,false,false
V000990,C00474,2025-01-14,social,P022,Active Mat 22,false,false
V000991,C00953,2025-07-06,direct,P012,Essential Bag 12,false,false
V000992,C00741,2025-12-11,direct,P022,Active Mat 22,false,false
V000993,C00116,2025-05-16,social,P001,Daily Lamp 01,false,false
V000994,C00433,2025-04-02,direct,P022,Active Mat 22,false,false
V000995,C00569,2025-12-30,direct,P020,Essential Bag 20,true,false
V000996,C00420,2025-06-28,direct,P015,Calm Cream 15,false,false
V000997,C00845,2025-12-24,email,P024,Modern Serum 24,false,false
V000998,C00854,2025-11-09,referral,P016,Modern Serum 16,false,false
V000999,C00708,2025-10-11,email,P027,Urban Bottle 27,false,false
V001000,C00916,2025-01-03,organic_search,P010,Pure Band 10,false,false
V001001,C00418,2025-07-02,organic_search,P025,Daily Lamp 25,false,false
V001002,C00695,2025-04-11,direct,P020,Essential Bag 20,false,false
V001003,C00074,2025-09-07,email,P027,Urban Bottle 27,true,true
V001004,C00018,2025-02-11,direct,P008,Modern Serum 08,false,false
V001005,C00844,2025-04-16,email,P005,Bright Organizer 05,false,false
V001006,C00222,2025-10-04,email,P001,Daily Lamp 01,false,false
V001007,C00579,2025-03-06,organic_search,P005,Bright Organizer 05,false,false
V001008,C00098,2025-11-08,organic_search,P025,Daily Lamp 25,false,false
V001009,C00068,2025-06-05,paid_search,P026,Pure Band 26,false,false
V001010,C00492,2025-03-17,direct,P010,Pure Band 10,false,false
V001011,C00178,2025-07-12,direct,P028,Essential Bag 28,false,false
V001012,C00626,2025-02-11,paid_search,P006,Active Mat 06,false,false
V001013,C00779,2025-05-08,direct,P006,Active Mat 06,true,false
V001014,C00020,2025-08-04,organic_search,P003,Urban Bottle 03,false,false
V001015,C00850,2025-11-23,direct,P013,Bright Organizer 13,false,false
V001016,C00308,2025-09-04,email,P004,Essential Bag 04,false,false
V001017,C00507,2025-12-08,direct,P015,Calm Cream 15,true,false
V001018,C00204,2025-10-19,organic_search,P014,Active Mat 14,true,false
V001019,C00939,2025-09-04,paid_search,P022,Active Mat 22,false,false
V001020,C00390,2025-03-03,organic_search,P024,Modern Serum 24,false,false
V001021,C00049,2025-07-14,social,P009,Daily Lamp 09,true,false
V001022,C00684,2025-10-03,referral,P017,Daily Lamp 17,false,true
V001023,C00362,2025-01-24,organic_search,P010,Pure Band 10,false,false
V001024,C00537,2025-08-11,paid_search,P026,Pure Band 26,false,false
V001025,C00955,2025-09-22,organic_search,P009,Daily Lamp 09,false,false
V001026,C00900,2025-07-31,organic_search,P005,Bright Organizer 05,false,false
V001027,C00682,2025-09-14,organic_search,P028,Essential Bag 28,false,true
V001028,C00495,2025-09-19,organic_search,P009,Daily Lamp 09,false,false
V001029,C00288,2025-12-31,social,P001,Daily Lamp 01,true,false
V001030,C00761,2025-05-27,email,P026,Pure Band 26,false,false
V001031,C00720,2025-04-22,social,P027,Urban Bottle 27,false,false
V001032,C00866,2025-11-28,email,P004,Essential Bag 04,false,false
V001033,C00565,2025-11-21,email,P009,Daily Lamp 09,false,false
V001034,C00094,2025-12-27,organic_search,P003,Urban Bottle 03,true,true
V001035,C00024,2025-11-21,referral,P014,Active Mat 14,false,false
V001036,C00152,2025-09-28,social,P029,Bright Organizer 29,true,false
V001037,C00539,2025-10-30,direct,P017,Daily Lamp 17,true,false
V001038,C00641,2025-03-23,paid_search,P019,Urban Bottle 19,true,false
V001039,C00176,2025-10-17,direct,P023,Calm Cream 23,false,true
V001040,C00877,2025-09-16,paid_search,P013,Bright Organizer 13,false,false
V001041,C00729,2025-02-15,social,P005,Bright Organizer 05,false,false
V001042,C00671,2025-08-30,referral,P022,Active Mat 22,false,true
V001043,C00579,2025-11-30,email,P007,Calm Cream 07,false,false
V001044,C00386,2025-08-16,paid_search,P003,Urban Bottle 03,true,false
V001045,C00299,2025-07-07,email,P004,Essential Bag 04,false,false
V001046,C00274,2025-01-14,organic_search,P005,Bright Organizer 05,false,false
V001047,C00538,2025-02-16,social,P025,Daily Lamp 25,false,false
V001048,C00747,2025-05-29,direct,P011,Urban Bottle 11,true,false
V001049,C00956,2025-12-09,email,P023,Calm Cream 23,false,false
V001050,C00910,2025-10-01,email,P014,Active Mat 14,true,false
V001051,C00519,2025-03-11,referral,P007,Calm Cream 07,false,false
V001052,C00172,2025-07-13,direct,P022,Active Mat 22,true,false
V001053,C00351,2025-10-05,email,P017,Daily Lamp 17,false,false
V001054,C00952,2025-01-17,social,P003,Urban Bottle 03,false,false
V001055,C00446,2025-10-05,email,P001,Daily Lamp 01,false,false
V001056,C00281,2025-03-17,email,P002,Pure Band 02,false,false
V001057,C00575,2025-12-05,organic_search,P007,Calm Cream 07,true,false
V001058,C00470,2025-05-22,paid_search,P019,Urban Bottle 19,false,false
V001059,C00871,2025-02-17,organic_search,P017,Daily Lamp 17,false,false
V001060,C00601,2025-10-02,organic_search,P005,Bright Organizer 05,false,false
V001061,C00268,2025-07-01,social,P010,Pure Band 10,false,false
V001062,C00247,2025-10-09,direct,P002,Pure Band 02,false,true
V001063,C00428,2025-11-15,social,P027,Urban Bottle 27,false,false
V001064,C00897,2025-06-28,paid_search,P021,Bright Organizer 21,false,false
V001065,C00142,2025-01-16,direct,P017,Daily Lamp 17,true,false
V001066,C00298,2025-11-27,paid_search,P009,Daily Lamp 09,false,false
V001067,C00697,2025-06-28,email,P019,Urban Bottle 19,true,false
V001068,C00784,2025-03-12,organic_search,P023,Calm Cream 23,true,false
V001069,C00756,2025-07-06,email,P015,Calm Cream 15,false,true
V001070,C00129,2025-07-14,email,P027,Urban Bottle 27,false,false
V001071,C00497,2025-08-30,direct,P007,Calm Cream 07,false,false
V001072,C00392,2025-12-07,organic_search,P017,Daily Lamp 17,false,false
V001073,C00307,2025-01-15,email,P015,Calm Cream 15,false,false
V001074,C00658,2025-05-01,direct,P010,Pure Band 10,false,false
V001075,C00924,2025-11-15,direct,P023,Calm Cream 23,false,false
V001076,C00416,2025-05-22,social,P023,Calm Cream 23,false,false
V001077,C00083,2025-04-23,email,P028,Essential Bag 28,false,false
V001078,C00168,2025-04-07,email,P001,Daily Lamp 01,false,true
V001079,C00265,2025-12-20,social,P026,Pure Band 26,true,true
V001080,C00677,2025-11-12,email,P029,Bright Organizer 29,false,false
V001081,C00581,2025-10-12,direct,P023,Calm Cream 23,false,false
V001082,C00813,2025-10-17,organic_search,P002,Pure Band 02,false,false
V001083,C00792,2025-06-03,social,P009,Daily Lamp 09,false,false
V001084,C00521,2025-03-27,organic_search,P006,Active Mat 06,false,false
V001085,C00081,2025-04-05,social,P018,Pure Band 18,false,false
V001086,C00487,2025-10-13,organic_search,P025,Daily Lamp 25,false,false
V001087,C00636,2025-07-27,paid_search,P003,Urban Bottle 03,true,true
V001088,C00218,2025-02-01,organic_search,P005,Bright Organizer 05,false,false
V001089,C00396,2025-11-21,social,P022,Active Mat 22,false,false
V001090,C00474,2025-06-26,social,P007,Calm Cream 07,false,false
V001091,C00115,2025-05-21,direct,P030,Active Mat 30,false,false
V001092,C00462,2025-10-30,organic_search,P008,Modern Serum 08,false,false
V001093,C00252,2025-09-28,email,P027,Urban Bottle 27,false,false
V001094,C00869,2025-06-06,organic_search,P012,Essential Bag 12,false,false
V001095,C00729,2025-02-19,organic_search,P023,Calm Cream 23,false,false
V001096,C00008,2025-09-17,direct,P017,Daily Lamp 17,false,false
V001097,C00342,2025-03-23,direct,P012,Essential Bag 12,false,false
V001098,C00723,2025-12-05,direct,P006,Active Mat 06,false,false
V001099,C00551,2025-12-27,email,P015,Calm Cream 15,false,false
V001100,C00513,2025-05-20,email,P007,Calm Cream 07,false,false
V001101,C00683,2025-04-01,social,P016,Modern Serum 16,true,false
V001102,C00751,2025-09-26,referral,P008,Modern Serum 08,false,false
V001103,C00478,2025-03-16,direct,P012,Essential Bag 12,false,false
V001104,C00847,2025-03-17,organic_search,P010,Pure Band 10,false,false
V001105,C00807,2025-04-22,organic_search,P008,Modern Serum 08,false,false
V001106,C00869,2025-04-23,organic_search,P010,Pure Band 10,false,false
V001107,C00314,2025-01-17,social,P014,Active Mat 14,false,false
V001108,C00611,2025-07-01,social,P006,Active Mat 06,false,false
V001109,C00844,2025-06-22,social,P017,Daily Lamp 17,false,false
V001110,C00118,2025-02-25,referral,P016,Modern Serum 16,false,false
V001111,C00439,2025-06-16,direct,P028,Essential Bag 28,true,false
V001112,C00121,2025-04-18,organic_search,P003,Urban Bottle 03,false,false
V001113,C00231,2025-11-21,social,P003,Urban Bottle 03,false,false
V001114,C00974,2025-06-26,email,P005,Bright Organizer 05,false,false
V001115,C00685,2025-01-04,organic_search,P013,Bright Organizer 13,false,false
V001116,C00588,2025-06-09,paid_search,P005,Bright Organizer 05,false,true
V001117,C00666,2025-09-23,social,P002,Pure Band 02,false,false
V001118,C00373,2025-04-15,paid_search,P028,Essential Bag 28,true,true
V001119,C00374,2025-02-12,organic_search,P026,Pure Band 26,false,false
V001120,C00375,2025-05-17,organic_search,P002,Pure Band 02,false,false
V001121,C00530,2025-11-18,direct,P004,Essential Bag 04,false,false
V001122,C00597,2025-04-14,social,P005,Bright Organizer 05,false,false
V001123,C00271,2025-02-12,organic_search,P003,Urban Bottle 03,false,false
V001124,C00575,2025-03-22,email,P022,Active Mat 22,false,false
V001125,C00382,2025-03-02,direct,P018,Pure Band 18,false,false
V001126,C00938,2025-03-21,paid_search,P024,Modern Serum 24,true,false
V001127,C00889,2025-07-31,organic_search,P010,Pure Band 10,true,false
V001128,C00761,2025-01-23,referral,P027,Urban Bottle 27,false,false
V001129,C00530,2025-09-26,organic_search,P030,Active Mat 30,false,false
V001130,C00885,2025-12-04,organic_search,P005,Bright Organizer 05,false,false
V001131,C00872,2025-02-08,organic_search,P029,Bright Organizer 29,true,false
V001132,C00351,2025-06-25,social,P021,Bright Organizer 21,false,false
V001133,C00393,2025-10-21,direct,P025,Daily Lamp 25,false,false
V001134,C00261,2025-02-02,referral,P010,Pure Band 10,true,true
V001135,C00651,2025-07-30,organic_search,P024,Modern Serum 24,true,false
V001136,C00445,2025-02-04,organic_search,P020,Essential Bag 20,false,false
V001137,C00059,2025-01-02,social,P022,Active Mat 22,false,false
V001138,C00938,2025-12-05,referral,P022,Active Mat 22,false,false
V001139,C00634,2025-03-19,organic_search,P027,Urban Bottle 27,false,false
V001140,C00424,2025-02-14,direct,P022,Active Mat 22,false,false
V001141,C00530,2025-12-27,organic_search,P016,Modern Serum 16,false,false
V001142,C00402,2025-12-02,organic_search,P018,Pure Band 18,true,false
V001143,C00479,2025-09-05,direct,P027,Urban Bottle 27,false,false
V001144,C00361,2025-02-26,paid_search,P012,Essential Bag 12,false,false
V001145,C00554,2025-02-21,organic_search,P007,Calm Cream 07,true,false
V001146,C00140,2025-04-01,email,P005,Bright Organizer 05,true,false
V001147,C00841,2025-02-23,organic_search,P027,Urban Bottle 27,false,false
V001148,C00091,2025-08-24,organic_search,P015,Calm Cream 15,false,false
V001149,C00440,2025-10-14,paid_search,P030,Active Mat 30,false,false
V001150,C00496,2025-11-06,social,P020,Essential Bag 20,false,false
V001151,C00930,2025-09-11,paid_search,P007,Calm Cream 07,false,false
V001152,C00199,2025-07-17,organic_search,P010,Pure Band 10,false,false
V001153,C00120,2025-02-18,referral,P012,Essential Bag 12,false,false
V001154,C00812,2025-05-05,social,P011,Urban Bottle 11,false,false
V001155,C00319,2025-10-20,referral,P006,Active Mat 06,false,false
V001156,C00103,2025-02-06,organic_search,P005,Bright Organizer 05,false,false
V001157,C00152,2025-08-18,paid_search,P005,Bright Organizer 05,false,false
V001158,C00994,2025-07-21,email,P029,Bright Organizer 29,false,false
V001159,C00487,2025-01-11,direct,P021,Bright Organizer 21,false,false
V001160,C00514,2025-11-24,social,P003,Urban Bottle 03,false,false
V001161,C00090,2025-04-28,organic_search,P022,Active Mat 22,false,false
V001162,C00711,2025-09-27,social,P004,Essential Bag 04,true,false
V001163,C00225,2025-11-05,email,P022,Active Mat 22,false,false
V001164,C00222,2025-10-23,organic_search,P001,Daily Lamp 01,true,false
V001165,C00918,2025-01-16,email,P014,Active Mat 14,false,false
V001166,C00674,2025-06-07,email,P013,Bright Organizer 13,true,false
V001167,C00031,2025-06-22,paid_search,P014,Active Mat 14,false,false
V001168,C00006,2025-07-14,direct,P008,Modern Serum 08,false,false
V001169,C00385,2025-01-07,direct,P019,Urban Bottle 19,false,false
V001170,C00365,2025-04-04,organic_search,P026,Pure Band 26,false,false
V001171,C00962,2025-03-21,paid_search,P001,Daily Lamp 01,false,false
V001172,C00165,2025-09-19,direct,P003,Urban Bottle 03,false,false
V001173,C00219,2025-12-15,direct,P025,Daily Lamp 25,false,false
V001174,C00641,2025-01-05,social,P019,Urban Bottle 19,false,false
V001175,C00978,2025-08-01,email,P002,Pure Band 02,false,false
V001176,C00932,2025-03-10,direct,P024,Modern Serum 24,false,false
V001177,C00520,2025-02-11,direct,P014,Active Mat 14,false,false
V001178,C00645,2025-05-27,direct,P025,Daily Lamp 25,false,false
V001179,C00880,2025-02-16,paid_search,P021,Bright Organizer 21,false,false
V001180,C00460,2025-05-17,social,P016,Modern Serum 16,true,false
V001181,C00100,2025-05-27,organic_search,P024,Modern Serum 24,true,true
V001182,C00954,2025-04-17,paid_search,P022,Active Mat 22,false,false
V001183,C00576,2025-08-13,social,P025,Daily Lamp 25,false,false
V001184,C00345,2025-09-07,organic_search,P020,Essential Bag 20,false,false
V001185,C00010,2025-10-29,organic_search,P014,Active Mat 14,false,false
V001186,C00563,2025-04-01,social,P009,Daily Lamp 09,false,false
V001187,C00668,2025-12-07,referral,P007,Calm Cream 07,false,false
V001188,C00232,2025-12-13,organic_search,P006,Active Mat 06,true,false
V001189,C00948,2025-11-14,paid_search,P027,Urban Bottle 27,false,false
V001190,C00134,2025-12-08,paid_search,P025,Daily Lamp 25,false,false
V001191,C00444,2025-04-13,organic_search,P029,Bright Organizer 29,false,false
V001192,C00885,2025-12-27,paid_search,P023,Calm Cream 23,false,false
V001193,C00717,2025-06-26,organic_search,P007,Calm Cream 07,true,false
V001194,C00162,2025-11-02,email,P028,Essential Bag 28,false,false
V001195,C00616,2025-04-28,paid_search,P005,Bright Organizer 05,false,false
V001196,C00327,2025-12-02,paid_search,P017,Daily Lamp 17,false,false
V001197,C00295,2025-09-19,organic_search,P008,Modern Serum 08,false,true
V001198,C00027,2025-06-23,referral,P026,Pure Band 26,false,false
V001199,C00333,2025-03-07,social,P030,Active Mat 30,true,false
V001200,C00049,2025-12-17,direct,P016,Modern Serum 16,false,false
V001201,C00496,2025-04-10,paid_search,P008,Modern Serum 08,false,false
V001202,C00369,2025-08-28,paid_search,P002,Pure Band 02,false,false
V001203,C00505,2025-10-12,organic_search,P020,Essential Bag 20,true,false
V001204,C00948,2025-09-18,social,P007,Calm Cream 07,false,false
V001205,C00839,2025-02-23,organic_search,P024,Modern Serum 24,false,false
V001206,C00852,2025-05-30,paid_search,P008,Modern Serum 08,true,false
V001207,C00727,2025-04-06,organic_search,P008,Modern Serum 08,false,false
V001208,C00503,2025-06-22,email,P003,Urban Bottle 03,false,false
V001209,C00106,2025-03-16,social,P019,Urban Bottle 19,false,false
V001210,C00319,2025-10-28,paid_search,P005,Bright Organizer 05,false,false
V001211,C00005,2025-05-27,organic_search,P013,Bright Organizer 13,true,true
V001212,C00031,2025-01-10,paid_search,P024,Modern Serum 24,false,true
V001213,C00772,2025-06-07,paid_search,P025,Daily Lamp 25,false,false
V001214,C00162,2025-03-09,organic_search,P013,Bright Organizer 13,false,false
V001215,C00641,2025-07-26,paid_search,P025,Daily Lamp 25,false,false
V001216,C00396,2025-07-23,direct,P009,Daily Lamp 09,true,false
V001217,C00394,2025-03-29,organic_search,P030,Active Mat 30,false,false
V001218,C00579,2025-12-20,email,P016,Modern Serum 16,true,false
V001219,C00011,2025-07-26,paid_search,P025,Daily Lamp 25,false,false
V001220,C00854,2025-11-30,organic_search,P025,Daily Lamp 25,true,false
V001221,C00230,2025-06-05,organic_search,P008,Modern Serum 08,true,false
V001222,C00173,2025-07-01,direct,P019,Urban Bottle 19,false,false
V001223,C00990,2025-08-26,social,P027,Urban Bottle 27,false,false
V001224,C00872,2025-10-04,referral,P002,Pure Band 02,false,false
V001225,C00263,2025-05-26,organic_search,P014,Active Mat 14,true,true
V001226,C00840,2025-01-07,direct,P003,Urban Bottle 03,false,false
V001227,C00234,2025-02-07,organic_search,P011,Urban Bottle 11,false,false
V001228,C00075,2025-04-28,organic_search,P020,Essential Bag 20,false,true
V001229,C00586,2025-07-17,direct,P026,Pure Band 26,false,false
V001230,C00380,2025-03-16,paid_search,P005,Bright Organizer 05,false,false
V001231,C00347,2025-05-02,direct,P019,Urban Bottle 19,true,false
V001232,C00767,2025-02-24,paid_search,P013,Bright Organizer 13,false,false
V001233,C00381,2025-12-16,email,P005,Bright Organizer 05,false,false
V001234,C00704,2025-09-27,organic_search,P008,Modern Serum 08,false,false
V001235,C00911,2025-02-24,paid_search,P015,Calm Cream 15,false,false
V001236,C00337,2025-05-05,paid_search,P017,Daily Lamp 17,false,false
V001237,C00668,2025-06-24,paid_search,P016,Modern Serum 16,false,false
V001238,C00113,2025-08-26,direct,P006,Active Mat 06,false,false
V001239,C00668,2025-02-03,paid_search,P010,Pure Band 10,false,false
V001240,C00185,2025-10-19,direct,P030,Active Mat 30,false,false
V001241,C00024,2025-02-06,social,P006,Active Mat 06,false,false
V001242,C00897,2025-01-17,paid_search,P018,Pure Band 18,false,true
V001243,C00071,2025-02-12,social,P022,Active Mat 22,false,false
V001244,C00537,2025-03-31,organic_search,P022,Active Mat 22,false,false
V001245,C00356,2025-07-01,organic_search,P004,Essential Bag 04,false,false
V001246,C00781,2025-09-08,social,P017,Daily Lamp 17,false,true
V001247,C00682,2025-06-06,organic_search,P015,Calm Cream 15,false,false
V001248,C00950,2025-08-18,social,P006,Active Mat 06,false,false
V001249,C00636,2025-05-02,referral,P007,Calm Cream 07,false,false
V001250,C00713,2025-08-03,organic_search,P022,Active Mat 22,false,false
V001251,C00908,2025-08-30,organic_search,P025,Daily Lamp 25,true,true
V001252,C00453,2025-10-01,direct,P016,Modern Serum 16,false,false
V001253,C00605,2025-07-12,organic_search,P021,Bright Organizer 21,false,false
V001254,C00723,2025-08-06,social,P028,Essential Bag 28,false,false
V001255,C00090,2025-04-07,referral,P007,Calm Cream 07,true,false
V001256,C00626,2025-04-14,direct,P003,Urban Bottle 03,true,false
V001257,C00815,2025-08-04,organic_search,P018,Pure Band 18,false,false
V001258,C00273,2025-05-09,organic_search,P006,Active Mat 06,false,false
V001259,C00717,2025-04-14,direct,P015,Calm Cream 15,false,false
V001260,C00921,2025-04-20,organic_search,P001,Daily Lamp 01,false,false
V001261,C00034,2025-05-08,email,P007,Calm Cream 07,false,true
V001262,C00487,2025-04-11,paid_search,P001,Daily Lamp 01,true,true
V001263,C00419,2025-01-07,email,P023,Calm Cream 23,false,false
V001264,C00969,2025-10-11,paid_search,P016,Modern Serum 16,false,false
V001265,C00308,2025-10-20,social,P003,Urban Bottle 03,false,false
V001266,C00873,2025-03-12,paid_search,P026,Pure Band 26,false,false
V001267,C00563,2025-04-23,direct,P021,Bright Organizer 21,false,false
V001268,C00749,2025-05-24,paid_search,P023,Calm Cream 23,false,false
V001269,C00723,2025-10-03,direct,P011,Urban Bottle 11,false,false
V001270,C00995,2025-08-30,paid_search,P013,Bright Organizer 13,false,false
V001271,C00770,2025-01-02,organic_search,P027,Urban Bottle 27,false,false
V001272,C00565,2025-04-22,paid_search,P030,Active Mat 30,false,false
V001273,C00722,2025-11-07,paid_search,P023,Calm Cream 23,false,false
V001274,C00228,2025-06-22,social,P003,Urban Bottle 03,true,false
V001275,C00630,2025-02-19,paid_search,P009,Daily Lamp 09,true,false
V001276,C00430,2025-02-27,paid_search,P018,Pure Band 18,false,false
V001277,C00376,2025-03-17,direct,P023,Calm Cream 23,false,false
V001278,C00962,2025-02-09,organic_search,P005,Bright Organizer 05,false,false
V001279,C00617,2025-12-03,paid_search,P021,Bright Organizer 21,false,false
V001280,C00148,2025-04-03,organic_search,P019,Urban Bottle 19,false,false
V001281,C00796,2025-10-01,email,P025,Daily Lamp 25,false,false
V001282,C00506,2025-05-17,direct,P023,Calm Cream 23,false,false
V001283,C00416,2025-09-27,direct,P004,Essential Bag 04,false,false
V001284,C00603,2025-08-25,email,P030,Active Mat 30,false,false
V001285,C00565,2025-06-25,direct,P019,Urban Bottle 19,false,false
V001286,C00117,2025-10-06,social,P030,Active Mat 30,false,false
V001287,C00225,2025-03-26,direct,P016,Modern Serum 16,false,false
V001288,C00240,2025-10-29,direct,P016,Modern Serum 16,true,false
V001289,C00964,2025-06-18,organic_search,P026,Pure Band 26,false,false
V001290,C00223,2025-02-03,referral,P027,Urban Bottle 27,false,false
V001291,C00367,2025-01-13,social,P028,Essential Bag 28,false,false
V001292,C00264,2025-02-05,paid_search,P006,Active Mat 06,true,false
V001293,C00200,2025-10-13,direct,P021,Bright Organizer 21,true,true
V001294,C00326,2025-09-23,organic_search,P027,Urban Bottle 27,false,false
V001295,C00574,2025-05-14,referral,P014,Active Mat 14,false,false
V001296,C00648,2025-08-19,email,P030,Active Mat 30,false,false
V001297,C00340,2025-04-24,organic_search,P021,Bright Organizer 21,false,false
V001298,C00880,2025-11-05,organic_search,P014,Active Mat 14,true,false
V001299,C00874,2025-07-03,social,P020,Essential Bag 20,false,false
V001300,C00379,2025-03-23,email,P023,Calm Cream 23,false,true
V001301,C00681,2025-06-21,social,P009,Daily Lamp 09,true,false
V001302,C00216,2025-01-25,paid_search,P030,Active Mat 30,false,false
V001303,C00135,2025-02-08,email,P027,Urban Bottle 27,false,false
V001304,C00747,2025-01-21,direct,P011,Urban Bottle 11,true,true
V001305,C00515,2025-01-18,organic_search,P010,Pure Band 10,false,false
V001306,C00122,2025-04-16,organic_search,P017,Daily Lamp 17,false,false
V001307,C00128,2025-05-26,referral,P028,Essential Bag 28,false,false
V001308,C00935,2025-08-06,social,P007,Calm Cream 07,true,false
V001309,C00758,2025-02-21,organic_search,P017,Daily Lamp 17,false,false
V001310,C00187,2025-04-09,organic_search,P023,Calm Cream 23,false,false
V001311,C00089,2025-12-28,direct,P019,Urban Bottle 19,false,false
V001312,C00189,2025-04-06,paid_search,P012,Essential Bag 12,false,false
V001313,C00580,2025-04-13,direct,P011,Urban Bottle 11,false,false
V001314,C00467,2025-08-29,organic_search,P008,Modern Serum 08,false,false
V001315,C00482,2025-11-06,organic_search,P005,Bright Organizer 05,true,false
V001316,C00497,2025-11-30,organic_search,P019,Urban Bottle 19,false,false
V001317,C00230,2025-07-14,paid_search,P012,Essential Bag 12,true,false
V001318,C00580,2025-07-14,direct,P013,Bright Organizer 13,false,false
V001319,C00702,2025-08-19,social,P010,Pure Band 10,false,false
V001320,C00906,2025-09-12,email,P014,Active Mat 14,false,false
V001321,C00730,2025-08-01,direct,P001,Daily Lamp 01,false,false
V001322,C00554,2025-08-07,organic_search,P013,Bright Organizer 13,false,false
V001323,C00192,2025-04-14,email,P002,Pure Band 02,false,false
V001324,C00270,2025-03-13,email,P009,Daily Lamp 09,false,false
V001325,C00527,2025-04-17,social,P025,Daily Lamp 25,true,false
V001326,C00225,2025-03-13,social,P009,Daily Lamp 09,false,false
V001327,C00003,2025-05-26,direct,P022,Active Mat 22,false,false
V001328,C00688,2025-04-14,paid_search,P028,Essential Bag 28,false,false
V001329,C00382,2025-01-11,organic_search,P007,Calm Cream 07,false,false
V001330,C00195,2025-04-10,social,P029,Bright Organizer 29,true,false
V001331,C00329,2025-07-31,organic_search,P015,Calm Cream 15,false,true
V001332,C00647,2025-11-14,social,P021,Bright Organizer 21,false,false
V001333,C00602,2025-10-16,social,P029,Bright Organizer 29,false,false
V001334,C00183,2025-10-13,referral,P012,Essential Bag 12,false,false
V001335,C00060,2025-02-15,direct,P018,Pure Band 18,false,true
V001336,C00051,2025-05-22,social,P002,Pure Band 02,false,false
V001337,C00977,2025-10-30,social,P003,Urban Bottle 03,false,false
V001338,C00363,2025-08-13,social,P020,Essential Bag 20,true,true
V001339,C00581,2025-11-07,organic_search,P010,Pure Band 10,false,false
V001340,C00389,2025-01-19,direct,P018,Pure Band 18,false,false
V001341,C00185,2025-10-04,email,P025,Daily Lamp 25,false,false
V001342,C00114,2025-05-14,direct,P017,Daily Lamp 17,false,false
V001343,C00589,2025-06-21,direct,P001,Daily Lamp 01,false,false
V001344,C00394,2025-12-28,organic_search,P024,Modern Serum 24,true,true
V001345,C00989,2025-06-09,organic_search,P001,Daily Lamp 01,true,false
V001346,C00776,2025-01-13,social,P001,Daily Lamp 01,false,false
V001347,C00611,2025-06-25,direct,P004,Essential Bag 04,false,false
V001348,C00714,2025-06-22,direct,P010,Pure Band 10,true,false
V001349,C00635,2025-10-02,organic_search,P030,Active Mat 30,false,false
V001350,C00299,2025-10-15,email,P024,Modern Serum 24,false,false
V001351,C00652,2025-05-21,direct,P011,Urban Bottle 11,false,false
V001352,C00520,2025-06-07,organic_search,P003,Urban Bottle 03,false,false
V001353,C00319,2025-01-16,paid_search,P027,Urban Bottle 27,false,true
V001354,C00246,2025-01-10,email,P001,Daily Lamp 01,true,false
V001355,C00820,2025-12-25,social,P009,Daily Lamp 09,false,false
V001356,C00150,2025-08-07,email,P007,Calm Cream 07,false,false
V001357,C00328,2025-03-02,direct,P023,Calm Cream 23,false,false
V001358,C00518,2025-12-21,paid_search,P003,Urban Bottle 03,false,false
V001359,C00383,2025-07-26,organic_search,P003,Urban Bottle 03,true,false
V001360,C00264,2025-10-12,paid_search,P029,Bright Organizer 29,false,false
V001361,C00489,2025-12-09,email,P030,Active Mat 30,true,false
V001362,C00859,2025-05-24,social,P029,Bright Organizer 29,false,false
V001363,C00852,2025-01-18,referral,P026,Pure Band 26,false,false
V001364,C00117,2025-07-28,social,P002,Pure Band 02,false,false
V001365,C00987,2025-04-28,paid_search,P010,Pure Band 10,false,false
V001366,C00991,2025-11-05,social,P006,Active Mat 06,false,false
V001367,C00323,2025-04-06,social,P018,Pure Band 18,false,false
V001368,C00616,2025-08-18,referral,P024,Modern Serum 24,false,false
V001369,C00882,2025-08-14,social,P013,Bright Organizer 13,false,false
V001370,C00733,2025-01-05,organic_search,P018,Pure Band 18,true,false
V001371,C00317,2025-09-14,referral,P028,Essential Bag 28,true,false
V001372,C00966,2025-06-11,email,P015,Calm Cream 15,true,false
V001373,C00037,2025-06-04,email,P003,Urban Bottle 03,false,false
V001374,C00647,2025-11-14,paid_search,P024,Modern Serum 24,true,true
V001375,C00020,2025-08-05,organic_search,P005,Bright Organizer 05,false,false
V001376,C00950,2025-02-15,direct,P007,Calm Cream 07,false,false
V001377,C00232,2025-02-25,organic_search,P011,Urban Bottle 11,false,true
V001378,C00739,2025-04-28,organic_search,P025,Daily Lamp 25,false,false
V001379,C00926,2025-10-22,social,P013,Bright Organizer 13,false,false
V001380,C00015,2025-07-18,direct,P020,Essential Bag 20,true,false
V001381,C00595,2025-09-11,organic_search,P013,Bright Organizer 13,false,false
V001382,C00838,2025-10-13,direct,P015,Calm Cream 15,false,false
V001383,C00676,2025-10-07,direct,P003,Urban Bottle 03,false,true
V001384,C00731,2025-05-27,paid_search,P022,Active Mat 22,false,false
V001385,C00300,2025-01-28,organic_search,P007,Calm Cream 07,false,false
V001386,C00721,2025-11-02,email,P029,Bright Organizer 29,true,false
V001387,C00420,2025-07-07,organic_search,P007,Calm Cream 07,false,false
V001388,C00849,2025-01-30,organic_search,P021,Bright Organizer 21,false,false
V001389,C00424,2025-11-15,referral,P023,Calm Cream 23,false,false
V001390,C00190,2025-06-10,social,P027,Urban Bottle 27,false,true
V001391,C00550,2025-12-02,social,P004,Essential Bag 04,false,false
V001392,C00844,2025-08-29,social,P007,Calm Cream 07,false,false
V001393,C00761,2025-08-22,social,P009,Daily Lamp 09,true,false
V001394,C00853,2025-07-03,social,P022,Active Mat 22,false,false
V001395,C00224,2025-03-03,organic_search,P014,Active Mat 14,false,false
V001396,C00767,2025-06-17,social,P002,Pure Band 02,false,false
V001397,C00220,2025-06-16,social,P004,Essential Bag 04,false,false
V001398,C00944,2025-06-26,organic_search,P022,Active Mat 22,true,false
V001399,C00352,2025-08-26,email,P024,Modern Serum 24,false,false
V001400,C00018,2025-01-28,organic_search,P023,Calm Cream 23,false,false
V001401,C00640,2025-09-11,paid_search,P012,Essential Bag 12,false,false
V001402,C00475,2025-12-30,organic_search,P013,Bright Organizer 13,false,false
V001403,C00597,2025-10-03,paid_search,P005,Bright Organizer 05,false,false
V001404,C00610,2025-01-21,social,P009,Daily Lamp 09,false,false
V001405,C00474,2025-04-17,paid_search,P021,Bright Organizer 21,false,false
V001406,C00815,2025-03-17,organic_search,P018,Pure Band 18,false,false
V001407,C00662,2025-10-04,email,P010,Pure Band 10,false,false
V001408,C00135,2025-01-22,organic_search,P020,Essential Bag 20,false,false
V001409,C00437,2025-05-19,paid_search,P014,Active Mat 14,false,false
V001410,C00858,2025-10-19,organic_search,P010,Pure Band 10,false,false
V001411,C00181,2025-05-31,email,P015,Calm Cream 15,false,false
V001412,C00774,2025-10-15,paid_search,P026,Pure Band 26,false,false
V001413,C00274,2025-07-13,direct,P003,Urban Bottle 03,false,false
V001414,C00100,2025-02-02,social,P023,Calm Cream 23,false,false
V001415,C00484,2025-06-21,paid_search,P020,Essential Bag 20,false,false
V001416,C00952,2025-12-29,paid_search,P028,Essential Bag 28,false,false
V001417,C00932,2025-02-16,referral,P015,Calm Cream 15,false,false
V001418,C00608,2025-08-19,paid_search,P001,Daily Lamp 01,false,false
V001419,C00402,2025-07-24,social,P002,Pure Band 02,true,true
V001420,C00898,2025-03-15,paid_search,P029,Bright Organizer 29,false,false
V001421,C00834,2025-04-23,social,P018,Pure Band 18,false,false
V001422,C00074,2025-06-26,referral,P026,Pure Band 26,true,false
V001423,C00173,2025-04-10,direct,P025,Daily Lamp 25,false,false
V001424,C00412,2025-08-06,direct,P029,Bright Organizer 29,false,false
V001425,C00415,2025-01-06,direct,P028,Essential Bag 28,false,false
V001426,C00586,2025-08-20,email,P028,Essential Bag 28,false,false
V001427,C00259,2025-12-14,direct,P002,Pure Band 02,false,false
V001428,C00554,2025-07-15,direct,P006,Active Mat 06,false,false
V001429,C00188,2025-05-07,email,P006,Active Mat 06,false,false
V001430,C00730,2025-03-05,organic_search,P025,Daily Lamp 25,true,false
V001431,C00559,2025-01-04,social,P020,Essential Bag 20,true,false
V001432,C00125,2025-04-27,referral,P006,Active Mat 06,false,false
V001433,C00062,2025-09-17,organic_search,P015,Calm Cream 15,true,true
V001434,C00179,2025-05-01,direct,P028,Essential Bag 28,false,false
V001435,C00655,2025-05-02,paid_search,P010,Pure Band 10,false,false
V001436,C00127,2025-03-23,social,P027,Urban Bottle 27,true,false
V001437,C00447,2025-08-09,organic_search,P024,Modern Serum 24,true,false
V001438,C00681,2025-04-15,social,P019,Urban Bottle 19,false,false
V001439,C00590,2025-09-19,organic_search,P004,Essential Bag 04,false,false
V001440,C00955,2025-04-27,organic_search,P006,Active Mat 06,true,false
V001441,C00794,2025-03-23,organic_search,P026,Pure Band 26,false,true
V001442,C00309,2025-09-28,social,P007,Calm Cream 07,false,false
V001443,C00631,2025-08-19,referral,P009,Daily Lamp 09,false,false
V001444,C00304,2025-12-23,organic_search,P012,Essential Bag 12,false,false
V001445,C00020,2025-10-14,organic_search,P013,Bright Organizer 13,true,false
V001446,C00414,2025-05-15,referral,P017,Daily Lamp 17,false,false
V001447,C00283,2025-08-21,direct,P018,Pure Band 18,false,false
V001448,C00799,2025-02-06,paid_search,P018,Pure Band 18,false,false
V001449,C00901,2025-05-25,direct,P021,Bright Organizer 21,true,true
V001450,C00024,2025-09-10,referral,P004,Essential Bag 04,false,false
V001451,C00398,2025-04-12,organic_search,P012,Essential Bag 12,false,false
V001452,C00922,2025-01-10,direct,P004,Essential Bag 04,false,true
V001453,C00446,2025-05-13,paid_search,P020,Essential Bag 20,false,true
V001454,C00066,2025-03-23,organic_search,P030,Active Mat 30,false,false
V001455,C00169,2025-03-01,direct,P021,Bright Organizer 21,true,true
V001456,C00118,2025-07-05,organic_search,P001,Daily Lamp 01,true,false
V001457,C00434,2025-12-30,social,P008,Modern Serum 08,false,false
V001458,C00527,2025-11-04,referral,P004,Essential Bag 04,false,false
V001459,C00186,2025-09-02,organic_search,P001,Daily Lamp 01,false,false
V001460,C00424,2025-10-07,organic_search,P012,Essential Bag 12,false,false
V001461,C00160,2025-04-04,organic_search,P020,Essential Bag 20,false,false
V001462,C00327,2025-06-01,email,P023,Calm Cream 23,false,false
V001463,C00681,2025-08-01,email,P010,Pure Band 10,false,false
V001464,C00739,2025-10-31,organic_search,P008,Modern Serum 08,false,false
V001465,C00589,2025-01-10,organic_search,P003,Urban Bottle 03,false,false
V001466,C00060,2025-06-22,email,P014,Active Mat 14,false,false
V001467,C00570,2025-07-10,organic_search,P014,Active Mat 14,true,false
V001468,C00555,2025-09-07,organic_search,P010,Pure Band 10,false,false
V001469,C00588,2025-01-10,social,P023,Calm Cream 23,false,true
V001470,C00947,2025-11-04,paid_search,P030,Active Mat 30,false,false
V001471,C00063,2025-04-15,email,P015,Calm Cream 15,false,false
V001472,C00833,2025-08-16,direct,P008,Modern Serum 08,false,false
V001473,C00513,2025-10-23,referral,P009,Daily Lamp 09,false,false
V001474,C00658,2025-08-17,organic_search,P003,Urban Bottle 03,false,false
V001475,C00541,2025-08-13,paid_search,P027,Urban Bottle 27,false,false
V001476,C00866,2025-05-22,social,P009,Daily Lamp 09,false,false
V001477,C00988,2025-10-23,paid_search,P002,Pure Band 02,true,false
V001478,C00975,2025-06-06,organic_search,P027,Urban Bottle 27,false,false
V001479,C00602,2025-06-04,paid_search,P008,Modern Serum 08,false,false
V001480,C00203,2025-02-22,organic_search,P019,Urban Bottle 19,false,false
V001481,C00356,2025-11-16,social,P016,Modern Serum 16,true,true
V001482,C00793,2025-09-22,paid_search,P011,Urban Bottle 11,false,false
V001483,C00475,2025-05-20,organic_search,P024,Modern Serum 24,false,false
V001484,C00633,2025-07-22,organic_search,P020,Essential Bag 20,false,false
V001485,C00864,2025-08-17,email,P006,Active Mat 06,false,false
V001486,C00952,2025-02-25,social,P012,Essential Bag 12,true,false
V001487,C00554,2025-05-01,referral,P003,Urban Bottle 03,false,false
V001488,C00315,2025-04-12,organic_search,P018,Pure Band 18,false,false
V001489,C00507,2025-10-05,social,P015,Calm Cream 15,true,false
V001490,C00977,2025-07-18,email,P007,Calm Cream 07,true,false
V001491,C00784,2025-06-03,social,P018,Pure Band 18,false,false
V001492,C00213,2025-09-14,organic_search,P027,Urban Bottle 27,false,false
V001493,C00062,2025-03-02,direct,P028,Essential Bag 28,false,false
V001494,C00364,2025-06-15,social,P019,Urban Bottle 19,false,true
V001495,C00647,2025-08-30,organic_search,P014,Active Mat 14,false,false
V001496,C00789,2025-03-11,organic_search,P006,Active Mat 06,false,false
V001497,C00062,2025-12-28,direct,P001,Daily Lamp 01,false,false
V001498,C00012,2025-03-02,direct,P011,Urban Bottle 11,false,false
V001499,C00335,2025-10-17,social,P023,Calm Cream 23,true,false
V001500,C00280,2025-01-05,social,P004,Essential Bag 04,false,false
V001501,C00014,2025-07-19,email,P009,Daily Lamp 09,false,false
V001502,C00936,2025-08-18,email,P010,Pure Band 10,false,false
V001503,C00451,2025-08-20,organic_search,P012,Essential Bag 12,false,false
V001504,C00518,2025-05-20,social,P002,Pure Band 02,false,false
V001505,C00222,2025-07-26,email,P025,Daily Lamp 25,true,true
V001506,C00607,2025-12-19,paid_search,P007,Calm Cream 07,false,false
V001507,C00380,2025-07-10,referral,P012,Essential Bag 12,true,true
V001508,C00333,2025-05-08,social,P003,Urban Bottle 03,false,false
V001509,C00976,2025-09-22,paid_search,P027,Urban Bottle 27,true,false
V001510,C00008,2025-06-23,organic_search,P019,Urban Bottle 19,false,false
V001511,C00196,2025-07-18,direct,P005,Bright Organizer 05,true,false
V001512,C00033,2025-03-05,direct,P005,Bright Organizer 05,false,false
V001513,C00165,2025-02-16,organic_search,P005,Bright Organizer 05,false,false
V001514,C00317,2025-03-17,paid_search,P023,Calm Cream 23,false,false
V001515,C00662,2025-03-02,organic_search,P022,Active Mat 22,false,false
V001516,C00899,2025-12-19,paid_search,P003,Urban Bottle 03,true,false
V001517,C00425,2025-07-27,organic_search,P023,Calm Cream 23,true,false
V001518,C00823,2025-03-04,paid_search,P024,Modern Serum 24,false,false
V001519,C00828,2025-07-06,paid_search,P014,Active Mat 14,false,false
V001520,C00908,2025-08-23,email,P002,Pure Band 02,true,true
V001521,C00481,2025-09-15,email,P008,Modern Serum 08,false,false
V001522,C00360,2025-11-12,organic_search,P023,Calm Cream 23,false,false
V001523,C00988,2025-06-05,organic_search,P018,Pure Band 18,true,false
V001524,C00130,2025-08-04,social,P012,Essential Bag 12,false,false
V001525,C00749,2025-02-13,referral,P001,Daily Lamp 01,false,false
V001526,C00737,2025-06-26,direct,P012,Essential Bag 12,true,false
V001527,C00132,2025-04-13,email,P005,Bright Organizer 05,false,false
V001528,C00168,2025-10-04,social,P004,Essential Bag 04,false,false
V001529,C00006,2025-08-19,direct,P003,Urban Bottle 03,false,false
V001530,C00910,2025-12-01,social,P028,Essential Bag 28,false,false
V001531,C00755,2025-05-07,email,P026,Pure Band 26,false,false
V001532,C00660,2025-01-17,social,P028,Essential Bag 28,false,false
V001533,C00943,2025-01-17,paid_search,P007,Calm Cream 07,true,false
V001534,C00337,2025-11-13,paid_search,P002,Pure Band 02,false,false
V001535,C00039,2025-12-29,paid_search,P016,Modern Serum 16,false,false
V001536,C00443,2025-08-25,paid_search,P002,Pure Band 02,false,false
V001537,C00961,2025-07-12,paid_search,P014,Active Mat 14,false,false
V001538,C00618,2025-04-03,email,P007,Calm Cream 07,false,false
V001539,C00893,2025-07-03,organic_search,P001,Daily Lamp 01,true,false
V001540,C00479,2025-02-10,email,P010,Pure Band 10,false,false
V001541,C00164,2025-01-26,paid_search,P015,Calm Cream 15,false,false
V001542,C00406,2025-11-07,organic_search,P005,Bright Organizer 05,false,false
V001543,C00229,2025-02-03,email,P011,Urban Bottle 11,false,false
V001544,C00709,2025-07-16,organic_search,P005,Bright Organizer 05,false,false
V001545,C00848,2025-08-22,organic_search,P010,Pure Band 10,false,false
V001546,C00413,2025-03-11,paid_search,P022,Active Mat 22,false,false
V001547,C00322,2025-12-02,email,P013,Bright Organizer 13,false,false
V001548,C00776,2025-02-21,social,P019,Urban Bottle 19,true,false
V001549,C00966,2025-05-19,paid_search,P022,Active Mat 22,true,false
V001550,C00482,2025-10-25,referral,P005,Bright Organizer 05,false,false
V001551,C00473,2025-09-01,paid_search,P022,Active Mat 22,false,false
V001552,C00086,2025-07-23,organic_search,P007,Calm Cream 07,false,false
V001553,C00179,2025-05-06,paid_search,P017,Daily Lamp 17,true,false
V001554,C00679,2025-02-04,organic_search,P014,Active Mat 14,false,false
V001555,C00795,2025-01-10,social,P019,Urban Bottle 19,false,false
V001556,C00573,2025-09-24,direct,P029,Bright Organizer 29,false,false
V001557,C00491,2025-03-09,social,P027,Urban Bottle 27,false,false
V001558,C00040,2025-06-21,organic_search,P028,Essential Bag 28,true,false
V001559,C00148,2025-04-13,paid_search,P011,Urban Bottle 11,false,false
V001560,C00673,2025-01-11,paid_search,P027,Urban Bottle 27,false,false
V001561,C00815,2025-02-19,direct,P024,Modern Serum 24,false,false
V001562,C00014,2025-02-26,organic_search,P001,Daily Lamp 01,false,false
V001563,C00586,2025-05-27,paid_search,P010,Pure Band 10,false,false
V001564,C00742,2025-07-14,direct,P008,Modern Serum 08,false,true
V001565,C00591,2025-02-20,referral,P011,Urban Bottle 11,false,false
V001566,C00219,2025-12-12,organic_search,P013,Bright Organizer 13,false,false
V001567,C00532,2025-04-30,organic_search,P014,Active Mat 14,false,false
V001568,C00427,2025-01-31,direct,P010,Pure Band 10,true,false
V001569,C00043,2025-08-19,social,P026,Pure Band 26,false,false
V001570,C00628,2025-08-12,referral,P030,Active Mat 30,false,false
V001571,C00943,2025-02-15,email,P026,Pure Band 26,false,false
V001572,C00010,2025-06-26,organic_search,P015,Calm Cream 15,false,false
V001573,C00158,2025-03-13,organic_search,P020,Essential Bag 20,false,false
V001574,C00130,2025-02-06,email,P012,Essential Bag 12,false,false
V001575,C00023,2025-12-03,email,P014,Active Mat 14,false,false
V001576,C00347,2025-04-07,social,P017,Daily Lamp 17,false,false
V001577,C00137,2025-05-10,email,P004,Essential Bag 04,false,false
V001578,C00150,2025-05-03,social,P003,Urban Bottle 03,true,true
V001579,C00059,2025-11-15,social,P021,Bright Organizer 21,false,false
V001580,C00215,2025-09-18,email,P023,Calm Cream 23,false,false
V001581,C00096,2025-03-01,direct,P018,Pure Band 18,true,true
V001582,C00744,2025-11-26,direct,P022,Active Mat 22,false,false
V001583,C00212,2025-02-05,organic_search,P016,Modern Serum 16,false,false
V001584,C00702,2025-03-14,organic_search,P008,Modern Serum 08,false,false
V001585,C00307,2025-06-06,social,P008,Modern Serum 08,false,false
V001586,C00882,2025-11-06,direct,P005,Bright Organizer 05,false,false
V001587,C00198,2025-05-14,direct,P017,Daily Lamp 17,false,false
V001588,C00304,2025-05-21,organic_search,P025,Daily Lamp 25,true,false
V001589,C00221,2025-09-30,social,P013,Bright Organizer 13,false,false
V001590,C00259,2025-03-28,paid_search,P010,Pure Band 10,false,false
V001591,C00281,2025-05-13,email,P020,Essential Bag 20,false,false
V001592,C00571,2025-03-27,email,P015,Calm Cream 15,false,false
V001593,C00026,2025-04-21,paid_search,P027,Urban Bottle 27,false,false
V001594,C00103,2025-05-23,social,P024,Modern Serum 24,false,false
V001595,C00222,2025-10-16,organic_search,P001,Daily Lamp 01,false,false
V001596,C00451,2025-03-28,paid_search,P005,Bright Organizer 05,false,false
V001597,C00647,2025-11-15,organic_search,P018,Pure Band 18,true,false
V001598,C00059,2025-01-10,paid_search,P026,Pure Band 26,false,false
V001599,C00842,2025-12-25,email,P020,Essential Bag 20,true,true
V001600,C00001,2025-12-26,direct,P018,Pure Band 18,false,false
V001601,C00907,2025-08-22,social,P002,Pure Band 02,false,false
V001602,C00455,2025-12-23,paid_search,P008,Modern Serum 08,false,false
V001603,C00038,2025-05-08,organic_search,P011,Urban Bottle 11,true,false
V001604,C00951,2025-12-30,referral,P011,Urban Bottle 11,false,false
V001605,C00930,2025-03-28,organic_search,P019,Urban Bottle 19,false,false
V001606,C00688,2025-11-11,organic_search,P023,Calm Cream 23,false,false
V001607,C00041,2025-09-05,direct,P012,Essential Bag 12,false,false
V001608,C00514,2025-03-05,email,P030,Active Mat 30,false,false
V001609,C00754,2025-05-17,email,P020,Essential Bag 20,false,false
V001610,C00198,2025-08-14,direct,P013,Bright Organizer 13,false,false
V001611,C00606,2025-09-11,organic_search,P011,Urban Bottle 11,false,false
V001612,C00436,2025-06-28,organic_search,P025,Daily Lamp 25,false,false
V001613,C00012,2025-03-02,email,P027,Urban Bottle 27,false,false
V001614,C00595,2025-11-21,organic_search,P026,Pure Band 26,false,false
V001615,C00296,2025-03-17,paid_search,P024,Modern Serum 24,false,false
V001616,C00023,2025-05-12,paid_search,P029,Bright Organizer 29,false,false
V001617,C00879,2025-07-17,organic_search,P012,Essential Bag 12,false,true
V001618,C00540,2025-03-27,organic_search,P029,Bright Organizer 29,false,false
V001619,C00285,2025-10-14,email,P030,Active Mat 30,false,false
V001620,C00460,2025-05-22,direct,P008,Modern Serum 08,false,false
V001621,C00249,2025-04-02,social,P016,Modern Serum 16,false,false
V001622,C00872,2025-07-04,social,P023,Calm Cream 23,false,false
V001623,C00047,2025-07-11,social,P017,Daily Lamp 17,false,false
V001624,C00145,2025-05-13,social,P026,Pure Band 26,false,false
V001625,C00500,2025-07-28,social,P009,Daily Lamp 09,false,false
V001626,C00186,2025-08-10,paid_search,P023,Calm Cream 23,false,false
V001627,C00061,2025-11-11,direct,P006,Active Mat 06,true,false
V001628,C00138,2025-01-30,social,P021,Bright Organizer 21,false,false
V001629,C00979,2025-02-23,organic_search,P003,Urban Bottle 03,false,false
V001630,C00489,2025-03-24,social,P001,Daily Lamp 01,false,false
V001631,C00816,2025-03-22,social,P002,Pure Band 02,false,false
V001632,C00154,2025-10-18,social,P030,Active Mat 30,false,false
V001633,C00162,2025-10-22,social,P013,Bright Organizer 13,false,false
V001634,C00112,2025-06-19,social,P007,Calm Cream 07,false,false
V001635,C00581,2025-05-10,direct,P012,Essential Bag 12,false,false
V001636,C00037,2025-02-22,organic_search,P025,Daily Lamp 25,false,false
V001637,C00684,2025-10-17,organic_search,P007,Calm Cream 07,false,false
V001638,C00702,2025-07-30,direct,P003,Urban Bottle 03,false,false
V001639,C00818,2025-07-21,organic_search,P006,Active Mat 06,false,false
V001640,C00897,2025-01-05,social,P016,Modern Serum 16,false,false
V001641,C00521,2025-06-18,referral,P005,Bright Organizer 05,false,false
V001642,C00609,2025-11-04,direct,P023,Calm Cream 23,false,true
V001643,C00798,2025-12-15,direct,P025,Daily Lamp 25,false,false
V001644,C00467,2025-07-08,paid_search,P024,Modern Serum 24,false,false
V001645,C00142,2025-02-11,paid_search,P026,Pure Band 26,false,false
V001646,C00894,2025-02-07,email,P010,Pure Band 10,true,false
V001647,C00966,2025-07-07,social,P008,Modern Serum 08,false,false
V001648,C00975,2025-02-11,social,P006,Active Mat 06,false,false
V001649,C00584,2025-09-03,paid_search,P001,Daily Lamp 01,true,true
V001650,C00923,2025-10-14,direct,P005,Bright Organizer 05,true,false
V001651,C00235,2025-08-08,organic_search,P015,Calm Cream 15,false,false
V001652,C00238,2025-09-11,social,P019,Urban Bottle 19,false,false
V001653,C00165,2025-03-15,email,P008,Modern Serum 08,false,false
V001654,C00153,2025-10-14,organic_search,P028,Essential Bag 28,false,false
V001655,C00175,2025-09-09,organic_search,P018,Pure Band 18,false,true
V001656,C00512,2025-08-31,paid_search,P024,Modern Serum 24,false,false
V001657,C00718,2025-08-17,organic_search,P013,Bright Organizer 13,false,true
V001658,C00031,2025-06-24,social,P028,Essential Bag 28,true,true
V001659,C00522,2025-11-13,paid_search,P027,Urban Bottle 27,false,false
V001660,C00106,2025-10-09,paid_search,P013,Bright Organizer 13,false,false
V001661,C00581,2025-11-10,organic_search,P013,Bright Organizer 13,false,false
V001662,C00651,2025-08-29,organic_search,P011,Urban Bottle 11,true,false
V001663,C00680,2025-08-25,organic_search,P025,Daily Lamp 25,false,false
V001664,C00440,2025-12-08,organic_search,P014,Active Mat 14,false,false
V001665,C00026,2025-04-24,email,P014,Active Mat 14,false,false
V001666,C00508,2025-01-20,paid_search,P010,Pure Band 10,false,false
V001667,C00180,2025-03-04,organic_search,P028,Essential Bag 28,false,false
V001668,C00726,2025-07-01,social,P018,Pure Band 18,false,false
V001669,C00777,2025-02-12,organic_search,P020,Essential Bag 20,false,false
V001670,C00871,2025-04-02,organic_search,P022,Active Mat 22,false,false
V001671,C00904,2025-10-02,social,P017,Daily Lamp 17,true,true
V001672,C00652,2025-11-05,direct,P020,Essential Bag 20,false,false
V001673,C00517,2025-05-05,organic_search,P020,Essential Bag 20,false,false
V001674,C00421,2025-11-22,paid_search,P027,Urban Bottle 27,false,false
V001675,C00771,2025-05-10,organic_search,P024,Modern Serum 24,true,true
V001676,C00069,2025-01-29,organic_search,P024,Modern Serum 24,false,false
V001677,C00951,2025-12-18,paid_search,P016,Modern Serum 16,false,false
V001678,C00528,2025-02-09,email,P005,Bright Organizer 05,false,false
V001679,C00234,2025-03-25,organic_search,P008,Modern Serum 08,false,false
V001680,C00936,2025-07-08,paid_search,P014,Active Mat 14,true,false
V001681,C00730,2025-11-26,paid_search,P015,Calm Cream 15,false,false
V001682,C00762,2025-05-22,referral,P030,Active Mat 30,false,false
V001683,C00498,2025-07-06,social,P025,Daily Lamp 25,false,false
V001684,C00932,2025-02-03,organic_search,P018,Pure Band 18,false,false
V001685,C00894,2025-12-24,email,P003,Urban Bottle 03,true,true
V001686,C00726,2025-03-09,email,P013,Bright Organizer 13,false,false
V001687,C00853,2025-11-22,social,P002,Pure Band 02,true,true
V001688,C00095,2025-02-21,social,P004,Essential Bag 04,false,false
V001689,C00403,2025-12-28,organic_search,P014,Active Mat 14,false,false
V001690,C00864,2025-04-04,direct,P023,Calm Cream 23,false,false
V001691,C00132,2025-05-29,direct,P007,Calm Cream 07,true,false
V001692,C00643,2025-03-04,paid_search,P007,Calm Cream 07,false,false
V001693,C00968,2025-05-03,social,P014,Active Mat 14,true,false
V001694,C00420,2025-04-20,paid_search,P007,Calm Cream 07,false,false
V001695,C00495,2025-10-16,organic_search,P013,Bright Organizer 13,false,false
V001696,C00913,2025-05-02,direct,P015,Calm Cream 15,true,false
V001697,C00791,2025-01-06,social,P002,Pure Band 02,false,false
V001698,C00714,2025-01-03,paid_search,P002,Pure Band 02,false,false
V001699,C00915,2025-11-01,direct,P027,Urban Bottle 27,true,false
V001700,C00568,2025-04-22,direct,P008,Modern Serum 08,false,false
V001701,C00499,2025-06-22,direct,P003,Urban Bottle 03,false,false
V001702,C00290,2025-04-20,direct,P017,Daily Lamp 17,true,false
V001703,C00494,2025-02-28,direct,P003,Urban Bottle 03,false,false
V001704,C00119,2025-03-11,paid_search,P018,Pure Band 18,false,false
V001705,C00333,2025-04-22,organic_search,P027,Urban Bottle 27,false,false
V001706,C00353,2025-09-17,organic_search,P003,Urban Bottle 03,false,false
V001707,C00833,2025-10-27,paid_search,P004,Essential Bag 04,false,false
V001708,C00640,2025-08-04,email,P020,Essential Bag 20,true,false
V001709,C00325,2025-11-05,direct,P015,Calm Cream 15,false,false
V001710,C00953,2025-10-13,social,P024,Modern Serum 24,false,false
V001711,C00494,2025-12-27,social,P016,Modern Serum 16,false,false
V001712,C00195,2025-01-07,organic_search,P011,Urban Bottle 11,false,false
V001713,C00093,2025-04-03,direct,P017,Daily Lamp 17,true,false
V001714,C00187,2025-01-18,email,P026,Pure Band 26,false,false
V001715,C00615,2025-09-17,paid_search,P006,Active Mat 06,false,false
V001716,C00493,2025-05-07,social,P021,Bright Organizer 21,false,false
V001717,C00006,2025-10-15,organic_search,P013,Bright Organizer 13,false,false
V001718,C00039,2025-01-24,paid_search,P029,Bright Organizer 29,true,true
V001719,C00696,2025-06-14,organic_search,P013,Bright Organizer 13,false,false
V001720,C00132,2025-07-14,direct,P023,Calm Cream 23,false,false
V001721,C00078,2025-01-28,organic_search,P009,Daily Lamp 09,false,false
V001722,C00517,2025-03-18,social,P005,Bright Organizer 05,false,false
V001723,C00080,2025-04-20,organic_search,P024,Modern Serum 24,true,false
V001724,C00451,2025-05-29,paid_search,P013,Bright Organizer 13,false,true
V001725,C00250,2025-09-09,paid_search,P015,Calm Cream 15,true,false
V001726,C00448,2025-06-27,paid_search,P022,Active Mat 22,false,false
V001727,C00826,2025-06-08,paid_search,P019,Urban Bottle 19,false,false
V001728,C00258,2025-01-31,paid_search,P001,Daily Lamp 01,false,false
V001729,C00256,2025-04-07,email,P012,Essential Bag 12,true,true
V001730,C00042,2025-11-30,paid_search,P009,Daily Lamp 09,false,false
V001731,C00385,2025-10-03,email,P007,Calm Cream 07,false,false
V001732,C00258,2025-09-12,paid_search,P003,Urban Bottle 03,false,false
V001733,C00032,2025-07-08,social,P027,Urban Bottle 27,false,false
V001734,C00272,2025-10-12,organic_search,P010,Pure Band 10,false,true
V001735,C00547,2025-03-09,social,P017,Daily Lamp 17,false,false
V001736,C00563,2025-10-02,organic_search,P011,Urban Bottle 11,false,false
V001737,C00703,2025-12-13,direct,P024,Modern Serum 24,false,false
V001738,C00733,2025-04-29,organic_search,P020,Essential Bag 20,false,false
V001739,C00307,2025-11-24,email,P008,Modern Serum 08,false,false
V001740,C00495,2025-07-27,email,P021,Bright Organizer 21,true,true
V001741,C00544,2025-06-19,social,P027,Urban Bottle 27,false,false
V001742,C00146,2025-05-11,organic_search,P026,Pure Band 26,false,false
V001743,C00042,2025-10-29,organic_search,P007,Calm Cream 07,false,false
V001744,C00142,2025-10-04,direct,P030,Active Mat 30,true,true
V001745,C00172,2025-09-11,direct,P012,Essential Bag 12,false,false
V001746,C00026,2025-10-27,social,P001,Daily Lamp 01,false,false
V001747,C00258,2025-08-30,organic_search,P002,Pure Band 02,false,false
V001748,C00886,2025-07-24,social,P019,Urban Bottle 19,false,false
V001749,C00197,2025-04-03,direct,P030,Active Mat 30,false,false
V001750,C00514,2025-09-26,organic_search,P029,Bright Organizer 29,false,false
V001751,C00947,2025-09-05,paid_search,P018,Pure Band 18,false,true
V001752,C00607,2025-07-01,organic_search,P022,Active Mat 22,false,false
V001753,C00983,2025-08-31,direct,P023,Calm Cream 23,true,false
V001754,C00809,2025-05-17,organic_search,P003,Urban Bottle 03,false,false
V001755,C00635,2025-03-31,social,P001,Daily Lamp 01,false,false
V001756,C00894,2025-07-28,direct,P017,Daily Lamp 17,false,false
V001757,C00959,2025-08-07,organic_search,P020,Essential Bag 20,false,false
V001758,C00766,2025-07-28,social,P005,Bright Organizer 05,false,false
V001759,C00593,2025-10-01,social,P010,Pure Band 10,false,false
V001760,C00072,2025-06-05,social,P030,Active Mat 30,false,false
V001761,C00601,2025-10-20,paid_search,P024,Modern Serum 24,false,false
V001762,C00528,2025-08-16,social,P025,Daily Lamp 25,false,false
V001763,C00750,2025-01-27,paid_search,P002,Pure Band 02,false,false
V001764,C00610,2025-03-27,email,P003,Urban Bottle 03,true,false
V001765,C00211,2025-08-25,social,P026,Pure Band 26,false,false
V001766,C00277,2025-09-24,social,P025,Daily Lamp 25,false,false
V001767,C00830,2025-10-05,email,P030,Active Mat 30,false,false
V001768,C00386,2025-04-08,direct,P001,Daily Lamp 01,true,false
V001769,C00857,2025-09-18,social,P017,Daily Lamp 17,true,false
V001770,C00397,2025-03-13,organic_search,P023,Calm Cream 23,false,false
V001771,C00131,2025-03-08,direct,P015,Calm Cream 15,false,false
V001772,C00461,2025-10-18,organic_search,P012,Essential Bag 12,false,false
V001773,C00497,2025-02-18,organic_search,P010,Pure Band 10,false,false
V001774,C00497,2025-06-02,organic_search,P026,Pure Band 26,false,false
V001775,C00421,2025-03-19,organic_search,P016,Modern Serum 16,false,false
V001776,C00271,2025-10-24,organic_search,P021,Bright Organizer 21,false,false
V001777,C00534,2025-02-14,social,P007,Calm Cream 07,false,false
V001778,C00598,2025-03-27,email,P019,Urban Bottle 19,true,false
V001779,C00638,2025-05-07,direct,P011,Urban Bottle 11,false,false
V001780,C00326,2025-04-24,social,P017,Daily Lamp 17,false,false
V001781,C00887,2025-01-08,referral,P003,Urban Bottle 03,false,false
V001782,C00276,2025-10-24,direct,P024,Modern Serum 24,false,false
V001783,C00617,2025-04-15,social,P004,Essential Bag 04,false,false
V001784,C00736,2025-12-07,social,P005,Bright Organizer 05,true,false
V001785,C00724,2025-03-24,paid_search,P002,Pure Band 02,true,false
V001786,C00751,2025-08-16,paid_search,P014,Active Mat 14,false,false
V001787,C00954,2025-03-22,paid_search,P009,Daily Lamp 09,false,false
V001788,C00230,2025-01-20,email,P003,Urban Bottle 03,false,false
V001789,C00821,2025-06-22,email,P007,Calm Cream 07,false,false
V001790,C00104,2025-11-15,organic_search,P005,Bright Organizer 05,true,true
V001791,C00814,2025-11-20,organic_search,P023,Calm Cream 23,false,false
V001792,C00217,2025-09-06,social,P015,Calm Cream 15,false,false
V001793,C00556,2025-10-07,referral,P029,Bright Organizer 29,false,false
V001794,C00465,2025-04-01,organic_search,P003,Urban Bottle 03,true,false
V001795,C00157,2025-07-25,social,P011,Urban Bottle 11,true,false
V001796,C00311,2025-08-07,social,P015,Calm Cream 15,false,false
V001797,C00896,2025-10-13,email,P010,Pure Band 10,false,false
V001798,C00779,2025-08-26,paid_search,P030,Active Mat 30,true,true
V001799,C00347,2025-05-15,organic_search,P012,Essential Bag 12,false,false
V001800,C00442,2025-04-16,paid_search,P002,Pure Band 02,false,false
V001801,C00489,2025-07-16,organic_search,P024,Modern Serum 24,false,false
V001802,C00557,2025-05-05,organic_search,P014,Active Mat 14,false,false
V001803,C00422,2025-01-09,paid_search,P029,Bright Organizer 29,false,false
V001804,C00104,2025-12-05,organic_search,P024,Modern Serum 24,true,false
V001805,C00667,2025-08-03,direct,P006,Active Mat 06,false,false
V001806,C00196,2025-01-14,paid_search,P024,Modern Serum 24,false,false
V001807,C00975,2025-11-26,email,P012,Essential Bag 12,true,false
V001808,C00051,2025-05-24,direct,P025,Daily Lamp 25,false,false
V001809,C00608,2025-01-17,email,P012,Essential Bag 12,false,true
V001810,C00236,2025-10-24,organic_search,P010,Pure Band 10,false,false
V001811,C00533,2025-11-24,email,P026,Pure Band 26,false,false
V001812,C00240,2025-05-09,direct,P010,Pure Band 10,true,false
V001813,C00937,2025-07-28,referral,P029,Bright Organizer 29,false,false
V001814,C00170,2025-01-23,social,P009,Daily Lamp 09,false,false
V001815,C00364,2025-11-05,paid_search,P004,Essential Bag 04,true,false
V001816,C00595,2025-05-12,referral,P006,Active Mat 06,false,false
V001817,C00745,2025-07-21,email,P005,Bright Organizer 05,true,false
V001818,C00015,2025-05-26,email,P005,Bright Organizer 05,true,false
V001819,C00508,2025-10-25,organic_search,P006,Active Mat 06,false,false
V001820,C00812,2025-07-09,organic_search,P028,Essential Bag 28,false,false
V001821,C00172,2025-01-09,direct,P013,Bright Organizer 13,false,true
V001822,C00470,2025-07-02,organic_search,P019,Urban Bottle 19,false,false
V001823,C00783,2025-03-17,paid_search,P025,Daily Lamp 25,false,false
V001824,C00199,2025-04-14,email,P013,Bright Organizer 13,false,false
V001825,C00151,2025-08-27,organic_search,P009,Daily Lamp 09,false,false
V001826,C00402,2025-01-21,organic_search,P001,Daily Lamp 01,false,false
V001827,C00313,2025-06-02,paid_search,P011,Urban Bottle 11,true,false
V001828,C00978,2025-04-21,email,P010,Pure Band 10,false,false
V001829,C00092,2025-08-24,referral,P017,Daily Lamp 17,false,false
V001830,C00899,2025-11-08,direct,P006,Active Mat 06,false,false
V001831,C00079,2025-10-06,organic_search,P006,Active Mat 06,false,false
V001832,C00159,2025-12-15,organic_search,P002,Pure Band 02,true,false
V001833,C00789,2025-11-08,paid_search,P028,Essential Bag 28,false,false
V001834,C00921,2025-01-31,paid_search,P013,Bright Organizer 13,true,false
V001835,C00763,2025-08-23,paid_search,P003,Urban Bottle 03,false,false
V001836,C00144,2025-02-12,organic_search,P018,Pure Band 18,false,false
V001837,C00988,2025-09-01,paid_search,P007,Calm Cream 07,false,false
V001838,C00356,2025-08-22,organic_search,P011,Urban Bottle 11,true,false
V001839,C00879,2025-01-06,direct,P015,Calm Cream 15,false,false
V001840,C00915,2025-03-27,referral,P023,Calm Cream 23,false,false
V001841,C00556,2025-03-24,social,P004,Essential Bag 04,false,true
V001842,C00132,2025-07-22,email,P003,Urban Bottle 03,false,false
V001843,C00715,2025-06-15,direct,P024,Modern Serum 24,false,false
V001844,C00197,2025-06-05,social,P020,Essential Bag 20,false,false
V001845,C00416,2025-12-17,organic_search,P029,Bright Organizer 29,false,false
V001846,C00788,2025-10-01,paid_search,P019,Urban Bottle 19,false,false
V001847,C00841,2025-08-11,social,P005,Bright Organizer 05,false,false
V001848,C00727,2025-06-07,organic_search,P020,Essential Bag 20,false,false
V001849,C00244,2025-08-31,organic_search,P012,Essential Bag 12,false,false
V001850,C00594,2025-09-15,paid_search,P009,Daily Lamp 09,false,true
V001851,C00785,2025-02-04,email,P021,Bright Organizer 21,false,true
V001852,C00571,2025-06-21,organic_search,P003,Urban Bottle 03,false,false
V001853,C00936,2025-12-21,referral,P028,Essential Bag 28,true,false
V001854,C00077,2025-05-31,organic_search,P002,Pure Band 02,false,false
V001855,C00655,2025-06-02,email,P020,Essential Bag 20,false,false
V001856,C00755,2025-04-16,email,P013,Bright Organizer 13,false,false
V001857,C00914,2025-08-02,paid_search,P001,Daily Lamp 01,false,false
V001858,C00180,2025-06-28,paid_search,P030,Active Mat 30,true,false
V001859,C00609,2025-11-30,referral,P010,Pure Band 10,false,false
V001860,C00812,2025-07-23,paid_search,P003,Urban Bottle 03,false,false
V001861,C00446,2025-09-20,referral,P010,Pure Band 10,false,false
V001862,C00356,2025-02-27,email,P007,Calm Cream 07,false,false
V001863,C00854,2025-07-03,organic_search,P030,Active Mat 30,false,false
V001864,C00844,2025-11-27,organic_search,P006,Active Mat 06,false,true
V001865,C00561,2025-01-20,social,P020,Essential Bag 20,false,false
V001866,C00798,2025-06-15,social,P013,Bright Organizer 13,false,false
V001867,C00539,2025-08-20,social,P003,Urban Bottle 03,false,true
V001868,C00919,2025-09-17,organic_search,P026,Pure Band 26,false,true
V001869,C00210,2025-07-29,direct,P025,Daily Lamp 25,false,false
V001870,C00905,2025-03-16,social,P020,Essential Bag 20,false,false
V001871,C00041,2025-02-28,social,P002,Pure Band 02,false,false
V001872,C00743,2025-08-30,paid_search,P025,Daily Lamp 25,false,false
V001873,C00552,2025-01-18,organic_search,P011,Urban Bottle 11,false,false
V001874,C00809,2025-09-04,paid_search,P002,Pure Band 02,false,false
V001875,C00107,2025-06-25,email,P023,Calm Cream 23,true,false
V001876,C00555,2025-08-11,email,P014,Active Mat 14,false,false
V001877,C00062,2025-06-11,paid_search,P019,Urban Bottle 19,false,false
V001878,C00450,2025-02-03,email,P007,Calm Cream 07,false,false
V001879,C00870,2025-06-18,paid_search,P010,Pure Band 10,true,false
V001880,C00389,2025-07-27,social,P001,Daily Lamp 01,false,false
V001881,C00570,2025-09-27,paid_search,P016,Modern Serum 16,false,false
V001882,C00524,2025-11-05,direct,P003,Urban Bottle 03,false,false
V001883,C00699,2025-01-17,organic_search,P012,Essential Bag 12,true,false
V001884,C00833,2025-11-27,paid_search,P013,Bright Organizer 13,false,false
V001885,C00754,2025-12-11,organic_search,P005,Bright Organizer 05,false,false
V001886,C00686,2025-02-14,organic_search,P007,Calm Cream 07,false,false
V001887,C00203,2025-04-25,email,P019,Urban Bottle 19,false,false
V001888,C00133,2025-09-26,email,P006,Active Mat 06,false,false
V001889,C00058,2025-05-02,organic_search,P027,Urban Bottle 27,false,true
V001890,C00788,2025-12-20,referral,P027,Urban Bottle 27,true,false
V001891,C00190,2025-09-14,social,P012,Essential Bag 12,false,false
V001892,C00719,2025-02-24,organic_search,P008,Modern Serum 08,false,false
V001893,C00505,2025-02-08,paid_search,P015,Calm Cream 15,false,false
V001894,C00473,2025-09-30,email,P023,Calm Cream 23,false,false
V001895,C00020,2025-06-02,email,P011,Urban Bottle 11,true,false
V001896,C00098,2025-05-08,organic_search,P016,Modern Serum 16,false,false
V001897,C00355,2025-11-04,social,P013,Bright Organizer 13,false,true
V001898,C00940,2025-04-01,direct,P007,Calm Cream 07,false,true
V001899,C00922,2025-10-22,email,P014,Active Mat 14,true,false
V001900,C00277,2025-05-13,social,P020,Essential Bag 20,false,false
V001901,C00514,2025-12-09,social,P002,Pure Band 02,false,false
V001902,C00447,2025-05-18,referral,P027,Urban Bottle 27,false,false
V001903,C00011,2025-10-23,paid_search,P008,Modern Serum 08,false,false
V001904,C00324,2025-03-03,paid_search,P013,Bright Organizer 13,false,false
V001905,C00605,2025-09-10,referral,P025,Daily Lamp 25,false,false
V001906,C00253,2025-10-01,social,P011,Urban Bottle 11,false,false
V001907,C00566,2025-07-12,email,P017,Daily Lamp 17,false,false
V001908,C00995,2025-04-30,email,P012,Essential Bag 12,true,false
V001909,C00447,2025-05-31,social,P026,Pure Band 26,true,false
V001910,C00817,2025-04-27,organic_search,P013,Bright Organizer 13,false,false
V001911,C00810,2025-08-17,organic_search,P004,Essential Bag 04,false,false
V001912,C00613,2025-09-01,social,P028,Essential Bag 28,true,false
V001913,C00138,2025-05-05,social,P003,Urban Bottle 03,false,false
V001914,C00375,2025-05-03,organic_search,P025,Daily Lamp 25,true,true
V001915,C00689,2025-10-15,paid_search,P015,Calm Cream 15,false,false
V001916,C00425,2025-01-13,direct,P009,Daily Lamp 09,false,false
V001917,C00386,2025-02-04,social,P022,Active Mat 22,false,false
V001918,C00933,2025-04-15,social,P026,Pure Band 26,false,false
V001919,C00733,2025-07-05,paid_search,P002,Pure Band 02,false,false
V001920,C00344,2025-03-17,email,P010,Pure Band 10,false,false
V001921,C00136,2025-05-23,organic_search,P017,Daily Lamp 17,true,false
V001922,C00597,2025-04-22,direct,P029,Bright Organizer 29,false,false
V001923,C00991,2025-12-19,paid_search,P025,Daily Lamp 25,false,false
V001924,C00116,2025-05-14,organic_search,P011,Urban Bottle 11,false,false
V001925,C00322,2025-11-01,paid_search,P011,Urban Bottle 11,false,false
V001926,C00953,2025-06-29,email,P003,Urban Bottle 03,false,true
V001927,C00556,2025-06-01,paid_search,P028,Essential Bag 28,false,false
V001928,C00593,2025-04-01,organic_search,P028,Essential Bag 28,true,false
V001929,C00933,2025-03-16,organic_search,P023,Calm Cream 23,false,false
V001930,C00062,2025-03-28,organic_search,P014,Active Mat 14,false,false
V001931,C00426,2025-11-26,direct,P019,Urban Bottle 19,false,false
V001932,C00314,2025-08-14,social,P029,Bright Organizer 29,false,false
V001933,C00939,2025-04-02,social,P001,Daily Lamp 01,false,false
V001934,C00746,2025-08-29,organic_search,P018,Pure Band 18,false,false
V001935,C00116,2025-04-28,email,P007,Calm Cream 07,false,true
V001936,C00933,2025-05-28,paid_search,P006,Active Mat 06,false,false
V001937,C00952,2025-02-26,paid_search,P016,Modern Serum 16,false,false
V001938,C00903,2025-01-27,organic_search,P009,Daily Lamp 09,false,false
V001939,C00271,2025-02-26,paid_search,P030,Active Mat 30,false,false
V001940,C00386,2025-01-26,organic_search,P021,Bright Organizer 21,false,false
V001941,C00277,2025-06-26,social,P018,Pure Band 18,false,false
V001942,C00635,2025-11-07,organic_search,P025,Daily Lamp 25,true,true
V001943,C00273,2025-06-13,organic_search,P003,Urban Bottle 03,false,false
V001944,C00511,2025-04-05,referral,P018,Pure Band 18,false,false
V001945,C00112,2025-05-19,direct,P019,Urban Bottle 19,true,false
V001946,C00472,2025-07-07,organic_search,P023,Calm Cream 23,false,false
V001947,C00537,2025-07-05,organic_search,P014,Active Mat 14,true,false
V001948,C00071,2025-10-17,email,P027,Urban Bottle 27,true,false
V001949,C00543,2025-12-12,referral,P010,Pure Band 10,true,false
V001950,C00044,2025-04-24,organic_search,P002,Pure Band 02,false,false
V001951,C00789,2025-10-30,social,P007,Calm Cream 07,true,false
V001952,C00631,2025-06-23,organic_search,P025,Daily Lamp 25,false,false
V001953,C00499,2025-11-12,organic_search,P023,Calm Cream 23,false,false
V001954,C00894,2025-08-19,direct,P030,Active Mat 30,true,false
V001955,C00035,2025-08-17,paid_search,P025,Daily Lamp 25,false,false
V001956,C00849,2025-09-02,social,P013,Bright Organizer 13,false,false
V001957,C00765,2025-12-07,direct,P001,Daily Lamp 01,false,false
V001958,C00063,2025-01-21,direct,P019,Urban Bottle 19,false,false
V001959,C00421,2025-12-01,organic_search,P010,Pure Band 10,false,false
V001960,C00846,2025-03-22,organic_search,P001,Daily Lamp 01,false,false
V001961,C00497,2025-09-14,paid_search,P027,Urban Bottle 27,false,false
V001962,C00674,2025-12-08,social,P023,Calm Cream 23,false,false
V001963,C00470,2025-06-12,paid_search,P027,Urban Bottle 27,true,false
V001964,C00789,2025-07-30,social,P016,Modern Serum 16,false,false
V001965,C00224,2025-10-04,email,P007,Calm Cream 07,false,false
V001966,C00632,2025-02-27,paid_search,P011,Urban Bottle 11,false,false
V001967,C00809,2025-06-17,social,P008,Modern Serum 08,false,false
V001968,C00517,2025-01-11,referral,P006,Active Mat 06,false,false
V001969,C00215,2025-07-31,organic_search,P028,Essential Bag 28,false,false
V001970,C00606,2025-06-14,organic_search,P030,Active Mat 30,true,false
V001971,C00694,2025-10-10,direct,P007,Calm Cream 07,false,false
V001972,C00791,2025-01-20,paid_search,P026,Pure Band 26,false,false
V001973,C00371,2025-01-07,email,P029,Bright Organizer 29,false,false
V001974,C00814,2025-11-22,paid_search,P013,Bright Organizer 13,true,true
V001975,C00835,2025-09-07,paid_search,P019,Urban Bottle 19,true,true
V001976,C00610,2025-12-21,email,P005,Bright Organizer 05,true,true
V001977,C00438,2025-04-16,direct,P014,Active Mat 14,true,true
V001978,C00552,2025-06-15,organic_search,P030,Active Mat 30,true,true
V001979,C00134,2025-01-22,direct,P023,Calm Cream 23,false,true
V001980,C00685,2025-08-16,paid_search,P007,Calm Cream 07,false,false
V001981,C00105,2025-11-13,paid_search,P013,Bright Organizer 13,false,false
V001982,C00156,2025-12-27,email,P022,Active Mat 22,false,false
V001983,C00803,2025-01-20,referral,P016,Modern Serum 16,false,false
V001984,C00049,2025-11-27,referral,P030,Active Mat 30,false,false
V001985,C00114,2025-07-18,paid_search,P001,Daily Lamp 01,false,false
V001986,C00305,2025-01-12,organic_search,P028,Essential Bag 28,true,false
V001987,C00517,2025-06-04,paid_search,P016,Modern Serum 16,false,false
V001988,C00482,2025-09-22,social,P014,Active Mat 14,false,false
V001989,C00536,2025-04-05,organic_search,P003,Urban Bottle 03,false,false
V001990,C00489,2025-07-21,organic_search,P018,Pure Band 18,true,false
V001991,C00655,2025-02-17,organic_search,P023,Calm Cream 23,false,false
V001992,C00620,2025-10-20,social,P010,Pure Band 10,false,false
V001993,C00269,2025-04-30,paid_search,P016,Modern Serum 16,false,false
V001994,C00931,2025-02-27,organic_search,P005,Bright Organizer 05,false,false
V001995,C00628,2025-04-09,paid_search,P006,Active Mat 06,false,false
V001996,C00225,2025-07-23,social,P025,Daily Lamp 25,false,false
V001997,C00838,2025-01-23,referral,P027,Urban Bottle 27,false,false
V001998,C00802,2025-10-14,paid_search,P009,Daily Lamp 09,false,false
V001999,C00296,2025-08-21,direct,P017,Daily Lamp 17,true,false
V002000,C00954,2025-11-18,direct,P017,Daily Lamp 17,true,true
V002001,C00511,2025-05-07,email,P017,Daily Lamp 17,false,false
V002002,C00670,2025-05-02,direct,P023,Calm Cream 23,false,false
V002003,C00375,2025-11-02,paid_search,P007,Calm Cream 07,false,false
V002004,C00169,2025-01-20,paid_search,P009,Daily Lamp 09,false,false
V002005,C00249,2025-11-08,organic_search,P021,Bright Organizer 21,false,false
V002006,C00452,2025-04-23,organic_search,P019,Urban Bottle 19,false,false
V002007,C00745,2025-10-14,paid_search,P028,Essential Bag 28,true,false
V002008,C00509,2025-05-22,organic_search,P021,Bright Organizer 21,true,false
V002009,C00033,2025-12-04,organic_search,P014,Active Mat 14,false,false
V002010,C00584,2025-11-30,paid_search,P028,Essential Bag 28,false,false
V002011,C00483,2025-04-16,email,P006,Active Mat 06,false,false
V002012,C00870,2025-02-10,organic_search,P012,Essential Bag 12,false,false
V002013,C00634,2025-03-30,social,P016,Modern Serum 16,false,false
V002014,C00881,2025-06-21,organic_search,P023,Calm Cream 23,false,false
V002015,C00058,2025-05-09,organic_search,P012,Essential Bag 12,false,false
V002016,C00885,2025-07-02,email,P020,Essential Bag 20,false,false
V002017,C00703,2025-01-20,direct,P030,Active Mat 30,true,true
V002018,C00415,2025-10-07,organic_search,P016,Modern Serum 16,false,false
V002019,C00348,2025-03-04,direct,P022,Active Mat 22,false,true
V002020,C00322,2025-06-24,social,P030,Active Mat 30,false,false
V002021,C00516,2025-12-02,email,P008,Modern Serum 08,true,false
V002022,C00509,2025-03-15,referral,P024,Modern Serum 24,true,true
V002023,C00960,2025-01-22,direct,P003,Urban Bottle 03,false,false
V002024,C00495,2025-10-27,direct,P007,Calm Cream 07,false,false
V002025,C00359,2025-02-03,email,P014,Active Mat 14,false,false
V002026,C00063,2025-03-15,organic_search,P010,Pure Band 10,false,false
V002027,C00512,2025-01-23,organic_search,P016,Modern Serum 16,false,false
V002028,C00420,2025-02-18,organic_search,P007,Calm Cream 07,false,false
V002029,C00020,2025-02-23,organic_search,P001,Daily Lamp 01,true,false
V002030,C00931,2025-08-17,paid_search,P027,Urban Bottle 27,false,false
V002031,C00163,2025-07-18,email,P001,Daily Lamp 01,false,false
V002032,C00772,2025-09-27,organic_search,P009,Daily Lamp 09,true,false
V002033,C00811,2025-10-16,direct,P025,Daily Lamp 25,false,false
V002034,C00658,2025-12-23,organic_search,P010,Pure Band 10,false,false
V002035,C00882,2025-12-28,organic_search,P007,Calm Cream 07,false,false
V002036,C00480,2025-11-21,organic_search,P019,Urban Bottle 19,false,false
V002037,C00757,2025-06-19,paid_search,P027,Urban Bottle 27,false,false
V002038,C00434,2025-12-29,email,P007,Calm Cream 07,false,true
V002039,C00953,2025-12-27,paid_search,P007,Calm Cream 07,false,false
V002040,C00361,2025-01-14,organic_search,P010,Pure Band 10,false,false
V002041,C00729,2025-04-21,social,P009,Daily Lamp 09,false,false
V002042,C00555,2025-09-17,referral,P030,Active Mat 30,false,false
V002043,C00680,2025-09-03,email,P021,Bright Organizer 21,false,false
V002044,C00137,2025-09-21,referral,P009,Daily Lamp 09,false,false
V002045,C00559,2025-10-14,organic_search,P021,Bright Organizer 21,true,false
V002046,C00025,2025-04-06,organic_search,P026,Pure Band 26,false,false
V002047,C00274,2025-05-09,direct,P020,Essential Bag 20,false,false
V002048,C00334,2025-10-11,organic_search,P009,Daily Lamp 09,false,false
V002049,C00915,2025-01-11,direct,P023,Calm Cream 23,true,false
V002050,C00618,2025-11-09,social,P005,Bright Organizer 05,false,false
V002051,C00503,2025-09-20,email,P030,Active Mat 30,false,false
V002052,C00987,2025-01-13,referral,P009,Daily Lamp 09,false,false
V002053,C00193,2025-11-08,organic_search,P010,Pure Band 10,false,false
V002054,C00833,2025-01-04,organic_search,P010,Pure Band 10,false,false
V002055,C00939,2025-10-27,social,P026,Pure Band 26,true,true
V002056,C00450,2025-07-27,organic_search,P012,Essential Bag 12,false,false
V002057,C00010,2025-01-21,organic_search,P001,Daily Lamp 01,false,false
V002058,C00196,2025-07-31,email,P016,Modern Serum 16,false,false
V002059,C00279,2025-11-01,organic_search,P018,Pure Band 18,false,false
V002060,C00212,2025-10-31,social,P009,Daily Lamp 09,false,false
V002061,C00538,2025-01-18,direct,P017,Daily Lamp 17,true,false
V002062,C00855,2025-08-06,paid_search,P012,Essential Bag 12,true,false
V002063,C00420,2025-11-22,direct,P027,Urban Bottle 27,false,false
V002064,C00871,2025-09-06,organic_search,P027,Urban Bottle 27,true,true
V002065,C00102,2025-04-04,organic_search,P021,Bright Organizer 21,false,false
V002066,C00206,2025-11-27,social,P030,Active Mat 30,true,false
V002067,C00410,2025-08-30,email,P024,Modern Serum 24,false,false
V002068,C00973,2025-06-23,paid_search,P002,Pure Band 02,false,false
V002069,C00314,2025-07-24,organic_search,P014,Active Mat 14,true,false
V002070,C00278,2025-02-18,direct,P016,Modern Serum 16,false,false
V002071,C00899,2025-07-05,referral,P012,Essential Bag 12,false,false
V002072,C00602,2025-04-05,organic_search,P007,Calm Cream 07,false,true
V002073,C00501,2025-08-15,organic_search,P016,Modern Serum 16,true,true
V002074,C00656,2025-06-29,paid_search,P025,Daily Lamp 25,false,false
V002075,C00043,2025-12-08,direct,P009,Daily Lamp 09,false,false
V002076,C00310,2025-10-29,organic_search,P008,Modern Serum 08,false,false
V002077,C00347,2025-11-03,direct,P030,Active Mat 30,false,false
V002078,C00362,2025-09-20,paid_search,P021,Bright Organizer 21,true,false
V002079,C00702,2025-07-17,email,P016,Modern Serum 16,false,false
V002080,C00030,2025-07-01,organic_search,P002,Pure Band 02,false,false
V002081,C00753,2025-08-23,social,P027,Urban Bottle 27,false,false
V002082,C00150,2025-11-23,paid_search,P017,Daily Lamp 17,false,false
V002083,C00303,2025-07-17,organic_search,P007,Calm Cream 07,false,false
V002084,C00964,2025-08-07,direct,P012,Essential Bag 12,true,false
V002085,C00643,2025-02-02,direct,P023,Calm Cream 23,false,true
V002086,C00164,2025-02-23,social,P016,Modern Serum 16,false,true
V002087,C00219,2025-09-30,organic_search,P018,Pure Band 18,false,false
V002088,C00706,2025-02-27,direct,P015,Calm Cream 15,false,false
V002089,C00232,2025-02-25,direct,P001,Daily Lamp 01,false,false
V002090,C00712,2025-08-26,organic_search,P021,Bright Organizer 21,false,false
V002091,C00597,2025-08-31,referral,P002,Pure Band 02,false,false
V002092,C00831,2025-07-13,organic_search,P015,Calm Cream 15,false,false
V002093,C00853,2025-07-18,organic_search,P016,Modern Serum 16,false,false
V002094,C00822,2025-03-07,paid_search,P020,Essential Bag 20,true,false
V002095,C00073,2025-06-12,social,P008,Modern Serum 08,false,false
V002096,C00606,2025-10-30,email,P002,Pure Band 02,false,false
V002097,C00341,2025-01-29,paid_search,P002,Pure Band 02,true,false
V002098,C00652,2025-02-14,organic_search,P002,Pure Band 02,false,false
V002099,C00297,2025-09-01,paid_search,P008,Modern Serum 08,false,false
V002100,C00506,2025-05-25,paid_search,P024,Modern Serum 24,false,false
V002101,C00041,2025-05-27,social,P002,Pure Band 02,true,true
V002102,C00663,2025-05-05,direct,P003,Urban Bottle 03,false,false
V002103,C00877,2025-03-06,social,P030,Active Mat 30,false,false
V002104,C00325,2025-04-25,email,P002,Pure Band 02,true,false
V002105,C00882,2025-02-22,social,P027,Urban Bottle 27,false,false
V002106,C00084,2025-11-18,organic_search,P021,Bright Organizer 21,false,false
V002107,C00919,2025-08-06,paid_search,P011,Urban Bottle 11,false,false
V002108,C00951,2025-09-26,direct,P025,Daily Lamp 25,false,false
V002109,C00861,2025-09-10,social,P009,Daily Lamp 09,false,false
V002110,C00047,2025-02-11,organic_search,P002,Pure Band 02,false,false
V002111,C00006,2025-10-22,organic_search,P003,Urban Bottle 03,false,false
V002112,C00664,2025-12-06,email,P006,Active Mat 06,false,false
V002113,C00519,2025-01-25,direct,P001,Daily Lamp 01,false,false
V002114,C00492,2025-02-06,organic_search,P012,Essential Bag 12,false,false
V002115,C00175,2025-01-27,organic_search,P018,Pure Band 18,false,false
V002116,C00565,2025-01-19,social,P018,Pure Band 18,false,false
V002117,C00834,2025-10-24,email,P003,Urban Bottle 03,false,false
V002118,C00853,2025-08-14,direct,P016,Modern Serum 16,false,false
V002119,C00795,2025-11-22,paid_search,P018,Pure Band 18,false,false
V002120,C00273,2025-06-20,organic_search,P010,Pure Band 10,false,false
V002121,C00389,2025-02-04,organic_search,P018,Pure Band 18,false,false
V002122,C00006,2025-07-07,email,P018,Pure Band 18,false,false
V002123,C00127,2025-09-03,paid_search,P023,Calm Cream 23,true,false
V002124,C00745,2025-02-08,direct,P014,Active Mat 14,false,false
V002125,C00216,2025-07-20,email,P025,Daily Lamp 25,false,false
V002126,C00166,2025-04-24,direct,P007,Calm Cream 07,false,false
V002127,C00799,2025-07-13,direct,P020,Essential Bag 20,false,false
V002128,C00942,2025-08-10,paid_search,P010,Pure Band 10,false,false
V002129,C00172,2025-03-11,organic_search,P011,Urban Bottle 11,false,false
V002130,C00394,2025-08-22,organic_search,P005,Bright Organizer 05,false,false
V002131,C00267,2025-11-06,social,P016,Modern Serum 16,false,false
V002132,C00605,2025-10-24,social,P002,Pure Band 02,false,false
V002133,C00430,2025-12-19,social,P027,Urban Bottle 27,false,false
V002134,C00976,2025-03-27,direct,P018,Pure Band 18,false,false
V002135,C00046,2025-03-07,organic_search,P008,Modern Serum 08,false,true
V002136,C00918,2025-02-14,email,P008,Modern Serum 08,false,false
V002137,C00693,2025-03-09,organic_search,P003,Urban Bottle 03,false,false
V002138,C00203,2025-02-25,email,P008,Modern Serum 08,true,false
V002139,C00673,2025-01-12,social,P011,Urban Bottle 11,false,false
V002140,C00294,2025-08-09,paid_search,P017,Daily Lamp 17,true,true
V002141,C00144,2025-02-21,direct,P028,Essential Bag 28,false,false
V002142,C00327,2025-08-04,organic_search,P005,Bright Organizer 05,false,false
V002143,C00171,2025-11-04,referral,P026,Pure Band 26,false,false
V002144,C00838,2025-09-24,direct,P024,Modern Serum 24,true,true
V002145,C00348,2025-03-05,direct,P002,Pure Band 02,false,false
V002146,C00720,2025-09-01,organic_search,P023,Calm Cream 23,false,false
V002147,C00857,2025-02-14,referral,P006,Active Mat 06,false,false
V002148,C00125,2025-03-01,direct,P023,Calm Cream 23,false,false
V002149,C00043,2025-10-04,direct,P021,Bright Organizer 21,false,false
V002150,C00869,2025-02-22,organic_search,P012,Essential Bag 12,false,false
V002151,C00848,2025-11-05,organic_search,P014,Active Mat 14,false,false
V002152,C00342,2025-08-30,direct,P004,Essential Bag 04,true,false
V002153,C00570,2025-11-12,organic_search,P009,Daily Lamp 09,true,false
V002154,C00730,2025-03-26,social,P022,Active Mat 22,false,false
V002155,C00051,2025-09-24,direct,P013,Bright Organizer 13,false,false
V002156,C00895,2025-02-28,organic_search,P025,Daily Lamp 25,true,false
V002157,C00952,2025-09-18,paid_search,P004,Essential Bag 04,true,true
V002158,C00664,2025-05-29,direct,P030,Active Mat 30,true,true
V002159,C00237,2025-11-02,organic_search,P013,Bright Organizer 13,false,false
V002160,C00729,2025-03-29,social,P018,Pure Band 18,false,false
V002161,C00884,2025-10-21,email,P003,Urban Bottle 03,true,false
V002162,C00695,2025-10-23,social,P012,Essential Bag 12,false,false
V002163,C00738,2025-05-05,direct,P003,Urban Bottle 03,false,false
V002164,C00309,2025-08-03,email,P014,Active Mat 14,false,false
V002165,C00737,2025-02-20,direct,P005,Bright Organizer 05,false,false
V002166,C00116,2025-06-10,organic_search,P004,Essential Bag 04,false,false
V002167,C00667,2025-02-06,social,P024,Modern Serum 24,false,false
V002168,C00873,2025-01-02,paid_search,P023,Calm Cream 23,false,false
V002169,C00700,2025-01-28,social,P012,Essential Bag 12,false,false
V002170,C00040,2025-03-12,paid_search,P030,Active Mat 30,true,false
V002171,C00876,2025-09-05,direct,P027,Urban Bottle 27,false,false
V002172,C00033,2025-02-26,paid_search,P018,Pure Band 18,false,false
V002173,C00035,2025-07-02,direct,P026,Pure Band 26,false,false
V002174,C00199,2025-07-06,email,P010,Pure Band 10,false,false
V002175,C00286,2025-09-06,paid_search,P011,Urban Bottle 11,true,true
V002176,C00388,2025-01-09,direct,P026,Pure Band 26,true,false
V002177,C00635,2025-03-17,organic_search,P020,Essential Bag 20,false,false
V002178,C00922,2025-06-30,organic_search,P005,Bright Organizer 05,false,false
V002179,C00149,2025-12-27,direct,P026,Pure Band 26,false,false
V002180,C00752,2025-06-26,direct,P024,Modern Serum 24,false,false
V002181,C00711,2025-08-14,organic_search,P001,Daily Lamp 01,true,false
V002182,C00751,2025-05-27,organic_search,P006,Active Mat 06,false,false
V002183,C00454,2025-07-05,paid_search,P027,Urban Bottle 27,false,false
V002184,C00917,2025-05-01,organic_search,P018,Pure Band 18,false,false
V002185,C00909,2025-05-01,email,P023,Calm Cream 23,false,false
V002186,C00292,2025-06-13,email,P022,Active Mat 22,false,true
V002187,C00836,2025-06-10,social,P026,Pure Band 26,false,false
V002188,C00649,2025-09-07,organic_search,P017,Daily Lamp 17,false,false
V002189,C00391,2025-11-05,paid_search,P026,Pure Band 26,false,false
V002190,C00138,2025-12-23,paid_search,P007,Calm Cream 07,false,false
V002191,C00707,2025-01-12,email,P019,Urban Bottle 19,false,false
V002192,C00682,2025-12-23,organic_search,P012,Essential Bag 12,false,false
V002193,C00342,2025-01-15,social,P005,Bright Organizer 05,true,true
V002194,C00502,2025-04-17,paid_search,P001,Daily Lamp 01,true,false
V002195,C00997,2025-10-04,social,P001,Daily Lamp 01,true,false
V002196,C00056,2025-02-12,email,P006,Active Mat 06,false,false
V002197,C00969,2025-02-01,paid_search,P004,Essential Bag 04,false,false
V002198,C00474,2025-11-19,email,P028,Essential Bag 28,false,false
V002199,C00302,2025-09-13,paid_search,P016,Modern Serum 16,false,false
V002200,C00870,2025-06-28,organic_search,P030,Active Mat 30,false,false
V002201,C00072,2025-01-30,paid_search,P016,Modern Serum 16,true,false
V002202,C00289,2025-08-24,direct,P023,Calm Cream 23,true,true
V002203,C00514,2025-03-30,social,P019,Urban Bottle 19,false,false
V002204,C00497,2025-08-12,social,P014,Active Mat 14,false,false
V002205,C00024,2025-02-27,email,P018,Pure Band 18,false,false
V002206,C00719,2025-01-05,social,P012,Essential Bag 12,false,false
V002207,C00118,2025-12-08,email,P008,Modern Serum 08,false,false
V002208,C00551,2025-10-10,social,P001,Daily Lamp 01,false,false
V002209,C00005,2025-06-11,organic_search,P007,Calm Cream 07,false,false
V002210,C00482,2025-10-15,paid_search,P029,Bright Organizer 29,true,false
V002211,C00072,2025-12-06,organic_search,P007,Calm Cream 07,false,false
V002212,C00267,2025-04-13,email,P016,Modern Serum 16,false,false
V002213,C00494,2025-06-02,direct,P016,Modern Serum 16,false,false
V002214,C00352,2025-12-28,social,P020,Essential Bag 20,false,false
V002215,C00449,2025-05-01,organic_search,P014,Active Mat 14,true,false
V002216,C00798,2025-09-29,social,P025,Daily Lamp 25,false,false
V002217,C00901,2025-06-13,email,P010,Pure Band 10,false,false
V002218,C00303,2025-04-15,referral,P012,Essential Bag 12,false,false
V002219,C00157,2025-06-26,direct,P026,Pure Band 26,false,false
V002220,C00404,2025-09-21,paid_search,P020,Essential Bag 20,false,false
V002221,C00859,2025-09-09,social,P006,Active Mat 06,false,false
V002222,C00689,2025-06-05,direct,P012,Essential Bag 12,false,false
V002223,C00304,2025-03-20,paid_search,P013,Bright Organizer 13,false,false
V002224,C00377,2025-07-29,organic_search,P003,Urban Bottle 03,false,true
V002225,C00688,2025-08-13,social,P014,Active Mat 14,false,false
V002226,C00164,2025-03-21,organic_search,P019,Urban Bottle 19,false,false
V002227,C00959,2025-01-29,email,P004,Essential Bag 04,true,false
V002228,C00376,2025-01-15,paid_search,P027,Urban Bottle 27,true,false
V002229,C00786,2025-01-17,paid_search,P012,Essential Bag 12,false,false
V002230,C00472,2025-10-21,email,P012,Essential Bag 12,false,true
V002231,C00005,2025-11-12,organic_search,P017,Daily Lamp 17,false,false
V002232,C00596,2025-08-05,paid_search,P013,Bright Organizer 13,false,false
V002233,C00195,2025-07-26,organic_search,P024,Modern Serum 24,false,false
V002234,C00743,2025-02-13,social,P016,Modern Serum 16,true,false
V002235,C00585,2025-08-16,social,P029,Bright Organizer 29,false,false
V002236,C00536,2025-03-31,organic_search,P030,Active Mat 30,false,false
V002237,C00292,2025-05-01,organic_search,P001,Daily Lamp 01,false,false
V002238,C00375,2025-02-18,organic_search,P021,Bright Organizer 21,false,false
V002239,C00045,2025-04-16,direct,P010,Pure Band 10,false,false
V002240,C00150,2025-02-15,organic_search,P022,Active Mat 22,false,false
V002241,C00047,2025-04-19,paid_search,P005,Bright Organizer 05,false,false
V002242,C00349,2025-09-18,paid_search,P011,Urban Bottle 11,false,false
V002243,C00662,2025-03-17,social,P019,Urban Bottle 19,false,false
V002244,C00235,2025-04-27,email,P026,Pure Band 26,false,false
V002245,C00885,2025-07-10,paid_search,P020,Essential Bag 20,false,false
V002246,C00713,2025-03-29,direct,P023,Calm Cream 23,false,false
V002247,C00710,2025-02-26,organic_search,P009,Daily Lamp 09,false,false
V002248,C00233,2025-03-14,email,P022,Active Mat 22,false,false
V002249,C00832,2025-09-03,paid_search,P020,Essential Bag 20,false,false
V002250,C00984,2025-07-09,organic_search,P025,Daily Lamp 25,false,false
V002251,C00890,2025-10-24,social,P007,Calm Cream 07,false,false
V002252,C00015,2025-07-14,email,P003,Urban Bottle 03,false,false
V002253,C00109,2025-08-25,social,P019,Urban Bottle 19,false,false
V002254,C00938,2025-02-20,paid_search,P007,Calm Cream 07,false,false
V002255,C00093,2025-01-10,social,P016,Modern Serum 16,false,false
V002256,C00084,2025-01-15,organic_search,P018,Pure Band 18,false,false
V002257,C00354,2025-01-14,email,P007,Calm Cream 07,false,false
V002258,C00188,2025-09-26,paid_search,P007,Calm Cream 07,false,false
V002259,C00480,2025-11-29,organic_search,P023,Calm Cream 23,false,false
V002260,C00407,2025-05-03,paid_search,P014,Active Mat 14,false,false
V002261,C00410,2025-01-26,direct,P023,Calm Cream 23,false,true
V002262,C00934,2025-09-11,organic_search,P013,Bright Organizer 13,false,false
V002263,C00770,2025-11-09,paid_search,P008,Modern Serum 08,true,true
V002264,C00195,2025-10-27,direct,P005,Bright Organizer 05,false,false
V002265,C00101,2025-11-06,direct,P005,Bright Organizer 05,false,false
V002266,C00974,2025-04-26,social,P023,Calm Cream 23,true,false
V002267,C00165,2025-01-03,paid_search,P019,Urban Bottle 19,false,false
V002268,C00793,2025-09-24,organic_search,P024,Modern Serum 24,false,false
V002269,C00287,2025-02-28,organic_search,P019,Urban Bottle 19,false,false
V002270,C00591,2025-10-16,organic_search,P028,Essential Bag 28,false,false
V002271,C00119,2025-12-12,referral,P014,Active Mat 14,false,false
V002272,C00749,2025-01-21,paid_search,P003,Urban Bottle 03,false,false
V002273,C00427,2025-12-05,organic_search,P016,Modern Serum 16,false,false
V002274,C00780,2025-04-02,organic_search,P025,Daily Lamp 25,false,false
V002275,C00466,2025-03-04,paid_search,P024,Modern Serum 24,true,false
V002276,C00040,2025-05-18,direct,P008,Modern Serum 08,false,false
V002277,C00953,2025-05-07,social,P020,Essential Bag 20,false,true
V002278,C00071,2025-03-09,social,P015,Calm Cream 15,false,false
V002279,C00101,2025-08-29,social,P004,Essential Bag 04,false,true
V002280,C00036,2025-01-28,paid_search,P003,Urban Bottle 03,false,false
V002281,C00521,2025-05-21,email,P011,Urban Bottle 11,false,false
V002282,C00700,2025-08-18,email,P029,Bright Organizer 29,true,false
V002283,C00151,2025-01-09,email,P013,Bright Organizer 13,false,false
V002284,C00814,2025-02-18,direct,P021,Bright Organizer 21,false,false
V002285,C00266,2025-01-21,paid_search,P006,Active Mat 06,true,false
V002286,C00423,2025-06-01,email,P018,Pure Band 18,false,false
V002287,C00048,2025-07-29,organic_search,P030,Active Mat 30,false,false
V002288,C00762,2025-03-15,organic_search,P023,Calm Cream 23,false,false
V002289,C00346,2025-11-29,referral,P004,Essential Bag 04,false,false
V002290,C00970,2025-05-09,email,P008,Modern Serum 08,false,false
V002291,C00362,2025-05-05,organic_search,P004,Essential Bag 04,true,false
V002292,C00479,2025-07-18,organic_search,P003,Urban Bottle 03,false,false
V002293,C00836,2025-09-07,direct,P029,Bright Organizer 29,true,false
V002294,C00349,2025-11-14,direct,P008,Modern Serum 08,false,false
V002295,C00880,2025-04-04,direct,P024,Modern Serum 24,false,false
V002296,C00060,2025-01-13,email,P002,Pure Band 02,false,true
V002297,C00954,2025-11-19,direct,P023,Calm Cream 23,false,false
V002298,C00489,2025-01-27,paid_search,P016,Modern Serum 16,false,false
V002299,C00807,2025-11-29,organic_search,P023,Calm Cream 23,false,false
V002300,C00574,2025-07-24,email,P005,Bright Organizer 05,false,false
V002301,C00365,2025-05-13,organic_search,P012,Essential Bag 12,false,false
V002302,C00228,2025-01-20,paid_search,P003,Urban Bottle 03,false,false
V002303,C00532,2025-05-30,social,P009,Daily Lamp 09,false,false
V002304,C00660,2025-12-08,organic_search,P025,Daily Lamp 25,false,false
V002305,C00690,2025-03-07,social,P017,Daily Lamp 17,false,false
V002306,C00852,2025-08-09,direct,P021,Bright Organizer 21,false,false
V002307,C00842,2025-10-25,organic_search,P019,Urban Bottle 19,false,false
V002308,C00763,2025-01-06,direct,P018,Pure Band 18,true,false
V002309,C00419,2025-05-30,social,P014,Active Mat 14,false,false
V002310,C00559,2025-04-13,organic_search,P001,Daily Lamp 01,true,true
V002311,C00091,2025-07-07,organic_search,P028,Essential Bag 28,false,false
V002312,C00540,2025-09-23,direct,P004,Essential Bag 04,true,false
V002313,C00235,2025-11-01,email,P028,Essential Bag 28,true,false
V002314,C00838,2025-07-31,email,P005,Bright Organizer 05,false,false
V002315,C00348,2025-11-14,paid_search,P023,Calm Cream 23,false,false
V002316,C00054,2025-12-29,referral,P012,Essential Bag 12,false,false
V002317,C00082,2025-05-10,direct,P014,Active Mat 14,false,false
V002318,C00230,2025-04-24,direct,P023,Calm Cream 23,false,false
V002319,C00840,2025-12-03,paid_search,P014,Active Mat 14,true,false
V002320,C00082,2025-01-06,organic_search,P026,Pure Band 26,false,true
V002321,C00043,2025-01-09,direct,P006,Active Mat 06,true,false
V002322,C00026,2025-04-16,organic_search,P019,Urban Bottle 19,true,true
V002323,C00680,2025-04-05,social,P022,Active Mat 22,false,false
V002324,C00917,2025-07-27,social,P025,Daily Lamp 25,false,false
V002325,C00849,2025-04-20,social,P020,Essential Bag 20,false,false
V002326,C00357,2025-08-07,organic_search,P027,Urban Bottle 27,false,true
V002327,C00283,2025-04-03,organic_search,P004,Essential Bag 04,false,false
V002328,C00908,2025-05-14,organic_search,P010,Pure Band 10,true,false
V002329,C00242,2025-11-15,paid_search,P013,Bright Organizer 13,true,false
V002330,C00689,2025-09-09,organic_search,P006,Active Mat 06,true,true
V002331,C00742,2025-06-02,organic_search,P022,Active Mat 22,true,false
V002332,C00222,2025-05-26,direct,P018,Pure Band 18,false,false
V002333,C00202,2025-06-01,organic_search,P006,Active Mat 06,false,false
V002334,C00779,2025-10-21,email,P010,Pure Band 10,false,false
V002335,C00226,2025-11-26,paid_search,P006,Active Mat 06,true,false
V002336,C00560,2025-06-06,organic_search,P022,Active Mat 22,false,false
V002337,C00628,2025-11-28,social,P006,Active Mat 06,true,true
V002338,C00625,2025-01-24,organic_search,P011,Urban Bottle 11,true,false
V002339,C00767,2025-08-30,paid_search,P009,Daily Lamp 09,false,false
V002340,C00836,2025-02-08,organic_search,P030,Active Mat 30,false,false
V002341,C00396,2025-08-10,email,P011,Urban Bottle 11,false,false
V002342,C00060,2025-07-10,direct,P006,Active Mat 06,false,false
V002343,C00079,2025-01-07,email,P028,Essential Bag 28,false,false
V002344,C00425,2025-04-10,direct,P007,Calm Cream 07,false,false
V002345,C00061,2025-11-17,paid_search,P027,Urban Bottle 27,false,false
V002346,C00561,2025-02-17,social,P004,Essential Bag 04,false,false
V002347,C00052,2025-07-16,organic_search,P025,Daily Lamp 25,false,false
V002348,C00706,2025-03-30,organic_search,P013,Bright Organizer 13,false,false
V002349,C00944,2025-02-19,organic_search,P002,Pure Band 02,false,false
V002350,C00309,2025-10-04,paid_search,P016,Modern Serum 16,false,false
V002351,C00712,2025-02-02,organic_search,P030,Active Mat 30,false,false
V002352,C00255,2025-02-20,social,P030,Active Mat 30,false,false
V002353,C00852,2025-09-22,organic_search,P025,Daily Lamp 25,false,false
V002354,C00470,2025-07-14,organic_search,P030,Active Mat 30,false,false
V002355,C00641,2025-05-30,organic_search,P010,Pure Band 10,false,false
V002356,C00816,2025-11-03,social,P015,Calm Cream 15,false,false
V002357,C00135,2025-12-15,organic_search,P028,Essential Bag 28,false,false
V002358,C00649,2025-03-31,direct,P028,Essential Bag 28,false,false
V002359,C00826,2025-01-03,referral,P029,Bright Organizer 29,false,false
V002360,C00827,2025-04-08,email,P003,Urban Bottle 03,false,false
V002361,C00541,2025-06-01,organic_search,P025,Daily Lamp 25,true,true
V002362,C00546,2025-08-18,organic_search,P019,Urban Bottle 19,false,false
V002363,C00405,2025-05-19,social,P009,Daily Lamp 09,false,false
V002364,C00413,2025-10-25,paid_search,P007,Calm Cream 07,true,true
V002365,C00705,2025-09-18,referral,P024,Modern Serum 24,false,true
V002366,C00003,2025-07-09,organic_search,P028,Essential Bag 28,false,false
V002367,C00245,2025-09-22,direct,P028,Essential Bag 28,false,false
V002368,C00114,2025-05-18,direct,P027,Urban Bottle 27,false,true
V002369,C00848,2025-08-13,social,P008,Modern Serum 08,false,false
V002370,C00501,2025-03-05,email,P009,Daily Lamp 09,true,true
V002371,C00921,2025-10-30,organic_search,P019,Urban Bottle 19,false,true
V002372,C00112,2025-05-07,paid_search,P011,Urban Bottle 11,false,false
V002373,C00346,2025-09-04,organic_search,P029,Bright Organizer 29,false,false
V002374,C00661,2025-03-10,social,P029,Bright Organizer 29,false,false
V002375,C00739,2025-08-18,email,P030,Active Mat 30,false,false
V002376,C00102,2025-05-03,organic_search,P010,Pure Band 10,true,false
V002377,C00063,2025-11-19,organic_search,P008,Modern Serum 08,false,false
V002378,C00597,2025-06-01,paid_search,P017,Daily Lamp 17,false,false
V002379,C00360,2025-10-10,paid_search,P004,Essential Bag 04,false,false
V002380,C00965,2025-02-12,direct,P028,Essential Bag 28,false,false
V002381,C00740,2025-09-12,paid_search,P016,Modern Serum 16,true,false
V002382,C00841,2025-11-25,paid_search,P004,Essential Bag 04,false,false
V002383,C00221,2025-04-22,social,P001,Daily Lamp 01,false,false
V002384,C00311,2025-03-23,paid_search,P030,Active Mat 30,false,false
V002385,C00974,2025-09-05,social,P007,Calm Cream 07,false,false
V002386,C00163,2025-03-30,organic_search,P025,Daily Lamp 25,false,true
V002387,C00530,2025-09-26,paid_search,P015,Calm Cream 15,false,false
V002388,C00684,2025-10-03,social,P007,Calm Cream 07,false,false
V002389,C00612,2025-04-01,direct,P010,Pure Band 10,false,false
V002390,C00751,2025-10-27,direct,P005,Bright Organizer 05,true,false
V002391,C00998,2025-10-09,referral,P027,Urban Bottle 27,true,false
V002392,C00923,2025-09-01,paid_search,P014,Active Mat 14,false,false
V002393,C00117,2025-03-28,social,P018,Pure Band 18,false,false
V002394,C00143,2025-06-16,social,P017,Daily Lamp 17,false,false
V002395,C00427,2025-11-20,social,P025,Daily Lamp 25,false,false
V002396,C00972,2025-09-28,organic_search,P007,Calm Cream 07,false,false
V002397,C00665,2025-06-22,organic_search,P029,Bright Organizer 29,true,false
V002398,C00103,2025-11-25,referral,P014,Active Mat 14,false,false
V002399,C00735,2025-05-03,direct,P013,Bright Organizer 13,false,false
V002400,C00014,2025-02-17,social,P003,Urban Bottle 03,false,false
V002401,C00796,2025-08-30,organic_search,P012,Essential Bag 12,false,false
V002402,C00208,2025-06-10,organic_search,P030,Active Mat 30,true,false
V002403,C00305,2025-10-01,organic_search,P020,Essential Bag 20,false,false
V002404,C00704,2025-06-05,organic_search,P016,Modern Serum 16,true,false
V002405,C00896,2025-05-23,organic_search,P003,Urban Bottle 03,true,true
V002406,C00569,2025-05-26,organic_search,P018,Pure Band 18,false,false
V002407,C00834,2025-06-06,social,P006,Active Mat 06,false,false
V002408,C00430,2025-06-25,email,P008,Modern Serum 08,false,false
V002409,C00888,2025-09-11,email,P001,Daily Lamp 01,true,false
V002410,C00158,2025-12-02,social,P005,Bright Organizer 05,false,false
V002411,C00962,2025-03-10,social,P028,Essential Bag 28,false,false
V002412,C00280,2025-12-15,organic_search,P015,Calm Cream 15,true,true
V002413,C00880,2025-06-24,direct,P024,Modern Serum 24,true,false
V002414,C00593,2025-08-22,direct,P013,Bright Organizer 13,false,false
V002415,C00563,2025-02-12,paid_search,P029,Bright Organizer 29,false,true
V002416,C00187,2025-11-10,email,P007,Calm Cream 07,false,false
V002417,C00765,2025-03-04,social,P007,Calm Cream 07,false,false
V002418,C00282,2025-11-03,direct,P023,Calm Cream 23,false,false
V002419,C00603,2025-02-14,social,P008,Modern Serum 08,false,false
V002420,C00488,2025-11-23,paid_search,P005,Bright Organizer 05,false,false
V002421,C00848,2025-05-05,paid_search,P005,Bright Organizer 05,false,false
V002422,C00959,2025-07-30,paid_search,P020,Essential Bag 20,false,false
V002423,C00647,2025-08-27,referral,P022,Active Mat 22,false,false
V002424,C00724,2025-03-14,social,P007,Calm Cream 07,true,false
V002425,C00138,2025-12-12,organic_search,P001,Daily Lamp 01,false,false
V002426,C00570,2025-03-06,organic_search,P026,Pure Band 26,false,false
V002427,C00318,2025-06-01,paid_search,P029,Bright Organizer 29,false,true
V002428,C00642,2025-03-10,referral,P010,Pure Band 10,false,false
V002429,C00101,2025-03-11,paid_search,P021,Bright Organizer 21,false,false
V002430,C00748,2025-01-27,organic_search,P014,Active Mat 14,false,false
V002431,C00824,2025-01-16,direct,P020,Essential Bag 20,false,true
V002432,C00556,2025-02-01,organic_search,P016,Modern Serum 16,true,true
V002433,C00980,2025-02-16,paid_search,P026,Pure Band 26,false,true
V002434,C00786,2025-03-30,organic_search,P021,Bright Organizer 21,false,false
V002435,C00367,2025-04-11,organic_search,P001,Daily Lamp 01,false,false
V002436,C00293,2025-09-10,organic_search,P014,Active Mat 14,true,false
V002437,C00715,2025-03-31,paid_search,P015,Calm Cream 15,true,false
V002438,C00605,2025-01-26,paid_search,P008,Modern Serum 08,false,false
V002439,C00652,2025-09-03,paid_search,P030,Active Mat 30,false,false
V002440,C00632,2025-07-14,social,P027,Urban Bottle 27,false,false
V002441,C00226,2025-07-26,social,P004,Essential Bag 04,false,false
V002442,C00196,2025-02-22,social,P005,Bright Organizer 05,false,false
V002443,C00928,2025-12-04,social,P010,Pure Band 10,false,false
V002444,C00097,2025-09-13,email,P025,Daily Lamp 25,false,true
V002445,C00896,2025-04-16,organic_search,P004,Essential Bag 04,true,false
V002446,C00119,2025-02-25,direct,P019,Urban Bottle 19,true,false
V002447,C00173,2025-09-13,social,P028,Essential Bag 28,false,false
V002448,C00834,2025-04-09,organic_search,P012,Essential Bag 12,true,false
V002449,C00212,2025-11-15,social,P017,Daily Lamp 17,false,false
V002450,C00102,2025-07-26,organic_search,P003,Urban Bottle 03,false,false
V002451,C00594,2025-07-25,paid_search,P006,Active Mat 06,false,true
V002452,C00652,2025-09-11,social,P018,Pure Band 18,false,false
V002453,C00705,2025-01-15,social,P011,Urban Bottle 11,false,false
V002454,C00799,2025-03-01,social,P007,Calm Cream 07,false,false
V002455,C00958,2025-10-25,organic_search,P010,Pure Band 10,false,false
V002456,C00249,2025-07-16,paid_search,P029,Bright Organizer 29,false,false
V002457,C00355,2025-03-29,social,P018,Pure Band 18,false,false
V002458,C00454,2025-10-12,email,P002,Pure Band 02,false,false
V002459,C00542,2025-08-26,social,P013,Bright Organizer 13,false,false
V002460,C00466,2025-03-18,paid_search,P006,Active Mat 06,false,false
V002461,C00841,2025-08-29,paid_search,P014,Active Mat 14,false,false
V002462,C00639,2025-04-01,organic_search,P011,Urban Bottle 11,false,false
V002463,C00778,2025-06-11,social,P014,Active Mat 14,false,false
V002464,C00238,2025-03-26,organic_search,P025,Daily Lamp 25,false,false
V002465,C00719,2025-06-14,email,P026,Pure Band 26,false,true
V002466,C00458,2025-03-29,social,P023,Calm Cream 23,true,false
V002467,C00630,2025-08-12,direct,P026,Pure Band 26,false,false
V002468,C00426,2025-09-15,email,P019,Urban Bottle 19,false,false
V002469,C00686,2025-04-23,direct,P011,Urban Bottle 11,false,false
V002470,C00083,2025-12-14,direct,P001,Daily Lamp 01,false,true
V002471,C00842,2025-04-24,direct,P023,Calm Cream 23,false,false
V002472,C00985,2025-05-12,email,P024,Modern Serum 24,false,true
V002473,C00258,2025-01-07,organic_search,P004,Essential Bag 04,false,false
V002474,C00674,2025-05-27,social,P025,Daily Lamp 25,false,false
V002475,C00991,2025-10-29,paid_search,P015,Calm Cream 15,false,false
V002476,C00917,2025-05-20,social,P019,Urban Bottle 19,false,false
V002477,C00489,2025-03-12,organic_search,P006,Active Mat 06,false,false
V002478,C00134,2025-04-29,direct,P001,Daily Lamp 01,false,false
V002479,C00160,2025-08-01,email,P029,Bright Organizer 29,false,false
V002480,C00298,2025-03-10,social,P019,Urban Bottle 19,true,false
V002481,C00225,2025-04-07,paid_search,P015,Calm Cream 15,true,false
V002482,C00527,2025-05-11,organic_search,P011,Urban Bottle 11,false,false
V002483,C00153,2025-01-20,direct,P029,Bright Organizer 29,false,false
V002484,C00866,2025-10-27,direct,P009,Daily Lamp 09,false,false
V002485,C00194,2025-10-16,organic_search,P021,Bright Organizer 21,false,false
V002486,C00392,2025-01-06,organic_search,P026,Pure Band 26,true,false
V002487,C00615,2025-10-16,social,P019,Urban Bottle 19,true,false
V002488,C00365,2025-09-27,organic_search,P006,Active Mat 06,false,false
V002489,C00232,2025-01-12,organic_search,P002,Pure Band 02,false,false
V002490,C00764,2025-02-02,organic_search,P002,Pure Band 02,false,false
V002491,C00560,2025-04-25,social,P011,Urban Bottle 11,false,false
V002492,C00204,2025-06-27,email,P029,Bright Organizer 29,false,false
V002493,C00884,2025-04-16,direct,P013,Bright Organizer 13,false,false
V002494,C00922,2025-05-17,social,P013,Bright Organizer 13,false,false
V002495,C00649,2025-05-11,organic_search,P005,Bright Organizer 05,false,false
V002496,C00853,2025-01-13,social,P025,Daily Lamp 25,true,false
V002497,C00774,2025-06-25,organic_search,P007,Calm Cream 07,false,false
V002498,C00909,2025-02-27,organic_search,P023,Calm Cream 23,false,false
V002499,C00491,2025-05-17,organic_search,P027,Urban Bottle 27,true,false
V002500,C00776,2025-08-30,direct,P017,Daily Lamp 17,false,false
V002501,C00164,2025-01-15,social,P024,Modern Serum 24,true,true
V002502,C00698,2025-05-31,social,P028,Essential Bag 28,false,false
V002503,C00195,2025-06-07,social,P004,Essential Bag 04,false,false
V002504,C00207,2025-08-27,organic_search,P016,Modern Serum 16,false,false
V002505,C00717,2025-05-13,paid_search,P006,Active Mat 06,false,false
V002506,C00847,2025-09-23,social,P003,Urban Bottle 03,false,false
V002507,C00873,2025-07-11,email,P007,Calm Cream 07,false,false
V002508,C00730,2025-01-16,email,P020,Essential Bag 20,false,false
V002509,C00729,2025-04-02,referral,P015,Calm Cream 15,false,true
V002510,C00077,2025-11-29,organic_search,P024,Modern Serum 24,false,true
V002511,C00803,2025-07-06,paid_search,P029,Bright Organizer 29,false,false
V002512,C00688,2025-02-06,direct,P025,Daily Lamp 25,false,false
V002513,C00407,2025-02-23,social,P030,Active Mat 30,false,false
V002514,C00170,2025-11-20,email,P021,Bright Organizer 21,false,false
V002515,C00726,2025-06-28,email,P025,Daily Lamp 25,false,false
V002516,C00504,2025-09-12,paid_search,P016,Modern Serum 16,false,false
V002517,C00111,2025-08-22,organic_search,P030,Active Mat 30,false,false
V002518,C00627,2025-06-08,direct,P012,Essential Bag 12,false,false
V002519,C00372,2025-05-14,paid_search,P029,Bright Organizer 29,false,false
V002520,C00613,2025-04-28,paid_search,P003,Urban Bottle 03,false,false
V002521,C00619,2025-05-13,social,P029,Bright Organizer 29,false,false
V002522,C00701,2025-07-06,paid_search,P025,Daily Lamp 25,false,false
V002523,C00290,2025-04-21,organic_search,P028,Essential Bag 28,false,false
V002524,C00250,2025-05-03,referral,P014,Active Mat 14,false,false
V002525,C00112,2025-02-06,paid_search,P013,Bright Organizer 13,false,false
V002526,C00790,2025-05-23,paid_search,P022,Active Mat 22,false,false
V002527,C00332,2025-03-16,organic_search,P010,Pure Band 10,false,false
V002528,C00673,2025-06-11,paid_search,P023,Calm Cream 23,false,false
V002529,C00890,2025-03-17,referral,P004,Essential Bag 04,false,false
V002530,C00050,2025-12-08,organic_search,P014,Active Mat 14,false,false
V002531,C00955,2025-12-17,organic_search,P019,Urban Bottle 19,false,false
V002532,C00993,2025-10-23,paid_search,P004,Essential Bag 04,true,true
V002533,C00083,2025-05-22,paid_search,P026,Pure Band 26,false,false
V002534,C00958,2025-08-20,organic_search,P002,Pure Band 02,false,false
V002535,C00651,2025-04-21,direct,P018,Pure Band 18,false,false
V002536,C00118,2025-05-10,organic_search,P012,Essential Bag 12,false,false
V002537,C00299,2025-05-23,organic_search,P018,Pure Band 18,false,false
V002538,C00759,2025-10-12,paid_search,P012,Essential Bag 12,false,false
V002539,C00691,2025-10-14,referral,P014,Active Mat 14,false,false
V002540,C00532,2025-09-10,organic_search,P027,Urban Bottle 27,false,true
V002541,C00658,2025-12-19,direct,P012,Essential Bag 12,false,false
V002542,C00444,2025-08-18,social,P014,Active Mat 14,false,false
V002543,C00631,2025-09-25,direct,P027,Urban Bottle 27,false,false
V002544,C00353,2025-01-09,paid_search,P014,Active Mat 14,false,false
V002545,C00912,2025-02-26,organic_search,P006,Active Mat 06,false,false
V002546,C00525,2025-04-23,direct,P001,Daily Lamp 01,true,false
V002547,C00002,2025-05-26,organic_search,P016,Modern Serum 16,false,false
V002548,C00847,2025-04-08,organic_search,P006,Active Mat 06,false,false
V002549,C00959,2025-10-23,organic_search,P024,Modern Serum 24,false,false
V002550,C00349,2025-07-30,organic_search,P027,Urban Bottle 27,false,false
V002551,C00075,2025-06-11,referral,P023,Calm Cream 23,true,false
V002552,C00540,2025-01-26,email,P020,Essential Bag 20,false,false
V002553,C00308,2025-08-18,direct,P024,Modern Serum 24,true,false
V002554,C00143,2025-11-01,email,P003,Urban Bottle 03,false,false
V002555,C00431,2025-08-27,email,P024,Modern Serum 24,false,false
V002556,C00855,2025-08-03,social,P026,Pure Band 26,false,false
V002557,C00637,2025-08-30,direct,P003,Urban Bottle 03,false,false
V002558,C00397,2025-10-03,paid_search,P028,Essential Bag 28,false,false
V002559,C00624,2025-11-06,social,P024,Modern Serum 24,false,false
V002560,C00871,2025-04-01,paid_search,P018,Pure Band 18,false,false
V002561,C00305,2025-02-13,organic_search,P022,Active Mat 22,false,false
V002562,C00328,2025-06-15,direct,P014,Active Mat 14,false,false
V002563,C00784,2025-12-11,paid_search,P029,Bright Organizer 29,false,false
V002564,C00607,2025-04-08,organic_search,P007,Calm Cream 07,false,false
V002565,C00582,2025-02-11,social,P027,Urban Bottle 27,false,false
V002566,C00773,2025-09-08,organic_search,P016,Modern Serum 16,false,false
V002567,C00666,2025-09-23,organic_search,P013,Bright Organizer 13,false,false
V002568,C00481,2025-09-18,email,P002,Pure Band 02,false,false
V002569,C00581,2025-09-20,direct,P029,Bright Organizer 29,false,false
V002570,C00181,2025-04-11,organic_search,P024,Modern Serum 24,false,false
V002571,C00469,2025-01-14,social,P004,Essential Bag 04,false,false
V002572,C00470,2025-02-23,social,P020,Essential Bag 20,false,false
V002573,C00438,2025-12-02,paid_search,P012,Essential Bag 12,false,false
V002574,C00982,2025-06-10,social,P027,Urban Bottle 27,true,false
V002575,C00506,2025-09-18,email,P020,Essential Bag 20,false,false
V002576,C00650,2025-04-23,referral,P012,Essential Bag 12,false,false
V002577,C00653,2025-09-15,direct,P008,Modern Serum 08,false,false
V002578,C00832,2025-09-12,organic_search,P017,Daily Lamp 17,false,false
V002579,C00872,2025-09-04,referral,P026,Pure Band 26,false,false
V002580,C00979,2025-04-21,paid_search,P026,Pure Band 26,false,false
V002581,C00337,2025-03-15,direct,P029,Bright Organizer 29,false,false
V002582,C00906,2025-09-24,direct,P016,Modern Serum 16,false,false
V002583,C00208,2025-07-02,organic_search,P025,Daily Lamp 25,false,false
V002584,C00094,2025-11-25,paid_search,P021,Bright Organizer 21,false,false
V002585,C00259,2025-12-30,direct,P015,Calm Cream 15,false,false
V002586,C00781,2025-04-07,organic_search,P025,Daily Lamp 25,true,true
V002587,C00622,2025-02-09,direct,P001,Daily Lamp 01,false,false
V002588,C00075,2025-03-02,paid_search,P002,Pure Band 02,true,true
V002589,C00497,2025-11-20,email,P018,Pure Band 18,true,false
V002590,C00236,2025-11-19,social,P023,Calm Cream 23,true,false
V002591,C00136,2025-08-03,email,P007,Calm Cream 07,false,false
V002592,C00574,2025-11-09,organic_search,P023,Calm Cream 23,true,false
V002593,C00245,2025-09-01,direct,P029,Bright Organizer 29,false,false
V002594,C00039,2025-12-05,organic_search,P019,Urban Bottle 19,false,false
V002595,C00749,2025-12-15,direct,P007,Calm Cream 07,false,true
V002596,C00205,2025-08-30,social,P013,Bright Organizer 13,false,false
V002597,C00957,2025-09-04,social,P006,Active Mat 06,false,false
V002598,C00339,2025-05-20,organic_search,P016,Modern Serum 16,false,true
V002599,C00383,2025-01-25,organic_search,P014,Active Mat 14,false,false
V002600,C00348,2025-01-06,social,P027,Urban Bottle 27,false,false
V002601,C00919,2025-01-26,paid_search,P005,Bright Organizer 05,false,true
V002602,C00580,2025-01-17,direct,P007,Calm Cream 07,false,false
V002603,C00271,2025-11-24,direct,P008,Modern Serum 08,true,false
V002604,C00150,2025-08-26,direct,P024,Modern Serum 24,false,false
V002605,C00217,2025-09-25,organic_search,P008,Modern Serum 08,false,false
V002606,C00770,2025-07-18,direct,P019,Urban Bottle 19,true,false
V002607,C00661,2025-05-30,paid_search,P011,Urban Bottle 11,false,false
V002608,C00969,2025-08-21,organic_search,P006,Active Mat 06,false,false
V002609,C00509,2025-11-28,direct,P027,Urban Bottle 27,false,false
V002610,C00286,2025-09-03,paid_search,P017,Daily Lamp 17,false,false
V002611,C00085,2025-06-07,referral,P029,Bright Organizer 29,false,false
V002612,C00355,2025-10-01,social,P016,Modern Serum 16,true,false
V002613,C00287,2025-01-31,paid_search,P006,Active Mat 06,false,false
V002614,C00450,2025-07-24,organic_search,P019,Urban Bottle 19,false,false
V002615,C00276,2025-11-24,paid_search,P023,Calm Cream 23,false,false
V002616,C00145,2025-12-11,organic_search,P028,Essential Bag 28,false,false
V002617,C00754,2025-07-06,paid_search,P013,Bright Organizer 13,false,false
V002618,C00482,2025-03-27,referral,P025,Daily Lamp 25,true,false
V002619,C00918,2025-07-19,social,P015,Calm Cream 15,false,false
V002620,C00865,2025-08-26,organic_search,P008,Modern Serum 08,false,false
V002621,C00884,2025-07-09,organic_search,P003,Urban Bottle 03,true,true
V002622,C00080,2025-04-09,direct,P020,Essential Bag 20,false,false
V002623,C00185,2025-08-08,social,P014,Active Mat 14,false,false
V002624,C00399,2025-05-21,social,P022,Active Mat 22,false,false
V002625,C00745,2025-09-28,direct,P015,Calm Cream 15,false,false
V002626,C00525,2025-08-23,organic_search,P011,Urban Bottle 11,false,false
V002627,C00499,2025-11-30,organic_search,P027,Urban Bottle 27,false,false
V002628,C00302,2025-04-12,direct,P025,Daily Lamp 25,false,false
V002629,C00738,2025-10-16,direct,P011,Urban Bottle 11,false,false
V002630,C00972,2025-03-28,paid_search,P027,Urban Bottle 27,false,false
V002631,C00936,2025-10-10,organic_search,P024,Modern Serum 24,false,true
V002632,C00734,2025-12-08,organic_search,P002,Pure Band 02,false,false
V002633,C00016,2025-10-28,direct,P016,Modern Serum 16,false,false
V002634,C00986,2025-10-08,email,P003,Urban Bottle 03,false,false
V002635,C00780,2025-12-24,email,P007,Calm Cream 07,false,true
V002636,C00061,2025-05-20,paid_search,P003,Urban Bottle 03,false,false
V002637,C00062,2025-06-27,organic_search,P027,Urban Bottle 27,false,false
V002638,C00838,2025-12-18,organic_search,P027,Urban Bottle 27,true,false
V002639,C00465,2025-03-23,organic_search,P012,Essential Bag 12,true,false
V002640,C00955,2025-03-05,organic_search,P009,Daily Lamp 09,false,false
V002641,C00420,2025-04-22,organic_search,P021,Bright Organizer 21,false,false
V002642,C00523,2025-04-23,direct,P018,Pure Band 18,false,false
V002643,C00493,2025-06-23,paid_search,P013,Bright Organizer 13,false,false
V002644,C00423,2025-06-13,direct,P003,Urban Bottle 03,true,false
V002645,C00961,2025-09-29,paid_search,P029,Bright Organizer 29,false,false
V002646,C00098,2025-04-03,paid_search,P014,Active Mat 14,false,false
V002647,C00732,2025-01-11,social,P012,Essential Bag 12,true,false
V002648,C00584,2025-08-16,direct,P026,Pure Band 26,false,false
V002649,C00577,2025-12-03,direct,P026,Pure Band 26,false,false
V002650,C00575,2025-02-12,organic_search,P010,Pure Band 10,false,false
V002651,C00301,2025-04-10,social,P028,Essential Bag 28,false,false
V002652,C00085,2025-08-07,paid_search,P013,Bright Organizer 13,false,false
V002653,C00239,2025-04-23,social,P002,Pure Band 02,false,false
V002654,C00347,2025-04-13,email,P005,Bright Organizer 05,true,false
V002655,C00867,2025-05-25,direct,P016,Modern Serum 16,true,false
V002656,C00540,2025-11-04,organic_search,P027,Urban Bottle 27,false,false
V002657,C00170,2025-05-05,organic_search,P023,Calm Cream 23,false,false
V002658,C00353,2025-07-30,email,P030,Active Mat 30,false,false
V002659,C00468,2025-10-29,organic_search,P002,Pure Band 02,false,false
V002660,C00107,2025-01-20,email,P027,Urban Bottle 27,false,false
V002661,C00428,2025-04-17,organic_search,P006,Active Mat 06,true,false
V002662,C00264,2025-03-29,direct,P025,Daily Lamp 25,false,false
V002663,C00644,2025-07-25,organic_search,P024,Modern Serum 24,false,false
V002664,C00233,2025-11-23,organic_search,P004,Essential Bag 04,true,true
V002665,C00662,2025-09-25,organic_search,P003,Urban Bottle 03,false,false
V002666,C00977,2025-10-04,social,P021,Bright Organizer 21,false,false
V002667,C00241,2025-02-16,organic_search,P020,Essential Bag 20,false,false
V002668,C00122,2025-06-15,email,P022,Active Mat 22,true,true
V002669,C00076,2025-10-22,organic_search,P017,Daily Lamp 17,false,false
V002670,C00540,2025-11-13,paid_search,P023,Calm Cream 23,false,false
V002671,C00342,2025-06-06,direct,P002,Pure Band 02,false,false
V002672,C00943,2025-10-15,social,P017,Daily Lamp 17,false,false
V002673,C00023,2025-08-17,organic_search,P023,Calm Cream 23,false,false
V002674,C00339,2025-11-14,paid_search,P017,Daily Lamp 17,false,false
V002675,C00548,2025-08-25,direct,P012,Essential Bag 12,false,false
V002676,C00587,2025-01-06,paid_search,P026,Pure Band 26,true,false
V002677,C00134,2025-04-04,paid_search,P019,Urban Bottle 19,true,false
V002678,C00952,2025-10-16,social,P009,Daily Lamp 09,false,false
V002679,C00171,2025-01-01,paid_search,P001,Daily Lamp 01,false,false
V002680,C00274,2025-05-18,referral,P012,Essential Bag 12,false,false
V002681,C00757,2025-06-08,paid_search,P012,Essential Bag 12,false,false
V002682,C00709,2025-09-25,organic_search,P009,Daily Lamp 09,false,false
V002683,C00274,2025-02-04,social,P016,Modern Serum 16,true,false
V002684,C00003,2025-05-18,organic_search,P028,Essential Bag 28,false,false
V002685,C00551,2025-03-29,direct,P017,Daily Lamp 17,false,false
V002686,C00513,2025-08-29,direct,P005,Bright Organizer 05,false,false
V002687,C00114,2025-12-18,organic_search,P030,Active Mat 30,true,true
V002688,C00158,2025-10-17,organic_search,P027,Urban Bottle 27,true,false
V002689,C00508,2025-01-17,email,P006,Active Mat 06,false,false
V002690,C00850,2025-09-13,organic_search,P008,Modern Serum 08,false,false
V002691,C00088,2025-10-13,direct,P023,Calm Cream 23,false,false
V002692,C00272,2025-03-05,email,P024,Modern Serum 24,false,false
V002693,C00212,2025-06-22,social,P003,Urban Bottle 03,false,false
V002694,C00569,2025-09-22,organic_search,P028,Essential Bag 28,true,false
V002695,C00924,2025-07-14,organic_search,P016,Modern Serum 16,true,false
V002696,C00615,2025-12-14,email,P005,Bright Organizer 05,false,false
V002697,C00954,2025-07-21,paid_search,P013,Bright Organizer 13,true,false
V002698,C00591,2025-06-16,referral,P027,Urban Bottle 27,false,false
V002699,C00696,2025-08-03,paid_search,P007,Calm Cream 07,false,false
V002700,C00161,2025-10-19,organic_search,P024,Modern Serum 24,false,false
V002701,C00041,2025-11-28,referral,P021,Bright Organizer 21,false,false
V002702,C00359,2025-11-11,paid_search,P023,Calm Cream 23,false,false
V002703,C00955,2025-03-07,social,P011,Urban Bottle 11,false,false
V002704,C00964,2025-05-01,social,P015,Calm Cream 15,false,true
V002705,C00161,2025-03-25,direct,P001,Daily Lamp 01,false,false
V002706,C00852,2025-12-20,paid_search,P026,Pure Band 26,false,false
V002707,C00802,2025-01-23,organic_search,P026,Pure Band 26,false,false
V002708,C00344,2025-04-25,email,P020,Essential Bag 20,false,false
V002709,C00562,2025-10-04,paid_search,P010,Pure Band 10,false,false
V002710,C00091,2025-04-10,paid_search,P018,Pure Band 18,false,false
V002711,C00899,2025-02-25,organic_search,P003,Urban Bottle 03,false,false
V002712,C00115,2025-06-17,email,P010,Pure Band 10,false,false
V002713,C00311,2025-05-04,social,P029,Bright Organizer 29,false,false
V002714,C00389,2025-08-14,paid_search,P029,Bright Organizer 29,false,false
V002715,C00277,2025-02-12,email,P020,Essential Bag 20,false,false
V002716,C00820,2025-05-14,social,P005,Bright Organizer 05,false,false
V002717,C00505,2025-01-23,direct,P002,Pure Band 02,false,false
V002718,C00926,2025-10-07,organic_search,P002,Pure Band 02,false,false
V002719,C00448,2025-05-22,email,P007,Calm Cream 07,false,false
V002720,C00773,2025-07-19,organic_search,P012,Essential Bag 12,true,false
V002721,C00268,2025-02-26,direct,P007,Calm Cream 07,false,false
V002722,C00922,2025-01-12,social,P020,Essential Bag 20,true,true
V002723,C00519,2025-11-04,paid_search,P027,Urban Bottle 27,false,false
V002724,C00143,2025-10-31,social,P003,Urban Bottle 03,false,false
V002725,C00837,2025-03-03,direct,P028,Essential Bag 28,false,false
V002726,C00355,2025-01-19,organic_search,P030,Active Mat 30,false,false
V002727,C00524,2025-06-11,social,P021,Bright Organizer 21,false,false
V002728,C00689,2025-12-05,paid_search,P003,Urban Bottle 03,true,false
V002729,C00207,2025-01-25,social,P015,Calm Cream 15,false,false
V002730,C00483,2025-01-19,organic_search,P025,Daily Lamp 25,false,false
V002731,C00572,2025-12-31,social,P023,Calm Cream 23,false,true
V002732,C00606,2025-06-08,organic_search,P030,Active Mat 30,false,false
V002733,C00004,2025-01-28,paid_search,P023,Calm Cream 23,false,true
V002734,C00635,2025-08-29,organic_search,P006,Active Mat 06,true,false
V002735,C00948,2025-07-30,direct,P011,Urban Bottle 11,false,false
V002736,C00999,2025-04-21,direct,P004,Essential Bag 04,false,false
V002737,C00334,2025-06-08,social,P004,Essential Bag 04,false,false
V002738,C00237,2025-05-06,organic_search,P011,Urban Bottle 11,false,false
V002739,C00528,2025-12-28,organic_search,P003,Urban Bottle 03,true,false
V002740,C00054,2025-10-29,direct,P030,Active Mat 30,false,false
V002741,C00335,2025-02-18,paid_search,P011,Urban Bottle 11,true,false
V002742,C00889,2025-02-23,organic_search,P019,Urban Bottle 19,true,false
V002743,C00295,2025-11-09,organic_search,P005,Bright Organizer 05,false,false
V002744,C00207,2025-08-06,organic_search,P013,Bright Organizer 13,false,false
V002745,C00896,2025-02-28,paid_search,P012,Essential Bag 12,false,false
V002746,C00212,2025-08-02,referral,P019,Urban Bottle 19,false,false
V002747,C00365,2025-02-09,direct,P003,Urban Bottle 03,true,false
V002748,C00159,2025-05-21,paid_search,P026,Pure Band 26,false,false
V002749,C00661,2025-09-20,organic_search,P006,Active Mat 06,true,true
V002750,C00665,2025-02-18,organic_search,P003,Urban Bottle 03,true,false
V002751,C00824,2025-01-09,email,P028,Essential Bag 28,true,false
V002752,C00505,2025-12-16,organic_search,P016,Modern Serum 16,false,false
V002753,C00054,2025-07-02,social,P020,Essential Bag 20,true,true
V002754,C00273,2025-01-21,organic_search,P010,Pure Band 10,false,false
V002755,C00482,2025-10-20,paid_search,P010,Pure Band 10,false,false
V002756,C00769,2025-03-23,paid_search,P024,Modern Serum 24,false,false
V002757,C00020,2025-07-21,email,P012,Essential Bag 12,false,false
V002758,C00282,2025-06-20,organic_search,P027,Urban Bottle 27,true,true
V002759,C00800,2025-03-13,direct,P007,Calm Cream 07,false,false
V002760,C00459,2025-08-09,social,P007,Calm Cream 07,false,false
V002761,C00778,2025-09-19,referral,P010,Pure Band 10,false,false
V002762,C00523,2025-08-17,paid_search,P027,Urban Bottle 27,false,false
V002763,C00854,2025-06-21,direct,P020,Essential Bag 20,false,false
V002764,C00962,2025-04-11,organic_search,P002,Pure Band 02,false,false
V002765,C00394,2025-11-05,email,P001,Daily Lamp 01,true,false
V002766,C00011,2025-06-16,direct,P020,Essential Bag 20,false,false
V002767,C00347,2025-10-01,social,P012,Essential Bag 12,false,false
V002768,C00366,2025-10-20,direct,P008,Modern Serum 08,true,false
V002769,C00147,2025-05-15,social,P002,Pure Band 02,false,false
V002770,C00177,2025-03-28,direct,P001,Daily Lamp 01,true,false
V002771,C00461,2025-04-15,paid_search,P027,Urban Bottle 27,false,false
V002772,C00018,2025-09-08,organic_search,P019,Urban Bottle 19,false,false
V002773,C00611,2025-03-01,organic_search,P004,Essential Bag 04,true,false
V002774,C00605,2025-06-18,direct,P016,Modern Serum 16,false,false
V002775,C00684,2025-03-11,organic_search,P001,Daily Lamp 01,false,false
V002776,C00139,2025-03-10,email,P002,Pure Band 02,false,false
V002777,C00197,2025-05-08,referral,P013,Bright Organizer 13,true,false
V002778,C00766,2025-05-28,organic_search,P018,Pure Band 18,false,false
V002779,C00025,2025-12-17,direct,P017,Daily Lamp 17,false,false
V002780,C00038,2025-04-26,organic_search,P025,Daily Lamp 25,false,false
V002781,C00352,2025-02-09,social,P004,Essential Bag 04,false,false
V002782,C00183,2025-07-27,direct,P029,Bright Organizer 29,false,false
V002783,C00026,2025-09-06,organic_search,P028,Essential Bag 28,true,true
V002784,C00885,2025-08-03,email,P018,Pure Band 18,false,false
V002785,C00631,2025-10-03,email,P026,Pure Band 26,false,false
V002786,C00861,2025-07-24,organic_search,P023,Calm Cream 23,false,false
V002787,C00853,2025-06-15,direct,P016,Modern Serum 16,false,false
V002788,C00954,2025-05-20,referral,P008,Modern Serum 08,false,false
V002789,C00279,2025-09-08,email,P007,Calm Cream 07,true,true
V002790,C00989,2025-05-10,organic_search,P003,Urban Bottle 03,false,false
V002791,C00787,2025-07-24,direct,P014,Active Mat 14,false,false
V002792,C00320,2025-11-18,social,P011,Urban Bottle 11,false,false
V002793,C00447,2025-12-22,organic_search,P020,Essential Bag 20,true,true
V002794,C00005,2025-06-26,referral,P003,Urban Bottle 03,false,false
V002795,C00920,2025-11-09,paid_search,P003,Urban Bottle 03,false,false
V002796,C00424,2025-05-25,social,P002,Pure Band 02,false,false
V002797,C00977,2025-04-16,organic_search,P023,Calm Cream 23,false,false
V002798,C00142,2025-10-06,organic_search,P016,Modern Serum 16,false,false
V002799,C00391,2025-10-18,referral,P029,Bright Organizer 29,false,false
V002800,C00129,2025-12-07,paid_search,P019,Urban Bottle 19,false,false
V002801,C00689,2025-08-17,organic_search,P005,Bright Organizer 05,true,true
V002802,C00372,2025-03-18,organic_search,P024,Modern Serum 24,false,false
V002803,C00467,2025-10-12,paid_search,P003,Urban Bottle 03,false,true
V002804,C00557,2025-03-31,paid_search,P010,Pure Band 10,false,false
V002805,C00842,2025-10-18,email,P012,Essential Bag 12,false,true
V002806,C00944,2025-02-14,organic_search,P005,Bright Organizer 05,false,false
V002807,C00238,2025-09-07,paid_search,P001,Daily Lamp 01,false,false
V002808,C00675,2025-03-09,social,P029,Bright Organizer 29,true,false
V002809,C00259,2025-05-23,organic_search,P009,Daily Lamp 09,false,false
V002810,C00452,2025-04-01,paid_search,P011,Urban Bottle 11,true,false
V002811,C00661,2025-01-21,direct,P027,Urban Bottle 27,false,false
V002812,C00470,2025-09-27,paid_search,P004,Essential Bag 04,false,false
V002813,C00290,2025-06-21,organic_search,P008,Modern Serum 08,false,false
V002814,C00143,2025-09-05,paid_search,P018,Pure Band 18,false,false
V002815,C00785,2025-10-19,organic_search,P011,Urban Bottle 11,true,false
V002816,C00001,2025-12-01,social,P014,Active Mat 14,false,false
V002817,C00828,2025-11-17,direct,P029,Bright Organizer 29,true,false
V002818,C00431,2025-03-25,paid_search,P026,Pure Band 26,false,false
V002819,C00167,2025-05-10,direct,P006,Active Mat 06,true,false
V002820,C00570,2025-07-25,paid_search,P013,Bright Organizer 13,true,false
V002821,C00408,2025-04-11,email,P026,Pure Band 26,false,false
V002822,C00362,2025-09-14,paid_search,P020,Essential Bag 20,true,false
V002823,C00318,2025-03-12,organic_search,P018,Pure Band 18,false,false
V002824,C00295,2025-01-14,organic_search,P008,Modern Serum 08,true,true
V002825,C00181,2025-06-02,direct,P007,Calm Cream 07,false,false
V002826,C00102,2025-10-02,direct,P011,Urban Bottle 11,false,false
V002827,C00546,2025-02-18,organic_search,P012,Essential Bag 12,false,false
V002828,C00291,2025-09-25,direct,P005,Bright Organizer 05,false,false
V002829,C00173,2025-01-15,organic_search,P007,Calm Cream 07,false,false
V002830,C00986,2025-01-19,paid_search,P007,Calm Cream 07,true,false
V002831,C00805,2025-03-24,social,P019,Urban Bottle 19,false,false
V002832,C00098,2025-01-08,organic_search,P024,Modern Serum 24,false,false
V002833,C00973,2025-11-28,organic_search,P009,Daily Lamp 09,true,false
V002834,C00882,2025-10-16,email,P027,Urban Bottle 27,false,false
V002835,C00408,2025-09-01,direct,P010,Pure Band 10,false,false
V002836,C00227,2025-12-19,social,P019,Urban Bottle 19,false,false
V002837,C00345,2025-04-13,paid_search,P001,Daily Lamp 01,false,false
V002838,C00759,2025-05-14,organic_search,P014,Active Mat 14,false,false
V002839,C00115,2025-08-11,social,P030,Active Mat 30,false,false
V002840,C00099,2025-09-11,social,P010,Pure Band 10,false,false
V002841,C00127,2025-06-19,direct,P013,Bright Organizer 13,false,false
V002842,C00995,2025-08-09,referral,P016,Modern Serum 16,false,false
V002843,C00764,2025-03-06,social,P012,Essential Bag 12,false,false
V002844,C00869,2025-05-13,organic_search,P023,Calm Cream 23,false,false
V002845,C00959,2025-10-08,referral,P023,Calm Cream 23,false,false
V002846,C00732,2025-08-21,paid_search,P012,Essential Bag 12,false,false
V002847,C00130,2025-03-20,paid_search,P003,Urban Bottle 03,false,false
V002848,C00793,2025-01-08,social,P006,Active Mat 06,false,false
V002849,C00877,2025-12-14,social,P029,Bright Organizer 29,true,false
V002850,C00956,2025-02-24,social,P021,Bright Organizer 21,false,false
V002851,C00949,2025-12-16,paid_search,P016,Modern Serum 16,false,false
V002852,C00464,2025-11-03,social,P011,Urban Bottle 11,false,false
V002853,C00027,2025-05-17,organic_search,P003,Urban Bottle 03,false,false
V002854,C00409,2025-06-15,organic_search,P014,Active Mat 14,false,false
V002855,C00679,2025-06-06,organic_search,P023,Calm Cream 23,false,true
V002856,C00484,2025-01-12,social,P024,Modern Serum 24,true,false
V002857,C00130,2025-05-23,referral,P002,Pure Band 02,false,false
V002858,C00449,2025-02-21,organic_search,P012,Essential Bag 12,false,false
V002859,C00612,2025-11-23,referral,P003,Urban Bottle 03,false,false
V002860,C00892,2025-03-30,organic_search,P019,Urban Bottle 19,false,true
V002861,C00396,2025-02-17,paid_search,P027,Urban Bottle 27,true,false
V002862,C00389,2025-06-27,organic_search,P006,Active Mat 06,false,false
V002863,C00572,2025-05-22,social,P025,Daily Lamp 25,false,false
V002864,C00265,2025-09-24,social,P020,Essential Bag 20,false,false
V002865,C00801,2025-06-20,paid_search,P017,Daily Lamp 17,true,false
V002866,C00987,2025-06-03,paid_search,P022,Active Mat 22,false,true
V002867,C00620,2025-05-13,organic_search,P005,Bright Organizer 05,false,false
V002868,C00188,2025-10-01,social,P013,Bright Organizer 13,false,false
V002869,C00818,2025-06-09,referral,P020,Essential Bag 20,true,false
V002870,C00769,2025-07-21,organic_search,P007,Calm Cream 07,false,false
V002871,C00054,2025-02-16,referral,P016,Modern Serum 16,false,true
V002872,C00099,2025-10-25,paid_search,P021,Bright Organizer 21,true,false
V002873,C00254,2025-07-19,paid_search,P010,Pure Band 10,false,false
V002874,C00694,2025-09-25,direct,P004,Essential Bag 04,false,false
V002875,C00133,2025-08-25,paid_search,P018,Pure Band 18,false,false
V002876,C00044,2025-01-25,email,P002,Pure Band 02,false,false
V002877,C00097,2025-05-17,social,P010,Pure Band 10,false,true
V002878,C00205,2025-02-01,organic_search,P006,Active Mat 06,false,false
V002879,C00048,2025-12-07,email,P007,Calm Cream 07,true,false
V002880,C00985,2025-03-08,social,P008,Modern Serum 08,false,false
V002881,C00137,2025-01-28,direct,P018,Pure Band 18,false,false
V002882,C00413,2025-10-25,referral,P004,Essential Bag 04,false,false
V002883,C00753,2025-06-04,email,P009,Daily Lamp 09,false,false
V002884,C00860,2025-01-14,email,P011,Urban Bottle 11,true,false
V002885,C00766,2025-01-14,organic_search,P029,Bright Organizer 29,true,false
V002886,C00602,2025-07-29,social,P002,Pure Band 02,false,false
V002887,C00003,2025-06-04,social,P023,Calm Cream 23,false,false
V002888,C00344,2025-01-21,organic_search,P005,Bright Organizer 05,true,true
V002889,C00068,2025-10-05,organic_search,P003,Urban Bottle 03,false,false
V002890,C00562,2025-10-09,referral,P025,Daily Lamp 25,true,false
V002891,C00858,2025-02-01,paid_search,P009,Daily Lamp 09,false,true
V002892,C00523,2025-03-03,social,P008,Modern Serum 08,false,false
V002893,C00572,2025-06-11,social,P008,Modern Serum 08,false,false
V002894,C00536,2025-11-04,referral,P013,Bright Organizer 13,false,false
V002895,C00435,2025-12-01,organic_search,P005,Bright Organizer 05,false,false
V002896,C00612,2025-01-06,paid_search,P020,Essential Bag 20,false,false
V002897,C00247,2025-06-11,paid_search,P019,Urban Bottle 19,true,false
V002898,C00682,2025-11-18,social,P013,Bright Organizer 13,true,false
V002899,C00010,2025-01-13,direct,P014,Active Mat 14,true,false
V002900,C00498,2025-03-08,social,P015,Calm Cream 15,false,false
V002901,C00227,2025-12-16,social,P001,Daily Lamp 01,false,false
V002902,C00769,2025-12-29,organic_search,P010,Pure Band 10,false,false
V002903,C00988,2025-03-10,organic_search,P002,Pure Band 02,false,false
V002904,C00697,2025-02-12,social,P007,Calm Cream 07,false,false
V002905,C00504,2025-07-27,email,P002,Pure Band 02,false,true
V002906,C00606,2025-12-16,direct,P020,Essential Bag 20,false,true
V002907,C00648,2025-07-24,organic_search,P010,Pure Band 10,true,false
V002908,C00252,2025-02-15,organic_search,P006,Active Mat 06,false,false
V002909,C00394,2025-07-02,direct,P027,Urban Bottle 27,false,false
V002910,C00315,2025-11-29,social,P010,Pure Band 10,true,false
V002911,C00292,2025-11-25,social,P007,Calm Cream 07,true,false
V002912,C00912,2025-11-29,email,P018,Pure Band 18,false,false
V002913,C00409,2025-05-15,email,P029,Bright Organizer 29,false,false
V002914,C00181,2025-04-17,direct,P020,Essential Bag 20,false,false
V002915,C00991,2025-10-06,organic_search,P024,Modern Serum 24,false,false
V002916,C00585,2025-04-20,email,P007,Calm Cream 07,false,false
V002917,C00832,2025-06-20,direct,P016,Modern Serum 16,false,false
V002918,C00002,2025-08-26,organic_search,P022,Active Mat 22,false,false
V002919,C00748,2025-08-14,direct,P007,Calm Cream 07,true,false
V002920,C00579,2025-02-08,paid_search,P012,Essential Bag 12,true,false
V002921,C00310,2025-07-31,organic_search,P024,Modern Serum 24,false,false
V002922,C00597,2025-07-25,paid_search,P021,Bright Organizer 21,false,false
V002923,C00177,2025-07-15,social,P021,Bright Organizer 21,false,false
V002924,C00907,2025-12-11,organic_search,P028,Essential Bag 28,false,false
V002925,C00364,2025-11-29,social,P001,Daily Lamp 01,false,false
V002926,C00439,2025-03-26,social,P007,Calm Cream 07,false,false
V002927,C00840,2025-09-23,direct,P022,Active Mat 22,true,false
V002928,C00638,2025-06-03,paid_search,P019,Urban Bottle 19,false,false
V002929,C00152,2025-03-22,social,P009,Daily Lamp 09,false,false
V002930,C00924,2025-04-19,referral,P028,Essential Bag 28,false,false
V002931,C00192,2025-08-15,organic_search,P009,Daily Lamp 09,false,false
V002932,C00381,2025-07-20,direct,P002,Pure Band 02,false,true
V002933,C00014,2025-06-28,paid_search,P002,Pure Band 02,false,false
V002934,C00461,2025-05-17,paid_search,P009,Daily Lamp 09,false,false
V002935,C00369,2025-01-17,paid_search,P002,Pure Band 02,false,true
V002936,C00478,2025-03-04,social,P016,Modern Serum 16,false,false
V002937,C00809,2025-05-13,organic_search,P023,Calm Cream 23,true,false
V002938,C00262,2025-05-03,email,P015,Calm Cream 15,false,false
V002939,C00829,2025-08-18,direct,P003,Urban Bottle 03,false,true
V002940,C00369,2025-10-22,direct,P012,Essential Bag 12,false,false
V002941,C00145,2025-06-25,social,P027,Urban Bottle 27,false,false
V002942,C00881,2025-10-24,email,P018,Pure Band 18,true,false
V002943,C00507,2025-10-29,paid_search,P027,Urban Bottle 27,false,false
V002944,C00895,2025-09-04,paid_search,P017,Daily Lamp 17,false,false
V002945,C00621,2025-08-20,direct,P024,Modern Serum 24,false,false
V002946,C00108,2025-11-18,paid_search,P006,Active Mat 06,false,false
V002947,C00235,2025-05-02,direct,P003,Urban Bottle 03,false,false
V002948,C00302,2025-10-07,email,P012,Essential Bag 12,false,false
V002949,C00305,2025-01-28,organic_search,P004,Essential Bag 04,false,false
V002950,C00556,2025-09-11,organic_search,P016,Modern Serum 16,false,false
V002951,C00701,2025-08-06,referral,P029,Bright Organizer 29,false,false
V002952,C00294,2025-03-04,email,P018,Pure Band 18,false,false
V002953,C00102,2025-08-26,referral,P001,Daily Lamp 01,false,false
V002954,C00735,2025-08-17,referral,P007,Calm Cream 07,false,false
V002955,C00415,2025-11-06,email,P028,Essential Bag 28,false,false
V002956,C00836,2025-03-20,paid_search,P004,Essential Bag 04,true,false
V002957,C00749,2025-07-15,social,P030,Active Mat 30,false,true
V002958,C00465,2025-04-27,email,P003,Urban Bottle 03,false,false
V002959,C00426,2025-04-29,paid_search,P013,Bright Organizer 13,false,false
V002960,C00420,2025-09-21,paid_search,P022,Active Mat 22,false,false
V002961,C00854,2025-05-04,direct,P027,Urban Bottle 27,false,false
V002962,C00204,2025-10-25,paid_search,P026,Pure Band 26,false,false
V002963,C00812,2025-12-23,paid_search,P003,Urban Bottle 03,false,false
V002964,C00860,2025-11-29,paid_search,P021,Bright Organizer 21,true,true
V002965,C00261,2025-11-28,paid_search,P021,Bright Organizer 21,false,false
V002966,C00432,2025-01-26,referral,P019,Urban Bottle 19,false,false
V002967,C00195,2025-09-30,paid_search,P014,Active Mat 14,false,false
V002968,C00653,2025-12-23,paid_search,P015,Calm Cream 15,false,false
V002969,C01000,2025-09-03,email,P003,Urban Bottle 03,false,false
V002970,C00968,2025-09-10,social,P024,Modern Serum 24,true,false
V002971,C00433,2025-10-14,paid_search,P030,Active Mat 30,true,false
V002972,C00010,2025-11-11,email,P003,Urban Bottle 03,false,false
V002973,C00831,2025-04-20,organic_search,P027,Urban Bottle 27,true,false
V002974,C00626,2025-03-26,email,P015,Calm Cream 15,false,false
V002975,C00377,2025-04-28,paid_search,P002,Pure Band 02,false,false
V002976,C00698,2025-01-29,paid_search,P008,Modern Serum 08,false,false
V002977,C00530,2025-03-24,paid_search,P021,Bright Organizer 21,false,false
V002978,C00230,2025-08-07,email,P012,Essential Bag 12,false,false
V002979,C00768,2025-09-23,paid_search,P021,Bright Organizer 21,false,true
V002980,C00116,2025-07-06,social,P016,Modern Serum 16,true,true
V002981,C00661,2025-07-31,direct,P009,Daily Lamp 09,false,false
V002982,C00698,2025-06-24,social,P020,Essential Bag 20,false,false
V002983,C00475,2025-02-03,direct,P025,Daily Lamp 25,false,false
V002984,C00175,2025-01-08,social,P006,Active Mat 06,false,false
V002985,C00287,2025-10-08,email,P022,Active Mat 22,false,false
V002986,C00340,2025-03-14,email,P005,Bright Organizer 05,false,false
V002987,C00245,2025-04-09,direct,P015,Calm Cream 15,true,false
V002988,C00081,2025-06-01,organic_search,P028,Essential Bag 28,false,false
V002989,C00803,2025-02-10,organic_search,P010,Pure Band 10,false,false
V002990,C00723,2025-10-26,organic_search,P014,Active Mat 14,false,true
V002991,C00409,2025-12-03,paid_search,P003,Urban Bottle 03,false,false
V002992,C00739,2025-10-18,social,P006,Active Mat 06,false,false
V002993,C00855,2025-12-15,social,P019,Urban Bottle 19,false,false
V002994,C00775,2025-02-06,paid_search,P009,Daily Lamp 09,false,false
V002995,C00851,2025-02-15,organic_search,P013,Bright Organizer 13,false,false
V002996,C00128,2025-11-30,social,P006,Active Mat 06,true,false
V002997,C00535,2025-09-30,paid_search,P017,Daily Lamp 17,false,false
V002998,C00659,2025-09-26,direct,P017,Daily Lamp 17,true,false
V002999,C00751,2025-10-08,paid_search,P007,Calm Cream 07,false,false
V003000,C00104,2025-01-28,paid_search,P013,Bright Organizer 13,true,true
V003001,C00985,2025-08-25,organic_search,P026,Pure Band 26,false,false
V003002,C00577,2025-12-28,direct,P030,Active Mat 30,false,false
V003003,C00175,2025-03-08,paid_search,P005,Bright Organizer 05,false,false
V003004,C00547,2025-09-02,paid_search,P030,Active Mat 30,true,false
V003005,C00130,2025-01-21,direct,P027,Urban Bottle 27,false,false
V003006,C00918,2025-08-16,social,P010,Pure Band 10,true,false
V003007,C00736,2025-03-02,referral,P001,Daily Lamp 01,false,false
V003008,C00159,2025-07-11,paid_search,P002,Pure Band 02,false,false
V003009,C00990,2025-03-28,social,P016,Modern Serum 16,false,true
V003010,C00975,2025-02-27,referral,P029,Bright Organizer 29,true,false
V003011,C00552,2025-11-19,email,P015,Calm Cream 15,false,false
V003012,C00969,2025-07-13,social,P013,Bright Organizer 13,false,false
V003013,C00515,2025-04-29,organic_search,P027,Urban Bottle 27,false,false
V003014,C00922,2025-08-01,direct,P022,Active Mat 22,false,false
V003015,C00065,2025-04-08,organic_search,P002,Pure Band 02,false,false
V003016,C00910,2025-11-09,paid_search,P028,Essential Bag 28,true,false
V003017,C00974,2025-03-22,direct,P010,Pure Band 10,false,false
V003018,C00821,2025-10-09,organic_search,P014,Active Mat 14,false,false
V003019,C00760,2025-06-22,email,P009,Daily Lamp 09,true,false
V003020,C00577,2025-09-23,organic_search,P010,Pure Band 10,false,false
V003021,C00810,2025-06-13,organic_search,P029,Bright Organizer 29,false,false
V003022,C00943,2025-01-09,email,P017,Daily Lamp 17,false,false
V003023,C00443,2025-02-03,social,P004,Essential Bag 04,false,false
V003024,C00063,2025-05-17,direct,P027,Urban Bottle 27,false,false
V003025,C00254,2025-12-13,email,P027,Urban Bottle 27,true,true
V003026,C00882,2025-12-02,referral,P024,Modern Serum 24,false,false
V003027,C00090,2025-02-09,organic_search,P022,Active Mat 22,false,false
V003028,C00984,2025-04-14,email,P012,Essential Bag 12,false,false
V003029,C00820,2025-08-02,paid_search,P001,Daily Lamp 01,false,false
V003030,C00177,2025-04-02,organic_search,P025,Daily Lamp 25,true,false
V003031,C00467,2025-08-03,direct,P019,Urban Bottle 19,true,false
V003032,C00461,2025-10-25,organic_search,P008,Modern Serum 08,true,true
V003033,C00283,2025-10-06,paid_search,P029,Bright Organizer 29,false,false
V003034,C00740,2025-05-22,paid_search,P009,Daily Lamp 09,false,false
V003035,C00440,2025-01-05,direct,P025,Daily Lamp 25,false,false
V003036,C00220,2025-04-04,organic_search,P011,Urban Bottle 11,false,false
V003037,C00984,2025-01-05,social,P030,Active Mat 30,false,false
V003038,C00453,2025-04-12,direct,P006,Active Mat 06,false,false
V003039,C00629,2025-06-02,organic_search,P018,Pure Band 18,false,false
V003040,C00514,2025-07-25,direct,P023,Calm Cream 23,true,false
V003041,C00719,2025-02-02,social,P012,Essential Bag 12,true,true
V003042,C00255,2025-09-23,paid_search,P009,Daily Lamp 09,false,false
V003043,C00029,2025-07-17,organic_search,P025,Daily Lamp 25,false,false
V003044,C00463,2025-06-09,organic_search,P003,Urban Bottle 03,false,false
V003045,C00436,2025-04-20,direct,P026,Pure Band 26,false,false
V003046,C00451,2025-09-30,social,P026,Pure Band 26,false,false
V003047,C00790,2025-09-09,organic_search,P024,Modern Serum 24,true,true
V003048,C00722,2025-08-22,organic_search,P019,Urban Bottle 19,false,false
V003049,C00086,2025-11-27,organic_search,P022,Active Mat 22,false,true
V003050,C00394,2025-02-13,organic_search,P025,Daily Lamp 25,false,false
V003051,C00818,2025-03-31,paid_search,P006,Active Mat 06,false,false
V003052,C00377,2025-09-07,social,P027,Urban Bottle 27,false,false
V003053,C00561,2025-11-21,organic_search,P004,Essential Bag 04,false,true
V003054,C00926,2025-10-23,social,P016,Modern Serum 16,false,false
V003055,C00935,2025-01-29,organic_search,P005,Bright Organizer 05,false,false
V003056,C00051,2025-10-14,social,P027,Urban Bottle 27,false,false
V003057,C00744,2025-03-03,social,P014,Active Mat 14,false,false
V003058,C00092,2025-05-09,social,P008,Modern Serum 08,false,false
V003059,C00207,2025-09-21,organic_search,P027,Urban Bottle 27,true,false
V003060,C00012,2025-12-11,email,P025,Daily Lamp 25,false,false
V003061,C00961,2025-02-22,paid_search,P024,Modern Serum 24,false,false
V003062,C00252,2025-08-04,email,P028,Essential Bag 28,true,false
V003063,C00168,2025-11-26,organic_search,P029,Bright Organizer 29,false,false
V003064,C00085,2025-01-31,paid_search,P007,Calm Cream 07,false,false
V003065,C00380,2025-02-08,direct,P016,Modern Serum 16,false,false
V003066,C00880,2025-08-29,referral,P016,Modern Serum 16,false,false
V003067,C00080,2025-06-12,social,P018,Pure Band 18,false,false
V003068,C00806,2025-07-28,direct,P007,Calm Cream 07,false,false
V003069,C00356,2025-05-01,direct,P009,Daily Lamp 09,true,false
V003070,C00494,2025-08-06,organic_search,P010,Pure Band 10,false,false
V003071,C00801,2025-10-11,organic_search,P014,Active Mat 14,false,false
V003072,C00188,2025-02-15,paid_search,P002,Pure Band 02,false,false
V003073,C00152,2025-10-22,direct,P019,Urban Bottle 19,false,true
V003074,C00162,2025-01-03,organic_search,P025,Daily Lamp 25,false,false
V003075,C00062,2025-12-18,email,P012,Essential Bag 12,false,false
V003076,C00589,2025-04-01,direct,P012,Essential Bag 12,false,false
V003077,C00256,2025-12-12,organic_search,P017,Daily Lamp 17,false,false
V003078,C00669,2025-03-09,social,P014,Active Mat 14,false,false
V003079,C00964,2025-10-04,direct,P007,Calm Cream 07,true,false
V003080,C00440,2025-09-12,organic_search,P009,Daily Lamp 09,false,false
V003081,C00714,2025-07-04,organic_search,P011,Urban Bottle 11,false,false
V003082,C00853,2025-11-17,email,P013,Bright Organizer 13,true,false
V003083,C00667,2025-03-26,social,P012,Essential Bag 12,true,true
V003084,C00710,2025-04-11,direct,P012,Essential Bag 12,false,false
V003085,C00308,2025-07-26,paid_search,P021,Bright Organizer 21,false,false
V003086,C00813,2025-04-02,paid_search,P007,Calm Cream 07,false,false
V003087,C00564,2025-02-12,direct,P003,Urban Bottle 03,true,false
V003088,C00471,2025-11-01,email,P011,Urban Bottle 11,false,false
V003089,C00334,2025-04-19,social,P023,Calm Cream 23,false,false
V003090,C00169,2025-11-12,email,P020,Essential Bag 20,false,false
V003091,C00254,2025-10-04,paid_search,P011,Urban Bottle 11,true,false
V003092,C00706,2025-01-21,paid_search,P022,Active Mat 22,true,true
V003093,C00253,2025-07-22,referral,P011,Urban Bottle 11,true,false
V003094,C00146,2025-01-02,organic_search,P008,Modern Serum 08,false,false
V003095,C00277,2025-05-20,social,P021,Bright Organizer 21,false,true
V003096,C00920,2025-06-17,social,P018,Pure Band 18,false,false
V003097,C00489,2025-02-07,organic_search,P002,Pure Band 02,false,false
V003098,C00208,2025-12-04,paid_search,P022,Active Mat 22,false,false
V003099,C00076,2025-07-26,organic_search,P010,Pure Band 10,true,false
V003100,C00377,2025-02-20,organic_search,P005,Bright Organizer 05,false,false
V003101,C00180,2025-05-10,organic_search,P030,Active Mat 30,false,false
V003102,C00702,2025-02-02,social,P010,Pure Band 10,false,false
V003103,C00680,2025-06-29,email,P015,Calm Cream 15,true,false
V003104,C00757,2025-10-13,social,P012,Essential Bag 12,false,false
V003105,C00671,2025-05-31,paid_search,P007,Calm Cream 07,false,false
V003106,C00022,2025-08-29,paid_search,P023,Calm Cream 23,false,false
V003107,C00193,2025-08-30,social,P009,Daily Lamp 09,false,false
V003108,C00143,2025-10-19,organic_search,P012,Essential Bag 12,false,false
V003109,C00795,2025-08-14,referral,P005,Bright Organizer 05,false,false
V003110,C00655,2025-09-14,referral,P028,Essential Bag 28,false,false
V003111,C00454,2025-01-07,organic_search,P006,Active Mat 06,false,false
V003112,C00734,2025-07-01,direct,P018,Pure Band 18,false,true
V003113,C00206,2025-02-20,direct,P002,Pure Band 02,false,false
V003114,C00648,2025-05-27,organic_search,P012,Essential Bag 12,false,false
V003115,C00304,2025-04-11,social,P013,Bright Organizer 13,false,true
V003116,C00825,2025-08-28,paid_search,P019,Urban Bottle 19,false,false
V003117,C00893,2025-06-20,social,P001,Daily Lamp 01,false,false
V003118,C00546,2025-05-21,paid_search,P020,Essential Bag 20,false,false
V003119,C00985,2025-05-22,organic_search,P017,Daily Lamp 17,false,false
V003120,C00501,2025-02-09,organic_search,P020,Essential Bag 20,true,false
V003121,C00881,2025-10-29,email,P003,Urban Bottle 03,false,false
V003122,C00499,2025-06-02,direct,P014,Active Mat 14,false,false
V003123,C00521,2025-01-10,social,P012,Essential Bag 12,false,false
V003124,C00587,2025-04-07,social,P007,Calm Cream 07,false,true
V003125,C00960,2025-05-07,social,P012,Essential Bag 12,true,true
V003126,C00250,2025-11-11,social,P026,Pure Band 26,false,false
V003127,C00815,2025-03-06,organic_search,P014,Active Mat 14,false,false
V003128,C00361,2025-01-14,organic_search,P014,Active Mat 14,false,true
V003129,C00638,2025-05-28,paid_search,P004,Essential Bag 04,false,false
V003130,C00892,2025-09-25,paid_search,P006,Active Mat 06,false,false
V003131,C00955,2025-09-17,direct,P029,Bright Organizer 29,false,false
V003132,C00606,2025-10-24,organic_search,P023,Calm Cream 23,false,false
V003133,C00440,2025-03-25,direct,P013,Bright Organizer 13,false,false
V003134,C00628,2025-04-21,social,P015,Calm Cream 15,false,false
V003135,C00988,2025-02-01,organic_search,P027,Urban Bottle 27,false,false
V003136,C00931,2025-12-31,email,P026,Pure Band 26,false,false
V003137,C00270,2025-11-11,organic_search,P012,Essential Bag 12,false,false
V003138,C00046,2025-05-09,organic_search,P020,Essential Bag 20,false,false
V003139,C00121,2025-10-17,direct,P017,Daily Lamp 17,false,false
V003140,C00285,2025-06-25,social,P029,Bright Organizer 29,true,false
V003141,C00165,2025-02-02,email,P011,Urban Bottle 11,false,false
V003142,C00626,2025-01-10,organic_search,P026,Pure Band 26,false,false
V003143,C00600,2025-08-29,paid_search,P012,Essential Bag 12,true,false
V003144,C00942,2025-08-09,direct,P005,Bright Organizer 05,false,false
V003145,C00086,2025-08-31,paid_search,P018,Pure Band 18,false,false
V003146,C00933,2025-10-03,direct,P027,Urban Bottle 27,true,false
V003147,C00764,2025-06-13,direct,P007,Calm Cream 07,true,true
V003148,C00895,2025-09-10,organic_search,P007,Calm Cream 07,true,false
V003149,C00786,2025-05-12,referral,P015,Calm Cream 15,false,false
V003150,C00290,2025-12-07,organic_search,P001,Daily Lamp 01,false,false
V003151,C00606,2025-06-25,social,P023,Calm Cream 23,false,false
V003152,C00913,2025-12-02,social,P001,Daily Lamp 01,true,true
V003153,C00380,2025-10-11,paid_search,P027,Urban Bottle 27,false,false
V003154,C00469,2025-09-09,organic_search,P021,Bright Organizer 21,false,false
V003155,C00385,2025-12-08,paid_search,P016,Modern Serum 16,false,false
V003156,C00553,2025-05-18,email,P009,Daily Lamp 09,true,true
V003157,C00544,2025-01-28,social,P007,Calm Cream 07,false,false
V003158,C00132,2025-06-17,paid_search,P012,Essential Bag 12,false,false
V003159,C00708,2025-11-13,social,P027,Urban Bottle 27,false,false
V003160,C00431,2025-10-10,email,P009,Daily Lamp 09,false,false
V003161,C00332,2025-01-11,paid_search,P026,Pure Band 26,true,false
V003162,C00132,2025-04-05,social,P029,Bright Organizer 29,false,false
V003163,C00644,2025-01-04,organic_search,P015,Calm Cream 15,false,false
V003164,C00953,2025-07-30,organic_search,P027,Urban Bottle 27,false,false
V003165,C00287,2025-01-05,direct,P023,Calm Cream 23,false,false
V003166,C00374,2025-01-05,direct,P024,Modern Serum 24,false,false
V003167,C00121,2025-04-04,paid_search,P003,Urban Bottle 03,true,false
V003168,C00537,2025-07-07,social,P010,Pure Band 10,false,false
V003169,C00707,2025-11-25,social,P022,Active Mat 22,false,false
V003170,C00979,2025-02-26,referral,P021,Bright Organizer 21,false,false
V003171,C00253,2025-06-04,organic_search,P003,Urban Bottle 03,true,false
V003172,C00112,2025-07-08,referral,P004,Essential Bag 04,false,false
V003173,C00597,2025-03-11,email,P009,Daily Lamp 09,false,false
V003174,C00593,2025-06-15,referral,P001,Daily Lamp 01,false,false
V003175,C00513,2025-05-27,organic_search,P027,Urban Bottle 27,false,false
V003176,C00927,2025-06-11,referral,P012,Essential Bag 12,false,false
V003177,C00228,2025-11-16,direct,P025,Daily Lamp 25,true,false
V003178,C00390,2025-04-20,organic_search,P010,Pure Band 10,false,false
V003179,C00935,2025-10-17,social,P002,Pure Band 02,false,false
V003180,C00389,2025-07-17,social,P007,Calm Cream 07,false,false
V003181,C00031,2025-09-12,referral,P005,Bright Organizer 05,false,false
V003182,C00812,2025-05-25,email,P030,Active Mat 30,false,false
V003183,C00384,2025-04-27,direct,P028,Essential Bag 28,true,false
V003184,C00976,2025-06-20,direct,P026,Pure Band 26,false,false
V003185,C00274,2025-12-11,direct,P007,Calm Cream 07,false,false
V003186,C00195,2025-11-09,email,P006,Active Mat 06,false,false
V003187,C00378,2025-08-27,email,P008,Modern Serum 08,false,false
V003188,C00002,2025-08-03,social,P009,Daily Lamp 09,false,false
V003189,C00643,2025-09-03,social,P006,Active Mat 06,false,false
V003190,C00876,2025-08-14,direct,P012,Essential Bag 12,false,false
V003191,C00436,2025-04-10,direct,P013,Bright Organizer 13,false,false
V003192,C00777,2025-03-08,social,P001,Daily Lamp 01,false,false
V003193,C00752,2025-08-27,social,P012,Essential Bag 12,false,false
V003194,C00535,2025-12-22,direct,P027,Urban Bottle 27,false,false
V003195,C00942,2025-12-30,organic_search,P026,Pure Band 26,false,false
V003196,C00453,2025-03-18,direct,P006,Active Mat 06,false,false
V003197,C00794,2025-11-08,social,P026,Pure Band 26,false,false
V003198,C00388,2025-03-06,social,P014,Active Mat 14,false,false
V003199,C00994,2025-12-18,direct,P029,Bright Organizer 29,false,false
V003200,C00764,2025-09-05,social,P015,Calm Cream 15,false,false
V003201,C00054,2025-03-27,direct,P020,Essential Bag 20,false,false
V003202,C00298,2025-05-07,direct,P012,Essential Bag 12,true,false
V003203,C00442,2025-04-21,email,P004,Essential Bag 04,false,false
V003204,C00700,2025-02-01,email,P012,Essential Bag 12,false,false
V003205,C00747,2025-01-08,paid_search,P021,Bright Organizer 21,true,true
V003206,C00460,2025-04-20,organic_search,P024,Modern Serum 24,false,false
V003207,C00431,2025-02-10,direct,P004,Essential Bag 04,false,false
V003208,C00334,2025-04-02,social,P029,Bright Organizer 29,false,false
V003209,C00944,2025-12-25,organic_search,P002,Pure Band 02,false,false
V003210,C00991,2025-10-13,paid_search,P007,Calm Cream 07,false,false
V003211,C00824,2025-11-24,social,P023,Calm Cream 23,false,false
V003212,C00993,2025-08-20,direct,P002,Pure Band 02,false,false
V003213,C00476,2025-10-20,organic_search,P015,Calm Cream 15,false,false
V003214,C00510,2025-02-06,paid_search,P016,Modern Serum 16,false,false
V003215,C00549,2025-03-01,organic_search,P001,Daily Lamp 01,false,false
V003216,C00841,2025-10-26,social,P014,Active Mat 14,false,false
V003217,C00942,2025-12-04,email,P026,Pure Band 26,false,false
V003218,C00119,2025-11-23,referral,P002,Pure Band 02,false,false
V003219,C00785,2025-01-01,organic_search,P006,Active Mat 06,true,false
V003220,C00096,2025-03-04,email,P006,Active Mat 06,false,false
V003221,C00791,2025-07-31,paid_search,P005,Bright Organizer 05,true,true
V003222,C00253,2025-11-03,email,P009,Daily Lamp 09,false,false
V003223,C00041,2025-03-07,organic_search,P029,Bright Organizer 29,false,false
V003224,C00756,2025-09-10,paid_search,P010,Pure Band 10,true,false
V003225,C00593,2025-08-20,social,P007,Calm Cream 07,false,false
V003226,C00817,2025-07-25,paid_search,P012,Essential Bag 12,false,false
V003227,C00804,2025-04-25,direct,P018,Pure Band 18,true,true
V003228,C00879,2025-03-24,organic_search,P025,Daily Lamp 25,false,false
V003229,C00154,2025-01-23,organic_search,P007,Calm Cream 07,false,false
V003230,C00159,2025-10-02,social,P004,Essential Bag 04,true,true
V003231,C00494,2025-10-22,referral,P014,Active Mat 14,true,true
V003232,C00887,2025-05-19,paid_search,P011,Urban Bottle 11,false,false
V003233,C00131,2025-03-18,direct,P001,Daily Lamp 01,false,false
V003234,C00725,2025-07-31,paid_search,P005,Bright Organizer 05,true,false
V003235,C00503,2025-12-21,paid_search,P012,Essential Bag 12,false,false
V003236,C00600,2025-09-17,direct,P017,Daily Lamp 17,false,false
V003237,C00141,2025-08-10,paid_search,P022,Active Mat 22,false,false
V003238,C00639,2025-12-31,organic_search,P014,Active Mat 14,false,false
V003239,C00715,2025-04-10,paid_search,P003,Urban Bottle 03,false,false
V003240,C00328,2025-05-18,email,P027,Urban Bottle 27,true,false
V003241,C00673,2025-08-19,direct,P017,Daily Lamp 17,false,false
V003242,C00374,2025-02-04,organic_search,P023,Calm Cream 23,false,false
V003243,C00304,2025-09-15,organic_search,P024,Modern Serum 24,false,false
V003244,C00727,2025-09-12,paid_search,P029,Bright Organizer 29,false,false
V003245,C00281,2025-05-08,direct,P007,Calm Cream 07,false,false
V003246,C00128,2025-08-08,social,P022,Active Mat 22,false,false
V003247,C00048,2025-09-21,direct,P027,Urban Bottle 27,false,false
V003248,C00059,2025-04-30,paid_search,P012,Essential Bag 12,false,false
V003249,C00754,2025-02-17,social,P005,Bright Organizer 05,false,false
V003250,C00708,2025-05-01,direct,P027,Urban Bottle 27,true,false
V003251,C00994,2025-03-06,organic_search,P024,Modern Serum 24,false,false
V003252,C00552,2025-05-08,paid_search,P026,Pure Band 26,false,false
V003253,C00473,2025-02-03,direct,P006,Active Mat 06,false,false
V003254,C00731,2025-05-24,paid_search,P016,Modern Serum 16,true,false
V003255,C00975,2025-02-11,social,P013,Bright Organizer 13,false,false
V003256,C00245,2025-04-26,paid_search,P027,Urban Bottle 27,false,false
V003257,C00066,2025-12-04,paid_search,P024,Modern Serum 24,false,false
V003258,C00223,2025-04-02,social,P005,Bright Organizer 05,false,false
V003259,C00436,2025-10-30,direct,P005,Bright Organizer 05,false,false
V003260,C00155,2025-10-19,direct,P028,Essential Bag 28,false,false
V003261,C00861,2025-07-12,organic_search,P005,Bright Organizer 05,true,false
V003262,C00872,2025-09-27,email,P008,Modern Serum 08,false,false
V003263,C00310,2025-03-09,organic_search,P003,Urban Bottle 03,false,false
V003264,C00393,2025-02-19,email,P029,Bright Organizer 29,false,false
V003265,C00630,2025-11-27,social,P019,Urban Bottle 19,false,false
V003266,C00706,2025-12-08,email,P016,Modern Serum 16,true,true
V003267,C00583,2025-04-26,email,P002,Pure Band 02,false,false
V003268,C00179,2025-04-23,organic_search,P026,Pure Band 26,true,true
V003269,C00956,2025-09-17,email,P004,Essential Bag 04,false,false
V003270,C00301,2025-09-25,organic_search,P018,Pure Band 18,false,false
V003271,C00767,2025-02-21,paid_search,P016,Modern Serum 16,true,false
V003272,C00859,2025-02-24,organic_search,P004,Essential Bag 04,false,false
V003273,C00561,2025-12-29,paid_search,P015,Calm Cream 15,false,false
V003274,C00007,2025-05-18,direct,P011,Urban Bottle 11,false,false
V003275,C00931,2025-12-20,social,P006,Active Mat 06,true,false
V003276,C00168,2025-11-13,email,P013,Bright Organizer 13,false,false
V003277,C00093,2025-09-08,email,P017,Daily Lamp 17,false,false
V003278,C00774,2025-09-28,organic_search,P009,Daily Lamp 09,false,false
V003279,C00345,2025-10-12,social,P001,Daily Lamp 01,false,false
V003280,C00747,2025-10-24,direct,P013,Bright Organizer 13,false,false
V003281,C00953,2025-10-14,paid_search,P009,Daily Lamp 09,false,false
V003282,C00980,2025-05-16,direct,P026,Pure Band 26,true,false
V003283,C00166,2025-06-24,paid_search,P023,Calm Cream 23,true,false
V003284,C00130,2025-06-06,email,P027,Urban Bottle 27,false,false
V003285,C00962,2025-11-22,social,P003,Urban Bottle 03,true,false
V003286,C00335,2025-12-24,direct,P006,Active Mat 06,true,true
V003287,C00002,2025-09-07,email,P015,Calm Cream 15,false,false
V003288,C00080,2025-07-11,organic_search,P005,Bright Organizer 05,true,false
V003289,C00668,2025-05-26,paid_search,P004,Essential Bag 04,true,false
V003290,C00692,2025-05-20,social,P007,Calm Cream 07,false,false
V003291,C00800,2025-08-06,referral,P003,Urban Bottle 03,true,false
V003292,C00443,2025-09-24,referral,P024,Modern Serum 24,false,false
V003293,C00604,2025-02-03,email,P012,Essential Bag 12,false,false
V003294,C00701,2025-01-02,organic_search,P009,Daily Lamp 09,false,false
V003295,C00361,2025-12-15,email,P005,Bright Organizer 05,false,true
V003296,C00801,2025-10-31,direct,P017,Daily Lamp 17,false,false
V003297,C00865,2025-10-20,email,P021,Bright Organizer 21,false,false
V003298,C00192,2025-11-09,direct,P024,Modern Serum 24,false,false
V003299,C00999,2025-07-03,referral,P006,Active Mat 06,true,false
V003300,C00349,2025-03-05,direct,P017,Daily Lamp 17,false,false
V003301,C00400,2025-02-24,paid_search,P002,Pure Band 02,false,false
V003302,C00201,2025-12-12,organic_search,P009,Daily Lamp 09,false,false
V003303,C00931,2025-10-07,organic_search,P010,Pure Band 10,false,false
V003304,C00772,2025-03-18,organic_search,P019,Urban Bottle 19,false,false
V003305,C00172,2025-03-02,paid_search,P026,Pure Band 26,false,false
V003306,C00332,2025-06-05,paid_search,P022,Active Mat 22,false,false
V003307,C00930,2025-03-08,organic_search,P028,Essential Bag 28,false,false
V003308,C00970,2025-11-10,social,P006,Active Mat 06,false,false
V003309,C00708,2025-11-23,direct,P003,Urban Bottle 03,false,false
V003310,C00075,2025-01-06,social,P011,Urban Bottle 11,false,false
V003311,C00082,2025-11-04,organic_search,P009,Daily Lamp 09,true,false
V003312,C00278,2025-12-17,referral,P005,Bright Organizer 05,false,false
V003313,C00524,2025-05-11,paid_search,P012,Essential Bag 12,false,false
V003314,C00064,2025-12-22,organic_search,P001,Daily Lamp 01,false,false
V003315,C00835,2025-03-10,email,P024,Modern Serum 24,false,false
V003316,C00978,2025-07-04,direct,P011,Urban Bottle 11,false,false
V003317,C00427,2025-06-28,paid_search,P023,Calm Cream 23,false,true
V003318,C01000,2025-01-19,direct,P019,Urban Bottle 19,false,false
V003319,C00551,2025-06-04,paid_search,P002,Pure Band 02,false,false
V003320,C00631,2025-07-18,organic_search,P015,Calm Cream 15,true,false
V003321,C00833,2025-02-09,email,P026,Pure Band 26,false,false
V003322,C00285,2025-11-03,paid_search,P014,Active Mat 14,false,false
V003323,C00963,2025-11-13,email,P014,Active Mat 14,false,false
V003324,C00108,2025-01-22,social,P021,Bright Organizer 21,false,false
V003325,C00873,2025-12-17,referral,P020,Essential Bag 20,false,false
V003326,C00504,2025-12-25,paid_search,P008,Modern Serum 08,true,true
V003327,C00134,2025-03-16,paid_search,P011,Urban Bottle 11,false,false
V003328,C00985,2025-10-20,direct,P003,Urban Bottle 03,true,true
V003329,C00890,2025-03-06,paid_search,P004,Essential Bag 04,false,false
V003330,C00114,2025-04-08,direct,P018,Pure Band 18,true,false
V003331,C00555,2025-02-06,email,P021,Bright Organizer 21,false,false
V003332,C00138,2025-10-06,direct,P016,Modern Serum 16,false,false
V003333,C00359,2025-04-26,social,P006,Active Mat 06,false,false
V003334,C00871,2025-12-17,paid_search,P002,Pure Band 02,true,false
V003335,C00955,2025-05-04,social,P019,Urban Bottle 19,false,false
V003336,C00364,2025-01-19,email,P003,Urban Bottle 03,false,false
V003337,C00440,2025-12-26,email,P021,Bright Organizer 21,false,false
V003338,C00787,2025-08-27,organic_search,P030,Active Mat 30,false,false
V003339,C00080,2025-09-25,social,P020,Essential Bag 20,true,false
V003340,C00899,2025-10-11,email,P011,Urban Bottle 11,false,false
V003341,C00572,2025-12-29,organic_search,P019,Urban Bottle 19,false,false
V003342,C00682,2025-08-29,direct,P023,Calm Cream 23,false,false
V003343,C00731,2025-09-27,organic_search,P028,Essential Bag 28,true,false
V003344,C00123,2025-03-16,email,P002,Pure Band 02,true,false
V003345,C00933,2025-03-18,social,P025,Daily Lamp 25,false,false
V003346,C00016,2025-03-26,referral,P019,Urban Bottle 19,false,false
V003347,C00656,2025-10-04,direct,P019,Urban Bottle 19,true,false
V003348,C00551,2025-04-09,social,P006,Active Mat 06,false,false
V003349,C00212,2025-02-18,paid_search,P009,Daily Lamp 09,true,false
V003350,C00408,2025-07-04,email,P008,Modern Serum 08,false,false
V003351,C00655,2025-03-21,email,P001,Daily Lamp 01,true,true
V003352,C00692,2025-06-20,direct,P016,Modern Serum 16,false,false
V003353,C00750,2025-03-31,email,P009,Daily Lamp 09,false,false
V003354,C00431,2025-09-14,social,P005,Bright Organizer 05,false,false
V003355,C00270,2025-07-06,social,P018,Pure Band 18,false,false
V003356,C00311,2025-03-17,social,P016,Modern Serum 16,false,false
V003357,C00493,2025-03-22,email,P007,Calm Cream 07,true,false
V003358,C00615,2025-02-16,paid_search,P009,Daily Lamp 09,false,false
V003359,C00478,2025-10-04,paid_search,P027,Urban Bottle 27,true,true
V003360,C00311,2025-01-21,organic_search,P017,Daily Lamp 17,false,false
V003361,C00373,2025-03-11,organic_search,P011,Urban Bottle 11,false,false
V003362,C00998,2025-11-26,organic_search,P013,Bright Organizer 13,false,false
V003363,C00197,2025-07-24,email,P005,Bright Organizer 05,true,false
V003364,C00024,2025-12-21,email,P013,Bright Organizer 13,false,false
V003365,C00135,2025-01-09,paid_search,P021,Bright Organizer 21,false,false
V003366,C00393,2025-11-16,paid_search,P005,Bright Organizer 05,true,true
V003367,C00251,2025-05-29,direct,P028,Essential Bag 28,false,false
V003368,C00185,2025-12-13,direct,P014,Active Mat 14,false,false
V003369,C00858,2025-05-29,organic_search,P006,Active Mat 06,false,false
V003370,C00811,2025-03-10,referral,P016,Modern Serum 16,true,false
V003371,C00717,2025-04-15,organic_search,P016,Modern Serum 16,false,true
V003372,C00753,2025-05-05,organic_search,P027,Urban Bottle 27,false,false
V003373,C00408,2025-12-25,email,P026,Pure Band 26,false,false
V003374,C00742,2025-03-10,direct,P020,Essential Bag 20,false,false
V003375,C00107,2025-11-30,organic_search,P002,Pure Band 02,true,true
V003376,C00669,2025-06-30,paid_search,P017,Daily Lamp 17,false,false
V003377,C00654,2025-11-18,email,P024,Modern Serum 24,false,false
V003378,C00655,2025-11-01,referral,P007,Calm Cream 07,false,false
V003379,C00441,2025-03-28,social,P028,Essential Bag 28,false,false
V003380,C00247,2025-08-12,paid_search,P005,Bright Organizer 05,false,false
V003381,C00120,2025-12-16,social,P023,Calm Cream 23,true,false
V003382,C00586,2025-05-17,organic_search,P029,Bright Organizer 29,false,true
V003383,C00510,2025-03-30,paid_search,P028,Essential Bag 28,false,false
V003384,C00436,2025-03-06,email,P024,Modern Serum 24,false,false
V003385,C00564,2025-11-24,organic_search,P019,Urban Bottle 19,false,false
V003386,C00348,2025-09-15,direct,P018,Pure Band 18,false,false
V003387,C00301,2025-06-15,referral,P003,Urban Bottle 03,false,true
V003388,C00701,2025-09-22,social,P024,Modern Serum 24,false,false
V003389,C00102,2025-09-18,paid_search,P007,Calm Cream 07,false,true
V003390,C00070,2025-09-03,organic_search,P002,Pure Band 02,false,false
V003391,C00255,2025-02-05,email,P017,Daily Lamp 17,false,false
V003392,C00556,2025-11-24,organic_search,P008,Modern Serum 08,true,true
V003393,C00496,2025-05-31,organic_search,P008,Modern Serum 08,true,true
V003394,C00226,2025-09-08,direct,P013,Bright Organizer 13,true,false
V003395,C00914,2025-07-04,organic_search,P007,Calm Cream 07,false,false
V003396,C00880,2025-06-24,email,P020,Essential Bag 20,false,false
V003397,C00894,2025-05-18,email,P008,Modern Serum 08,false,false
V003398,C00484,2025-05-08,direct,P009,Daily Lamp 09,false,false
V003399,C00367,2025-04-28,direct,P001,Daily Lamp 01,false,false
V003400,C00564,2025-09-22,paid_search,P008,Modern Serum 08,false,false
V003401,C00257,2025-12-19,organic_search,P019,Urban Bottle 19,false,false
V003402,C00903,2025-10-30,email,P008,Modern Serum 08,true,false
V003403,C00156,2025-12-28,social,P028,Essential Bag 28,false,false
V003404,C00335,2025-04-04,organic_search,P019,Urban Bottle 19,true,false
V003405,C00402,2025-08-31,email,P008,Modern Serum 08,false,true
V003406,C00357,2025-09-17,social,P018,Pure Band 18,false,false
V003407,C00867,2025-09-01,referral,P007,Calm Cream 07,true,false
V003408,C00953,2025-01-18,direct,P027,Urban Bottle 27,false,false
V003409,C00825,2025-07-16,email,P003,Urban Bottle 03,false,false
V003410,C00230,2025-01-05,social,P009,Daily Lamp 09,true,false
V003411,C00262,2025-03-13,email,P024,Modern Serum 24,false,false
V003412,C00432,2025-10-28,social,P016,Modern Serum 16,false,false
V003413,C00023,2025-06-24,social,P026,Pure Band 26,false,false
V003414,C00620,2025-07-20,social,P005,Bright Organizer 05,true,false
V003415,C00331,2025-02-19,paid_search,P013,Bright Organizer 13,false,false
V003416,C00748,2025-05-12,direct,P001,Daily Lamp 01,true,true
V003417,C00158,2025-12-06,organic_search,P012,Essential Bag 12,false,false
V003418,C00118,2025-02-12,referral,P001,Daily Lamp 01,false,false
V003419,C00804,2025-12-01,social,P012,Essential Bag 12,false,false
V003420,C00887,2025-08-31,social,P024,Modern Serum 24,false,false
V003421,C00351,2025-03-25,paid_search,P003,Urban Bottle 03,false,false
V003422,C00001,2025-04-29,direct,P016,Modern Serum 16,false,false
V003423,C00997,2025-09-08,paid_search,P019,Urban Bottle 19,false,false
V003424,C00256,2025-01-21,email,P016,Modern Serum 16,false,false
V003425,C00294,2025-08-02,organic_search,P016,Modern Serum 16,false,false
V003426,C00186,2025-01-14,referral,P023,Calm Cream 23,true,false
V003427,C00060,2025-06-05,organic_search,P010,Pure Band 10,false,true
V003428,C00123,2025-03-25,email,P003,Urban Bottle 03,false,false
V003429,C00087,2025-08-04,direct,P028,Essential Bag 28,false,false
V003430,C00227,2025-12-22,referral,P007,Calm Cream 07,false,false
V003431,C00086,2025-09-12,organic_search,P012,Essential Bag 12,false,false
V003432,C00721,2025-04-27,social,P005,Bright Organizer 05,false,false
V003433,C00696,2025-04-07,paid_search,P016,Modern Serum 16,true,false
V003434,C00632,2025-08-06,direct,P028,Essential Bag 28,false,false
V003435,C00557,2025-06-14,email,P011,Urban Bottle 11,true,false
V003436,C00766,2025-05-26,social,P014,Active Mat 14,true,false
V003437,C00499,2025-05-09,referral,P009,Daily Lamp 09,true,false
V003438,C00682,2025-12-06,referral,P001,Daily Lamp 01,false,false
V003439,C00309,2025-04-23,social,P004,Essential Bag 04,false,false
V003440,C00116,2025-02-04,paid_search,P030,Active Mat 30,false,false
V003441,C00222,2025-02-07,direct,P003,Urban Bottle 03,false,false
V003442,C00184,2025-12-27,paid_search,P011,Urban Bottle 11,false,false
V003443,C00255,2025-11-19,social,P009,Daily Lamp 09,false,false
V003444,C00548,2025-04-14,organic_search,P023,Calm Cream 23,false,false
V003445,C00309,2025-11-18,referral,P003,Urban Bottle 03,false,false
V003446,C00939,2025-04-19,email,P022,Active Mat 22,false,false
V003447,C00430,2025-03-12,organic_search,P001,Daily Lamp 01,false,false
V003448,C00785,2025-06-03,social,P006,Active Mat 06,false,false
V003449,C00538,2025-09-24,paid_search,P022,Active Mat 22,false,false
V003450,C00379,2025-11-11,direct,P003,Urban Bottle 03,false,false
V003451,C00922,2025-03-04,organic_search,P002,Pure Band 02,false,false
V003452,C00514,2025-01-04,organic_search,P004,Essential Bag 04,false,false
V003453,C00817,2025-07-07,paid_search,P001,Daily Lamp 01,true,false
V003454,C00894,2025-03-06,organic_search,P027,Urban Bottle 27,false,false
V003455,C00984,2025-05-17,paid_search,P026,Pure Band 26,false,false
V003456,C00962,2025-07-25,social,P020,Essential Bag 20,false,false
V003457,C00775,2025-08-27,referral,P012,Essential Bag 12,false,false
V003458,C00522,2025-09-01,paid_search,P018,Pure Band 18,false,false
V003459,C00272,2025-10-10,referral,P030,Active Mat 30,false,false
V003460,C00912,2025-01-30,paid_search,P004,Essential Bag 04,false,false
V003461,C00052,2025-05-28,organic_search,P008,Modern Serum 08,false,false
V003462,C00863,2025-08-07,social,P020,Essential Bag 20,false,false
V003463,C00759,2025-06-23,direct,P019,Urban Bottle 19,false,false
V003464,C00673,2025-01-14,social,P013,Bright Organizer 13,false,false
V003465,C00745,2025-02-14,organic_search,P028,Essential Bag 28,true,true
V003466,C00409,2025-11-03,social,P030,Active Mat 30,false,false
V003467,C00563,2025-05-27,paid_search,P029,Bright Organizer 29,false,false
V003468,C00550,2025-02-22,social,P003,Urban Bottle 03,false,true
V003469,C00516,2025-04-01,organic_search,P025,Daily Lamp 25,true,false
V003470,C00571,2025-09-12,paid_search,P012,Essential Bag 12,false,false
V003471,C00181,2025-02-02,social,P016,Modern Serum 16,true,true
V003472,C00932,2025-10-20,email,P013,Bright Organizer 13,true,false
V003473,C00344,2025-12-09,referral,P024,Modern Serum 24,false,false
V003474,C00494,2025-10-19,email,P001,Daily Lamp 01,false,false
V003475,C00771,2025-09-13,organic_search,P014,Active Mat 14,true,false
V003476,C00944,2025-05-09,referral,P013,Bright Organizer 13,true,false
V003477,C00330,2025-07-25,organic_search,P014,Active Mat 14,false,false
V003478,C00393,2025-04-29,paid_search,P028,Essential Bag 28,false,false
V003479,C00697,2025-01-13,social,P007,Calm Cream 07,false,true
V003480,C00289,2025-12-09,organic_search,P018,Pure Band 18,false,true
V003481,C00973,2025-08-08,social,P001,Daily Lamp 01,false,false
V003482,C00607,2025-07-21,paid_search,P023,Calm Cream 23,false,false
V003483,C00193,2025-04-29,social,P003,Urban Bottle 03,false,false
V003484,C00602,2025-05-30,email,P020,Essential Bag 20,false,false
V003485,C00719,2025-12-12,direct,P004,Essential Bag 04,false,false
V003486,C00791,2025-03-31,social,P005,Bright Organizer 05,true,false
V003487,C00465,2025-06-04,organic_search,P010,Pure Band 10,false,false
V003488,C00004,2025-03-30,organic_search,P007,Calm Cream 07,false,false
V003489,C00974,2025-09-25,email,P020,Essential Bag 20,false,false
V003490,C00669,2025-05-25,paid_search,P030,Active Mat 30,false,false
V003491,C00100,2025-11-12,organic_search,P027,Urban Bottle 27,true,false
V003492,C00410,2025-05-14,organic_search,P006,Active Mat 06,true,false
V003493,C00836,2025-07-07,organic_search,P023,Calm Cream 23,false,false
V003494,C00557,2025-12-24,referral,P023,Calm Cream 23,false,false
V003495,C00780,2025-11-10,direct,P017,Daily Lamp 17,false,false
V003496,C00877,2025-01-17,social,P015,Calm Cream 15,false,false
V003497,C00008,2025-10-07,organic_search,P018,Pure Band 18,false,false
V003498,C00559,2025-11-21,paid_search,P002,Pure Band 02,false,false
V003499,C00448,2025-07-24,direct,P022,Active Mat 22,false,false
V003500,C00518,2025-09-14,email,P028,Essential Bag 28,false,false
V003501,C00762,2025-07-04,organic_search,P011,Urban Bottle 11,false,false
V003502,C00738,2025-12-30,referral,P014,Active Mat 14,false,false
V003503,C00385,2025-11-07,social,P028,Essential Bag 28,false,false
V003504,C00492,2025-07-18,social,P005,Bright Organizer 05,false,false
V003505,C00470,2025-04-23,referral,P003,Urban Bottle 03,false,false
V003506,C00461,2025-04-26,social,P009,Daily Lamp 09,false,false
V003507,C00903,2025-04-24,email,P013,Bright Organizer 13,true,true
V003508,C00815,2025-11-05,email,P024,Modern Serum 24,false,false
V003509,C00193,2025-10-13,email,P009,Daily Lamp 09,false,false
V003510,C00657,2025-05-25,social,P024,Modern Serum 24,false,false
V003511,C00595,2025-12-17,paid_search,P017,Daily Lamp 17,true,true
V003512,C00717,2025-05-20,paid_search,P010,Pure Band 10,false,false
V003513,C00120,2025-08-18,social,P024,Modern Serum 24,false,false
V003514,C00573,2025-09-30,organic_search,P006,Active Mat 06,false,false
V003515,C00488,2025-12-12,direct,P010,Pure Band 10,false,false
V003516,C00617,2025-03-22,paid_search,P030,Active Mat 30,false,false
V003517,C00173,2025-05-13,organic_search,P012,Essential Bag 12,false,false
V003518,C00378,2025-08-19,direct,P023,Calm Cream 23,false,false
V003519,C00935,2025-02-20,social,P023,Calm Cream 23,true,false
V003520,C00260,2025-08-18,organic_search,P012,Essential Bag 12,false,false
V003521,C00310,2025-10-01,referral,P003,Urban Bottle 03,true,true
V003522,C00885,2025-08-23,organic_search,P010,Pure Band 10,true,false
V003523,C00975,2025-05-12,direct,P011,Urban Bottle 11,false,false
V003524,C00609,2025-10-18,paid_search,P002,Pure Band 02,false,false
V003525,C00995,2025-12-21,referral,P013,Bright Organizer 13,false,false
V003526,C00555,2025-04-16,social,P016,Modern Serum 16,false,false
V003527,C00137,2025-03-17,organic_search,P028,Essential Bag 28,false,false
V003528,C00913,2025-10-16,organic_search,P016,Modern Serum 16,true,false
V003529,C00155,2025-11-27,organic_search,P025,Daily Lamp 25,false,false
V003530,C00308,2025-04-03,direct,P011,Urban Bottle 11,true,false
V003531,C00147,2025-09-24,paid_search,P029,Bright Organizer 29,false,false
V003532,C00559,2025-03-16,direct,P019,Urban Bottle 19,false,false
V003533,C00206,2025-11-10,social,P013,Bright Organizer 13,true,false
V003534,C00974,2025-05-14,direct,P011,Urban Bottle 11,true,false
V003535,C00839,2025-08-04,organic_search,P030,Active Mat 30,false,false
V003536,C00754,2025-05-29,paid_search,P001,Daily Lamp 01,true,false
V003537,C00046,2025-11-15,organic_search,P022,Active Mat 22,true,false
V003538,C00937,2025-06-18,organic_search,P027,Urban Bottle 27,false,false
V003539,C00881,2025-03-01,social,P022,Active Mat 22,false,false
V003540,C00520,2025-09-08,social,P028,Essential Bag 28,false,false
V003541,C00401,2025-09-17,organic_search,P028,Essential Bag 28,false,false
V003542,C00617,2025-03-17,email,P025,Daily Lamp 25,false,false
V003543,C00454,2025-08-25,organic_search,P026,Pure Band 26,false,false
V003544,C00383,2025-04-09,organic_search,P007,Calm Cream 07,false,false
V003545,C00232,2025-02-25,paid_search,P017,Daily Lamp 17,false,false
V003546,C00089,2025-10-22,organic_search,P010,Pure Band 10,false,false
V003547,C00468,2025-09-22,organic_search,P026,Pure Band 26,false,false
V003548,C00401,2025-04-25,paid_search,P014,Active Mat 14,false,false
V003549,C00581,2025-05-14,organic_search,P020,Essential Bag 20,true,true
V003550,C00657,2025-02-10,referral,P020,Essential Bag 20,false,false
V003551,C00404,2025-11-06,email,P007,Calm Cream 07,true,false
V003552,C00980,2025-12-15,organic_search,P010,Pure Band 10,false,false
V003553,C00944,2025-03-12,paid_search,P030,Active Mat 30,false,false
V003554,C00991,2025-06-13,paid_search,P022,Active Mat 22,false,false
V003555,C00966,2025-11-17,organic_search,P010,Pure Band 10,false,false
V003556,C00142,2025-10-24,organic_search,P014,Active Mat 14,false,false
V003557,C00194,2025-03-19,social,P028,Essential Bag 28,true,false
V003558,C00590,2025-07-13,social,P001,Daily Lamp 01,false,false
V003559,C00887,2025-11-13,social,P028,Essential Bag 28,false,false
V003560,C00334,2025-06-14,paid_search,P029,Bright Organizer 29,false,false
V003561,C00245,2025-05-26,organic_search,P024,Modern Serum 24,false,false
V003562,C00694,2025-10-10,organic_search,P030,Active Mat 30,false,true
V003563,C00360,2025-12-09,referral,P025,Daily Lamp 25,false,false
V003564,C00199,2025-01-16,social,P005,Bright Organizer 05,true,false
V003565,C00605,2025-08-08,social,P010,Pure Band 10,true,false
V003566,C00268,2025-04-23,organic_search,P028,Essential Bag 28,false,false
V003567,C00694,2025-04-23,organic_search,P003,Urban Bottle 03,false,false
V003568,C00122,2025-11-12,paid_search,P025,Daily Lamp 25,false,false
V003569,C00435,2025-03-14,organic_search,P020,Essential Bag 20,true,true
V003570,C00870,2025-02-13,paid_search,P027,Urban Bottle 27,false,false
V003571,C00407,2025-05-18,social,P024,Modern Serum 24,false,false
V003572,C00450,2025-05-28,paid_search,P011,Urban Bottle 11,false,false
V003573,C00845,2025-10-28,organic_search,P025,Daily Lamp 25,false,false
V003574,C00257,2025-10-18,email,P014,Active Mat 14,true,false
V003575,C00987,2025-10-15,email,P006,Active Mat 06,false,false
V003576,C00260,2025-05-26,paid_search,P007,Calm Cream 07,false,false
V003577,C00232,2025-08-14,organic_search,P011,Urban Bottle 11,false,false
V003578,C00981,2025-05-28,referral,P020,Essential Bag 20,false,true
V003579,C00766,2025-05-26,paid_search,P003,Urban Bottle 03,true,false
V003580,C00805,2025-08-11,organic_search,P007,Calm Cream 07,false,false
V003581,C00450,2025-08-30,email,P017,Daily Lamp 17,false,false
V003582,C00942,2025-12-16,paid_search,P006,Active Mat 06,false,false
V003583,C00084,2025-04-30,social,P002,Pure Band 02,false,false
V003584,C00540,2025-06-26,direct,P012,Essential Bag 12,false,false
V003585,C00393,2025-04-15,direct,P015,Calm Cream 15,false,false
V003586,C00551,2025-04-14,email,P020,Essential Bag 20,true,true
V003587,C00035,2025-08-08,email,P017,Daily Lamp 17,false,false
V003588,C00426,2025-11-28,paid_search,P024,Modern Serum 24,true,false
V003589,C00932,2025-09-16,email,P025,Daily Lamp 25,false,false
V003590,C00899,2025-09-28,organic_search,P002,Pure Band 02,false,false
V003591,C00224,2025-09-29,paid_search,P021,Bright Organizer 21,false,false
V003592,C00154,2025-08-16,organic_search,P003,Urban Bottle 03,true,false
V003593,C00556,2025-12-05,paid_search,P026,Pure Band 26,true,false
V003594,C00581,2025-11-14,paid_search,P019,Urban Bottle 19,false,false
V003595,C00863,2025-05-24,social,P024,Modern Serum 24,false,false
V003596,C00819,2025-08-05,organic_search,P030,Active Mat 30,false,false
V003597,C00933,2025-02-12,email,P024,Modern Serum 24,false,false
V003598,C00629,2025-08-10,email,P006,Active Mat 06,false,false
V003599,C00037,2025-03-22,direct,P012,Essential Bag 12,false,false
V003600,C00245,2025-04-22,social,P025,Daily Lamp 25,true,false
V003601,C00313,2025-05-21,referral,P004,Essential Bag 04,false,false
V003602,C00918,2025-03-28,social,P010,Pure Band 10,false,false
V003603,C00326,2025-01-03,social,P001,Daily Lamp 01,false,false
V003604,C00547,2025-07-17,organic_search,P023,Calm Cream 23,true,false
V003605,C00880,2025-11-12,organic_search,P024,Modern Serum 24,true,false
V003606,C00981,2025-01-29,organic_search,P007,Calm Cream 07,false,false
V003607,C00912,2025-03-29,email,P027,Urban Bottle 27,true,false
V003608,C00623,2025-12-28,organic_search,P010,Pure Band 10,false,false
V003609,C00332,2025-10-01,social,P026,Pure Band 26,false,false
V003610,C00944,2025-09-11,social,P029,Bright Organizer 29,false,false
V003611,C00420,2025-03-11,social,P024,Modern Serum 24,false,false
V003612,C00768,2025-04-16,organic_search,P010,Pure Band 10,false,false
V003613,C00931,2025-02-13,referral,P008,Modern Serum 08,false,false
V003614,C00070,2025-07-23,paid_search,P023,Calm Cream 23,false,false
V003615,C00860,2025-01-01,organic_search,P013,Bright Organizer 13,false,false
V003616,C00948,2025-01-07,organic_search,P024,Modern Serum 24,false,false
V003617,C00210,2025-02-04,email,P008,Modern Serum 08,false,false
V003618,C00355,2025-07-30,social,P026,Pure Band 26,false,false
V003619,C00549,2025-04-17,paid_search,P025,Daily Lamp 25,false,false
V003620,C00599,2025-03-23,organic_search,P022,Active Mat 22,true,false
V003621,C00985,2025-07-27,social,P003,Urban Bottle 03,false,false
V003622,C00431,2025-06-18,direct,P022,Active Mat 22,false,false
V003623,C00365,2025-08-04,organic_search,P008,Modern Serum 08,false,false
V003624,C00975,2025-11-12,paid_search,P020,Essential Bag 20,false,false
V003625,C00154,2025-12-26,organic_search,P026,Pure Band 26,false,false
V003626,C00255,2025-11-30,paid_search,P009,Daily Lamp 09,false,false
V003627,C00085,2025-10-09,paid_search,P027,Urban Bottle 27,false,false
V003628,C00510,2025-03-19,social,P019,Urban Bottle 19,false,false
V003629,C00046,2025-05-14,social,P014,Active Mat 14,true,false
V003630,C00274,2025-05-27,direct,P005,Bright Organizer 05,false,false
V003631,C00525,2025-01-02,organic_search,P019,Urban Bottle 19,true,false
V003632,C00786,2025-09-19,paid_search,P024,Modern Serum 24,false,false
V003633,C00678,2025-06-09,direct,P010,Pure Band 10,false,false
V003634,C00586,2025-11-07,referral,P022,Active Mat 22,true,false
V003635,C00080,2025-01-13,direct,P006,Active Mat 06,false,false
V003636,C00424,2025-07-24,referral,P019,Urban Bottle 19,false,false
V003637,C00263,2025-05-31,paid_search,P030,Active Mat 30,false,false
V003638,C00257,2025-10-23,paid_search,P024,Modern Serum 24,false,false
V003639,C00593,2025-09-04,direct,P023,Calm Cream 23,false,false
V003640,C00766,2025-04-07,social,P016,Modern Serum 16,false,false
V003641,C00687,2025-11-08,organic_search,P018,Pure Band 18,true,false
V003642,C00899,2025-04-18,organic_search,P027,Urban Bottle 27,false,true
V003643,C00371,2025-01-05,direct,P022,Active Mat 22,false,false
V003644,C00355,2025-03-06,social,P028,Essential Bag 28,false,false
V003645,C00220,2025-09-04,paid_search,P014,Active Mat 14,false,false
V003646,C00882,2025-01-16,organic_search,P012,Essential Bag 12,false,false
V003647,C00095,2025-10-27,organic_search,P018,Pure Band 18,false,true
V003648,C00106,2025-03-09,organic_search,P003,Urban Bottle 03,false,false
V003649,C00547,2025-10-30,social,P018,Pure Band 18,false,false
V003650,C00125,2025-12-25,organic_search,P013,Bright Organizer 13,true,false
V003651,C00940,2025-06-27,email,P014,Active Mat 14,true,false
V003652,C00223,2025-12-22,social,P028,Essential Bag 28,true,false
V003653,C00860,2025-04-29,email,P029,Bright Organizer 29,false,false
V003654,C00120,2025-01-16,paid_search,P020,Essential Bag 20,false,false
V003655,C00500,2025-06-19,email,P025,Daily Lamp 25,false,false
V003656,C00885,2025-03-16,organic_search,P023,Calm Cream 23,true,false
V003657,C00166,2025-07-17,email,P015,Calm Cream 15,false,false
V003658,C00399,2025-11-29,organic_search,P006,Active Mat 06,false,false
V003659,C00609,2025-11-01,paid_search,P009,Daily Lamp 09,true,false
V003660,C00120,2025-07-16,social,P028,Essential Bag 28,false,false
V003661,C00250,2025-05-01,social,P030,Active Mat 30,false,false
V003662,C00931,2025-06-10,email,P015,Calm Cream 15,true,true
V003663,C00930,2025-06-30,organic_search,P007,Calm Cream 07,true,false
V003664,C00512,2025-10-12,organic_search,P026,Pure Band 26,false,false
V003665,C00555,2025-12-10,organic_search,P021,Bright Organizer 21,false,false
V003666,C00857,2025-09-08,direct,P007,Calm Cream 07,false,false
V003667,C00805,2025-05-29,paid_search,P008,Modern Serum 08,true,false
V003668,C00803,2025-01-11,paid_search,P006,Active Mat 06,false,false
V003669,C00440,2025-02-14,email,P027,Urban Bottle 27,true,false
V003670,C00750,2025-06-08,social,P019,Urban Bottle 19,false,false
V003671,C00905,2025-07-06,social,P020,Essential Bag 20,false,false
V003672,C00219,2025-01-01,organic_search,P010,Pure Band 10,false,false
V003673,C00679,2025-06-02,direct,P010,Pure Band 10,false,false
V003674,C00376,2025-12-03,social,P009,Daily Lamp 09,false,false
V003675,C00937,2025-03-02,social,P023,Calm Cream 23,false,false
V003676,C00651,2025-10-29,direct,P027,Urban Bottle 27,true,false
V003677,C00256,2025-01-28,social,P030,Active Mat 30,false,false
V003678,C00747,2025-05-04,email,P029,Bright Organizer 29,true,true
V003679,C00189,2025-05-25,referral,P024,Modern Serum 24,false,false
V003680,C00794,2025-04-18,organic_search,P016,Modern Serum 16,true,false
V003681,C00885,2025-05-25,paid_search,P026,Pure Band 26,true,false
V003682,C00762,2025-03-04,paid_search,P002,Pure Band 02,false,false
V003683,C00182,2025-09-08,social,P011,Urban Bottle 11,false,false
V003684,C00652,2025-05-14,paid_search,P027,Urban Bottle 27,false,false
V003685,C00881,2025-03-29,organic_search,P019,Urban Bottle 19,false,false
V003686,C00320,2025-03-08,paid_search,P024,Modern Serum 24,true,false
V003687,C00470,2025-11-17,paid_search,P014,Active Mat 14,false,false
V003688,C00933,2025-02-22,paid_search,P030,Active Mat 30,false,false
V003689,C00308,2025-04-20,direct,P025,Daily Lamp 25,false,false
V003690,C00372,2025-09-26,social,P004,Essential Bag 04,false,false
V003691,C00944,2025-11-28,organic_search,P005,Bright Organizer 05,false,false
V003692,C00152,2025-02-19,referral,P009,Daily Lamp 09,false,false
V003693,C00207,2025-12-11,organic_search,P030,Active Mat 30,false,false
V003694,C00960,2025-04-30,paid_search,P008,Modern Serum 08,false,false
V003695,C00142,2025-08-28,direct,P003,Urban Bottle 03,false,false
V003696,C00940,2025-01-20,organic_search,P010,Pure Band 10,true,false
V003697,C00348,2025-07-08,email,P002,Pure Band 02,false,false
V003698,C00542,2025-05-06,direct,P025,Daily Lamp 25,false,false
V003699,C00098,2025-01-21,referral,P014,Active Mat 14,true,true
V003700,C00281,2025-06-22,direct,P018,Pure Band 18,false,false
V003701,C00076,2025-03-15,paid_search,P024,Modern Serum 24,false,false
V003702,C00479,2025-02-22,email,P002,Pure Band 02,false,false
V003703,C00035,2025-05-06,email,P019,Urban Bottle 19,false,false
V003704,C00287,2025-04-03,social,P001,Daily Lamp 01,false,false
V003705,C00975,2025-07-27,paid_search,P016,Modern Serum 16,false,false
V003706,C00331,2025-02-25,paid_search,P007,Calm Cream 07,false,false
V003707,C00408,2025-12-04,email,P017,Daily Lamp 17,true,false
V003708,C00222,2025-05-13,email,P018,Pure Band 18,true,false
V003709,C00424,2025-11-05,email,P026,Pure Band 26,false,false
V003710,C00114,2025-06-27,organic_search,P028,Essential Bag 28,false,false
V003711,C00309,2025-04-27,direct,P024,Modern Serum 24,false,false
V003712,C00774,2025-09-28,paid_search,P012,Essential Bag 12,false,false
V003713,C00551,2025-03-06,organic_search,P005,Bright Organizer 05,false,false
V003714,C00070,2025-06-04,organic_search,P017,Daily Lamp 17,false,false
V003715,C00861,2025-02-05,paid_search,P002,Pure Band 02,false,false
V003716,C00904,2025-06-21,paid_search,P016,Modern Serum 16,false,false
V003717,C00098,2025-08-09,email,P013,Bright Organizer 13,false,false
V003718,C00936,2025-05-07,social,P007,Calm Cream 07,false,false
V003719,C00446,2025-10-14,social,P022,Active Mat 22,false,false
V003720,C00554,2025-05-28,paid_search,P019,Urban Bottle 19,false,false
V003721,C00255,2025-11-03,organic_search,P016,Modern Serum 16,true,false
V003722,C00199,2025-03-20,paid_search,P010,Pure Band 10,false,false
V003723,C00264,2025-09-29,organic_search,P009,Daily Lamp 09,false,false
V003724,C00967,2025-03-03,direct,P023,Calm Cream 23,true,false
V003725,C00609,2025-03-17,social,P011,Urban Bottle 11,true,false
V003726,C00749,2025-05-03,paid_search,P016,Modern Serum 16,false,false
V003727,C00815,2025-02-22,paid_search,P020,Essential Bag 20,false,false
V003728,C00078,2025-06-03,direct,P007,Calm Cream 07,false,false
V003729,C00327,2025-07-27,organic_search,P012,Essential Bag 12,false,false
V003730,C00238,2025-10-29,social,P025,Daily Lamp 25,false,true
V003731,C00647,2025-09-27,paid_search,P027,Urban Bottle 27,false,false
V003732,C00914,2025-03-15,email,P012,Essential Bag 12,false,false
V003733,C00597,2025-08-16,organic_search,P013,Bright Organizer 13,false,false
V003734,C00503,2025-05-28,paid_search,P012,Essential Bag 12,false,false
V003735,C00914,2025-11-24,direct,P002,Pure Band 02,true,false
V003736,C00462,2025-10-04,referral,P019,Urban Bottle 19,true,false
V003737,C00155,2025-01-17,paid_search,P005,Bright Organizer 05,false,false
V003738,C00732,2025-12-31,organic_search,P004,Essential Bag 04,false,false
V003739,C00299,2025-02-13,organic_search,P010,Pure Band 10,false,false
V003740,C00189,2025-03-05,organic_search,P023,Calm Cream 23,false,false
V003741,C00499,2025-01-25,email,P018,Pure Band 18,false,false
V003742,C00801,2025-07-18,direct,P007,Calm Cream 07,false,false
V003743,C00306,2025-11-05,social,P026,Pure Band 26,false,false
V003744,C00393,2025-10-04,paid_search,P030,Active Mat 30,false,false
V003745,C00166,2025-10-03,email,P020,Essential Bag 20,false,false
V003746,C00160,2025-12-05,email,P021,Bright Organizer 21,false,false
V003747,C00418,2025-05-26,direct,P006,Active Mat 06,true,false
V003748,C00138,2025-04-26,organic_search,P006,Active Mat 06,false,false
V003749,C00496,2025-02-25,paid_search,P007,Calm Cream 07,true,true
V003750,C00887,2025-09-06,paid_search,P001,Daily Lamp 01,true,false
V003751,C00562,2025-12-07,direct,P021,Bright Organizer 21,false,false
V003752,C00813,2025-06-23,paid_search,P025,Daily Lamp 25,false,false
V003753,C00319,2025-04-10,organic_search,P022,Active Mat 22,false,false
V003754,C00466,2025-05-21,social,P018,Pure Band 18,false,false
V003755,C00303,2025-05-14,email,P016,Modern Serum 16,false,false
V003756,C00237,2025-08-12,referral,P011,Urban Bottle 11,true,false
V003757,C00722,2025-01-17,organic_search,P009,Daily Lamp 09,false,false
V003758,C00927,2025-05-20,social,P007,Calm Cream 07,false,false
V003759,C00675,2025-08-30,referral,P018,Pure Band 18,true,false
V003760,C00533,2025-05-07,direct,P007,Calm Cream 07,false,false
V003761,C00779,2025-11-05,paid_search,P015,Calm Cream 15,false,false
V003762,C00905,2025-01-11,direct,P003,Urban Bottle 03,false,false
V003763,C00366,2025-06-17,paid_search,P005,Bright Organizer 05,false,false
V003764,C00062,2025-11-30,email,P014,Active Mat 14,false,false
V003765,C00381,2025-12-16,paid_search,P015,Calm Cream 15,false,false
V003766,C00167,2025-01-29,email,P002,Pure Band 02,false,false
V003767,C00906,2025-05-24,paid_search,P018,Pure Band 18,false,false
V003768,C00492,2025-10-03,email,P013,Bright Organizer 13,false,false
V003769,C00022,2025-11-25,direct,P012,Essential Bag 12,true,false
V003770,C00791,2025-07-21,paid_search,P014,Active Mat 14,false,false
V003771,C00716,2025-07-11,organic_search,P025,Daily Lamp 25,false,false
V003772,C00904,2025-09-15,paid_search,P001,Daily Lamp 01,false,true
V003773,C00277,2025-02-01,direct,P002,Pure Band 02,false,false
V003774,C00173,2025-01-16,organic_search,P010,Pure Band 10,false,false
V003775,C00581,2025-08-26,referral,P018,Pure Band 18,false,false
V003776,C00156,2025-02-08,organic_search,P011,Urban Bottle 11,false,false
V003777,C00982,2025-12-24,direct,P024,Modern Serum 24,false,false
V003778,C00810,2025-10-02,organic_search,P020,Essential Bag 20,false,false
V003779,C00432,2025-06-22,email,P016,Modern Serum 16,false,false
V003780,C00634,2025-02-10,paid_search,P002,Pure Band 02,false,false
V003781,C00221,2025-06-05,email,P019,Urban Bottle 19,false,false
V003782,C00972,2025-07-30,paid_search,P002,Pure Band 02,false,false
V003783,C00732,2025-12-27,direct,P024,Modern Serum 24,false,false
V003784,C00733,2025-08-28,email,P003,Urban Bottle 03,false,false
V003785,C00057,2025-04-14,social,P006,Active Mat 06,false,false
V003786,C00754,2025-07-18,direct,P014,Active Mat 14,true,true
V003787,C00490,2025-09-12,email,P014,Active Mat 14,false,false
V003788,C00445,2025-01-21,paid_search,P027,Urban Bottle 27,false,false
V003789,C00220,2025-12-18,referral,P013,Bright Organizer 13,false,false
V003790,C00908,2025-12-23,organic_search,P003,Urban Bottle 03,false,false
V003791,C00410,2025-01-19,organic_search,P019,Urban Bottle 19,false,false
V003792,C00441,2025-03-20,paid_search,P026,Pure Band 26,false,false
V003793,C00324,2025-01-11,email,P028,Essential Bag 28,false,false
V003794,C00394,2025-03-16,paid_search,P003,Urban Bottle 03,false,false
V003795,C00305,2025-06-28,organic_search,P015,Calm Cream 15,false,false
V003796,C00906,2025-12-05,organic_search,P013,Bright Organizer 13,false,false
V003797,C00129,2025-03-24,social,P004,Essential Bag 04,false,false
V003798,C00843,2025-01-15,organic_search,P030,Active Mat 30,false,false
V003799,C00083,2025-10-24,organic_search,P020,Essential Bag 20,false,false
V003800,C00037,2025-06-29,organic_search,P019,Urban Bottle 19,false,false
V003801,C00698,2025-11-08,organic_search,P008,Modern Serum 08,false,false
V003802,C00120,2025-01-25,referral,P002,Pure Band 02,false,false
V003803,C00505,2025-06-25,organic_search,P016,Modern Serum 16,false,false
V003804,C00341,2025-08-25,organic_search,P022,Active Mat 22,false,false
V003805,C00220,2025-06-11,paid_search,P005,Bright Organizer 05,false,false
V003806,C00780,2025-05-14,referral,P010,Pure Band 10,false,false
V003807,C00873,2025-11-19,paid_search,P027,Urban Bottle 27,false,false
V003808,C00799,2025-03-10,paid_search,P030,Active Mat 30,false,false
V003809,C00023,2025-05-28,social,P027,Urban Bottle 27,false,false
V003810,C00649,2025-12-23,direct,P009,Daily Lamp 09,false,false
V003811,C00959,2025-07-21,referral,P006,Active Mat 06,false,false
V003812,C00695,2025-04-20,social,P030,Active Mat 30,false,false
V003813,C00413,2025-07-13,organic_search,P009,Daily Lamp 09,false,false
V003814,C00176,2025-06-24,direct,P005,Bright Organizer 05,false,true
V003815,C00363,2025-12-26,direct,P002,Pure Band 02,false,false
V003816,C00296,2025-01-19,social,P002,Pure Band 02,false,false
V003817,C00163,2025-05-28,email,P027,Urban Bottle 27,false,false
V003818,C00872,2025-11-07,organic_search,P004,Essential Bag 04,false,false
V003819,C00025,2025-11-27,paid_search,P002,Pure Band 02,false,false
V003820,C00301,2025-02-03,paid_search,P002,Pure Band 02,false,false
V003821,C00788,2025-02-18,direct,P016,Modern Serum 16,true,false
V003822,C00087,2025-08-17,social,P005,Bright Organizer 05,false,false
V003823,C00849,2025-12-30,email,P013,Bright Organizer 13,false,false
V003824,C00091,2025-12-23,social,P008,Modern Serum 08,false,false
V003825,C00128,2025-12-28,paid_search,P030,Active Mat 30,false,false
V003826,C00369,2025-05-24,email,P008,Modern Serum 08,false,false
V003827,C00099,2025-11-25,referral,P008,Modern Serum 08,false,false
V003828,C00208,2025-06-15,organic_search,P017,Daily Lamp 17,false,false
V003829,C00682,2025-09-03,email,P024,Modern Serum 24,false,true
V003830,C00023,2025-04-24,organic_search,P025,Daily Lamp 25,false,false
V003831,C00818,2025-04-17,social,P002,Pure Band 02,false,false
V003832,C00122,2025-06-04,email,P026,Pure Band 26,false,false
V003833,C00099,2025-08-20,email,P030,Active Mat 30,false,false
V003834,C00667,2025-12-24,organic_search,P029,Bright Organizer 29,false,false
V003835,C00583,2025-12-18,direct,P004,Essential Bag 04,false,false
V003836,C00424,2025-07-07,direct,P001,Daily Lamp 01,true,false
V003837,C00216,2025-04-28,direct,P006,Active Mat 06,true,true
V003838,C00379,2025-03-01,email,P015,Calm Cream 15,false,true
V003839,C00656,2025-10-12,organic_search,P013,Bright Organizer 13,false,false
V003840,C00012,2025-01-26,paid_search,P022,Active Mat 22,false,false
V003841,C00375,2025-01-11,direct,P009,Daily Lamp 09,false,false
V003842,C00341,2025-05-24,paid_search,P018,Pure Band 18,false,false
V003843,C00879,2025-06-18,social,P016,Modern Serum 16,false,false
V003844,C00168,2025-10-19,paid_search,P025,Daily Lamp 25,true,false
V003845,C00348,2025-10-17,direct,P026,Pure Band 26,true,false
V003846,C00462,2025-12-17,paid_search,P005,Bright Organizer 05,false,false
V003847,C00369,2025-06-11,email,P021,Bright Organizer 21,false,true
V003848,C00242,2025-01-14,organic_search,P016,Modern Serum 16,true,false
V003849,C00456,2025-10-01,organic_search,P026,Pure Band 26,false,false
V003850,C00433,2025-08-30,direct,P025,Daily Lamp 25,false,false
V003851,C00879,2025-02-03,organic_search,P030,Active Mat 30,true,true
V003852,C00179,2025-07-12,email,P029,Bright Organizer 29,true,false
V003853,C00421,2025-12-19,organic_search,P016,Modern Serum 16,true,false
V003854,C00493,2025-09-08,direct,P004,Essential Bag 04,false,false
V003855,C00800,2025-08-15,organic_search,P023,Calm Cream 23,false,false
V003856,C00818,2025-04-09,direct,P001,Daily Lamp 01,false,false
V003857,C00907,2025-08-12,paid_search,P029,Bright Organizer 29,false,false
V003858,C00212,2025-01-21,organic_search,P014,Active Mat 14,false,false
V003859,C00336,2025-06-21,paid_search,P026,Pure Band 26,false,false
V003860,C00715,2025-11-15,email,P008,Modern Serum 08,false,false
V003861,C00107,2025-03-21,paid_search,P029,Bright Organizer 29,false,false
V003862,C00251,2025-02-06,organic_search,P002,Pure Band 02,false,true
V003863,C00212,2025-01-21,organic_search,P026,Pure Band 26,false,false
V003864,C00654,2025-03-14,paid_search,P023,Calm Cream 23,false,false
V003865,C00103,2025-03-09,organic_search,P016,Modern Serum 16,false,false
V003866,C00405,2025-01-27,organic_search,P011,Urban Bottle 11,false,false
V003867,C00520,2025-01-24,social,P020,Essential Bag 20,true,false
V003868,C00955,2025-05-31,paid_search,P015,Calm Cream 15,false,false
V003869,C00995,2025-12-16,email,P002,Pure Band 02,true,false
V003870,C00129,2025-04-14,social,P017,Daily Lamp 17,false,false
V003871,C00677,2025-09-21,direct,P020,Essential Bag 20,false,false
V003872,C00921,2025-04-07,social,P023,Calm Cream 23,true,false
V003873,C00074,2025-05-02,paid_search,P019,Urban Bottle 19,false,false
V003874,C00718,2025-07-25,organic_search,P029,Bright Organizer 29,false,false
V003875,C00425,2025-01-03,social,P004,Essential Bag 04,true,false
V003876,C00910,2025-04-22,organic_search,P023,Calm Cream 23,false,false
V003877,C00815,2025-10-30,organic_search,P007,Calm Cream 07,false,false
V003878,C00343,2025-05-10,email,P017,Daily Lamp 17,true,false
V003879,C00601,2025-10-05,organic_search,P024,Modern Serum 24,true,true
V003880,C00275,2025-03-06,social,P030,Active Mat 30,true,false
V003881,C00975,2025-09-27,email,P017,Daily Lamp 17,false,false
V003882,C00700,2025-06-03,direct,P008,Modern Serum 08,false,false
V003883,C00737,2025-02-24,organic_search,P028,Essential Bag 28,false,false
V003884,C00403,2025-09-02,paid_search,P007,Calm Cream 07,false,false
V003885,C00607,2025-02-24,organic_search,P002,Pure Band 02,true,true
V003886,C00210,2025-06-06,paid_search,P008,Modern Serum 08,false,false
V003887,C00658,2025-10-23,email,P007,Calm Cream 07,false,false
V003888,C00518,2025-05-15,social,P001,Daily Lamp 01,false,false
V003889,C00753,2025-12-24,email,P015,Calm Cream 15,true,true
V003890,C00260,2025-04-03,organic_search,P022,Active Mat 22,false,false
V003891,C00483,2025-05-20,email,P028,Essential Bag 28,true,true
V003892,C00741,2025-07-04,paid_search,P030,Active Mat 30,false,false
V003893,C00976,2025-07-18,direct,P014,Active Mat 14,false,false
V003894,C00156,2025-08-05,email,P005,Bright Organizer 05,false,false
V003895,C00209,2025-03-14,direct,P008,Modern Serum 08,false,false
V003896,C00669,2025-07-23,paid_search,P011,Urban Bottle 11,false,true
V003897,C00609,2025-01-11,organic_search,P004,Essential Bag 04,false,false
V003898,C00065,2025-11-28,social,P014,Active Mat 14,false,false
V003899,C00762,2025-04-01,direct,P023,Calm Cream 23,false,false
V003900,C00273,2025-12-26,organic_search,P005,Bright Organizer 05,false,false
V003901,C00476,2025-02-24,social,P002,Pure Band 02,false,false
V003902,C00840,2025-09-13,referral,P009,Daily Lamp 09,false,false
V003903,C00052,2025-12-10,social,P022,Active Mat 22,false,false
V003904,C00639,2025-10-27,paid_search,P005,Bright Organizer 05,false,false
V003905,C00393,2025-02-04,social,P009,Daily Lamp 09,false,false
V003906,C00422,2025-05-30,email,P002,Pure Band 02,false,false
V003907,C00443,2025-04-01,organic_search,P003,Urban Bottle 03,true,true
V003908,C00105,2025-11-08,email,P007,Calm Cream 07,false,false
V003909,C00506,2025-07-31,organic_search,P027,Urban Bottle 27,true,false
V003910,C00049,2025-06-01,organic_search,P027,Urban Bottle 27,false,true
V003911,C00820,2025-07-13,organic_search,P024,Modern Serum 24,false,false
V003912,C00805,2025-02-12,organic_search,P029,Bright Organizer 29,false,false
V003913,C00199,2025-12-26,organic_search,P024,Modern Serum 24,false,true
V003914,C00649,2025-09-10,paid_search,P007,Calm Cream 07,false,false
V003915,C00836,2025-10-11,paid_search,P028,Essential Bag 28,false,false
V003916,C00187,2025-04-19,organic_search,P013,Bright Organizer 13,false,false
V003917,C00134,2025-03-19,referral,P013,Bright Organizer 13,false,false
V003918,C00948,2025-04-05,organic_search,P026,Pure Band 26,false,false
V003919,C00023,2025-08-11,organic_search,P007,Calm Cream 07,false,false
V003920,C00522,2025-06-17,social,P016,Modern Serum 16,true,true
V003921,C00571,2025-08-15,paid_search,P027,Urban Bottle 27,false,false
V003922,C00004,2025-03-03,social,P004,Essential Bag 04,true,true
V003923,C00807,2025-02-20,email,P013,Bright Organizer 13,false,false
V003924,C00301,2025-12-30,email,P003,Urban Bottle 03,false,false
V003925,C00139,2025-05-19,direct,P017,Daily Lamp 17,false,false
V003926,C00084,2025-08-31,paid_search,P005,Bright Organizer 05,false,false
V003927,C00478,2025-04-14,direct,P014,Active Mat 14,false,false
V003928,C00061,2025-01-21,direct,P020,Essential Bag 20,false,false
V003929,C00503,2025-03-09,social,P022,Active Mat 22,false,false
V003930,C00199,2025-11-10,organic_search,P018,Pure Band 18,false,false
V003931,C00074,2025-03-07,organic_search,P027,Urban Bottle 27,false,true
V003932,C00628,2025-10-06,email,P016,Modern Serum 16,true,false
V003933,C00925,2025-04-17,social,P030,Active Mat 30,false,false
V003934,C00629,2025-06-19,social,P003,Urban Bottle 03,false,false
V003935,C00051,2025-11-06,organic_search,P012,Essential Bag 12,false,false
V003936,C00724,2025-10-28,paid_search,P021,Bright Organizer 21,false,false
V003937,C00523,2025-05-24,referral,P004,Essential Bag 04,false,false
V003938,C00112,2025-04-10,organic_search,P029,Bright Organizer 29,false,false
V003939,C00248,2025-03-05,email,P025,Daily Lamp 25,true,false
V003940,C00874,2025-07-15,direct,P013,Bright Organizer 13,false,false
V003941,C00611,2025-02-10,paid_search,P023,Calm Cream 23,false,false
V003942,C00470,2025-08-29,organic_search,P022,Active Mat 22,false,false
V003943,C00315,2025-07-26,email,P025,Daily Lamp 25,false,false
V003944,C00314,2025-05-14,organic_search,P016,Modern Serum 16,false,false
V003945,C00172,2025-07-27,organic_search,P010,Pure Band 10,false,false
V003946,C00885,2025-08-14,organic_search,P011,Urban Bottle 11,false,false
V003947,C00173,2025-10-08,direct,P016,Modern Serum 16,false,false
V003948,C00227,2025-10-10,paid_search,P006,Active Mat 06,false,false
V003949,C00980,2025-03-30,organic_search,P011,Urban Bottle 11,false,false
V003950,C00563,2025-01-24,organic_search,P022,Active Mat 22,false,false
V003951,C00804,2025-06-20,organic_search,P007,Calm Cream 07,false,false
V003952,C00783,2025-06-03,social,P021,Bright Organizer 21,false,false
V003953,C00458,2025-03-08,email,P013,Bright Organizer 13,true,false
V003954,C00052,2025-10-05,paid_search,P005,Bright Organizer 05,false,true
V003955,C00388,2025-03-18,organic_search,P017,Daily Lamp 17,false,false
V003956,C00926,2025-02-10,paid_search,P026,Pure Band 26,false,false
V003957,C00730,2025-10-15,organic_search,P006,Active Mat 06,false,false
V003958,C00478,2025-09-06,social,P027,Urban Bottle 27,false,false
V003959,C00002,2025-09-17,social,P015,Calm Cream 15,false,false
V003960,C00129,2025-01-26,social,P004,Essential Bag 04,false,false
V003961,C00095,2025-07-09,direct,P001,Daily Lamp 01,false,false
V003962,C00466,2025-02-16,organic_search,P003,Urban Bottle 03,false,false
V003963,C00466,2025-04-06,social,P028,Essential Bag 28,false,false
V003964,C00905,2025-06-29,email,P026,Pure Band 26,false,false
V003965,C00111,2025-06-06,social,P030,Active Mat 30,false,false
V003966,C00194,2025-12-26,social,P030,Active Mat 30,false,false
V003967,C00745,2025-12-16,organic_search,P023,Calm Cream 23,false,false
V003968,C00167,2025-11-01,organic_search,P002,Pure Band 02,false,false
V003969,C00451,2025-09-21,direct,P001,Daily Lamp 01,false,false
V003970,C00165,2025-05-14,organic_search,P008,Modern Serum 08,false,false
V003971,C00612,2025-09-03,direct,P011,Urban Bottle 11,false,false
V003972,C00573,2025-09-28,direct,P023,Calm Cream 23,false,false
V003973,C00191,2025-05-22,social,P009,Daily Lamp 09,false,false
V003974,C00756,2025-01-09,paid_search,P015,Calm Cream 15,false,false
V003975,C00376,2025-11-05,direct,P009,Daily Lamp 09,false,false
V003976,C00604,2025-12-07,referral,P027,Urban Bottle 27,true,false
V003977,C00422,2025-05-29,paid_search,P001,Daily Lamp 01,false,false
V003978,C00870,2025-09-06,direct,P024,Modern Serum 24,false,false
V003979,C00052,2025-03-22,organic_search,P002,Pure Band 02,false,false
V003980,C00138,2025-03-09,direct,P010,Pure Band 10,true,false
V003981,C00688,2025-07-16,organic_search,P009,Daily Lamp 09,false,false
V003982,C00845,2025-03-13,paid_search,P027,Urban Bottle 27,false,false
V003983,C00889,2025-10-05,organic_search,P015,Calm Cream 15,false,false
V003984,C00418,2025-03-28,social,P020,Essential Bag 20,false,false
V003985,C00447,2025-09-21,organic_search,P016,Modern Serum 16,false,false
V003986,C00773,2025-09-16,referral,P027,Urban Bottle 27,true,false
V003987,C00675,2025-04-17,direct,P002,Pure Band 02,false,false
V003988,C00613,2025-10-17,social,P008,Modern Serum 08,false,false
V003989,C00242,2025-08-21,paid_search,P027,Urban Bottle 27,false,false
V003990,C00477,2025-04-26,referral,P011,Urban Bottle 11,false,false
V003991,C00563,2025-05-16,direct,P002,Pure Band 02,false,false
V003992,C00031,2025-11-22,direct,P005,Bright Organizer 05,false,false
V003993,C00773,2025-02-07,direct,P010,Pure Band 10,false,false
V003994,C00180,2025-02-09,direct,P016,Modern Serum 16,false,false
V003995,C00450,2025-04-21,organic_search,P023,Calm Cream 23,false,false
V003996,C00988,2025-07-16,organic_search,P029,Bright Organizer 29,false,false
V003997,C00571,2025-12-22,organic_search,P014,Active Mat 14,true,true
V003998,C00110,2025-07-31,paid_search,P015,Calm Cream 15,false,false
V003999,C00438,2025-07-09,direct,P022,Active Mat 22,false,false
V004000,C00043,2025-01-27,organic_search,P022,Active Mat 22,false,false
V004001,C00513,2025-10-22,social,P001,Daily Lamp 01,false,false
V004002,C00621,2025-06-13,organic_search,P010,Pure Band 10,false,false
V004003,C00153,2025-01-06,social,P025,Daily Lamp 25,false,false
V004004,C00931,2025-02-25,direct,P030,Active Mat 30,false,false
V004005,C00039,2025-08-31,paid_search,P017,Daily Lamp 17,false,false
V004006,C00733,2025-06-27,social,P026,Pure Band 26,false,false
V004007,C00426,2025-10-11,organic_search,P001,Daily Lamp 01,false,false
V004008,C00746,2025-07-29,direct,P011,Urban Bottle 11,false,false
V004009,C00088,2025-03-20,paid_search,P017,Daily Lamp 17,false,false
V004010,C00177,2025-10-28,social,P014,Active Mat 14,false,false
V004011,C00609,2025-03-03,email,P005,Bright Organizer 05,false,false
V004012,C00632,2025-10-23,paid_search,P006,Active Mat 06,true,false
V004013,C00393,2025-12-17,paid_search,P017,Daily Lamp 17,true,false
V004014,C00985,2025-09-17,paid_search,P007,Calm Cream 07,true,false
V004015,C00225,2025-02-07,paid_search,P009,Daily Lamp 09,false,false
V004016,C00725,2025-02-06,paid_search,P009,Daily Lamp 09,false,false
V004017,C00797,2025-10-24,direct,P020,Essential Bag 20,false,false
V004018,C00115,2025-02-06,organic_search,P029,Bright Organizer 29,false,false
V004019,C00084,2025-01-21,paid_search,P019,Urban Bottle 19,false,false
V004020,C00397,2025-07-07,paid_search,P022,Active Mat 22,false,false
V004021,C00514,2025-03-24,paid_search,P019,Urban Bottle 19,false,false
V004022,C00190,2025-08-30,email,P007,Calm Cream 07,false,false
V004023,C00814,2025-04-14,email,P012,Essential Bag 12,false,false
V004024,C00394,2025-02-25,social,P005,Bright Organizer 05,false,true
V004025,C00316,2025-09-18,paid_search,P029,Bright Organizer 29,true,false
V004026,C00478,2025-11-22,organic_search,P026,Pure Band 26,true,false
V004027,C00986,2025-02-10,organic_search,P025,Daily Lamp 25,false,false
V004028,C00316,2025-01-24,paid_search,P023,Calm Cream 23,false,false
V004029,C00537,2025-09-01,email,P023,Calm Cream 23,false,false
V004030,C00803,2025-10-22,paid_search,P018,Pure Band 18,false,false
V004031,C00888,2025-10-08,organic_search,P007,Calm Cream 07,false,false
V004032,C00993,2025-10-14,referral,P021,Bright Organizer 21,false,false
V004033,C00397,2025-09-04,direct,P030,Active Mat 30,false,false
V004034,C00027,2025-03-14,social,P007,Calm Cream 07,false,false
V004035,C00310,2025-11-19,organic_search,P002,Pure Band 02,true,true
V004036,C00483,2025-01-21,social,P001,Daily Lamp 01,false,false
V004037,C00474,2025-10-03,direct,P010,Pure Band 10,false,false
V004038,C00468,2025-10-02,organic_search,P004,Essential Bag 04,false,false
V004039,C00178,2025-12-31,email,P022,Active Mat 22,false,false
V004040,C00454,2025-09-13,paid_search,P015,Calm Cream 15,false,true
V004041,C00474,2025-12-05,paid_search,P017,Daily Lamp 17,false,false
V004042,C00223,2025-04-04,social,P011,Urban Bottle 11,false,false
V004043,C00834,2025-09-20,organic_search,P024,Modern Serum 24,false,false
V004044,C00146,2025-05-16,paid_search,P007,Calm Cream 07,false,false
V004045,C00090,2025-05-12,direct,P001,Daily Lamp 01,false,false
V004046,C00322,2025-03-29,direct,P010,Pure Band 10,false,false
V004047,C00658,2025-12-01,organic_search,P019,Urban Bottle 19,false,false
V004048,C00194,2025-09-07,organic_search,P002,Pure Band 02,true,false
V004049,C00844,2025-01-11,direct,P012,Essential Bag 12,false,false
V004050,C00560,2025-01-24,organic_search,P022,Active Mat 22,false,false
V004051,C00023,2025-02-27,paid_search,P001,Daily Lamp 01,false,false
V004052,C00418,2025-08-23,organic_search,P020,Essential Bag 20,true,false
V004053,C00632,2025-09-11,direct,P012,Essential Bag 12,false,false
V004054,C00243,2025-02-05,organic_search,P007,Calm Cream 07,false,false
V004055,C00028,2025-11-07,email,P016,Modern Serum 16,true,false
V004056,C00066,2025-07-13,paid_search,P018,Pure Band 18,false,false
V004057,C00322,2025-11-22,paid_search,P018,Pure Band 18,false,false
V004058,C00146,2025-07-02,social,P009,Daily Lamp 09,false,false
V004059,C00631,2025-11-10,direct,P006,Active Mat 06,false,false
V004060,C00778,2025-03-25,social,P005,Bright Organizer 05,false,false
V004061,C00447,2025-02-25,referral,P008,Modern Serum 08,false,false
V004062,C00252,2025-11-04,social,P026,Pure Band 26,false,false
V004063,C00903,2025-07-30,organic_search,P015,Calm Cream 15,false,false
V004064,C00961,2025-10-18,organic_search,P020,Essential Bag 20,true,true
V004065,C00758,2025-04-09,paid_search,P009,Daily Lamp 09,true,true
V004066,C00381,2025-03-03,direct,P016,Modern Serum 16,false,false
V004067,C00611,2025-09-30,organic_search,P017,Daily Lamp 17,false,false
V004068,C00646,2025-04-14,organic_search,P007,Calm Cream 07,true,false
V004069,C00247,2025-07-21,email,P008,Modern Serum 08,false,false
V004070,C00143,2025-08-25,email,P025,Daily Lamp 25,false,false
V004071,C00712,2025-07-02,referral,P012,Essential Bag 12,false,false
V004072,C00328,2025-09-10,direct,P006,Active Mat 06,false,false
V004073,C00573,2025-05-24,referral,P028,Essential Bag 28,false,false
V004074,C00149,2025-12-22,email,P010,Pure Band 10,false,false
V004075,C00028,2025-07-20,paid_search,P002,Pure Band 02,true,true
V004076,C00037,2025-10-14,social,P002,Pure Band 02,false,false
V004077,C00537,2025-12-27,organic_search,P027,Urban Bottle 27,false,false
V004078,C00150,2025-06-18,email,P011,Urban Bottle 11,false,false
V004079,C00317,2025-01-13,paid_search,P027,Urban Bottle 27,false,false
V004080,C00102,2025-12-08,organic_search,P002,Pure Band 02,true,false
V004081,C00191,2025-02-13,organic_search,P003,Urban Bottle 03,false,false
V004082,C00683,2025-01-15,direct,P017,Daily Lamp 17,false,false
V004083,C00068,2025-10-31,email,P020,Essential Bag 20,false,false
V004084,C00931,2025-12-30,social,P027,Urban Bottle 27,false,false
V004085,C00897,2025-04-30,paid_search,P014,Active Mat 14,false,false
V004086,C00617,2025-02-11,social,P002,Pure Band 02,false,false
V004087,C00228,2025-09-28,social,P016,Modern Serum 16,false,false
V004088,C00745,2025-03-19,paid_search,P007,Calm Cream 07,false,false
V004089,C00528,2025-08-25,paid_search,P008,Modern Serum 08,false,false
V004090,C00773,2025-07-20,organic_search,P005,Bright Organizer 05,false,false
V004091,C00832,2025-05-08,organic_search,P027,Urban Bottle 27,true,true
V004092,C00690,2025-12-22,email,P001,Daily Lamp 01,false,false
V004093,C00865,2025-09-28,organic_search,P024,Modern Serum 24,false,false
V004094,C00182,2025-07-14,paid_search,P012,Essential Bag 12,false,false
V004095,C00184,2025-02-03,paid_search,P021,Bright Organizer 21,false,false
V004096,C00487,2025-08-14,organic_search,P016,Modern Serum 16,false,false
V004097,C00363,2025-11-28,organic_search,P005,Bright Organizer 05,false,false
V004098,C00168,2025-10-14,direct,P019,Urban Bottle 19,false,false
V004099,C00763,2025-04-09,email,P012,Essential Bag 12,false,false
V004100,C00208,2025-04-29,email,P018,Pure Band 18,false,false
V004101,C00780,2025-03-09,organic_search,P004,Essential Bag 04,false,true
V004102,C00996,2025-11-01,organic_search,P014,Active Mat 14,false,false
V004103,C00967,2025-10-12,direct,P020,Essential Bag 20,false,false
V004104,C00047,2025-03-08,organic_search,P028,Essential Bag 28,false,false
V004105,C00393,2025-05-08,social,P007,Calm Cream 07,false,false
V004106,C00821,2025-04-10,social,P021,Bright Organizer 21,false,true
V004107,C00986,2025-05-11,organic_search,P023,Calm Cream 23,true,false
V004108,C00346,2025-11-09,organic_search,P004,Essential Bag 04,false,false
V004109,C00788,2025-03-11,paid_search,P027,Urban Bottle 27,true,false
V004110,C00042,2025-01-02,organic_search,P003,Urban Bottle 03,false,false
V004111,C00152,2025-01-05,organic_search,P028,Essential Bag 28,false,false
V004112,C00513,2025-06-23,direct,P016,Modern Serum 16,false,false
V004113,C00702,2025-04-06,email,P006,Active Mat 06,false,false
V004114,C00759,2025-01-10,direct,P001,Daily Lamp 01,false,false
V004115,C00461,2025-02-16,social,P026,Pure Band 26,false,false
V004116,C00814,2025-07-14,paid_search,P004,Essential Bag 04,false,false
V004117,C00605,2025-04-11,referral,P026,Pure Band 26,false,false
V004118,C00921,2025-01-26,paid_search,P006,Active Mat 06,false,false
V004119,C00615,2025-05-21,paid_search,P025,Daily Lamp 25,false,true
V004120,C00164,2025-06-30,organic_search,P016,Modern Serum 16,false,false
V004121,C00264,2025-11-29,paid_search,P015,Calm Cream 15,false,false
V004122,C00216,2025-03-11,referral,P005,Bright Organizer 05,false,false
V004123,C00558,2025-06-07,social,P026,Pure Band 26,false,false
V004124,C00023,2025-08-06,paid_search,P006,Active Mat 06,false,false
V004125,C00005,2025-07-09,organic_search,P002,Pure Band 02,false,false
V004126,C00137,2025-08-03,social,P007,Calm Cream 07,false,false
V004127,C00055,2025-12-05,paid_search,P021,Bright Organizer 21,false,false
V004128,C00491,2025-03-02,organic_search,P015,Calm Cream 15,false,false
V004129,C00590,2025-09-14,email,P008,Modern Serum 08,false,false
V004130,C00749,2025-12-06,organic_search,P020,Essential Bag 20,true,false
V004131,C00228,2025-01-18,paid_search,P013,Bright Organizer 13,false,false
V004132,C00332,2025-05-26,organic_search,P028,Essential Bag 28,false,false
V004133,C00766,2025-06-17,direct,P016,Modern Serum 16,false,false
V004134,C00269,2025-09-29,social,P030,Active Mat 30,false,false
V004135,C00672,2025-04-12,direct,P012,Essential Bag 12,true,false
V004136,C00986,2025-11-03,organic_search,P027,Urban Bottle 27,false,false
V004137,C00381,2025-06-24,direct,P027,Urban Bottle 27,false,false
V004138,C00617,2025-11-02,email,P017,Daily Lamp 17,false,false
V004139,C00012,2025-08-11,direct,P007,Calm Cream 07,false,false
V004140,C00197,2025-08-05,direct,P001,Daily Lamp 01,false,false
V004141,C00825,2025-03-03,social,P002,Pure Band 02,true,false
V004142,C00687,2025-05-31,email,P007,Calm Cream 07,false,false
V004143,C00980,2025-04-12,organic_search,P024,Modern Serum 24,false,true
V004144,C00772,2025-11-30,organic_search,P030,Active Mat 30,false,false
V004145,C00412,2025-05-14,paid_search,P003,Urban Bottle 03,true,true
V004146,C00902,2025-05-18,email,P029,Bright Organizer 29,false,false
V004147,C00641,2025-05-31,direct,P014,Active Mat 14,false,false
V004148,C00758,2025-08-04,email,P030,Active Mat 30,false,false
V004149,C00977,2025-02-06,paid_search,P005,Bright Organizer 05,false,false
V004150,C00022,2025-04-18,organic_search,P002,Pure Band 02,false,false
V004151,C00286,2025-06-24,email,P005,Bright Organizer 05,true,false
V004152,C00605,2025-06-16,organic_search,P020,Essential Bag 20,false,false
V004153,C00519,2025-09-26,paid_search,P011,Urban Bottle 11,false,false
V004154,C00255,2025-10-20,organic_search,P017,Daily Lamp 17,false,false
V004155,C00075,2025-01-16,organic_search,P027,Urban Bottle 27,false,true
V004156,C00731,2025-11-10,referral,P009,Daily Lamp 09,true,false
V004157,C00204,2025-03-10,organic_search,P007,Calm Cream 07,false,false
V004158,C00167,2025-03-01,paid_search,P011,Urban Bottle 11,false,false
V004159,C00272,2025-08-30,social,P027,Urban Bottle 27,false,true
V004160,C00536,2025-11-27,email,P016,Modern Serum 16,false,false
V004161,C00250,2025-11-27,paid_search,P018,Pure Band 18,false,false
V004162,C00494,2025-09-21,organic_search,P017,Daily Lamp 17,false,false
V004163,C00493,2025-10-10,email,P019,Urban Bottle 19,false,false
V004164,C00839,2025-01-29,paid_search,P018,Pure Band 18,false,true
V004165,C00676,2025-08-26,direct,P004,Essential Bag 04,false,true
V004166,C00188,2025-05-24,organic_search,P029,Bright Organizer 29,false,false
V004167,C00318,2025-06-15,organic_search,P016,Modern Serum 16,true,false
V004168,C00333,2025-08-13,email,P020,Essential Bag 20,false,false
V004169,C00409,2025-10-19,paid_search,P022,Active Mat 22,true,true
V004170,C00179,2025-08-06,direct,P015,Calm Cream 15,false,false
V004171,C00257,2025-03-03,paid_search,P018,Pure Band 18,false,false
V004172,C00172,2025-07-01,email,P027,Urban Bottle 27,false,false
V004173,C00798,2025-01-09,paid_search,P007,Calm Cream 07,false,true
V004174,C00866,2025-12-10,social,P004,Essential Bag 04,true,false
V004175,C00198,2025-11-20,email,P011,Urban Bottle 11,false,false
V004176,C00962,2025-02-21,direct,P001,Daily Lamp 01,false,false
V004177,C00657,2025-08-29,email,P014,Active Mat 14,false,false
V004178,C00085,2025-11-26,email,P019,Urban Bottle 19,false,false
V004179,C00174,2025-11-03,organic_search,P028,Essential Bag 28,false,false
V004180,C00772,2025-09-02,referral,P009,Daily Lamp 09,false,false
V004181,C00219,2025-08-05,paid_search,P025,Daily Lamp 25,false,false
V004182,C00896,2025-01-05,organic_search,P024,Modern Serum 24,false,false
V004183,C00041,2025-10-29,organic_search,P002,Pure Band 02,true,false
V004184,C00063,2025-07-27,organic_search,P004,Essential Bag 04,false,false
V004185,C00314,2025-07-17,direct,P008,Modern Serum 08,false,false
V004186,C00001,2025-01-03,paid_search,P028,Essential Bag 28,false,false
V004187,C00918,2025-07-16,email,P013,Bright Organizer 13,false,false
V004188,C00684,2025-10-27,paid_search,P016,Modern Serum 16,false,false
V004189,C00584,2025-07-29,referral,P023,Calm Cream 23,false,false
V004190,C00456,2025-01-27,social,P005,Bright Organizer 05,false,false
V004191,C00548,2025-04-11,social,P013,Bright Organizer 13,true,false
V004192,C00616,2025-04-20,direct,P028,Essential Bag 28,false,false
V004193,C00555,2025-10-06,paid_search,P007,Calm Cream 07,false,false
V004194,C00243,2025-06-27,email,P019,Urban Bottle 19,false,false
V004195,C00693,2025-07-07,social,P008,Modern Serum 08,false,false
V004196,C00523,2025-11-10,referral,P021,Bright Organizer 21,false,false
V004197,C00849,2025-09-12,direct,P025,Daily Lamp 25,true,true
V004198,C00374,2025-07-15,paid_search,P026,Pure Band 26,true,true
V004199,C00722,2025-10-28,organic_search,P003,Urban Bottle 03,false,false
V004200,C00439,2025-07-02,organic_search,P010,Pure Band 10,true,true
V004201,C00129,2025-09-30,direct,P007,Calm Cream 07,false,false
V004202,C00459,2025-07-21,email,P026,Pure Band 26,false,false
V004203,C00721,2025-09-13,social,P027,Urban Bottle 27,false,false
V004204,C00903,2025-09-06,direct,P028,Essential Bag 28,false,false
V004205,C00800,2025-10-14,social,P029,Bright Organizer 29,false,false
V004206,C00692,2025-01-27,organic_search,P007,Calm Cream 07,false,false
V004207,C00418,2025-06-18,paid_search,P026,Pure Band 26,false,true
V004208,C00074,2025-06-11,social,P014,Active Mat 14,false,false
V004209,C00483,2025-07-08,organic_search,P024,Modern Serum 24,false,false
V004210,C00800,2025-05-26,organic_search,P009,Daily Lamp 09,false,false
V004211,C00236,2025-09-09,referral,P010,Pure Band 10,false,false
V004212,C00879,2025-07-29,social,P018,Pure Band 18,false,false
V004213,C00936,2025-01-16,social,P001,Daily Lamp 01,true,true
V004214,C00359,2025-03-28,organic_search,P025,Daily Lamp 25,false,false
V004215,C00140,2025-01-31,organic_search,P029,Bright Organizer 29,false,false
V004216,C00353,2025-01-28,direct,P022,Active Mat 22,false,false
V004217,C00681,2025-06-02,social,P007,Calm Cream 07,false,false
V004218,C00910,2025-01-29,organic_search,P010,Pure Band 10,false,false
V004219,C00712,2025-06-14,organic_search,P019,Urban Bottle 19,false,false
V004220,C00971,2025-06-09,social,P006,Active Mat 06,false,true
V004221,C00255,2025-04-30,organic_search,P009,Daily Lamp 09,false,false
V004222,C00421,2025-06-01,referral,P003,Urban Bottle 03,false,false
V004223,C00922,2025-03-07,social,P007,Calm Cream 07,false,false
V004224,C00541,2025-10-20,paid_search,P027,Urban Bottle 27,false,true
V004225,C00510,2025-04-28,organic_search,P021,Bright Organizer 21,false,false
V004226,C00802,2025-06-21,organic_search,P027,Urban Bottle 27,false,false
V004227,C00228,2025-06-12,referral,P001,Daily Lamp 01,false,true
V004228,C00384,2025-12-21,organic_search,P020,Essential Bag 20,false,false
V004229,C00781,2025-12-07,paid_search,P024,Modern Serum 24,false,false
V004230,C00955,2025-10-09,referral,P016,Modern Serum 16,false,false
V004231,C00159,2025-11-18,social,P019,Urban Bottle 19,true,false
V004232,C00561,2025-06-05,paid_search,P010,Pure Band 10,true,false
V004233,C00299,2025-05-20,social,P016,Modern Serum 16,true,false
V004234,C00152,2025-09-07,social,P017,Daily Lamp 17,false,false
V004235,C00203,2025-02-16,direct,P014,Active Mat 14,true,false
V004236,C00718,2025-06-13,email,P009,Daily Lamp 09,false,false
V004237,C00220,2025-11-28,paid_search,P003,Urban Bottle 03,false,false
V004238,C00522,2025-04-01,direct,P006,Active Mat 06,false,false
V004239,C00090,2025-11-12,direct,P003,Urban Bottle 03,true,false
V004240,C00343,2025-09-10,paid_search,P019,Urban Bottle 19,false,false
V004241,C00332,2025-03-03,paid_search,P005,Bright Organizer 05,false,false
V004242,C00876,2025-09-10,organic_search,P019,Urban Bottle 19,false,false
V004243,C00211,2025-02-15,email,P013,Bright Organizer 13,false,false
V004244,C00572,2025-05-11,paid_search,P007,Calm Cream 07,false,false
V004245,C00347,2025-10-25,social,P020,Essential Bag 20,true,false
V004246,C00538,2025-07-06,direct,P003,Urban Bottle 03,false,false
V004247,C00850,2025-05-16,social,P022,Active Mat 22,true,false
V004248,C00538,2025-01-03,social,P018,Pure Band 18,false,false
V004249,C00255,2025-09-18,organic_search,P003,Urban Bottle 03,false,false
V004250,C00774,2025-11-02,direct,P017,Daily Lamp 17,true,false
V004251,C00951,2025-03-04,email,P025,Daily Lamp 25,false,false
V004252,C00488,2025-10-04,paid_search,P024,Modern Serum 24,false,false
V004253,C00438,2025-02-06,organic_search,P014,Active Mat 14,true,true
V004254,C00967,2025-03-03,paid_search,P022,Active Mat 22,false,false
V004255,C00577,2025-06-20,social,P019,Urban Bottle 19,false,false
V004256,C00340,2025-12-07,social,P016,Modern Serum 16,false,false
V004257,C00220,2025-11-28,paid_search,P004,Essential Bag 04,true,false
V004258,C00561,2025-03-16,social,P018,Pure Band 18,true,false
V004259,C00428,2025-06-21,direct,P002,Pure Band 02,false,false
V004260,C00751,2025-01-24,social,P010,Pure Band 10,false,false
V004261,C00907,2025-05-25,email,P003,Urban Bottle 03,true,false
V004262,C00376,2025-11-25,paid_search,P030,Active Mat 30,false,false
V004263,C00025,2025-09-18,organic_search,P015,Calm Cream 15,false,true
V004264,C00969,2025-08-30,email,P028,Essential Bag 28,false,false
V004265,C00299,2025-08-27,social,P019,Urban Bottle 19,false,false
V004266,C00877,2025-09-02,organic_search,P005,Bright Organizer 05,false,false
V004267,C00250,2025-06-24,organic_search,P024,Modern Serum 24,true,false
V004268,C00076,2025-07-20,direct,P004,Essential Bag 04,false,false
V004269,C00553,2025-10-07,direct,P027,Urban Bottle 27,false,false
V004270,C00176,2025-10-27,organic_search,P011,Urban Bottle 11,false,true
V004271,C00487,2025-08-10,direct,P025,Daily Lamp 25,false,false
V004272,C00908,2025-02-12,direct,P009,Daily Lamp 09,false,false
V004273,C00641,2025-06-15,organic_search,P013,Bright Organizer 13,false,false
V004274,C00618,2025-06-27,direct,P021,Bright Organizer 21,true,false
V004275,C00713,2025-09-04,organic_search,P021,Bright Organizer 21,false,false
V004276,C00608,2025-09-09,email,P012,Essential Bag 12,false,false
V004277,C00726,2025-01-06,referral,P008,Modern Serum 08,false,false
V004278,C00409,2025-09-14,organic_search,P014,Active Mat 14,false,false
V004279,C00515,2025-03-17,email,P021,Bright Organizer 21,true,false
V004280,C00085,2025-01-06,paid_search,P005,Bright Organizer 05,false,false
V004281,C00627,2025-06-07,paid_search,P024,Modern Serum 24,true,true
V004282,C00308,2025-06-03,direct,P026,Pure Band 26,false,false
V004283,C00234,2025-05-23,direct,P015,Calm Cream 15,false,false
V004284,C00566,2025-04-05,organic_search,P001,Daily Lamp 01,false,false
V004285,C00467,2025-12-11,email,P012,Essential Bag 12,false,false
V004286,C00924,2025-03-29,paid_search,P001,Daily Lamp 01,false,false
V004287,C00368,2025-07-28,social,P016,Modern Serum 16,false,false
V004288,C00231,2025-11-09,paid_search,P004,Essential Bag 04,false,false
V004289,C00955,2025-12-28,organic_search,P005,Bright Organizer 05,false,false
V004290,C00126,2025-04-18,direct,P026,Pure Band 26,false,false
V004291,C00320,2025-06-01,direct,P006,Active Mat 06,false,false
V004292,C00153,2025-12-08,paid_search,P004,Essential Bag 04,true,true
V004293,C00948,2025-09-08,organic_search,P024,Modern Serum 24,false,false
V004294,C00032,2025-09-12,direct,P001,Daily Lamp 01,false,false
V004295,C00884,2025-09-05,organic_search,P027,Urban Bottle 27,false,false
V004296,C00973,2025-06-15,organic_search,P027,Urban Bottle 27,false,false
V004297,C00906,2025-03-03,social,P007,Calm Cream 07,false,false
V004298,C00228,2025-02-28,email,P006,Active Mat 06,false,false
V004299,C00517,2025-11-13,direct,P026,Pure Band 26,false,false
V004300,C00183,2025-10-16,social,P019,Urban Bottle 19,false,false
V004301,C00984,2025-06-27,social,P015,Calm Cream 15,false,false
V004302,C00344,2025-01-14,email,P017,Daily Lamp 17,false,false
V004303,C00249,2025-02-15,organic_search,P029,Bright Organizer 29,false,false
V004304,C00404,2025-03-06,direct,P023,Calm Cream 23,false,false
V004305,C00045,2025-12-16,organic_search,P014,Active Mat 14,false,false
V004306,C00951,2025-03-12,social,P010,Pure Band 10,false,false
V004307,C00357,2025-09-02,paid_search,P017,Daily Lamp 17,false,false
V004308,C00137,2025-05-17,organic_search,P012,Essential Bag 12,false,false
V004309,C00049,2025-11-04,referral,P025,Daily Lamp 25,false,false
V004310,C00224,2025-08-01,organic_search,P006,Active Mat 06,false,false
V004311,C00008,2025-03-12,paid_search,P002,Pure Band 02,false,false
V004312,C00642,2025-07-28,direct,P004,Essential Bag 04,false,false
V004313,C00039,2025-12-09,social,P002,Pure Band 02,false,false
V004314,C00430,2025-03-19,referral,P004,Essential Bag 04,false,false
V004315,C00848,2025-03-25,paid_search,P011,Urban Bottle 11,false,false
V004316,C00470,2025-06-23,organic_search,P007,Calm Cream 07,false,false
V004317,C00635,2025-02-16,referral,P025,Daily Lamp 25,false,false
V004318,C00394,2025-01-11,organic_search,P011,Urban Bottle 11,false,false
V004319,C00395,2025-01-08,organic_search,P028,Essential Bag 28,false,false
V004320,C00021,2025-09-12,paid_search,P030,Active Mat 30,false,false
V004321,C00010,2025-07-29,organic_search,P010,Pure Band 10,false,false
V004322,C00015,2025-05-24,paid_search,P017,Daily Lamp 17,true,true
V004323,C00404,2025-03-14,paid_search,P008,Modern Serum 08,false,true
V004324,C00163,2025-05-18,paid_search,P024,Modern Serum 24,true,false
V004325,C00134,2025-05-08,paid_search,P020,Essential Bag 20,false,false
V004326,C00010,2025-05-20,direct,P027,Urban Bottle 27,false,false
V004327,C00719,2025-08-25,social,P003,Urban Bottle 03,false,false
V004328,C00351,2025-02-01,organic_search,P017,Daily Lamp 17,true,false
V004329,C00464,2025-10-13,organic_search,P001,Daily Lamp 01,false,false
V004330,C00356,2025-01-12,social,P018,Pure Band 18,true,false
V004331,C00424,2025-05-13,organic_search,P023,Calm Cream 23,false,false
V004332,C00741,2025-08-10,social,P010,Pure Band 10,false,false
V004333,C00437,2025-04-01,social,P010,Pure Band 10,false,false
V004334,C00186,2025-12-16,social,P009,Daily Lamp 09,false,false
V004335,C00442,2025-01-20,direct,P016,Modern Serum 16,false,false
V004336,C00278,2025-04-08,email,P023,Calm Cream 23,false,false
V004337,C00903,2025-07-16,social,P006,Active Mat 06,true,false
V004338,C00528,2025-03-22,social,P028,Essential Bag 28,false,false
V004339,C00977,2025-05-20,email,P001,Daily Lamp 01,false,false
V004340,C00595,2025-07-21,direct,P002,Pure Band 02,false,false
V004341,C00122,2025-12-30,direct,P029,Bright Organizer 29,false,true
V004342,C00913,2025-08-20,email,P003,Urban Bottle 03,false,false
V004343,C00675,2025-08-12,social,P006,Active Mat 06,true,false
V004344,C00856,2025-01-17,email,P026,Pure Band 26,false,false
V004345,C00430,2025-10-18,organic_search,P026,Pure Band 26,false,false
V004346,C00734,2025-10-18,email,P023,Calm Cream 23,false,false
V004347,C00184,2025-08-15,email,P001,Daily Lamp 01,false,false
V004348,C00634,2025-05-19,organic_search,P017,Daily Lamp 17,false,false
V004349,C00909,2025-03-14,paid_search,P017,Daily Lamp 17,false,false
V004350,C00488,2025-05-28,paid_search,P014,Active Mat 14,false,false
V004351,C00871,2025-01-13,social,P021,Bright Organizer 21,false,false
V004352,C00508,2025-06-14,paid_search,P007,Calm Cream 07,false,false
V004353,C00287,2025-05-24,direct,P025,Daily Lamp 25,true,false
V004354,C00120,2025-03-14,organic_search,P026,Pure Band 26,false,false
V004355,C00017,2025-03-10,referral,P008,Modern Serum 08,false,false
V004356,C00380,2025-04-23,paid_search,P025,Daily Lamp 25,false,false
V004357,C00225,2025-01-29,organic_search,P029,Bright Organizer 29,false,false
V004358,C00673,2025-09-10,direct,P013,Bright Organizer 13,false,false
V004359,C00280,2025-11-07,social,P012,Essential Bag 12,false,false
V004360,C00372,2025-07-15,email,P010,Pure Band 10,true,false
V004361,C00953,2025-12-06,email,P009,Daily Lamp 09,false,false
V004362,C00514,2025-12-18,direct,P014,Active Mat 14,false,false
V004363,C00151,2025-12-29,organic_search,P017,Daily Lamp 17,false,false
V004364,C00742,2025-08-01,paid_search,P004,Essential Bag 04,true,false
V004365,C00186,2025-07-07,email,P013,Bright Organizer 13,false,false
V004366,C00075,2025-05-01,social,P010,Pure Band 10,true,false
V004367,C00670,2025-03-03,direct,P014,Active Mat 14,false,false
V004368,C00014,2025-04-03,organic_search,P029,Bright Organizer 29,false,false
V004369,C00660,2025-10-25,referral,P020,Essential Bag 20,false,false
V004370,C00052,2025-02-27,social,P014,Active Mat 14,false,false
V004371,C00568,2025-05-13,organic_search,P008,Modern Serum 08,true,false
V004372,C00569,2025-07-03,organic_search,P005,Bright Organizer 05,false,false
V004373,C00798,2025-03-01,organic_search,P014,Active Mat 14,false,false
V004374,C00982,2025-03-24,organic_search,P029,Bright Organizer 29,false,false
V004375,C00905,2025-11-20,social,P003,Urban Bottle 03,false,false
V004376,C00841,2025-02-15,paid_search,P025,Daily Lamp 25,true,false
V004377,C00774,2025-03-02,direct,P024,Modern Serum 24,false,false
V004378,C00169,2025-10-22,paid_search,P023,Calm Cream 23,false,false
V004379,C00704,2025-10-22,direct,P027,Urban Bottle 27,false,false
V004380,C00584,2025-03-14,social,P007,Calm Cream 07,false,false
V004381,C00567,2025-10-19,social,P024,Modern Serum 24,true,false
V004382,C00358,2025-10-07,organic_search,P003,Urban Bottle 03,false,false
V004383,C00821,2025-10-03,referral,P029,Bright Organizer 29,false,true
V004384,C00970,2025-05-05,organic_search,P012,Essential Bag 12,false,false
V004385,C00850,2025-11-24,organic_search,P010,Pure Band 10,false,false
V004386,C00789,2025-11-24,organic_search,P004,Essential Bag 04,false,false
V004387,C00511,2025-03-22,social,P004,Essential Bag 04,true,false
V004388,C00276,2025-02-13,organic_search,P017,Daily Lamp 17,false,false
V004389,C00741,2025-10-12,organic_search,P012,Essential Bag 12,false,false
V004390,C00406,2025-10-04,direct,P009,Daily Lamp 09,false,false
V004391,C00300,2025-05-29,paid_search,P014,Active Mat 14,false,true
V004392,C00146,2025-12-13,paid_search,P022,Active Mat 22,true,false
V004393,C00516,2025-11-14,referral,P001,Daily Lamp 01,false,false
V004394,C00230,2025-05-13,organic_search,P029,Bright Organizer 29,false,true
V004395,C00453,2025-10-26,organic_search,P027,Urban Bottle 27,false,false
V004396,C00754,2025-06-25,social,P005,Bright Organizer 05,false,false
V004397,C00224,2025-11-13,social,P019,Urban Bottle 19,false,false
V004398,C00487,2025-06-13,organic_search,P006,Active Mat 06,false,true
V004399,C00457,2025-07-17,organic_search,P017,Daily Lamp 17,true,false
V004400,C00593,2025-03-06,email,P030,Active Mat 30,false,false
V004401,C00917,2025-10-02,referral,P005,Bright Organizer 05,false,false
V004402,C00489,2025-03-09,organic_search,P012,Essential Bag 12,false,false
V004403,C00957,2025-04-25,social,P005,Bright Organizer 05,false,false
V004404,C00074,2025-03-20,social,P020,Essential Bag 20,false,false
V004405,C00045,2025-02-02,email,P028,Essential Bag 28,false,false
V004406,C00878,2025-06-05,email,P008,Modern Serum 08,false,false
V004407,C00896,2025-06-27,email,P018,Pure Band 18,false,false
V004408,C00673,2025-05-07,email,P005,Bright Organizer 05,false,false
V004409,C00057,2025-01-14,organic_search,P015,Calm Cream 15,true,false
V004410,C00526,2025-04-22,email,P025,Daily Lamp 25,false,false
V004411,C00505,2025-07-17,direct,P005,Bright Organizer 05,false,false
V004412,C00732,2025-10-18,email,P013,Bright Organizer 13,false,false
V004413,C00895,2025-07-06,paid_search,P018,Pure Band 18,false,false
V004414,C00128,2025-07-05,direct,P030,Active Mat 30,true,true
V004415,C00311,2025-02-15,paid_search,P020,Essential Bag 20,false,false
V004416,C00819,2025-01-30,social,P016,Modern Serum 16,false,false
V004417,C00379,2025-01-13,direct,P023,Calm Cream 23,false,false
V004418,C00183,2025-10-19,direct,P028,Essential Bag 28,false,false
V004419,C00351,2025-04-18,direct,P029,Bright Organizer 29,false,false
V004420,C00057,2025-05-18,email,P008,Modern Serum 08,false,false
V004421,C00311,2025-06-22,paid_search,P028,Essential Bag 28,false,false
V004422,C00582,2025-05-17,organic_search,P015,Calm Cream 15,true,false
V004423,C00521,2025-12-17,social,P002,Pure Band 02,false,false
V004424,C00369,2025-09-09,email,P030,Active Mat 30,false,false
V004425,C00057,2025-06-21,organic_search,P026,Pure Band 26,true,false
V004426,C00388,2025-09-19,paid_search,P024,Modern Serum 24,false,false
V004427,C00087,2025-10-02,social,P004,Essential Bag 04,false,false
V004428,C00934,2025-02-25,email,P014,Active Mat 14,false,false
V004429,C00018,2025-07-25,paid_search,P004,Essential Bag 04,false,false
V004430,C00221,2025-12-21,social,P009,Daily Lamp 09,false,false
V004431,C00168,2025-10-04,email,P025,Daily Lamp 25,false,false
V004432,C00171,2025-10-11,organic_search,P007,Calm Cream 07,false,false
V004433,C00458,2025-02-17,direct,P030,Active Mat 30,false,false
V004434,C00158,2025-07-16,paid_search,P015,Calm Cream 15,false,false
V004435,C00433,2025-04-21,email,P023,Calm Cream 23,false,false
V004436,C00474,2025-07-31,social,P022,Active Mat 22,true,false
V004437,C00590,2025-12-28,referral,P017,Daily Lamp 17,false,false
V004438,C00942,2025-11-28,organic_search,P019,Urban Bottle 19,false,false
V004439,C00415,2025-09-06,organic_search,P029,Bright Organizer 29,false,false
V004440,C00907,2025-08-25,direct,P023,Calm Cream 23,false,false
V004441,C00568,2025-12-08,referral,P015,Calm Cream 15,false,false
V004442,C00525,2025-11-15,organic_search,P012,Essential Bag 12,true,false
V004443,C00296,2025-04-20,email,P024,Modern Serum 24,false,false
V004444,C00315,2025-05-30,direct,P006,Active Mat 06,false,false
V004445,C00076,2025-11-10,direct,P001,Daily Lamp 01,false,false
V004446,C00857,2025-10-24,direct,P004,Essential Bag 04,false,false
V004447,C00760,2025-02-07,email,P021,Bright Organizer 21,false,false
V004448,C00355,2025-04-16,direct,P009,Daily Lamp 09,false,false
V004449,C00135,2025-02-05,social,P026,Pure Band 26,true,true
V004450,C00888,2025-09-17,organic_search,P005,Bright Organizer 05,false,false
V004451,C00922,2025-03-18,social,P015,Calm Cream 15,true,false
V004452,C00966,2025-07-24,paid_search,P002,Pure Band 02,false,false
V004453,C00448,2025-09-19,email,P015,Calm Cream 15,false,false
V004454,C00660,2025-06-27,organic_search,P008,Modern Serum 08,false,false
V004455,C00166,2025-12-13,organic_search,P014,Active Mat 14,false,false
V004456,C00707,2025-03-17,social,P005,Bright Organizer 05,false,false
V004457,C00797,2025-12-12,direct,P014,Active Mat 14,false,true
V004458,C00707,2025-08-29,paid_search,P005,Bright Organizer 05,false,false
V004459,C00150,2025-09-19,paid_search,P029,Bright Organizer 29,false,false
V004460,C00290,2025-04-27,organic_search,P023,Calm Cream 23,false,false
V004461,C00249,2025-02-23,social,P027,Urban Bottle 27,true,false
V004462,C00934,2025-07-17,social,P007,Calm Cream 07,false,false
V004463,C00442,2025-08-16,social,P005,Bright Organizer 05,false,false
V004464,C00782,2025-06-06,direct,P003,Urban Bottle 03,false,false
V004465,C00009,2025-07-10,email,P005,Bright Organizer 05,true,false
V004466,C00926,2025-11-28,social,P006,Active Mat 06,false,false
V004467,C00651,2025-07-25,email,P019,Urban Bottle 19,false,false
V004468,C00677,2025-08-13,organic_search,P020,Essential Bag 20,false,false
V004469,C00362,2025-11-10,social,P016,Modern Serum 16,false,false
V004470,C00299,2025-10-18,social,P024,Modern Serum 24,false,false
V004471,C00611,2025-08-24,direct,P014,Active Mat 14,true,false
V004472,C00149,2025-04-30,organic_search,P023,Calm Cream 23,false,false
V004473,C00173,2025-01-16,paid_search,P019,Urban Bottle 19,false,true
V004474,C00105,2025-02-11,organic_search,P023,Calm Cream 23,true,false
V004475,C00860,2025-05-15,direct,P002,Pure Band 02,false,false
V004476,C00712,2025-09-17,direct,P013,Bright Organizer 13,false,false
V004477,C00354,2025-07-16,paid_search,P018,Pure Band 18,false,false
V004478,C00153,2025-12-26,organic_search,P013,Bright Organizer 13,false,false
V004479,C00127,2025-08-14,paid_search,P016,Modern Serum 16,false,true
V004480,C00356,2025-11-23,paid_search,P013,Bright Organizer 13,false,false
V004481,C00826,2025-02-03,organic_search,P013,Bright Organizer 13,false,false
V004482,C00117,2025-12-30,paid_search,P015,Calm Cream 15,false,false
V004483,C00922,2025-01-05,direct,P016,Modern Serum 16,true,false
V004484,C00660,2025-04-14,email,P015,Calm Cream 15,false,false
V004485,C00654,2025-09-06,direct,P029,Bright Organizer 29,false,false
V004486,C00567,2025-08-20,social,P016,Modern Serum 16,true,false
V004487,C00800,2025-02-26,email,P008,Modern Serum 08,true,false
V004488,C00760,2025-11-28,direct,P022,Active Mat 22,false,true
V004489,C00049,2025-12-13,organic_search,P029,Bright Organizer 29,false,false
V004490,C00501,2025-12-01,direct,P013,Bright Organizer 13,true,false
V004491,C00830,2025-02-02,paid_search,P018,Pure Band 18,false,false
V004492,C00799,2025-03-08,social,P029,Bright Organizer 29,false,false
V004493,C00190,2025-06-19,organic_search,P030,Active Mat 30,false,false
V004494,C00274,2025-06-18,organic_search,P001,Daily Lamp 01,false,false
V004495,C00391,2025-05-25,paid_search,P029,Bright Organizer 29,true,true
V004496,C00104,2025-01-14,direct,P021,Bright Organizer 21,false,false
V004497,C00512,2025-03-17,email,P029,Bright Organizer 29,false,false
V004498,C00123,2025-07-24,paid_search,P018,Pure Band 18,false,false
V004499,C00361,2025-05-19,organic_search,P030,Active Mat 30,false,false
V004500,C00978,2025-10-04,direct,P023,Calm Cream 23,false,false
V004501,C00685,2025-06-12,paid_search,P023,Calm Cream 23,false,true
V004502,C00939,2025-01-13,paid_search,P021,Bright Organizer 21,false,false
V004503,C00289,2025-04-08,email,P008,Modern Serum 08,false,false
V004504,C00158,2025-02-14,paid_search,P028,Essential Bag 28,true,false
V004505,C00781,2025-08-14,email,P011,Urban Bottle 11,false,false
V004506,C00794,2025-07-09,social,P015,Calm Cream 15,false,false
V004507,C00084,2025-02-24,organic_search,P017,Daily Lamp 17,false,false
V004508,C00526,2025-10-06,organic_search,P012,Essential Bag 12,false,false
V004509,C00495,2025-06-19,direct,P030,Active Mat 30,false,false
V004510,C00772,2025-05-12,email,P018,Pure Band 18,false,false
V004511,C00586,2025-08-13,organic_search,P003,Urban Bottle 03,false,false
V004512,C00694,2025-03-01,email,P005,Bright Organizer 05,false,false
V004513,C00392,2025-08-08,organic_search,P009,Daily Lamp 09,false,false
V004514,C00108,2025-08-17,organic_search,P018,Pure Band 18,false,false
V004515,C00195,2025-10-26,social,P002,Pure Band 02,false,false
V004516,C00833,2025-09-11,direct,P023,Calm Cream 23,false,false
V004517,C00541,2025-11-27,paid_search,P020,Essential Bag 20,true,true
V004518,C00149,2025-05-21,organic_search,P018,Pure Band 18,false,false
V004519,C00545,2025-02-22,direct,P007,Calm Cream 07,false,true
V004520,C00552,2025-05-07,organic_search,P028,Essential Bag 28,false,false
V004521,C00520,2025-12-09,direct,P010,Pure Band 10,true,false
V004522,C00593,2025-12-19,social,P030,Active Mat 30,false,false
V004523,C00804,2025-03-03,organic_search,P028,Essential Bag 28,false,false
V004524,C00565,2025-01-29,organic_search,P021,Bright Organizer 21,true,false
V004525,C00944,2025-01-20,paid_search,P001,Daily Lamp 01,false,false
V004526,C00068,2025-03-27,social,P028,Essential Bag 28,false,false
V004527,C00904,2025-06-22,paid_search,P020,Essential Bag 20,false,false
V004528,C00585,2025-10-31,email,P005,Bright Organizer 05,false,false
V004529,C00323,2025-01-14,paid_search,P018,Pure Band 18,false,false
V004530,C00475,2025-04-16,email,P010,Pure Band 10,false,false
V004531,C00587,2025-06-12,paid_search,P015,Calm Cream 15,false,false
V004532,C00974,2025-06-13,organic_search,P013,Bright Organizer 13,false,false
V004533,C00571,2025-09-15,direct,P010,Pure Band 10,true,false
V004534,C00752,2025-01-06,social,P010,Pure Band 10,false,false
V004535,C00512,2025-05-02,organic_search,P009,Daily Lamp 09,false,false
V004536,C00925,2025-05-27,paid_search,P028,Essential Bag 28,false,false
V004537,C00186,2025-10-30,organic_search,P007,Calm Cream 07,false,false
V004538,C00981,2025-08-23,direct,P017,Daily Lamp 17,false,false
V004539,C00728,2025-05-06,direct,P024,Modern Serum 24,false,false
V004540,C00807,2025-09-03,organic_search,P023,Calm Cream 23,false,false
V004541,C00193,2025-01-20,organic_search,P005,Bright Organizer 05,false,false
V004542,C00420,2025-09-14,social,P012,Essential Bag 12,false,false
V004543,C00216,2025-01-20,organic_search,P024,Modern Serum 24,false,false
V004544,C00422,2025-09-20,direct,P021,Bright Organizer 21,true,false
V004545,C00312,2025-01-09,direct,P011,Urban Bottle 11,false,false
V004546,C00905,2025-02-05,paid_search,P028,Essential Bag 28,false,false
V004547,C00491,2025-02-10,direct,P009,Daily Lamp 09,false,false
V004548,C00419,2025-10-08,organic_search,P024,Modern Serum 24,false,false
V004549,C00404,2025-07-30,organic_search,P029,Bright Organizer 29,false,false
V004550,C00291,2025-03-23,social,P024,Modern Serum 24,true,true
V004551,C00822,2025-03-06,referral,P003,Urban Bottle 03,false,false
V004552,C00913,2025-11-08,direct,P022,Active Mat 22,false,false
V004553,C00810,2025-12-27,direct,P005,Bright Organizer 05,false,false
V004554,C00632,2025-11-10,direct,P010,Pure Band 10,false,false
V004555,C00595,2025-11-20,organic_search,P019,Urban Bottle 19,false,false
V004556,C00730,2025-11-09,organic_search,P019,Urban Bottle 19,false,false
V004557,C00591,2025-11-11,referral,P002,Pure Band 02,false,false
V004558,C00009,2025-10-19,email,P010,Pure Band 10,false,false
V004559,C00685,2025-06-17,email,P003,Urban Bottle 03,false,false
V004560,C00758,2025-03-21,social,P010,Pure Band 10,false,false
V004561,C00854,2025-07-26,email,P006,Active Mat 06,false,false
V004562,C00796,2025-08-04,social,P003,Urban Bottle 03,false,false
V004563,C00597,2025-09-01,organic_search,P026,Pure Band 26,false,false
V004564,C00834,2025-08-16,direct,P010,Pure Band 10,true,false
V004565,C00125,2025-07-16,organic_search,P023,Calm Cream 23,false,false
V004566,C00785,2025-03-07,paid_search,P002,Pure Band 02,false,false
V004567,C00686,2025-10-26,email,P003,Urban Bottle 03,false,false
V004568,C00066,2025-03-11,organic_search,P029,Bright Organizer 29,false,false
V004569,C00645,2025-05-31,social,P005,Bright Organizer 05,false,false
V004570,C00620,2025-08-05,paid_search,P013,Bright Organizer 13,true,false
V004571,C00451,2025-06-27,paid_search,P029,Bright Organizer 29,false,false
V004572,C00998,2025-10-01,organic_search,P018,Pure Band 18,false,false
V004573,C00315,2025-10-02,social,P004,Essential Bag 04,false,false
V004574,C00389,2025-11-05,email,P003,Urban Bottle 03,true,false
V004575,C00521,2025-09-12,social,P028,Essential Bag 28,false,false
V004576,C00605,2025-08-20,organic_search,P024,Modern Serum 24,false,false
V004577,C00073,2025-06-10,email,P010,Pure Band 10,false,false
V004578,C00311,2025-07-16,email,P002,Pure Band 02,true,true
V004579,C00563,2025-12-24,organic_search,P020,Essential Bag 20,true,false
V004580,C00996,2025-09-27,paid_search,P010,Pure Band 10,false,false
V004581,C00888,2025-07-07,paid_search,P003,Urban Bottle 03,false,false
V004582,C00992,2025-06-29,paid_search,P025,Daily Lamp 25,false,false
V004583,C00355,2025-12-16,organic_search,P010,Pure Band 10,false,false
V004584,C00732,2025-10-13,organic_search,P005,Bright Organizer 05,false,false
V004585,C00116,2025-10-12,organic_search,P015,Calm Cream 15,false,false
V004586,C00889,2025-12-14,email,P009,Daily Lamp 09,false,false
V004587,C00714,2025-05-07,paid_search,P019,Urban Bottle 19,false,true
V004588,C00991,2025-01-30,organic_search,P005,Bright Organizer 05,true,false
V004589,C00740,2025-08-30,paid_search,P023,Calm Cream 23,false,false
V004590,C00183,2025-02-02,organic_search,P005,Bright Organizer 05,true,false
V004591,C00649,2025-07-12,organic_search,P029,Bright Organizer 29,false,false
V004592,C00111,2025-12-14,direct,P005,Bright Organizer 05,false,false
V004593,C00708,2025-06-25,paid_search,P008,Modern Serum 08,false,false
V004594,C00098,2025-04-15,direct,P017,Daily Lamp 17,false,false
V004595,C00187,2025-08-17,direct,P025,Daily Lamp 25,true,false
V004596,C00028,2025-01-31,referral,P023,Calm Cream 23,false,false
V004597,C00320,2025-07-01,social,P023,Calm Cream 23,false,false
V004598,C00925,2025-03-07,email,P013,Bright Organizer 13,false,false
V004599,C00497,2025-04-25,organic_search,P012,Essential Bag 12,true,false
V004600,C00459,2025-09-08,referral,P009,Daily Lamp 09,false,false
V004601,C00189,2025-03-19,social,P003,Urban Bottle 03,true,false
V004602,C00917,2025-06-04,social,P008,Modern Serum 08,false,false
V004603,C00433,2025-10-08,organic_search,P020,Essential Bag 20,false,false
V004604,C00075,2025-02-06,organic_search,P007,Calm Cream 07,false,false
V004605,C00432,2025-03-09,referral,P018,Pure Band 18,true,false
V004606,C00706,2025-04-23,direct,P013,Bright Organizer 13,false,true
V004607,C00719,2025-06-28,organic_search,P003,Urban Bottle 03,false,false
V004608,C00405,2025-09-02,referral,P023,Calm Cream 23,false,false
V004609,C00472,2025-05-23,organic_search,P008,Modern Serum 08,false,false
V004610,C00737,2025-11-03,organic_search,P011,Urban Bottle 11,false,false
V004611,C00116,2025-01-11,referral,P024,Modern Serum 24,false,false
V004612,C00167,2025-06-01,paid_search,P005,Bright Organizer 05,false,false
V004613,C00480,2025-03-05,organic_search,P027,Urban Bottle 27,false,false
V004614,C00477,2025-06-02,social,P004,Essential Bag 04,false,false
V004615,C00478,2025-01-08,organic_search,P029,Bright Organizer 29,false,false
V004616,C00463,2025-04-12,paid_search,P025,Daily Lamp 25,true,false
V004617,C00205,2025-04-22,referral,P012,Essential Bag 12,false,false
V004618,C00698,2025-02-18,social,P015,Calm Cream 15,false,false
V004619,C00552,2025-06-27,organic_search,P013,Bright Organizer 13,true,false
V004620,C00798,2025-11-20,organic_search,P014,Active Mat 14,false,false
V004621,C00369,2025-03-25,direct,P005,Bright Organizer 05,false,false
V004622,C00927,2025-02-04,social,P027,Urban Bottle 27,false,false
V004623,C00350,2025-01-10,paid_search,P013,Bright Organizer 13,false,false
V004624,C00289,2025-07-28,email,P019,Urban Bottle 19,true,false
V004625,C00723,2025-12-15,direct,P004,Essential Bag 04,false,false
V004626,C00038,2025-12-22,organic_search,P001,Daily Lamp 01,false,false
V004627,C00684,2025-09-28,referral,P018,Pure Band 18,true,false
V004628,C00505,2025-06-07,social,P002,Pure Band 02,false,false
V004629,C00913,2025-02-23,organic_search,P027,Urban Bottle 27,false,false
V004630,C00297,2025-11-27,paid_search,P006,Active Mat 06,false,false
V004631,C00841,2025-10-25,organic_search,P016,Modern Serum 16,false,false
V004632,C00447,2025-11-23,paid_search,P005,Bright Organizer 05,false,false
V004633,C00014,2025-04-09,paid_search,P016,Modern Serum 16,false,false
V004634,C00930,2025-07-14,social,P016,Modern Serum 16,false,false
V004635,C00933,2025-12-04,email,P023,Calm Cream 23,true,false
V004636,C00661,2025-05-05,organic_search,P007,Calm Cream 07,true,true
V004637,C00051,2025-04-07,organic_search,P005,Bright Organizer 05,false,false
V004638,C00675,2025-11-18,email,P007,Calm Cream 07,false,false
V004639,C00511,2025-07-02,social,P005,Bright Organizer 05,true,true
V004640,C00655,2025-08-24,paid_search,P025,Daily Lamp 25,true,true
V004641,C00345,2025-06-27,social,P013,Bright Organizer 13,true,false
V004642,C00807,2025-08-28,paid_search,P002,Pure Band 02,false,false
V004643,C00845,2025-03-30,social,P003,Urban Bottle 03,false,false
V004644,C00060,2025-09-30,social,P013,Bright Organizer 13,false,false
V004645,C00703,2025-09-08,email,P028,Essential Bag 28,false,false
V004646,C00247,2025-06-22,social,P017,Daily Lamp 17,false,false
V004647,C00955,2025-09-21,organic_search,P024,Modern Serum 24,false,false
V004648,C00556,2025-03-18,organic_search,P028,Essential Bag 28,false,false
V004649,C00178,2025-11-20,social,P018,Pure Band 18,false,false
V004650,C00348,2025-02-06,paid_search,P006,Active Mat 06,true,true
V004651,C00451,2025-02-16,organic_search,P029,Bright Organizer 29,false,true
V004652,C00247,2025-08-27,paid_search,P002,Pure Band 02,false,false
V004653,C00639,2025-08-10,direct,P023,Calm Cream 23,true,false
V004654,C00573,2025-01-26,paid_search,P007,Calm Cream 07,false,false
V004655,C00496,2025-09-18,paid_search,P030,Active Mat 30,false,false
V004656,C00939,2025-01-03,social,P025,Daily Lamp 25,false,false
V004657,C00418,2025-05-22,paid_search,P011,Urban Bottle 11,false,false
V004658,C00690,2025-04-02,direct,P025,Daily Lamp 25,false,true
V004659,C00827,2025-10-27,email,P012,Essential Bag 12,false,false
V004660,C00264,2025-04-17,organic_search,P014,Active Mat 14,false,false
V004661,C00651,2025-10-27,social,P017,Daily Lamp 17,false,false
V004662,C00494,2025-03-27,direct,P015,Calm Cream 15,false,false
V004663,C00638,2025-02-25,social,P028,Essential Bag 28,false,false
V004664,C00330,2025-05-22,email,P022,Active Mat 22,false,false
V004665,C00099,2025-02-13,email,P016,Modern Serum 16,false,false
V004666,C00475,2025-06-19,organic_search,P009,Daily Lamp 09,false,false
V004667,C00369,2025-11-27,social,P029,Bright Organizer 29,false,false
V004668,C00568,2025-09-10,email,P011,Urban Bottle 11,false,false
V004669,C00148,2025-03-24,social,P023,Calm Cream 23,false,false
V004670,C00632,2025-05-21,paid_search,P025,Daily Lamp 25,false,false
V004671,C00284,2025-03-23,paid_search,P004,Essential Bag 04,false,false
V004672,C00216,2025-10-19,email,P008,Modern Serum 08,false,false
V004673,C00154,2025-11-13,social,P007,Calm Cream 07,false,false
V004674,C00326,2025-12-07,social,P007,Calm Cream 07,false,false
V004675,C00192,2025-07-15,organic_search,P019,Urban Bottle 19,false,false
V004676,C00594,2025-09-07,paid_search,P029,Bright Organizer 29,false,false
V004677,C00115,2025-03-08,direct,P006,Active Mat 06,false,false
V004678,C00289,2025-10-17,paid_search,P001,Daily Lamp 01,false,false
V004679,C00845,2025-02-02,direct,P003,Urban Bottle 03,false,false
V004680,C00484,2025-03-31,direct,P016,Modern Serum 16,false,false
V004681,C00532,2025-04-05,paid_search,P011,Urban Bottle 11,false,false
V004682,C00495,2025-11-03,referral,P001,Daily Lamp 01,false,false
V004683,C00578,2025-06-15,social,P005,Bright Organizer 05,true,false
V004684,C00744,2025-08-11,direct,P022,Active Mat 22,false,false
V004685,C00341,2025-10-27,paid_search,P028,Essential Bag 28,true,false
V004686,C00460,2025-07-29,social,P022,Active Mat 22,true,false
V004687,C00806,2025-11-09,social,P014,Active Mat 14,false,false
V004688,C00709,2025-05-22,organic_search,P022,Active Mat 22,true,false
V004689,C00137,2025-12-16,paid_search,P013,Bright Organizer 13,false,false
V004690,C00495,2025-11-03,organic_search,P012,Essential Bag 12,false,false
V004691,C00051,2025-08-06,organic_search,P015,Calm Cream 15,false,false
V004692,C00092,2025-03-30,direct,P020,Essential Bag 20,true,false
V004693,C00397,2025-12-25,organic_search,P013,Bright Organizer 13,true,false
V004694,C00420,2025-01-13,social,P009,Daily Lamp 09,false,false
V004695,C00992,2025-06-09,social,P003,Urban Bottle 03,false,false
V004696,C00699,2025-01-01,paid_search,P012,Essential Bag 12,false,false
V004697,C00480,2025-07-20,social,P007,Calm Cream 07,false,false
V004698,C00612,2025-12-13,social,P003,Urban Bottle 03,false,false
V004699,C00397,2025-03-06,social,P017,Daily Lamp 17,true,false
V004700,C00823,2025-07-08,social,P006,Active Mat 06,false,false
V004701,C00734,2025-06-28,organic_search,P015,Calm Cream 15,true,false
V004702,C00586,2025-11-23,social,P022,Active Mat 22,true,false
V004703,C00112,2025-11-10,direct,P019,Urban Bottle 19,false,false
V004704,C00312,2025-07-12,email,P006,Active Mat 06,false,false
V004705,C00590,2025-04-02,direct,P016,Modern Serum 16,false,false
V004706,C00679,2025-09-19,direct,P005,Bright Organizer 05,false,false
V004707,C00869,2025-03-31,social,P022,Active Mat 22,false,false
V004708,C00160,2025-04-14,paid_search,P010,Pure Band 10,false,false
V004709,C00586,2025-07-05,direct,P002,Pure Band 02,false,false
V004710,C00427,2025-02-23,direct,P007,Calm Cream 07,false,false
V004711,C00577,2025-12-04,direct,P028,Essential Bag 28,false,false
V004712,C00740,2025-12-20,paid_search,P002,Pure Band 02,false,true
V004713,C00977,2025-05-25,paid_search,P001,Daily Lamp 01,false,false
V004714,C00467,2025-01-03,paid_search,P002,Pure Band 02,true,false
V004715,C00616,2025-02-06,organic_search,P018,Pure Band 18,false,false
V004716,C00115,2025-11-09,organic_search,P015,Calm Cream 15,false,false
V004717,C00661,2025-03-02,organic_search,P024,Modern Serum 24,true,false
V004718,C00273,2025-06-16,referral,P002,Pure Band 02,false,false
V004719,C00679,2025-08-28,organic_search,P013,Bright Organizer 13,true,false
V004720,C00167,2025-04-29,direct,P026,Pure Band 26,false,false
V004721,C00745,2025-02-15,social,P011,Urban Bottle 11,true,false
V004722,C00172,2025-06-23,direct,P027,Urban Bottle 27,false,false
V004723,C00320,2025-11-27,paid_search,P020,Essential Bag 20,false,false
V004724,C00984,2025-06-30,social,P026,Pure Band 26,false,false
V004725,C00613,2025-07-26,paid_search,P002,Pure Band 02,false,false
V004726,C00777,2025-07-01,paid_search,P025,Daily Lamp 25,true,true
V004727,C00823,2025-01-19,social,P028,Essential Bag 28,false,false
V004728,C00982,2025-09-24,social,P029,Bright Organizer 29,false,false
V004729,C00883,2025-01-23,social,P001,Daily Lamp 01,false,false
V004730,C00676,2025-05-26,organic_search,P016,Modern Serum 16,false,false
V004731,C00543,2025-09-03,paid_search,P027,Urban Bottle 27,false,false
V004732,C00211,2025-02-12,direct,P017,Daily Lamp 17,true,true
V004733,C00268,2025-04-07,paid_search,P003,Urban Bottle 03,false,false
V004734,C00200,2025-10-06,email,P003,Urban Bottle 03,false,false
V004735,C00747,2025-07-23,direct,P022,Active Mat 22,false,false
V004736,C00632,2025-12-12,paid_search,P005,Bright Organizer 05,false,false
V004737,C00061,2025-04-29,social,P021,Bright Organizer 21,false,false
V004738,C00598,2025-03-31,social,P014,Active Mat 14,false,false
V004739,C00832,2025-11-21,direct,P012,Essential Bag 12,false,false
V004740,C00763,2025-12-11,direct,P012,Essential Bag 12,false,false
V004741,C00493,2025-07-10,paid_search,P021,Bright Organizer 21,false,false
V004742,C00741,2025-01-06,paid_search,P017,Daily Lamp 17,false,false
V004743,C00047,2025-06-13,social,P021,Bright Organizer 21,false,false
V004744,C00932,2025-06-21,organic_search,P007,Calm Cream 07,false,false
V004745,C00909,2025-01-19,social,P014,Active Mat 14,false,false
V004746,C00935,2025-11-01,social,P030,Active Mat 30,false,false
V004747,C00014,2025-01-13,paid_search,P026,Pure Band 26,false,false
V004748,C00258,2025-07-16,organic_search,P027,Urban Bottle 27,false,false
V004749,C00920,2025-08-11,paid_search,P005,Bright Organizer 05,false,false
V004750,C00477,2025-11-20,email,P023,Calm Cream 23,true,true
V004751,C00169,2025-10-03,social,P007,Calm Cream 07,true,false
V004752,C00344,2025-04-08,social,P020,Essential Bag 20,false,false
V004753,C00494,2025-07-21,paid_search,P016,Modern Serum 16,true,false
V004754,C00286,2025-12-06,organic_search,P014,Active Mat 14,false,false
V004755,C00402,2025-12-26,referral,P013,Bright Organizer 13,true,false
V004756,C00166,2025-03-14,social,P006,Active Mat 06,false,false
V004757,C00369,2025-02-06,organic_search,P015,Calm Cream 15,false,false
V004758,C00257,2025-03-08,organic_search,P004,Essential Bag 04,true,true
V004759,C00218,2025-10-19,paid_search,P026,Pure Band 26,false,false
V004760,C00046,2025-03-02,email,P008,Modern Serum 08,false,true
V004761,C00679,2025-11-09,direct,P025,Daily Lamp 25,false,false
V004762,C00204,2025-03-02,social,P029,Bright Organizer 29,false,false
V004763,C00403,2025-11-23,social,P005,Bright Organizer 05,false,false
V004764,C00140,2025-06-11,paid_search,P018,Pure Band 18,false,false
V004765,C00721,2025-05-08,paid_search,P003,Urban Bottle 03,false,false
V004766,C00815,2025-03-20,direct,P020,Essential Bag 20,false,false
V004767,C00561,2025-06-01,organic_search,P028,Essential Bag 28,false,false
V004768,C00886,2025-10-19,email,P005,Bright Organizer 05,false,false
V004769,C00687,2025-09-08,social,P028,Essential Bag 28,true,false
V004770,C00437,2025-07-18,social,P005,Bright Organizer 05,false,false
V004771,C00729,2025-04-01,direct,P008,Modern Serum 08,false,false
V004772,C00628,2025-07-27,organic_search,P006,Active Mat 06,false,false
V004773,C00482,2025-08-07,email,P029,Bright Organizer 29,false,false
V004774,C00249,2025-01-13,organic_search,P005,Bright Organizer 05,true,false
V004775,C00954,2025-10-07,social,P002,Pure Band 02,false,false
V004776,C00498,2025-12-03,organic_search,P002,Pure Band 02,false,false
V004777,C00555,2025-12-29,direct,P025,Daily Lamp 25,true,true
V004778,C00954,2025-07-16,social,P002,Pure Band 02,true,false
V004779,C00745,2025-01-02,organic_search,P028,Essential Bag 28,false,false
V004780,C00253,2025-06-05,direct,P010,Pure Band 10,false,false
V004781,C00560,2025-04-29,referral,P028,Essential Bag 28,false,false
V004782,C00762,2025-06-02,paid_search,P001,Daily Lamp 01,false,false
V004783,C00590,2025-04-01,direct,P023,Calm Cream 23,false,false
V004784,C00509,2025-03-07,paid_search,P012,Essential Bag 12,true,false
V004785,C00441,2025-12-28,organic_search,P003,Urban Bottle 03,false,false
V004786,C00060,2025-08-20,direct,P010,Pure Band 10,false,false
V004787,C00070,2025-11-13,organic_search,P011,Urban Bottle 11,false,false
V004788,C00298,2025-06-21,direct,P015,Calm Cream 15,true,false
V004789,C00899,2025-09-13,paid_search,P002,Pure Band 02,false,false
V004790,C00498,2025-08-01,direct,P005,Bright Organizer 05,false,false
V004791,C00040,2025-12-11,email,P018,Pure Band 18,false,false
V004792,C00976,2025-04-06,referral,P011,Urban Bottle 11,false,false
V004793,C00712,2025-01-25,direct,P030,Active Mat 30,false,false
V004794,C00826,2025-08-29,social,P004,Essential Bag 04,false,false
V004795,C00417,2025-06-26,organic_search,P013,Bright Organizer 13,false,false
V004796,C00434,2025-07-28,paid_search,P001,Daily Lamp 01,false,false
V004797,C00779,2025-11-02,organic_search,P029,Bright Organizer 29,false,false
V004798,C00480,2025-12-06,direct,P018,Pure Band 18,false,false
V004799,C00133,2025-07-05,direct,P003,Urban Bottle 03,true,false
V004800,C00955,2025-11-10,organic_search,P029,Bright Organizer 29,false,false
V004801,C00272,2025-12-01,social,P005,Bright Organizer 05,false,false
V004802,C00601,2025-09-12,direct,P018,Pure Band 18,false,false
V004803,C00351,2025-07-19,referral,P026,Pure Band 26,false,false
V004804,C00735,2025-03-06,organic_search,P024,Modern Serum 24,false,false
V004805,C00187,2025-01-27,organic_search,P014,Active Mat 14,false,false
V004806,C00434,2025-01-18,paid_search,P017,Daily Lamp 17,false,false
V004807,C00439,2025-11-15,direct,P003,Urban Bottle 03,true,false
V004808,C00647,2025-10-20,social,P022,Active Mat 22,true,false
V004809,C00487,2025-10-08,social,P001,Daily Lamp 01,true,false
V004810,C00737,2025-05-11,organic_search,P012,Essential Bag 12,false,false
V004811,C00902,2025-11-08,paid_search,P001,Daily Lamp 01,true,false
V004812,C00902,2025-11-06,organic_search,P025,Daily Lamp 25,false,false
V004813,C00351,2025-10-08,paid_search,P004,Essential Bag 04,false,false
V004814,C00564,2025-12-03,referral,P005,Bright Organizer 05,false,false
V004815,C00548,2025-11-15,paid_search,P007,Calm Cream 07,false,false
V004816,C00969,2025-06-26,organic_search,P003,Urban Bottle 03,false,false
V004817,C00436,2025-06-10,paid_search,P011,Urban Bottle 11,true,false
V004818,C00808,2025-07-25,social,P007,Calm Cream 07,false,false
V004819,C00036,2025-09-10,email,P008,Modern Serum 08,false,false
V004820,C00684,2025-04-02,social,P011,Urban Bottle 11,false,false
V004821,C00471,2025-04-12,organic_search,P021,Bright Organizer 21,false,false
V004822,C00137,2025-03-13,paid_search,P002,Pure Band 02,false,false
V004823,C00564,2025-12-05,direct,P005,Bright Organizer 05,false,false
V004824,C00809,2025-05-03,paid_search,P008,Modern Serum 08,false,false
V004825,C00208,2025-11-20,organic_search,P011,Urban Bottle 11,false,false
V004826,C00160,2025-11-18,paid_search,P014,Active Mat 14,false,false
V004827,C00987,2025-12-30,paid_search,P020,Essential Bag 20,false,false
V004828,C00360,2025-04-04,email,P007,Calm Cream 07,true,false
V004829,C00429,2025-02-28,direct,P006,Active Mat 06,false,false
V004830,C00077,2025-07-04,direct,P020,Essential Bag 20,false,false
V004831,C00735,2025-01-31,organic_search,P003,Urban Bottle 03,false,false
V004832,C00205,2025-07-02,organic_search,P016,Modern Serum 16,false,false
V004833,C00965,2025-04-28,social,P025,Daily Lamp 25,false,false
V004834,C00908,2025-08-28,email,P022,Active Mat 22,false,false
V004835,C00072,2025-11-11,social,P013,Bright Organizer 13,false,false
V004836,C00868,2025-09-11,organic_search,P004,Essential Bag 04,false,false
V004837,C00446,2025-04-16,organic_search,P006,Active Mat 06,false,false
V004838,C00852,2025-02-19,paid_search,P011,Urban Bottle 11,false,false
V004839,C00906,2025-11-24,social,P015,Calm Cream 15,false,false
V004840,C00667,2025-02-11,paid_search,P029,Bright Organizer 29,false,false
V004841,C00317,2025-12-13,social,P010,Pure Band 10,false,false
V004842,C00968,2025-02-21,direct,P005,Bright Organizer 05,false,false
V004843,C00317,2025-11-25,referral,P002,Pure Band 02,false,true
V004844,C00999,2025-01-17,organic_search,P023,Calm Cream 23,false,false
V004845,C00496,2025-03-27,organic_search,P005,Bright Organizer 05,false,false
V004846,C00837,2025-05-07,social,P028,Essential Bag 28,false,false
V004847,C00679,2025-03-05,paid_search,P004,Essential Bag 04,false,false
V004848,C00344,2025-11-10,direct,P012,Essential Bag 12,false,false
V004849,C00828,2025-11-29,paid_search,P021,Bright Organizer 21,false,false
V004850,C00364,2025-08-10,direct,P004,Essential Bag 04,false,false
V004851,C00816,2025-11-28,paid_search,P030,Active Mat 30,false,false
V004852,C00064,2025-07-29,social,P018,Pure Band 18,false,false
V004853,C00182,2025-04-11,referral,P006,Active Mat 06,false,false
V004854,C00201,2025-05-15,referral,P019,Urban Bottle 19,false,false
V004855,C00002,2025-02-04,organic_search,P001,Daily Lamp 01,false,false
V004856,C00920,2025-07-27,paid_search,P017,Daily Lamp 17,false,false
V004857,C00681,2025-02-03,social,P010,Pure Band 10,false,false
V004858,C00329,2025-06-11,direct,P030,Active Mat 30,false,false
V004859,C00605,2025-09-03,direct,P005,Bright Organizer 05,false,false
V004860,C00623,2025-10-04,paid_search,P002,Pure Band 02,false,false
V004861,C00809,2025-04-22,organic_search,P004,Essential Bag 04,false,false
V004862,C00439,2025-07-28,direct,P007,Calm Cream 07,false,false
V004863,C00055,2025-12-01,social,P024,Modern Serum 24,false,false
V004864,C00239,2025-03-20,organic_search,P015,Calm Cream 15,false,false
V004865,C00145,2025-07-05,email,P015,Calm Cream 15,false,false
V004866,C00348,2025-02-23,social,P001,Daily Lamp 01,false,false
V004867,C00203,2025-01-17,organic_search,P023,Calm Cream 23,false,false
V004868,C00511,2025-07-03,organic_search,P005,Bright Organizer 05,false,false
V004869,C00553,2025-08-13,referral,P029,Bright Organizer 29,false,false
V004870,C00723,2025-11-13,organic_search,P008,Modern Serum 08,false,false
V004871,C00658,2025-02-27,paid_search,P028,Essential Bag 28,false,false
V004872,C00802,2025-11-11,direct,P004,Essential Bag 04,false,false
V004873,C00089,2025-01-11,direct,P002,Pure Band 02,false,false
V004874,C00811,2025-01-22,paid_search,P001,Daily Lamp 01,false,false
V004875,C00030,2025-01-04,direct,P027,Urban Bottle 27,true,false
V004876,C00855,2025-08-09,organic_search,P018,Pure Band 18,false,false
V004877,C00481,2025-03-07,direct,P011,Urban Bottle 11,false,false
V004878,C00082,2025-09-11,organic_search,P021,Bright Organizer 21,false,false
V004879,C00682,2025-10-22,social,P028,Essential Bag 28,false,false
V004880,C00518,2025-03-01,paid_search,P014,Active Mat 14,false,false
V004881,C00605,2025-10-31,organic_search,P027,Urban Bottle 27,true,false
V004882,C00853,2025-01-18,direct,P017,Daily Lamp 17,false,false
V004883,C00977,2025-07-28,social,P018,Pure Band 18,false,false
V004884,C00960,2025-10-29,organic_search,P007,Calm Cream 07,false,false
V004885,C00821,2025-09-26,paid_search,P026,Pure Band 26,true,false
V004886,C00923,2025-04-08,referral,P001,Daily Lamp 01,false,true
V004887,C00828,2025-06-18,social,P007,Calm Cream 07,false,false
V004888,C00339,2025-01-20,organic_search,P017,Daily Lamp 17,false,false
V004889,C00788,2025-06-13,direct,P003,Urban Bottle 03,true,false
V004890,C00272,2025-09-16,direct,P025,Daily Lamp 25,true,true
V004891,C00031,2025-11-23,email,P012,Essential Bag 12,false,false
V004892,C00522,2025-03-06,email,P008,Modern Serum 08,true,true
V004893,C00235,2025-02-16,organic_search,P024,Modern Serum 24,false,false
V004894,C00259,2025-10-18,paid_search,P024,Modern Serum 24,false,false
V004895,C00993,2025-06-09,paid_search,P011,Urban Bottle 11,true,false
V004896,C00785,2025-11-26,social,P020,Essential Bag 20,false,false
V004897,C00332,2025-10-30,referral,P018,Pure Band 18,false,false
V004898,C00997,2025-12-28,paid_search,P024,Modern Serum 24,true,false
V004899,C00225,2025-11-26,referral,P026,Pure Band 26,false,false
V004900,C00080,2025-10-15,organic_search,P017,Daily Lamp 17,false,false
V004901,C00071,2025-10-03,social,P019,Urban Bottle 19,false,false
V004902,C00634,2025-12-14,paid_search,P002,Pure Band 02,true,false
V004903,C00041,2025-04-22,direct,P002,Pure Band 02,true,false
V004904,C00764,2025-01-15,direct,P007,Calm Cream 07,false,true
V004905,C00557,2025-11-14,social,P019,Urban Bottle 19,false,false
V004906,C00495,2025-08-12,social,P014,Active Mat 14,true,true
V004907,C00214,2025-10-09,paid_search,P017,Daily Lamp 17,true,false
V004908,C00445,2025-06-29,organic_search,P011,Urban Bottle 11,true,false
V004909,C00122,2025-11-14,paid_search,P007,Calm Cream 07,false,false
V004910,C00974,2025-06-26,social,P005,Bright Organizer 05,false,false
V004911,C00713,2025-10-10,paid_search,P027,Urban Bottle 27,true,false
V004912,C00608,2025-06-21,direct,P002,Pure Band 02,false,false
V004913,C00513,2025-12-17,email,P021,Bright Organizer 21,false,false
V004914,C00196,2025-08-22,email,P011,Urban Bottle 11,false,false
V004915,C00333,2025-11-25,organic_search,P025,Daily Lamp 25,false,false
V004916,C00353,2025-10-25,email,P028,Essential Bag 28,false,false
V004917,C00603,2025-11-12,email,P004,Essential Bag 04,false,false
V004918,C00286,2025-12-22,social,P016,Modern Serum 16,false,false
V004919,C00677,2025-06-14,organic_search,P006,Active Mat 06,false,false
V004920,C00023,2025-10-29,email,P004,Essential Bag 04,false,false
V004921,C00526,2025-05-07,direct,P020,Essential Bag 20,false,false
V004922,C00398,2025-12-31,direct,P012,Essential Bag 12,false,false
V004923,C00620,2025-03-23,organic_search,P027,Urban Bottle 27,false,false
V004924,C00119,2025-01-12,organic_search,P014,Active Mat 14,false,false
V004925,C00653,2025-05-10,social,P004,Essential Bag 04,false,false
V004926,C00856,2025-04-07,organic_search,P027,Urban Bottle 27,false,false
V004927,C00150,2025-12-08,paid_search,P015,Calm Cream 15,false,false
V004928,C00287,2025-02-11,organic_search,P007,Calm Cream 07,false,false
V004929,C00727,2025-10-17,email,P011,Urban Bottle 11,false,false
V004930,C00815,2025-03-24,referral,P020,Essential Bag 20,false,false
V004931,C00220,2025-08-06,direct,P001,Daily Lamp 01,false,false
V004932,C00743,2025-01-02,email,P020,Essential Bag 20,false,false
V004933,C00842,2025-02-07,email,P005,Bright Organizer 05,false,false
V004934,C00497,2025-03-27,direct,P008,Modern Serum 08,false,false
V004935,C00767,2025-02-07,organic_search,P018,Pure Band 18,false,false
V004936,C00226,2025-05-19,organic_search,P012,Essential Bag 12,false,false
V004937,C00738,2025-10-13,organic_search,P004,Essential Bag 04,false,false
V004938,C00635,2025-09-17,organic_search,P024,Modern Serum 24,false,false
V004939,C00247,2025-03-09,organic_search,P028,Essential Bag 28,false,false
V004940,C00748,2025-05-16,paid_search,P016,Modern Serum 16,false,false
V004941,C00629,2025-09-13,paid_search,P005,Bright Organizer 05,false,false
V004942,C00032,2025-02-09,social,P013,Bright Organizer 13,true,false
V004943,C00380,2025-08-13,direct,P004,Essential Bag 04,true,true
V004944,C00359,2025-12-18,social,P007,Calm Cream 07,false,false
V004945,C00455,2025-12-16,email,P022,Active Mat 22,false,false
V004946,C00968,2025-02-07,organic_search,P014,Active Mat 14,false,false
V004947,C00841,2025-04-18,organic_search,P006,Active Mat 06,false,false
V004948,C00909,2025-09-15,social,P024,Modern Serum 24,false,false
V004949,C01000,2025-07-16,referral,P017,Daily Lamp 17,false,false
V004950,C00105,2025-11-14,organic_search,P027,Urban Bottle 27,false,false
V004951,C00040,2025-09-23,organic_search,P023,Calm Cream 23,false,false
V004952,C00258,2025-01-07,paid_search,P002,Pure Band 02,false,false
V004953,C00650,2025-01-11,email,P002,Pure Band 02,false,false
V004954,C00978,2025-04-30,organic_search,P002,Pure Band 02,false,false
V004955,C00915,2025-10-22,organic_search,P003,Urban Bottle 03,false,false
V004956,C00498,2025-06-27,email,P030,Active Mat 30,true,true
V004957,C00527,2025-04-02,organic_search,P007,Calm Cream 07,false,false
V004958,C00135,2025-03-25,paid_search,P029,Bright Organizer 29,false,false
V004959,C00573,2025-11-01,social,P027,Urban Bottle 27,false,true
V004960,C00329,2025-02-13,referral,P014,Active Mat 14,false,false
V004961,C00852,2025-12-31,referral,P001,Daily Lamp 01,false,false
V004962,C00714,2025-02-13,organic_search,P006,Active Mat 06,false,false
V004963,C00982,2025-03-25,social,P015,Calm Cream 15,false,false
V004964,C00513,2025-02-27,email,P022,Active Mat 22,false,false
V004965,C00931,2025-09-05,email,P026,Pure Band 26,false,false
V004966,C00314,2025-12-13,social,P028,Essential Bag 28,false,false
V004967,C00987,2025-05-18,social,P003,Urban Bottle 03,false,false
V004968,C00853,2025-03-23,direct,P012,Essential Bag 12,false,false
V004969,C00287,2025-04-29,paid_search,P028,Essential Bag 28,true,false
V004970,C00081,2025-07-05,paid_search,P024,Modern Serum 24,true,false
V004971,C00080,2025-11-28,paid_search,P023,Calm Cream 23,false,false
V004972,C00409,2025-02-01,social,P010,Pure Band 10,false,false
V004973,C00213,2025-01-15,direct,P014,Active Mat 14,false,false
V004974,C00828,2025-06-18,social,P001,Daily Lamp 01,false,false
V004975,C00571,2025-03-06,social,P030,Active Mat 30,false,false
V004976,C00091,2025-05-13,email,P022,Active Mat 22,false,false
V004977,C00576,2025-12-27,organic_search,P022,Active Mat 22,true,false
V004978,C00400,2025-12-16,social,P003,Urban Bottle 03,false,false
V004979,C00190,2025-10-23,organic_search,P001,Daily Lamp 01,false,false
V004980,C00061,2025-02-22,paid_search,P012,Essential Bag 12,false,false
V004981,C00036,2025-06-05,direct,P026,Pure Band 26,false,false
V004982,C00640,2025-11-27,direct,P017,Daily Lamp 17,false,false
V004983,C00670,2025-06-22,paid_search,P010,Pure Band 10,false,false
V004984,C00755,2025-12-29,email,P005,Bright Organizer 05,false,false
V004985,C00224,2025-05-06,email,P007,Calm Cream 07,true,false
V004986,C00882,2025-05-24,email,P002,Pure Band 02,false,false
V004987,C00526,2025-12-03,referral,P011,Urban Bottle 11,false,true
V004988,C00654,2025-12-09,email,P002,Pure Band 02,false,false
V004989,C00104,2025-10-03,direct,P010,Pure Band 10,false,false
V004990,C00394,2025-11-30,referral,P003,Urban Bottle 03,true,false
V004991,C00684,2025-04-13,organic_search,P008,Modern Serum 08,false,false
V004992,C00163,2025-06-09,organic_search,P003,Urban Bottle 03,false,false
V004993,C00500,2025-08-02,organic_search,P024,Modern Serum 24,false,false
V004994,C00993,2025-05-13,organic_search,P029,Bright Organizer 29,false,false
V004995,C00945,2025-08-28,paid_search,P025,Daily Lamp 25,false,false
V004996,C00825,2025-08-23,social,P005,Bright Organizer 05,false,false
V004997,C00781,2025-01-18,organic_search,P014,Active Mat 14,false,false
V004998,C00297,2025-08-26,direct,P001,Daily Lamp 01,false,true
V004999,C00832,2025-06-19,social,P002,Pure Band 02,false,false
V005000,C00282,2025-02-22,direct,P019,Urban Bottle 19,false,false
V005001,C00135,2025-03-17,social,P027,Urban Bottle 27,true,false
V005002,C00121,2025-06-12,paid_search,P002,Pure Band 02,true,true
V005003,C00227,2025-04-04,organic_search,P026,Pure Band 26,false,false
V005004,C00147,2025-06-08,email,P017,Daily Lamp 17,false,false
V005005,C00586,2025-05-03,organic_search,P014,Active Mat 14,false,false
V005006,C00208,2025-05-16,paid_search,P001,Daily Lamp 01,false,false
V005007,C00669,2025-09-04,organic_search,P013,Bright Organizer 13,false,true
V005008,C00841,2025-11-09,organic_search,P027,Urban Bottle 27,false,false
V005009,C00083,2025-04-24,organic_search,P012,Essential Bag 12,false,false
V005010,C00557,2025-12-22,paid_search,P022,Active Mat 22,true,true
V005011,C00716,2025-02-13,organic_search,P002,Pure Band 02,false,false
V005012,C00911,2025-03-18,organic_search,P026,Pure Band 26,false,false
V005013,C00725,2025-07-09,direct,P025,Daily Lamp 25,false,false
V005014,C00320,2025-05-12,direct,P020,Essential Bag 20,false,false
V005015,C00799,2025-01-10,email,P028,Essential Bag 28,false,false
V005016,C00037,2025-12-06,direct,P020,Essential Bag 20,false,false
V005017,C00798,2025-08-26,paid_search,P018,Pure Band 18,true,true
V005018,C00824,2025-06-26,email,P023,Calm Cream 23,false,false
V005019,C00064,2025-05-02,organic_search,P017,Daily Lamp 17,false,false
V005020,C00670,2025-09-12,organic_search,P027,Urban Bottle 27,false,false
V005021,C00511,2025-06-11,organic_search,P004,Essential Bag 04,false,false
V005022,C00479,2025-05-10,email,P008,Modern Serum 08,false,false
V005023,C00577,2025-02-08,organic_search,P029,Bright Organizer 29,true,false
V005024,C00075,2025-05-02,direct,P023,Calm Cream 23,false,false
V005025,C00743,2025-11-26,direct,P026,Pure Band 26,false,true
V005026,C00344,2025-11-05,organic_search,P023,Calm Cream 23,false,false
V005027,C00223,2025-07-29,social,P015,Calm Cream 15,true,false
V005028,C00917,2025-07-19,organic_search,P021,Bright Organizer 21,false,false
V005029,C00959,2025-03-07,organic_search,P014,Active Mat 14,true,false
V005030,C00708,2025-08-25,social,P012,Essential Bag 12,false,false
V005031,C00378,2025-12-26,social,P007,Calm Cream 07,false,false
V005032,C00596,2025-02-08,organic_search,P018,Pure Band 18,true,false
V005033,C00016,2025-05-16,direct,P007,Calm Cream 07,false,false
V005034,C00890,2025-10-28,direct,P008,Modern Serum 08,false,false
V005035,C00342,2025-12-26,email,P010,Pure Band 10,false,false
V005036,C00732,2025-05-26,organic_search,P011,Urban Bottle 11,false,false
V005037,C00745,2025-08-06,email,P028,Essential Bag 28,false,false
V005038,C00165,2025-08-26,organic_search,P004,Essential Bag 04,false,false
V005039,C00602,2025-11-29,organic_search,P023,Calm Cream 23,false,false
V005040,C00250,2025-06-04,social,P003,Urban Bottle 03,true,false
V005041,C00957,2025-06-15,organic_search,P028,Essential Bag 28,true,false
V005042,C00519,2025-12-02,organic_search,P001,Daily Lamp 01,true,true
V005043,C00419,2025-05-15,email,P015,Calm Cream 15,false,false
V005044,C00436,2025-06-14,direct,P021,Bright Organizer 21,false,false
V005045,C00954,2025-07-03,social,P011,Urban Bottle 11,true,true
V005046,C00414,2025-11-15,social,P021,Bright Organizer 21,false,false
V005047,C00516,2025-03-24,direct,P011,Urban Bottle 11,false,true
V005048,C00712,2025-10-03,paid_search,P017,Daily Lamp 17,false,false
V005049,C00123,2025-08-11,social,P029,Bright Organizer 29,false,false
V005050,C00460,2025-08-11,organic_search,P012,Essential Bag 12,false,false
V005051,C00097,2025-09-06,organic_search,P030,Active Mat 30,false,false
V005052,C00461,2025-08-17,organic_search,P029,Bright Organizer 29,true,false
V005053,C00980,2025-12-15,organic_search,P023,Calm Cream 23,false,true
V005054,C00717,2025-11-20,organic_search,P025,Daily Lamp 25,false,false
V005055,C00968,2025-10-15,email,P019,Urban Bottle 19,false,false
V005056,C00949,2025-06-21,direct,P011,Urban Bottle 11,false,false
V005057,C00317,2025-09-15,email,P028,Essential Bag 28,false,false
V005058,C00542,2025-09-19,organic_search,P003,Urban Bottle 03,true,false
V005059,C00295,2025-07-12,email,P026,Pure Band 26,true,false
V005060,C00174,2025-03-22,organic_search,P018,Pure Band 18,true,false
V005061,C00849,2025-04-30,email,P012,Essential Bag 12,true,true
V005062,C00040,2025-07-26,paid_search,P022,Active Mat 22,false,false
V005063,C00697,2025-12-12,direct,P030,Active Mat 30,false,false
V005064,C00939,2025-09-03,organic_search,P016,Modern Serum 16,false,false
V005065,C00395,2025-11-24,organic_search,P021,Bright Organizer 21,false,false
V005066,C00801,2025-02-18,organic_search,P015,Calm Cream 15,false,false
V005067,C00048,2025-04-22,organic_search,P025,Daily Lamp 25,false,false
V005068,C00209,2025-11-15,paid_search,P004,Essential Bag 04,false,false
V005069,C00866,2025-03-08,email,P018,Pure Band 18,false,false
V005070,C00192,2025-07-04,social,P008,Modern Serum 08,false,false
V005071,C00594,2025-11-03,social,P003,Urban Bottle 03,false,false
V005072,C00867,2025-02-27,organic_search,P022,Active Mat 22,false,false
V005073,C00365,2025-02-12,direct,P015,Calm Cream 15,false,false
V005074,C00018,2025-11-12,organic_search,P029,Bright Organizer 29,false,false
V005075,C00174,2025-09-26,referral,P021,Bright Organizer 21,false,false
V005076,C00652,2025-11-29,organic_search,P027,Urban Bottle 27,false,false
V005077,C00204,2025-10-01,direct,P024,Modern Serum 24,false,false
V005078,C00825,2025-06-15,social,P019,Urban Bottle 19,false,false
V005079,C00740,2025-04-05,organic_search,P010,Pure Band 10,false,false
V005080,C00917,2025-06-18,direct,P018,Pure Band 18,false,false
V005081,C00825,2025-10-09,paid_search,P001,Daily Lamp 01,true,false
V005082,C00749,2025-09-15,organic_search,P028,Essential Bag 28,false,true
V005083,C00315,2025-04-20,organic_search,P014,Active Mat 14,false,false
V005084,C00306,2025-12-28,social,P012,Essential Bag 12,false,false
V005085,C00492,2025-11-27,social,P012,Essential Bag 12,false,false
V005086,C00725,2025-12-06,paid_search,P007,Calm Cream 07,false,false
V005087,C00115,2025-05-10,email,P016,Modern Serum 16,false,false
V005088,C00287,2025-03-10,paid_search,P028,Essential Bag 28,false,false
V005089,C00357,2025-02-05,social,P010,Pure Band 10,false,false
V005090,C00803,2025-04-29,paid_search,P015,Calm Cream 15,false,false
V005091,C00043,2025-02-04,direct,P024,Modern Serum 24,true,false
V005092,C00561,2025-03-29,paid_search,P027,Urban Bottle 27,false,false
V005093,C00856,2025-08-20,paid_search,P003,Urban Bottle 03,false,false
V005094,C00843,2025-08-22,paid_search,P010,Pure Band 10,false,false
V005095,C00816,2025-03-07,paid_search,P004,Essential Bag 04,false,false
V005096,C00175,2025-04-12,email,P012,Essential Bag 12,true,false
V005097,C00262,2025-07-12,organic_search,P006,Active Mat 06,false,true
V005098,C00837,2025-02-18,paid_search,P013,Bright Organizer 13,false,false
V005099,C00589,2025-09-09,direct,P018,Pure Band 18,false,false
V005100,C00127,2025-12-06,direct,P011,Urban Bottle 11,false,false
V005101,C00860,2025-03-20,referral,P007,Calm Cream 07,false,false
V005102,C00199,2025-02-11,organic_search,P028,Essential Bag 28,false,false
V005103,C00129,2025-06-13,organic_search,P002,Pure Band 02,false,false
V005104,C00387,2025-03-01,direct,P004,Essential Bag 04,false,true
V005105,C00408,2025-08-26,paid_search,P007,Calm Cream 07,true,false
V005106,C00304,2025-01-24,referral,P017,Daily Lamp 17,false,false
V005107,C00703,2025-09-09,direct,P028,Essential Bag 28,false,false
V005108,C00417,2025-09-16,direct,P017,Daily Lamp 17,false,false
V005109,C00362,2025-11-27,paid_search,P012,Essential Bag 12,false,false
V005110,C00694,2025-10-04,direct,P013,Bright Organizer 13,false,false
V005111,C00921,2025-10-12,paid_search,P024,Modern Serum 24,false,false
V005112,C00904,2025-04-06,social,P021,Bright Organizer 21,false,false
V005113,C00457,2025-11-16,social,P030,Active Mat 30,false,false
V005114,C00445,2025-12-07,direct,P010,Pure Band 10,true,false
V005115,C00751,2025-08-10,organic_search,P005,Bright Organizer 05,false,false
V005116,C00833,2025-12-31,social,P007,Calm Cream 07,true,false
V005117,C00810,2025-07-22,email,P020,Essential Bag 20,false,false
V005118,C00439,2025-01-23,social,P013,Bright Organizer 13,false,false
V005119,C00040,2025-04-09,paid_search,P030,Active Mat 30,false,false
V005120,C00056,2025-12-11,referral,P003,Urban Bottle 03,false,false
V005121,C00722,2025-12-22,email,P016,Modern Serum 16,false,false
V005122,C00280,2025-04-12,direct,P006,Active Mat 06,false,false
V005123,C00848,2025-01-25,organic_search,P014,Active Mat 14,false,false
V005124,C00717,2025-02-24,direct,P001,Daily Lamp 01,false,false
V005125,C00661,2025-09-18,organic_search,P016,Modern Serum 16,false,false
V005126,C00191,2025-11-04,paid_search,P001,Daily Lamp 01,false,false
V005127,C00407,2025-02-09,direct,P021,Bright Organizer 21,false,false
V005128,C00391,2025-04-28,email,P024,Modern Serum 24,false,false
V005129,C00686,2025-09-26,organic_search,P025,Daily Lamp 25,false,false
V005130,C00976,2025-12-06,social,P006,Active Mat 06,false,false
V005131,C00482,2025-12-16,paid_search,P016,Modern Serum 16,false,false
V005132,C00691,2025-03-22,social,P001,Daily Lamp 01,true,true
V005133,C00483,2025-05-28,organic_search,P004,Essential Bag 04,true,true
V005134,C00793,2025-04-17,social,P009,Daily Lamp 09,false,false
V005135,C00226,2025-06-19,social,P004,Essential Bag 04,false,false
V005136,C00744,2025-11-28,direct,P016,Modern Serum 16,false,true
V005137,C00307,2025-01-11,paid_search,P019,Urban Bottle 19,true,true
V005138,C00992,2025-12-23,organic_search,P002,Pure Band 02,false,false
V005139,C00035,2025-12-01,social,P016,Modern Serum 16,false,false
V005140,C00275,2025-07-18,email,P030,Active Mat 30,false,false
V005141,C00578,2025-09-16,organic_search,P021,Bright Organizer 21,false,false
V005142,C00577,2025-03-10,organic_search,P021,Bright Organizer 21,false,false
V005143,C00305,2025-08-30,paid_search,P014,Active Mat 14,false,false
V005144,C00324,2025-07-02,email,P028,Essential Bag 28,false,false
V005145,C00464,2025-05-21,paid_search,P004,Essential Bag 04,true,false
V005146,C00316,2025-07-30,social,P019,Urban Bottle 19,true,true
V005147,C00843,2025-05-11,paid_search,P024,Modern Serum 24,false,false
V005148,C00439,2025-12-06,social,P006,Active Mat 06,false,false
V005149,C00240,2025-07-18,email,P029,Bright Organizer 29,false,false
V005150,C00372,2025-01-28,direct,P028,Essential Bag 28,false,false
V005151,C00347,2025-07-22,email,P004,Essential Bag 04,false,false
V005152,C00888,2025-12-03,organic_search,P005,Bright Organizer 05,false,false
V005153,C00975,2025-08-27,organic_search,P020,Essential Bag 20,false,true
V005154,C00369,2025-06-14,organic_search,P017,Daily Lamp 17,false,false
V005155,C00562,2025-05-26,organic_search,P015,Calm Cream 15,false,false
V005156,C00447,2025-01-12,organic_search,P024,Modern Serum 24,false,false
V005157,C00560,2025-01-07,organic_search,P010,Pure Band 10,false,false
V005158,C00215,2025-07-05,email,P001,Daily Lamp 01,false,false
V005159,C00587,2025-03-03,email,P017,Daily Lamp 17,false,false
V005160,C00235,2025-04-22,email,P015,Calm Cream 15,false,false
V005161,C00340,2025-02-08,organic_search,P014,Active Mat 14,false,false
V005162,C00636,2025-06-14,organic_search,P020,Essential Bag 20,false,false
V005163,C00927,2025-07-13,paid_search,P005,Bright Organizer 05,false,false
V005164,C00066,2025-04-18,organic_search,P030,Active Mat 30,false,false
V005165,C00739,2025-08-12,email,P025,Daily Lamp 25,false,false
V005166,C00414,2025-01-12,organic_search,P017,Daily Lamp 17,false,false
V005167,C00712,2025-04-24,organic_search,P002,Pure Band 02,false,false
V005168,C00516,2025-02-14,social,P023,Calm Cream 23,false,false
V005169,C00908,2025-08-07,organic_search,P006,Active Mat 06,false,false
V005170,C00166,2025-04-15,direct,P008,Modern Serum 08,false,false
V005171,C00649,2025-11-30,email,P016,Modern Serum 16,false,false
V005172,C00961,2025-03-26,paid_search,P020,Essential Bag 20,false,false
V005173,C00392,2025-07-18,social,P008,Modern Serum 08,false,false
V005174,C00672,2025-04-21,organic_search,P024,Modern Serum 24,false,false
V005175,C00187,2025-01-21,organic_search,P016,Modern Serum 16,false,false
V005176,C00088,2025-03-15,paid_search,P027,Urban Bottle 27,false,false
V005177,C00917,2025-01-18,social,P025,Daily Lamp 25,false,true
V005178,C00851,2025-08-28,social,P005,Bright Organizer 05,false,false
V005179,C00093,2025-03-24,direct,P005,Bright Organizer 05,false,false
V005180,C00133,2025-09-24,organic_search,P001,Daily Lamp 01,true,false
V005181,C00754,2025-05-12,paid_search,P018,Pure Band 18,true,false
V005182,C00105,2025-03-29,email,P030,Active Mat 30,false,false
V005183,C00555,2025-07-26,email,P023,Calm Cream 23,false,false
V005184,C00068,2025-03-11,organic_search,P004,Essential Bag 04,false,false
V005185,C00286,2025-11-10,direct,P028,Essential Bag 28,false,false
V005186,C00644,2025-07-27,organic_search,P017,Daily Lamp 17,false,false
V005187,C00462,2025-09-16,organic_search,P015,Calm Cream 15,false,false
V005188,C00581,2025-08-30,social,P003,Urban Bottle 03,false,false
V005189,C00694,2025-01-10,direct,P027,Urban Bottle 27,false,false
V005190,C00075,2025-10-30,social,P024,Modern Serum 24,true,true
V005191,C00278,2025-09-15,organic_search,P004,Essential Bag 04,false,false
V005192,C00844,2025-08-15,direct,P009,Daily Lamp 09,false,false
V005193,C00385,2025-09-09,email,P002,Pure Band 02,true,true
V005194,C00744,2025-03-07,referral,P020,Essential Bag 20,false,false
V005195,C00785,2025-08-28,organic_search,P022,Active Mat 22,false,false
V005196,C00003,2025-10-28,direct,P010,Pure Band 10,false,false
V005197,C00094,2025-11-28,organic_search,P025,Daily Lamp 25,false,false
V005198,C00312,2025-05-12,social,P012,Essential Bag 12,false,false
V005199,C00977,2025-12-14,social,P023,Calm Cream 23,true,true
V005200,C00093,2025-05-25,paid_search,P029,Bright Organizer 29,true,true
V005201,C00361,2025-08-19,paid_search,P026,Pure Band 26,false,false
V005202,C00171,2025-09-18,direct,P019,Urban Bottle 19,false,false
V005203,C00877,2025-02-23,social,P006,Active Mat 06,false,false
V005204,C00623,2025-09-03,social,P007,Calm Cream 07,false,false
V005205,C00600,2025-12-10,organic_search,P023,Calm Cream 23,false,false
V005206,C00295,2025-10-30,paid_search,P026,Pure Band 26,false,true
V005207,C00942,2025-04-22,organic_search,P016,Modern Serum 16,true,false
V005208,C00916,2025-11-11,social,P023,Calm Cream 23,false,true
V005209,C00636,2025-06-26,paid_search,P015,Calm Cream 15,false,false
V005210,C00375,2025-03-02,email,P012,Essential Bag 12,false,true
V005211,C00658,2025-10-15,direct,P023,Calm Cream 23,false,false
V005212,C00318,2025-01-12,social,P014,Active Mat 14,false,false
V005213,C00286,2025-11-04,organic_search,P027,Urban Bottle 27,true,false
V005214,C00395,2025-06-05,organic_search,P011,Urban Bottle 11,true,true
V005215,C00490,2025-11-11,referral,P030,Active Mat 30,true,true
V005216,C00057,2025-12-03,email,P029,Bright Organizer 29,false,false
V005217,C00487,2025-02-04,referral,P011,Urban Bottle 11,false,false
V005218,C00380,2025-12-26,social,P024,Modern Serum 24,false,false
V005219,C00426,2025-02-09,organic_search,P014,Active Mat 14,false,false
V005220,C00278,2025-07-29,paid_search,P011,Urban Bottle 11,false,false
V005221,C00539,2025-04-01,paid_search,P011,Urban Bottle 11,false,false
V005222,C00586,2025-05-29,paid_search,P024,Modern Serum 24,false,false
V005223,C00962,2025-04-18,organic_search,P019,Urban Bottle 19,false,true
V005224,C00969,2025-02-27,paid_search,P029,Bright Organizer 29,false,false
V005225,C00995,2025-01-05,social,P012,Essential Bag 12,false,false
V005226,C00705,2025-07-18,email,P028,Essential Bag 28,false,false
V005227,C00599,2025-10-09,social,P029,Bright Organizer 29,false,false
V005228,C00131,2025-05-12,social,P024,Modern Serum 24,false,false
V005229,C00033,2025-07-10,direct,P030,Active Mat 30,true,false
V005230,C00623,2025-11-06,paid_search,P011,Urban Bottle 11,false,false
V005231,C00289,2025-12-04,social,P010,Pure Band 10,false,false
V005232,C00690,2025-02-11,organic_search,P016,Modern Serum 16,false,false
V005233,C00760,2025-11-27,email,P020,Essential Bag 20,false,false
V005234,C00056,2025-12-08,organic_search,P012,Essential Bag 12,false,false
V005235,C00259,2025-06-28,paid_search,P025,Daily Lamp 25,false,false
V005236,C00882,2025-08-13,direct,P019,Urban Bottle 19,false,false
V005237,C00357,2025-11-25,email,P020,Essential Bag 20,false,false
V005238,C00248,2025-11-28,organic_search,P007,Calm Cream 07,false,false
V005239,C00858,2025-12-08,paid_search,P026,Pure Band 26,false,false
V005240,C00263,2025-08-21,organic_search,P015,Calm Cream 15,false,false
V005241,C00704,2025-02-27,direct,P013,Bright Organizer 13,true,false
V005242,C00384,2025-08-15,direct,P016,Modern Serum 16,false,false
V005243,C00134,2025-06-29,referral,P025,Daily Lamp 25,true,false
V005244,C00072,2025-07-22,social,P021,Bright Organizer 21,false,false
V005245,C00191,2025-09-11,direct,P020,Essential Bag 20,false,false
V005246,C00485,2025-04-16,email,P010,Pure Band 10,false,false
V005247,C00713,2025-12-06,organic_search,P023,Calm Cream 23,true,false
V005248,C00465,2025-08-16,social,P016,Modern Serum 16,false,true
V005249,C00643,2025-04-19,paid_search,P009,Daily Lamp 09,false,false
V005250,C00476,2025-08-05,paid_search,P015,Calm Cream 15,false,false
V005251,C00906,2025-07-30,paid_search,P013,Bright Organizer 13,true,false
V005252,C00331,2025-12-26,organic_search,P001,Daily Lamp 01,false,false
V005253,C00825,2025-07-15,email,P006,Active Mat 06,true,false
V005254,C00668,2025-12-24,paid_search,P008,Modern Serum 08,false,false
V005255,C00828,2025-12-16,paid_search,P027,Urban Bottle 27,false,false
V005256,C00697,2025-03-16,organic_search,P006,Active Mat 06,false,false
V005257,C00767,2025-08-06,organic_search,P025,Daily Lamp 25,false,false
V005258,C00990,2025-04-08,social,P002,Pure Band 02,false,false
V005259,C00150,2025-08-20,organic_search,P011,Urban Bottle 11,false,false
V005260,C00193,2025-09-17,direct,P028,Essential Bag 28,false,false
V005261,C00520,2025-12-04,email,P018,Pure Band 18,true,false
V005262,C00062,2025-08-28,social,P012,Essential Bag 12,false,false
V005263,C00997,2025-08-28,organic_search,P004,Essential Bag 04,false,false
V005264,C00314,2025-11-24,social,P002,Pure Band 02,true,false
V005265,C00600,2025-03-07,direct,P016,Modern Serum 16,false,false
V005266,C00995,2025-04-11,social,P015,Calm Cream 15,true,true
V005267,C00461,2025-01-13,email,P016,Modern Serum 16,false,false
V005268,C00518,2025-02-02,organic_search,P013,Bright Organizer 13,true,false
V005269,C00743,2025-01-20,social,P016,Modern Serum 16,false,false
V005270,C00607,2025-09-25,direct,P027,Urban Bottle 27,false,false
V005271,C00096,2025-04-24,paid_search,P003,Urban Bottle 03,false,false
V005272,C00563,2025-10-30,direct,P003,Urban Bottle 03,true,false
V005273,C00674,2025-06-13,social,P028,Essential Bag 28,true,false
V005274,C00861,2025-11-30,paid_search,P013,Bright Organizer 13,false,false
V005275,C00707,2025-08-20,organic_search,P003,Urban Bottle 03,true,false
V005276,C00074,2025-07-04,email,P030,Active Mat 30,false,false
V005277,C00632,2025-06-19,organic_search,P022,Active Mat 22,false,false
V005278,C00133,2025-08-19,email,P009,Daily Lamp 09,false,false
V005279,C00421,2025-05-10,organic_search,P009,Daily Lamp 09,false,false
V005280,C00891,2025-03-14,social,P027,Urban Bottle 27,false,false
V005281,C00571,2025-01-03,organic_search,P001,Daily Lamp 01,true,true
V005282,C00217,2025-03-28,organic_search,P009,Daily Lamp 09,false,false
V005283,C00124,2025-07-05,organic_search,P028,Essential Bag 28,true,false
V005284,C00582,2025-05-18,paid_search,P019,Urban Bottle 19,false,false
V005285,C00514,2025-04-29,email,P028,Essential Bag 28,false,false
V005286,C00955,2025-05-12,organic_search,P019,Urban Bottle 19,false,false
V005287,C00235,2025-03-06,paid_search,P027,Urban Bottle 27,false,false
V005288,C00789,2025-10-31,email,P017,Daily Lamp 17,true,false
V005289,C00120,2025-01-10,direct,P002,Pure Band 02,false,false
V005290,C00962,2025-09-26,organic_search,P003,Urban Bottle 03,false,false
V005291,C00290,2025-11-23,organic_search,P003,Urban Bottle 03,false,false
V005292,C00618,2025-05-12,organic_search,P011,Urban Bottle 11,false,false
V005293,C00810,2025-04-15,direct,P003,Urban Bottle 03,false,false
V005294,C00565,2025-01-28,organic_search,P011,Urban Bottle 11,false,false
V005295,C00833,2025-08-09,organic_search,P004,Essential Bag 04,true,true
V005296,C00724,2025-05-03,organic_search,P016,Modern Serum 16,false,false
V005297,C00950,2025-03-07,social,P017,Daily Lamp 17,false,true
V005298,C00901,2025-07-31,paid_search,P029,Bright Organizer 29,false,true
V005299,C00991,2025-10-19,organic_search,P025,Daily Lamp 25,false,false
V005300,C00406,2025-05-08,organic_search,P009,Daily Lamp 09,false,false
V005301,C00568,2025-11-22,referral,P019,Urban Bottle 19,false,false
V005302,C00189,2025-06-08,direct,P023,Calm Cream 23,false,false
V005303,C00814,2025-10-08,organic_search,P008,Modern Serum 08,false,false
V005304,C00934,2025-05-30,organic_search,P019,Urban Bottle 19,true,false
V005305,C00655,2025-05-23,social,P002,Pure Band 02,false,true
V005306,C00975,2025-08-28,paid_search,P012,Essential Bag 12,false,false
V005307,C00690,2025-10-10,direct,P003,Urban Bottle 03,false,false
V005308,C00823,2025-10-23,direct,P022,Active Mat 22,true,true
V005309,C00923,2025-12-22,organic_search,P016,Modern Serum 16,false,false
V005310,C00291,2025-12-27,organic_search,P023,Calm Cream 23,true,false
V005311,C00220,2025-01-20,direct,P017,Daily Lamp 17,false,false
V005312,C00995,2025-08-28,email,P029,Bright Organizer 29,false,false
V005313,C00166,2025-09-30,direct,P014,Active Mat 14,false,false
V005314,C00162,2025-04-03,paid_search,P021,Bright Organizer 21,true,false
V005315,C00855,2025-06-01,organic_search,P001,Daily Lamp 01,false,false
V005316,C00326,2025-07-11,paid_search,P010,Pure Band 10,false,false
V005317,C00414,2025-02-16,organic_search,P006,Active Mat 06,false,false
V005318,C00131,2025-04-10,social,P026,Pure Band 26,true,false
V005319,C00196,2025-12-04,direct,P023,Calm Cream 23,false,false
V005320,C00901,2025-02-09,email,P010,Pure Band 10,false,false
V005321,C00831,2025-10-26,email,P025,Daily Lamp 25,false,false
V005322,C00351,2025-06-03,social,P027,Urban Bottle 27,true,true
V005323,C00986,2025-02-19,email,P006,Active Mat 06,false,false
V005324,C00262,2025-08-11,direct,P022,Active Mat 22,false,false
V005325,C00764,2025-06-30,referral,P021,Bright Organizer 21,false,false
V005326,C00675,2025-04-18,referral,P008,Modern Serum 08,false,false
V005327,C00167,2025-03-05,paid_search,P029,Bright Organizer 29,false,false
V005328,C00494,2025-02-28,paid_search,P012,Essential Bag 12,false,false
V005329,C00289,2025-05-10,organic_search,P003,Urban Bottle 03,false,false
V005330,C00959,2025-06-25,direct,P029,Bright Organizer 29,false,false
V005331,C00911,2025-12-29,direct,P001,Daily Lamp 01,false,false
V005332,C00027,2025-08-24,organic_search,P022,Active Mat 22,false,false
V005333,C00422,2025-11-28,paid_search,P006,Active Mat 06,false,false
V005334,C00715,2025-02-25,paid_search,P010,Pure Band 10,false,false
V005335,C00798,2025-12-20,paid_search,P019,Urban Bottle 19,false,false
V005336,C00146,2025-12-07,email,P013,Bright Organizer 13,false,false
V005337,C00388,2025-07-09,direct,P009,Daily Lamp 09,false,false
V005338,C00476,2025-12-28,direct,P022,Active Mat 22,false,false
V005339,C00053,2025-03-19,organic_search,P003,Urban Bottle 03,false,false
V005340,C00203,2025-12-25,email,P021,Bright Organizer 21,false,false
V005341,C00965,2025-12-10,organic_search,P005,Bright Organizer 05,false,false
V005342,C00537,2025-02-06,email,P026,Pure Band 26,false,false
V005343,C00165,2025-05-27,referral,P019,Urban Bottle 19,false,false
V005344,C00647,2025-03-02,social,P004,Essential Bag 04,false,false
V005345,C00526,2025-10-13,direct,P024,Modern Serum 24,false,false
V005346,C00323,2025-10-01,paid_search,P017,Daily Lamp 17,false,false
V005347,C00394,2025-12-09,direct,P012,Essential Bag 12,false,false
V005348,C00177,2025-11-06,paid_search,P022,Active Mat 22,false,false
V005349,C00055,2025-07-29,direct,P007,Calm Cream 07,true,false
V005350,C00296,2025-06-22,paid_search,P018,Pure Band 18,false,false
V005351,C00042,2025-06-13,organic_search,P002,Pure Band 02,false,false
V005352,C00793,2025-05-07,paid_search,P021,Bright Organizer 21,true,false
V005353,C00779,2025-08-04,direct,P025,Daily Lamp 25,false,false
V005354,C00860,2025-04-17,email,P020,Essential Bag 20,false,false
V005355,C00433,2025-09-23,paid_search,P029,Bright Organizer 29,false,false
V005356,C00387,2025-10-01,organic_search,P025,Daily Lamp 25,false,false
V005357,C00648,2025-03-11,paid_search,P020,Essential Bag 20,false,false
V005358,C00909,2025-12-06,social,P025,Daily Lamp 25,false,false
V005359,C00435,2025-02-08,organic_search,P005,Bright Organizer 05,false,false
V005360,C00526,2025-08-18,referral,P026,Pure Band 26,false,false
V005361,C00545,2025-12-05,organic_search,P018,Pure Band 18,false,false
V005362,C00575,2025-11-30,email,P012,Essential Bag 12,false,false
V005363,C00795,2025-07-23,email,P015,Calm Cream 15,false,false
V005364,C00351,2025-04-05,organic_search,P002,Pure Band 02,true,false
V005365,C00163,2025-10-27,email,P025,Daily Lamp 25,false,false
V005366,C00932,2025-06-01,organic_search,P024,Modern Serum 24,false,false
V005367,C00811,2025-07-22,organic_search,P005,Bright Organizer 05,false,false
V005368,C00461,2025-03-11,organic_search,P016,Modern Serum 16,true,false
V005369,C00963,2025-01-09,social,P022,Active Mat 22,false,false
V005370,C00623,2025-04-17,email,P010,Pure Band 10,false,false
V005371,C00311,2025-07-24,paid_search,P021,Bright Organizer 21,false,false
V005372,C00659,2025-01-06,paid_search,P022,Active Mat 22,false,false
V005373,C00509,2025-09-03,organic_search,P009,Daily Lamp 09,false,false
V005374,C00705,2025-11-21,paid_search,P005,Bright Organizer 05,false,true
V005375,C00128,2025-06-11,paid_search,P003,Urban Bottle 03,false,false
V005376,C00447,2025-03-29,organic_search,P011,Urban Bottle 11,false,false
V005377,C00310,2025-02-19,social,P024,Modern Serum 24,false,false
V005378,C00862,2025-03-07,organic_search,P014,Active Mat 14,false,true
V005379,C00755,2025-11-15,direct,P007,Calm Cream 07,false,false
V005380,C00391,2025-07-02,organic_search,P016,Modern Serum 16,false,false
V005381,C00088,2025-06-20,email,P011,Urban Bottle 11,false,false
V005382,C00594,2025-09-20,social,P012,Essential Bag 12,true,false
V005383,C00699,2025-05-08,organic_search,P006,Active Mat 06,true,false
V005384,C00928,2025-03-17,social,P013,Bright Organizer 13,false,true
V005385,C00488,2025-06-02,social,P018,Pure Band 18,false,false
V005386,C00235,2025-04-18,paid_search,P017,Daily Lamp 17,false,false
V005387,C00746,2025-12-23,paid_search,P001,Daily Lamp 01,false,true
V005388,C00687,2025-11-10,organic_search,P009,Daily Lamp 09,false,false
V005389,C00844,2025-06-03,email,P017,Daily Lamp 17,false,false
V005390,C00962,2025-05-25,paid_search,P029,Bright Organizer 29,false,false
V005391,C00118,2025-09-21,social,P009,Daily Lamp 09,false,true
V005392,C00736,2025-12-26,email,P005,Bright Organizer 05,false,false
V005393,C00593,2025-06-13,direct,P024,Modern Serum 24,true,true
V005394,C00293,2025-09-28,direct,P028,Essential Bag 28,true,true
V005395,C00200,2025-09-10,email,P015,Calm Cream 15,false,false
V005396,C00717,2025-04-02,organic_search,P029,Bright Organizer 29,false,false
V005397,C00586,2025-11-14,organic_search,P022,Active Mat 22,false,false
V005398,C00268,2025-08-28,paid_search,P014,Active Mat 14,false,false
V005399,C00032,2025-08-27,referral,P013,Bright Organizer 13,false,false
V005400,C00864,2025-11-05,paid_search,P024,Modern Serum 24,false,false
V005401,C00832,2025-04-04,paid_search,P015,Calm Cream 15,true,false
V005402,C00234,2025-08-25,direct,P020,Essential Bag 20,false,false
V005403,C00260,2025-04-23,organic_search,P027,Urban Bottle 27,false,false
V005404,C00918,2025-10-26,organic_search,P020,Essential Bag 20,false,false
V005405,C00896,2025-07-14,organic_search,P014,Active Mat 14,false,false
V005406,C00483,2025-11-17,direct,P018,Pure Band 18,false,false
V005407,C00507,2025-08-18,social,P025,Daily Lamp 25,false,false
V005408,C00598,2025-11-14,direct,P009,Daily Lamp 09,false,true
V005409,C00226,2025-11-29,direct,P012,Essential Bag 12,true,false
V005410,C00477,2025-03-23,direct,P001,Daily Lamp 01,false,false
V005411,C00743,2025-07-30,paid_search,P024,Modern Serum 24,false,false
V005412,C00519,2025-10-02,organic_search,P011,Urban Bottle 11,false,false
V005413,C00223,2025-09-28,social,P023,Calm Cream 23,false,false
V005414,C00022,2025-05-20,organic_search,P007,Calm Cream 07,true,false
V005415,C00356,2025-03-04,direct,P009,Daily Lamp 09,true,false
V005416,C00354,2025-06-02,email,P006,Active Mat 06,false,false
V005417,C00162,2025-12-18,social,P016,Modern Serum 16,false,false
V005418,C00241,2025-01-10,email,P027,Urban Bottle 27,false,false
V005419,C00060,2025-12-19,organic_search,P026,Pure Band 26,false,false
V005420,C00061,2025-11-03,organic_search,P019,Urban Bottle 19,false,false
V005421,C00268,2025-02-04,email,P011,Urban Bottle 11,true,false
V005422,C00956,2025-08-15,organic_search,P024,Modern Serum 24,false,false
V005423,C00649,2025-09-16,organic_search,P003,Urban Bottle 03,false,false
V005424,C00963,2025-03-26,referral,P003,Urban Bottle 03,false,false
V005425,C00988,2025-02-22,social,P012,Essential Bag 12,false,false
V005426,C00181,2025-11-04,email,P019,Urban Bottle 19,false,false
V005427,C00649,2025-07-27,direct,P027,Urban Bottle 27,false,false
V005428,C00918,2025-01-08,paid_search,P024,Modern Serum 24,false,false
V005429,C00987,2025-03-05,organic_search,P021,Bright Organizer 21,true,false
V005430,C00612,2025-08-30,direct,P002,Pure Band 02,false,false
V005431,C00274,2025-02-23,referral,P014,Active Mat 14,true,true
V005432,C00198,2025-03-17,referral,P010,Pure Band 10,true,false
V005433,C00892,2025-02-18,organic_search,P028,Essential Bag 28,false,false
V005434,C00886,2025-04-30,social,P023,Calm Cream 23,false,false
V005435,C00730,2025-07-24,organic_search,P002,Pure Band 02,false,false
V005436,C00113,2025-10-16,organic_search,P015,Calm Cream 15,false,false
V005437,C00163,2025-02-19,direct,P004,Essential Bag 04,true,true
V005438,C00606,2025-03-27,paid_search,P016,Modern Serum 16,false,true
V005439,C00999,2025-06-12,organic_search,P007,Calm Cream 07,true,false
V005440,C00858,2025-08-31,direct,P004,Essential Bag 04,false,false
V005441,C00903,2025-05-31,social,P017,Daily Lamp 17,false,false
V005442,C00709,2025-07-10,email,P026,Pure Band 26,false,false
V005443,C00055,2025-10-29,organic_search,P016,Modern Serum 16,false,false
V005444,C00988,2025-03-21,direct,P017,Daily Lamp 17,false,false
V005445,C00187,2025-10-23,organic_search,P017,Daily Lamp 17,false,false
V005446,C00053,2025-09-08,organic_search,P022,Active Mat 22,false,false
V005447,C00593,2025-11-03,paid_search,P017,Daily Lamp 17,false,false
V005448,C00587,2025-09-21,organic_search,P020,Essential Bag 20,false,false
V005449,C00522,2025-02-23,social,P002,Pure Band 02,false,false
V005450,C00717,2025-06-25,direct,P022,Active Mat 22,false,false
V005451,C00391,2025-06-06,email,P015,Calm Cream 15,false,true
V005452,C00654,2025-08-17,paid_search,P018,Pure Band 18,true,false
V005453,C00185,2025-12-07,organic_search,P003,Urban Bottle 03,true,false
V005454,C00007,2025-01-08,organic_search,P013,Bright Organizer 13,true,false
V005455,C00635,2025-12-26,paid_search,P001,Daily Lamp 01,false,false
V005456,C00117,2025-05-25,social,P014,Active Mat 14,false,false
V005457,C00532,2025-08-08,paid_search,P019,Urban Bottle 19,false,false
V005458,C00551,2025-02-17,organic_search,P030,Active Mat 30,false,false
V005459,C00558,2025-05-29,social,P030,Active Mat 30,false,false
V005460,C00853,2025-11-25,paid_search,P017,Daily Lamp 17,true,false
V005461,C00429,2025-11-27,paid_search,P017,Daily Lamp 17,false,false
V005462,C00403,2025-08-11,organic_search,P027,Urban Bottle 27,false,false
V005463,C00558,2025-05-27,social,P017,Daily Lamp 17,false,false
V005464,C00263,2025-11-08,organic_search,P011,Urban Bottle 11,false,false
V005465,C00165,2025-09-16,referral,P025,Daily Lamp 25,true,false
V005466,C00778,2025-10-13,email,P017,Daily Lamp 17,false,false
V005467,C00737,2025-07-18,direct,P016,Modern Serum 16,true,false
V005468,C00631,2025-01-23,social,P014,Active Mat 14,false,false
V005469,C00314,2025-07-25,organic_search,P022,Active Mat 22,false,false
V005470,C00043,2025-03-01,direct,P025,Daily Lamp 25,false,false
V005471,C00205,2025-12-28,organic_search,P029,Bright Organizer 29,false,false
V005472,C00538,2025-07-05,social,P016,Modern Serum 16,false,false
V005473,C00275,2025-10-15,referral,P002,Pure Band 02,true,false
V005474,C00193,2025-07-20,email,P007,Calm Cream 07,true,false
V005475,C00159,2025-06-07,organic_search,P014,Active Mat 14,true,false
V005476,C00179,2025-05-11,direct,P006,Active Mat 06,true,false
V005477,C00666,2025-08-12,paid_search,P008,Modern Serum 08,false,true
V005478,C00333,2025-03-06,email,P011,Urban Bottle 11,false,false
V005479,C00868,2025-03-26,referral,P009,Daily Lamp 09,false,false
V005480,C00214,2025-06-27,paid_search,P009,Daily Lamp 09,false,false
V005481,C00065,2025-03-13,paid_search,P007,Calm Cream 07,false,false
V005482,C00329,2025-10-24,paid_search,P002,Pure Band 02,false,false
V005483,C00566,2025-10-19,paid_search,P030,Active Mat 30,true,false
V005484,C00160,2025-06-19,paid_search,P015,Calm Cream 15,false,false
V005485,C00452,2025-10-22,social,P006,Active Mat 06,false,false
V005486,C00264,2025-07-16,social,P026,Pure Band 26,true,false
V005487,C00067,2025-08-01,organic_search,P003,Urban Bottle 03,false,false
V005488,C00819,2025-02-14,email,P013,Bright Organizer 13,true,true
V005489,C00330,2025-07-27,organic_search,P021,Bright Organizer 21,false,true
V005490,C00206,2025-12-02,direct,P025,Daily Lamp 25,false,false
V005491,C00918,2025-10-10,social,P028,Essential Bag 28,false,false
V005492,C00485,2025-09-21,email,P015,Calm Cream 15,false,true
V005493,C00659,2025-02-10,email,P020,Essential Bag 20,false,false
V005494,C00072,2025-12-21,social,P011,Urban Bottle 11,false,false
V005495,C00094,2025-08-23,direct,P028,Essential Bag 28,false,false
V005496,C00549,2025-09-06,paid_search,P022,Active Mat 22,true,false
V005497,C00509,2025-01-08,social,P013,Bright Organizer 13,false,false
V005498,C00900,2025-11-05,direct,P007,Calm Cream 07,false,false
V005499,C00789,2025-02-01,social,P023,Calm Cream 23,false,false
V005500,C00474,2025-10-19,organic_search,P012,Essential Bag 12,false,false
V005501,C00811,2025-01-11,organic_search,P003,Urban Bottle 03,false,false
V005502,C00935,2025-04-03,social,P007,Calm Cream 07,false,false
V005503,C00995,2025-03-13,direct,P025,Daily Lamp 25,true,false
V005504,C00935,2025-02-10,referral,P001,Daily Lamp 01,false,false
V005505,C00883,2025-05-24,organic_search,P013,Bright Organizer 13,true,false
V005506,C00607,2025-04-14,paid_search,P001,Daily Lamp 01,false,false
V005507,C00238,2025-04-07,direct,P021,Bright Organizer 21,false,false
V005508,C00797,2025-12-11,organic_search,P012,Essential Bag 12,true,false
V005509,C00194,2025-05-12,organic_search,P005,Bright Organizer 05,false,false
V005510,C00330,2025-03-23,organic_search,P028,Essential Bag 28,true,false
V005511,C00340,2025-08-17,organic_search,P006,Active Mat 06,false,false
V005512,C00271,2025-07-04,direct,P006,Active Mat 06,false,false
V005513,C00935,2025-11-29,email,P018,Pure Band 18,false,false
V005514,C00128,2025-01-16,social,P030,Active Mat 30,false,false
V005515,C00719,2025-04-01,direct,P019,Urban Bottle 19,false,true
V005516,C00066,2025-11-14,paid_search,P018,Pure Band 18,false,false
V005517,C00336,2025-09-05,referral,P009,Daily Lamp 09,false,false
V005518,C00716,2025-06-20,paid_search,P010,Pure Band 10,false,false
V005519,C00149,2025-06-04,email,P013,Bright Organizer 13,false,false
V005520,C00451,2025-02-01,paid_search,P027,Urban Bottle 27,false,false
V005521,C00046,2025-04-17,paid_search,P027,Urban Bottle 27,false,false
V005522,C00855,2025-07-27,social,P023,Calm Cream 23,false,false
V005523,C00020,2025-10-30,paid_search,P015,Calm Cream 15,true,false
V005524,C00074,2025-04-20,organic_search,P003,Urban Bottle 03,false,false
V005525,C00401,2025-09-24,organic_search,P009,Daily Lamp 09,false,false
V005526,C00204,2025-09-08,email,P024,Modern Serum 24,false,false
V005527,C00356,2025-09-22,paid_search,P006,Active Mat 06,false,false
V005528,C00610,2025-03-20,organic_search,P023,Calm Cream 23,false,true
V005529,C00842,2025-04-15,organic_search,P017,Daily Lamp 17,false,false
V005530,C00350,2025-11-01,email,P011,Urban Bottle 11,true,false
V005531,C00142,2025-06-27,paid_search,P023,Calm Cream 23,false,false
V005532,C00922,2025-08-20,social,P002,Pure Band 02,true,false
V005533,C00173,2025-08-13,organic_search,P028,Essential Bag 28,false,false
V005534,C00083,2025-01-02,social,P004,Essential Bag 04,true,false
V005535,C00216,2025-11-11,paid_search,P001,Daily Lamp 01,false,false
V005536,C00225,2025-07-07,direct,P011,Urban Bottle 11,false,false
V005537,C00217,2025-07-26,direct,P020,Essential Bag 20,false,false
V005538,C00709,2025-06-19,direct,P025,Daily Lamp 25,true,false
V005539,C00311,2025-09-24,email,P015,Calm Cream 15,true,true
V005540,C00614,2025-05-08,organic_search,P028,Essential Bag 28,true,false
V005541,C00709,2025-06-14,direct,P025,Daily Lamp 25,false,true
V005542,C00150,2025-10-19,email,P025,Daily Lamp 25,false,false
V005543,C00981,2025-01-09,paid_search,P009,Daily Lamp 09,false,false
V005544,C00936,2025-06-25,referral,P004,Essential Bag 04,false,true
V005545,C00354,2025-08-30,paid_search,P029,Bright Organizer 29,true,true
V005546,C00801,2025-11-13,email,P021,Bright Organizer 21,false,false
V005547,C00362,2025-07-24,paid_search,P001,Daily Lamp 01,true,false
V005548,C00733,2025-12-20,organic_search,P024,Modern Serum 24,false,false
V005549,C00062,2025-09-30,direct,P001,Daily Lamp 01,false,false
V005550,C00793,2025-04-08,email,P014,Active Mat 14,false,false
V005551,C00125,2025-12-12,paid_search,P025,Daily Lamp 25,true,false
V005552,C00012,2025-11-02,organic_search,P025,Daily Lamp 25,false,false
V005553,C00598,2025-09-16,social,P005,Bright Organizer 05,false,true
V005554,C00412,2025-12-31,organic_search,P027,Urban Bottle 27,false,false
V005555,C00738,2025-05-06,organic_search,P014,Active Mat 14,true,true
V005556,C00392,2025-08-26,organic_search,P006,Active Mat 06,false,false
V005557,C00650,2025-05-15,direct,P013,Bright Organizer 13,false,true
V005558,C00889,2025-04-08,organic_search,P029,Bright Organizer 29,false,false
V005559,C00220,2025-10-07,email,P001,Daily Lamp 01,false,false
V005560,C00993,2025-09-25,direct,P017,Daily Lamp 17,false,false
V005561,C00404,2025-09-12,organic_search,P006,Active Mat 06,false,false
V005562,C00471,2025-05-21,social,P028,Essential Bag 28,false,false
V005563,C00496,2025-06-29,paid_search,P008,Modern Serum 08,true,false
V005564,C00894,2025-11-13,organic_search,P002,Pure Band 02,true,true
V005565,C00946,2025-09-04,email,P017,Daily Lamp 17,true,true
V005566,C00126,2025-12-22,paid_search,P014,Active Mat 14,false,false
V005567,C00992,2025-10-12,organic_search,P015,Calm Cream 15,true,false
V005568,C00304,2025-03-13,direct,P025,Daily Lamp 25,false,false
V005569,C00408,2025-08-19,direct,P030,Active Mat 30,false,false
V005570,C00232,2025-10-21,organic_search,P023,Calm Cream 23,false,false
V005571,C00208,2025-01-16,referral,P025,Daily Lamp 25,true,true
V005572,C00216,2025-11-10,direct,P016,Modern Serum 16,false,false
V005573,C00082,2025-12-25,organic_search,P017,Daily Lamp 17,false,false
V005574,C00100,2025-06-21,paid_search,P002,Pure Band 02,true,false
V005575,C00110,2025-10-30,organic_search,P029,Bright Organizer 29,true,true
V005576,C00182,2025-05-23,referral,P029,Bright Organizer 29,false,false
V005577,C00648,2025-02-22,social,P015,Calm Cream 15,false,false
V005578,C00761,2025-03-07,organic_search,P028,Essential Bag 28,false,true
V005579,C00438,2025-01-27,referral,P022,Active Mat 22,true,true
V005580,C00197,2025-12-17,social,P029,Bright Organizer 29,false,false
V005581,C00827,2025-08-17,social,P002,Pure Band 02,false,false
V005582,C00714,2025-03-04,direct,P018,Pure Band 18,false,false
V005583,C00243,2025-05-02,social,P025,Daily Lamp 25,false,false
V005584,C00849,2025-10-03,organic_search,P014,Active Mat 14,true,false
V005585,C00612,2025-01-25,organic_search,P023,Calm Cream 23,false,false
V005586,C00512,2025-12-05,social,P005,Bright Organizer 05,false,false
V005587,C00625,2025-02-17,organic_search,P022,Active Mat 22,false,false
V005588,C00292,2025-04-23,paid_search,P027,Urban Bottle 27,false,true
V005589,C00367,2025-08-28,social,P028,Essential Bag 28,true,true
V005590,C00791,2025-02-18,social,P003,Urban Bottle 03,true,false
V005591,C00867,2025-03-26,direct,P009,Daily Lamp 09,false,false
V005592,C00367,2025-10-22,paid_search,P012,Essential Bag 12,false,false
V005593,C00864,2025-02-13,paid_search,P014,Active Mat 14,true,false
V005594,C00684,2025-08-05,organic_search,P006,Active Mat 06,false,false
V005595,C00488,2025-05-14,paid_search,P008,Modern Serum 08,false,false
V005596,C00144,2025-09-15,social,P029,Bright Organizer 29,false,false
V005597,C00076,2025-05-29,social,P027,Urban Bottle 27,false,false
V005598,C00544,2025-07-14,direct,P006,Active Mat 06,false,false
V005599,C00988,2025-06-07,paid_search,P027,Urban Bottle 27,false,false
V005600,C00895,2025-08-24,email,P014,Active Mat 14,false,false
V005601,C00086,2025-07-23,organic_search,P013,Bright Organizer 13,false,false
V005602,C00077,2025-07-14,email,P009,Daily Lamp 09,false,false
V005603,C00355,2025-03-07,email,P005,Bright Organizer 05,false,false
V005604,C00182,2025-07-17,organic_search,P008,Modern Serum 08,true,false
V005605,C00320,2025-10-22,social,P006,Active Mat 06,false,false
V005606,C00223,2025-09-29,social,P001,Daily Lamp 01,false,false
V005607,C00622,2025-03-17,organic_search,P007,Calm Cream 07,true,false
V005608,C00734,2025-08-13,organic_search,P023,Calm Cream 23,false,false
V005609,C00334,2025-05-15,paid_search,P030,Active Mat 30,false,false
V005610,C00084,2025-07-09,paid_search,P027,Urban Bottle 27,false,false
V005611,C00869,2025-09-25,organic_search,P027,Urban Bottle 27,false,false
V005612,C00521,2025-07-24,organic_search,P012,Essential Bag 12,false,true
V005613,C00058,2025-09-10,social,P017,Daily Lamp 17,true,false
V005614,C00511,2025-05-13,direct,P026,Pure Band 26,true,false
V005615,C00004,2025-01-23,organic_search,P011,Urban Bottle 11,false,false
V005616,C00324,2025-02-17,paid_search,P021,Bright Organizer 21,true,false
V005617,C00833,2025-05-21,social,P028,Essential Bag 28,true,false
V005618,C00776,2025-01-18,referral,P004,Essential Bag 04,false,false
V005619,C00348,2025-07-23,email,P026,Pure Band 26,false,true
V005620,C00996,2025-03-30,direct,P002,Pure Band 02,false,false
V005621,C00519,2025-11-29,organic_search,P002,Pure Band 02,false,false
V005622,C00554,2025-06-27,paid_search,P003,Urban Bottle 03,false,false
V005623,C00177,2025-07-25,paid_search,P028,Essential Bag 28,false,false
V005624,C00614,2025-07-13,direct,P007,Calm Cream 07,false,false
V005625,C00383,2025-03-28,organic_search,P002,Pure Band 02,false,false
V005626,C00865,2025-08-26,social,P024,Modern Serum 24,false,false
V005627,C00666,2025-12-18,referral,P015,Calm Cream 15,false,false
V005628,C00826,2025-08-31,email,P020,Essential Bag 20,true,false
V005629,C00433,2025-07-15,referral,P003,Urban Bottle 03,false,false
V005630,C00624,2025-12-10,direct,P009,Daily Lamp 09,false,false
V005631,C00687,2025-12-01,organic_search,P007,Calm Cream 07,false,false
V005632,C00520,2025-02-19,email,P016,Modern Serum 16,false,false
V005633,C00634,2025-11-17,social,P026,Pure Band 26,false,false
V005634,C00679,2025-03-11,organic_search,P012,Essential Bag 12,true,false
V005635,C00190,2025-07-26,social,P007,Calm Cream 07,true,false
V005636,C00130,2025-12-29,organic_search,P022,Active Mat 22,false,false
V005637,C00828,2025-05-11,social,P012,Essential Bag 12,false,false
V005638,C00817,2025-07-17,paid_search,P007,Calm Cream 07,true,false
V005639,C00879,2025-07-04,email,P028,Essential Bag 28,false,false
V005640,C00641,2025-11-03,direct,P027,Urban Bottle 27,false,false
V005641,C00728,2025-04-04,direct,P023,Calm Cream 23,false,false
V005642,C00655,2025-12-09,email,P021,Bright Organizer 21,false,false
V005643,C00921,2025-04-18,referral,P017,Daily Lamp 17,true,false
V005644,C00882,2025-09-02,paid_search,P003,Urban Bottle 03,false,false
V005645,C00207,2025-01-28,direct,P020,Essential Bag 20,false,false
V005646,C00812,2025-07-01,organic_search,P009,Daily Lamp 09,false,false
V005647,C00229,2025-08-09,organic_search,P016,Modern Serum 16,true,true
V005648,C00498,2025-03-23,email,P003,Urban Bottle 03,false,false
V005649,C00756,2025-10-27,paid_search,P003,Urban Bottle 03,true,false
V005650,C00155,2025-05-07,paid_search,P030,Active Mat 30,false,false
V005651,C00175,2025-05-25,email,P002,Pure Band 02,false,false
V005652,C00846,2025-06-11,social,P027,Urban Bottle 27,false,false
V005653,C00944,2025-04-01,social,P028,Essential Bag 28,true,true
V005654,C00229,2025-09-26,email,P022,Active Mat 22,false,false
V005655,C00432,2025-11-01,paid_search,P024,Modern Serum 24,false,true
V005656,C00431,2025-07-08,direct,P017,Daily Lamp 17,false,false
V005657,C00962,2025-11-12,paid_search,P023,Calm Cream 23,false,false
V005658,C00965,2025-04-09,social,P008,Modern Serum 08,true,false
V005659,C00980,2025-08-09,organic_search,P007,Calm Cream 07,false,false
V005660,C00382,2025-04-03,direct,P017,Daily Lamp 17,false,false
V005661,C00385,2025-10-23,organic_search,P016,Modern Serum 16,true,false
V005662,C00531,2025-05-19,paid_search,P016,Modern Serum 16,false,false
V005663,C00759,2025-06-02,direct,P023,Calm Cream 23,false,false
V005664,C00657,2025-11-20,direct,P010,Pure Band 10,false,false
V005665,C00976,2025-05-01,email,P011,Urban Bottle 11,false,false
V005666,C00422,2025-07-03,paid_search,P026,Pure Band 26,false,false
V005667,C00763,2025-03-06,paid_search,P020,Essential Bag 20,false,false
V005668,C00947,2025-03-05,direct,P011,Urban Bottle 11,false,false
V005669,C00085,2025-08-05,paid_search,P030,Active Mat 30,true,false
V005670,C00271,2025-08-14,paid_search,P027,Urban Bottle 27,false,false
V005671,C00225,2025-03-04,direct,P020,Essential Bag 20,true,false
V005672,C00371,2025-02-19,referral,P010,Pure Band 10,false,false
V005673,C00738,2025-10-28,organic_search,P011,Urban Bottle 11,false,false
V005674,C00076,2025-01-21,email,P027,Urban Bottle 27,false,false
V005675,C00992,2025-10-26,direct,P021,Bright Organizer 21,false,false
V005676,C00481,2025-07-31,social,P022,Active Mat 22,false,false
V005677,C00790,2025-02-20,email,P011,Urban Bottle 11,false,false
V005678,C00610,2025-01-17,social,P003,Urban Bottle 03,true,true
V005679,C00819,2025-01-24,social,P011,Urban Bottle 11,false,false
V005680,C00617,2025-05-09,paid_search,P028,Essential Bag 28,false,false
V005681,C00547,2025-08-31,email,P011,Urban Bottle 11,true,true
V005682,C00909,2025-07-13,direct,P014,Active Mat 14,false,false
V005683,C00628,2025-03-05,direct,P006,Active Mat 06,false,false
V005684,C00446,2025-05-14,paid_search,P015,Calm Cream 15,false,false
V005685,C00183,2025-05-11,paid_search,P017,Daily Lamp 17,false,false
V005686,C00561,2025-09-05,paid_search,P021,Bright Organizer 21,true,false
V005687,C00036,2025-12-02,direct,P025,Daily Lamp 25,false,true
V005688,C00123,2025-12-29,social,P003,Urban Bottle 03,true,false
V005689,C00920,2025-10-21,social,P016,Modern Serum 16,false,false
V005690,C00380,2025-07-12,email,P023,Calm Cream 23,false,false
V005691,C00433,2025-02-15,organic_search,P006,Active Mat 06,true,false
V005692,C00361,2025-09-07,paid_search,P025,Daily Lamp 25,false,false
V005693,C00411,2025-10-22,social,P015,Calm Cream 15,false,false
V005694,C00985,2025-04-25,organic_search,P014,Active Mat 14,true,false
V005695,C00831,2025-07-03,organic_search,P006,Active Mat 06,true,false
V005696,C00492,2025-10-13,social,P030,Active Mat 30,false,true
V005697,C00582,2025-07-13,organic_search,P028,Essential Bag 28,false,false
V005698,C00579,2025-11-13,paid_search,P023,Calm Cream 23,false,false
V005699,C00244,2025-02-03,direct,P024,Modern Serum 24,false,false
V005700,C00922,2025-02-08,direct,P028,Essential Bag 28,true,false
V005701,C00532,2025-08-16,direct,P027,Urban Bottle 27,true,false
V005702,C00262,2025-12-22,email,P026,Pure Band 26,false,false
V005703,C00043,2025-06-14,paid_search,P016,Modern Serum 16,false,false
V005704,C00885,2025-12-20,email,P002,Pure Band 02,false,false
V005705,C00886,2025-10-21,social,P029,Bright Organizer 29,true,true
V005706,C00211,2025-04-25,paid_search,P003,Urban Bottle 03,false,false
V005707,C00549,2025-07-31,organic_search,P020,Essential Bag 20,false,false
V005708,C00231,2025-03-27,organic_search,P011,Urban Bottle 11,true,false
V005709,C00012,2025-04-25,paid_search,P005,Bright Organizer 05,false,false
V005710,C00832,2025-05-10,organic_search,P028,Essential Bag 28,true,false
V005711,C00297,2025-12-14,social,P001,Daily Lamp 01,false,false
V005712,C00859,2025-06-24,direct,P005,Bright Organizer 05,false,false
V005713,C00882,2025-02-19,organic_search,P026,Pure Band 26,false,false
V005714,C00050,2025-01-07,email,P005,Bright Organizer 05,false,false
V005715,C00093,2025-09-25,social,P004,Essential Bag 04,false,false
V005716,C00012,2025-10-07,organic_search,P027,Urban Bottle 27,false,false
V005717,C00290,2025-05-25,social,P023,Calm Cream 23,false,false
V005718,C00787,2025-02-10,referral,P009,Daily Lamp 09,false,false
V005719,C00313,2025-04-10,paid_search,P002,Pure Band 02,false,false
V005720,C00438,2025-11-24,direct,P013,Bright Organizer 13,false,false
V005721,C00514,2025-06-19,organic_search,P020,Essential Bag 20,false,false
V005722,C00038,2025-03-30,paid_search,P003,Urban Bottle 03,false,false
V005723,C00827,2025-12-06,social,P002,Pure Band 02,false,false
V005724,C00059,2025-07-09,organic_search,P027,Urban Bottle 27,false,false
V005725,C00587,2025-08-22,social,P017,Daily Lamp 17,false,false
V005726,C00073,2025-06-02,paid_search,P027,Urban Bottle 27,false,false
V005727,C00662,2025-09-20,direct,P011,Urban Bottle 11,false,false
V005728,C00598,2025-07-28,direct,P023,Calm Cream 23,false,false
V005729,C00711,2025-05-11,email,P023,Calm Cream 23,false,false
V005730,C00255,2025-06-13,direct,P009,Daily Lamp 09,false,false
V005731,C00643,2025-11-24,email,P028,Essential Bag 28,true,false
V005732,C00901,2025-03-26,social,P003,Urban Bottle 03,true,true
V005733,C00947,2025-09-21,organic_search,P016,Modern Serum 16,false,false
V005734,C00570,2025-05-27,paid_search,P024,Modern Serum 24,false,false
V005735,C00838,2025-11-22,social,P028,Essential Bag 28,false,false
V005736,C00909,2025-04-28,organic_search,P002,Pure Band 02,true,false
V005737,C00445,2025-04-09,referral,P014,Active Mat 14,false,false
V005738,C00440,2025-02-02,email,P004,Essential Bag 04,false,false
V005739,C00614,2025-09-16,organic_search,P001,Daily Lamp 01,false,false
V005740,C00716,2025-05-07,email,P014,Active Mat 14,false,false
V005741,C00677,2025-11-01,paid_search,P006,Active Mat 06,false,false
V005742,C00664,2025-07-27,social,P023,Calm Cream 23,false,false
V005743,C00224,2025-08-10,organic_search,P013,Bright Organizer 13,false,false
V005744,C00816,2025-09-04,social,P007,Calm Cream 07,true,false
V005745,C00143,2025-05-28,email,P023,Calm Cream 23,false,false
V005746,C00641,2025-03-16,organic_search,P028,Essential Bag 28,false,false
V005747,C00356,2025-04-12,organic_search,P001,Daily Lamp 01,false,false
V005748,C00746,2025-12-07,organic_search,P011,Urban Bottle 11,false,false
V005749,C00721,2025-10-18,direct,P027,Urban Bottle 27,false,false
V005750,C00429,2025-11-21,direct,P017,Daily Lamp 17,false,false
V005751,C00945,2025-04-25,direct,P016,Modern Serum 16,true,false
V005752,C00211,2025-12-25,paid_search,P011,Urban Bottle 11,false,false
V005753,C00211,2025-09-09,email,P003,Urban Bottle 03,false,false
V005754,C00705,2025-03-29,organic_search,P005,Bright Organizer 05,true,false
V005755,C00715,2025-06-03,email,P018,Pure Band 18,false,false
V005756,C00575,2025-10-14,direct,P019,Urban Bottle 19,true,false
V005757,C00356,2025-02-09,organic_search,P010,Pure Band 10,false,false
V005758,C00949,2025-03-07,email,P005,Bright Organizer 05,false,false
V005759,C00677,2025-04-10,organic_search,P007,Calm Cream 07,true,false
V005760,C00866,2025-07-17,email,P025,Daily Lamp 25,false,false
V005761,C00611,2025-01-27,direct,P010,Pure Band 10,false,false
V005762,C00595,2025-09-26,social,P011,Urban Bottle 11,false,false
V005763,C00815,2025-09-05,paid_search,P006,Active Mat 06,false,false
V005764,C00142,2025-03-17,email,P016,Modern Serum 16,false,false
V005765,C00134,2025-07-01,organic_search,P003,Urban Bottle 03,true,false
V005766,C00997,2025-01-27,social,P017,Daily Lamp 17,false,false
V005767,C00878,2025-03-13,social,P010,Pure Band 10,false,false
V005768,C00634,2025-05-11,referral,P006,Active Mat 06,false,false
V005769,C00371,2025-08-31,organic_search,P025,Daily Lamp 25,false,true
V005770,C00495,2025-10-15,paid_search,P023,Calm Cream 23,false,false
V005771,C00888,2025-08-18,paid_search,P013,Bright Organizer 13,true,false
V005772,C00297,2025-04-03,organic_search,P001,Daily Lamp 01,true,false
V005773,C00352,2025-08-04,paid_search,P008,Modern Serum 08,false,false
V005774,C00314,2025-10-27,email,P010,Pure Band 10,false,false
V005775,C00443,2025-07-31,social,P028,Essential Bag 28,false,false
V005776,C00323,2025-08-28,paid_search,P027,Urban Bottle 27,false,false
V005777,C00525,2025-01-12,social,P001,Daily Lamp 01,false,false
V005778,C00603,2025-08-17,direct,P024,Modern Serum 24,false,false
V005779,C00376,2025-05-11,email,P021,Bright Organizer 21,false,false
V005780,C00515,2025-10-04,social,P016,Modern Serum 16,false,true
V005781,C00785,2025-01-15,direct,P024,Modern Serum 24,false,false
V005782,C00510,2025-03-25,social,P019,Urban Bottle 19,true,false
V005783,C00028,2025-06-04,direct,P024,Modern Serum 24,false,false
V005784,C00968,2025-07-06,email,P018,Pure Band 18,false,false
V005785,C00007,2025-09-07,organic_search,P016,Modern Serum 16,false,false
V005786,C00714,2025-07-16,direct,P003,Urban Bottle 03,true,false
V005787,C00891,2025-07-02,email,P022,Active Mat 22,false,false
V005788,C00653,2025-03-25,referral,P028,Essential Bag 28,false,false
V005789,C00402,2025-11-10,direct,P007,Calm Cream 07,false,false
V005790,C00698,2025-06-30,email,P023,Calm Cream 23,false,false
V005791,C00706,2025-01-28,social,P012,Essential Bag 12,false,false
V005792,C00129,2025-06-30,direct,P002,Pure Band 02,false,false
V005793,C00101,2025-06-29,paid_search,P018,Pure Band 18,false,false
V005794,C00997,2025-03-12,organic_search,P006,Active Mat 06,false,false
V005795,C00589,2025-11-30,paid_search,P026,Pure Band 26,false,false
V005796,C00823,2025-05-06,organic_search,P024,Modern Serum 24,false,false
V005797,C00757,2025-08-18,social,P004,Essential Bag 04,false,false
V005798,C00026,2025-06-22,social,P030,Active Mat 30,false,false
V005799,C00142,2025-04-14,organic_search,P009,Daily Lamp 09,false,true
V005800,C00809,2025-12-01,paid_search,P007,Calm Cream 07,false,false
V005801,C00101,2025-12-13,organic_search,P004,Essential Bag 04,false,false
V005802,C00688,2025-06-13,organic_search,P002,Pure Band 02,false,false
V005803,C00158,2025-12-16,organic_search,P001,Daily Lamp 01,true,true
V005804,C00092,2025-02-25,email,P010,Pure Band 10,false,false
V005805,C00657,2025-07-29,direct,P001,Daily Lamp 01,true,false
V005806,C00855,2025-12-07,social,P021,Bright Organizer 21,false,false
V005807,C00102,2025-08-28,social,P007,Calm Cream 07,false,false
V005808,C00305,2025-01-18,referral,P003,Urban Bottle 03,false,false
V005809,C00491,2025-11-18,paid_search,P001,Daily Lamp 01,false,true
V005810,C00652,2025-04-11,email,P015,Calm Cream 15,false,false
V005811,C00009,2025-03-15,direct,P012,Essential Bag 12,false,false
V005812,C00399,2025-11-04,direct,P016,Modern Serum 16,false,false
V005813,C00471,2025-01-09,email,P001,Daily Lamp 01,false,false
V005814,C00454,2025-12-11,paid_search,P013,Bright Organizer 13,true,false
V005815,C00486,2025-04-07,direct,P001,Daily Lamp 01,false,false
V005816,C00123,2025-08-20,paid_search,P002,Pure Band 02,false,false
V005817,C00516,2025-06-08,referral,P010,Pure Band 10,true,false
V005818,C00628,2025-10-16,paid_search,P030,Active Mat 30,false,false
V005819,C00704,2025-02-09,social,P012,Essential Bag 12,false,false
V005820,C00050,2025-09-09,social,P028,Essential Bag 28,false,false
V005821,C00833,2025-07-10,direct,P016,Modern Serum 16,false,false
V005822,C00906,2025-04-07,referral,P026,Pure Band 26,false,false
V005823,C00276,2025-03-13,paid_search,P010,Pure Band 10,false,false
V005824,C00006,2025-10-01,email,P029,Bright Organizer 29,true,true
V005825,C00741,2025-05-20,organic_search,P011,Urban Bottle 11,false,false
V005826,C00136,2025-12-01,paid_search,P018,Pure Band 18,false,true
V005827,C00989,2025-04-12,email,P018,Pure Band 18,false,false
V005828,C00948,2025-11-11,email,P029,Bright Organizer 29,false,false
V005829,C00732,2025-03-11,direct,P013,Bright Organizer 13,false,false
V005830,C00051,2025-12-09,social,P010,Pure Band 10,false,false
V005831,C00434,2025-03-15,paid_search,P024,Modern Serum 24,false,false
V005832,C00392,2025-07-17,paid_search,P007,Calm Cream 07,false,false
V005833,C00643,2025-03-04,paid_search,P016,Modern Serum 16,false,false
V005834,C00381,2025-10-26,social,P028,Essential Bag 28,false,false
V005835,C00993,2025-12-25,direct,P013,Bright Organizer 13,false,false
V005836,C00575,2025-03-02,direct,P001,Daily Lamp 01,false,false
V005837,C00542,2025-08-02,paid_search,P015,Calm Cream 15,false,false
V005838,C00809,2025-01-05,email,P019,Urban Bottle 19,false,false
V005839,C00031,2025-12-15,direct,P006,Active Mat 06,false,false
V005840,C00136,2025-09-19,direct,P029,Bright Organizer 29,false,false
V005841,C00374,2025-02-01,paid_search,P026,Pure Band 26,false,false
V005842,C00832,2025-12-21,referral,P013,Bright Organizer 13,false,false
V005843,C00371,2025-06-25,referral,P017,Daily Lamp 17,false,false
V005844,C00888,2025-08-17,direct,P004,Essential Bag 04,false,false
V005845,C00174,2025-07-31,paid_search,P030,Active Mat 30,false,false
V005846,C00885,2025-07-16,paid_search,P025,Daily Lamp 25,false,false
V005847,C00308,2025-01-07,paid_search,P026,Pure Band 26,true,false
V005848,C00427,2025-12-02,organic_search,P016,Modern Serum 16,false,false
V005849,C00156,2025-12-25,direct,P002,Pure Band 02,false,false
V005850,C00995,2025-06-03,organic_search,P017,Daily Lamp 17,true,true
V005851,C00848,2025-03-07,paid_search,P026,Pure Band 26,false,false
V005852,C00974,2025-03-21,organic_search,P005,Bright Organizer 05,false,false
V005853,C00293,2025-06-05,email,P020,Essential Bag 20,true,false
V005854,C00170,2025-04-03,organic_search,P019,Urban Bottle 19,false,false
V005855,C00370,2025-06-08,referral,P018,Pure Band 18,true,false
V005856,C00902,2025-05-30,social,P008,Modern Serum 08,false,false
V005857,C00728,2025-11-18,email,P024,Modern Serum 24,true,false
V005858,C00774,2025-09-15,email,P014,Active Mat 14,true,false
V005859,C00825,2025-04-09,direct,P009,Daily Lamp 09,false,false
V005860,C00298,2025-05-09,social,P024,Modern Serum 24,false,false
V005861,C00411,2025-02-16,email,P020,Essential Bag 20,false,false
V005862,C00996,2025-03-11,organic_search,P002,Pure Band 02,false,false
V005863,C00236,2025-01-21,organic_search,P004,Essential Bag 04,false,false
V005864,C00664,2025-11-24,social,P020,Essential Bag 20,false,false
V005865,C00875,2025-07-31,direct,P025,Daily Lamp 25,false,false
V005866,C00183,2025-05-26,organic_search,P011,Urban Bottle 11,false,false
V005867,C00797,2025-10-04,organic_search,P023,Calm Cream 23,false,false
V005868,C00215,2025-08-11,email,P009,Daily Lamp 09,false,false
V005869,C00617,2025-06-12,social,P005,Bright Organizer 05,false,false
V005870,C00130,2025-10-23,social,P010,Pure Band 10,false,false
V005871,C00322,2025-04-27,referral,P019,Urban Bottle 19,true,false
V005872,C00496,2025-01-31,referral,P030,Active Mat 30,true,true
V005873,C00524,2025-07-06,email,P007,Calm Cream 07,false,false
V005874,C00278,2025-11-12,paid_search,P020,Essential Bag 20,true,true
V005875,C00665,2025-09-23,organic_search,P021,Bright Organizer 21,false,false
V005876,C00204,2025-06-06,email,P010,Pure Band 10,true,true
V005877,C00857,2025-02-05,social,P025,Daily Lamp 25,false,false
V005878,C00724,2025-03-22,social,P014,Active Mat 14,false,false
V005879,C00323,2025-01-29,paid_search,P020,Essential Bag 20,false,false
V005880,C00410,2025-12-27,social,P021,Bright Organizer 21,true,false
V005881,C00545,2025-08-08,organic_search,P011,Urban Bottle 11,false,false
V005882,C00306,2025-10-31,social,P001,Daily Lamp 01,false,false
V005883,C00978,2025-04-06,organic_search,P005,Bright Organizer 05,false,false
V005884,C00097,2025-01-23,organic_search,P010,Pure Band 10,false,false
V005885,C00342,2025-08-28,social,P003,Urban Bottle 03,false,false
V005886,C00014,2025-11-21,organic_search,P004,Essential Bag 04,false,false
V005887,C00575,2025-10-16,direct,P001,Daily Lamp 01,false,false
V005888,C00647,2025-12-31,organic_search,P026,Pure Band 26,false,false
V005889,C00299,2025-02-04,paid_search,P025,Daily Lamp 25,false,false
V005890,C00937,2025-11-18,paid_search,P023,Calm Cream 23,false,false
V005891,C00810,2025-11-19,email,P016,Modern Serum 16,false,false
V005892,C00998,2025-09-17,referral,P024,Modern Serum 24,true,false
V005893,C00654,2025-09-12,organic_search,P020,Essential Bag 20,false,false
V005894,C00672,2025-02-04,organic_search,P026,Pure Band 26,false,false
V005895,C00675,2025-08-30,social,P025,Daily Lamp 25,true,false
V005896,C00427,2025-06-26,email,P002,Pure Band 02,false,false
V005897,C00739,2025-03-21,email,P022,Active Mat 22,false,true
V005898,C00697,2025-01-13,organic_search,P002,Pure Band 02,false,false
V005899,C00679,2025-03-12,email,P021,Bright Organizer 21,false,false
V005900,C00747,2025-03-10,direct,P008,Modern Serum 08,false,false
V005901,C00978,2025-10-03,direct,P011,Urban Bottle 11,false,false
V005902,C00518,2025-01-28,organic_search,P010,Pure Band 10,false,false
V005903,C00177,2025-02-22,direct,P026,Pure Band 26,false,false
V005904,C00824,2025-05-02,organic_search,P009,Daily Lamp 09,false,false
V005905,C00216,2025-10-19,referral,P018,Pure Band 18,false,false
V005906,C00311,2025-04-03,referral,P016,Modern Serum 16,false,false
V005907,C00376,2025-01-16,direct,P027,Urban Bottle 27,false,false
V005908,C00614,2025-08-31,email,P023,Calm Cream 23,false,false
V005909,C00703,2025-01-27,organic_search,P017,Daily Lamp 17,false,false
V005910,C00626,2025-04-17,paid_search,P025,Daily Lamp 25,false,false
V005911,C00277,2025-01-02,email,P030,Active Mat 30,false,false
V005912,C00570,2025-01-14,organic_search,P015,Calm Cream 15,false,false
V005913,C00071,2025-01-21,organic_search,P025,Daily Lamp 25,false,false
V005914,C00926,2025-04-04,paid_search,P023,Calm Cream 23,false,false
V005915,C00313,2025-08-11,paid_search,P022,Active Mat 22,false,true
V005916,C00260,2025-10-12,paid_search,P019,Urban Bottle 19,true,false
V005917,C00806,2025-01-15,direct,P006,Active Mat 06,true,false
V005918,C00314,2025-11-04,paid_search,P024,Modern Serum 24,false,false
V005919,C00028,2025-10-02,email,P013,Bright Organizer 13,true,true
V005920,C00363,2025-03-29,organic_search,P017,Daily Lamp 17,false,false
V005921,C00390,2025-02-25,direct,P016,Modern Serum 16,false,false
V005922,C00495,2025-12-17,organic_search,P020,Essential Bag 20,false,false
V005923,C00729,2025-08-22,paid_search,P028,Essential Bag 28,false,false
V005924,C00035,2025-04-08,email,P026,Pure Band 26,false,false
V005925,C00279,2025-03-29,paid_search,P006,Active Mat 06,false,false
V005926,C00341,2025-02-04,email,P012,Essential Bag 12,false,false
V005927,C00392,2025-04-15,social,P028,Essential Bag 28,false,false
V005928,C00670,2025-01-14,direct,P007,Calm Cream 07,true,false
V005929,C00902,2025-12-03,organic_search,P021,Bright Organizer 21,false,false
V005930,C00553,2025-08-22,email,P016,Modern Serum 16,false,false
V005931,C00080,2025-02-15,organic_search,P015,Calm Cream 15,false,true
V005932,C00492,2025-02-14,social,P020,Essential Bag 20,false,false
V005933,C00423,2025-02-19,paid_search,P027,Urban Bottle 27,false,false
V005934,C00237,2025-09-24,referral,P013,Bright Organizer 13,false,false
V005935,C00873,2025-09-11,paid_search,P019,Urban Bottle 19,false,false
V005936,C00579,2025-08-31,email,P012,Essential Bag 12,false,false
V005937,C00829,2025-08-21,social,P013,Bright Organizer 13,false,false
V005938,C00885,2025-04-28,organic_search,P018,Pure Band 18,false,false
V005939,C00124,2025-09-25,paid_search,P012,Essential Bag 12,true,false
V005940,C00839,2025-05-09,social,P008,Modern Serum 08,false,false
V005941,C00966,2025-03-25,email,P025,Daily Lamp 25,false,false
V005942,C00280,2025-10-10,referral,P010,Pure Band 10,false,true
V005943,C00310,2025-04-25,organic_search,P005,Bright Organizer 05,false,false
V005944,C00537,2025-01-17,organic_search,P024,Modern Serum 24,false,false
V005945,C00979,2025-04-16,organic_search,P019,Urban Bottle 19,false,false
V005946,C00464,2025-02-23,paid_search,P029,Bright Organizer 29,false,false
V005947,C00025,2025-04-28,organic_search,P005,Bright Organizer 05,false,true
V005948,C00071,2025-01-04,paid_search,P021,Bright Organizer 21,false,false
V005949,C00865,2025-08-16,referral,P013,Bright Organizer 13,false,false
V005950,C00173,2025-02-09,paid_search,P016,Modern Serum 16,false,false
V005951,C00477,2025-11-26,referral,P017,Daily Lamp 17,false,false
V005952,C00114,2025-10-03,email,P026,Pure Band 26,false,false
V005953,C00905,2025-07-20,paid_search,P010,Pure Band 10,false,false
V005954,C00362,2025-09-01,social,P003,Urban Bottle 03,false,false
V005955,C00190,2025-07-29,direct,P001,Daily Lamp 01,true,false
V005956,C00150,2025-11-05,organic_search,P021,Bright Organizer 21,false,false
V005957,C00015,2025-08-18,organic_search,P003,Urban Bottle 03,false,false
V005958,C00766,2025-12-17,social,P027,Urban Bottle 27,false,false
V005959,C00837,2025-05-18,social,P019,Urban Bottle 19,false,false
V005960,C00809,2025-12-19,organic_search,P007,Calm Cream 07,false,false
V005961,C00319,2025-11-08,email,P025,Daily Lamp 25,true,false
V005962,C00914,2025-11-14,email,P024,Modern Serum 24,false,false
V005963,C00473,2025-02-16,social,P027,Urban Bottle 27,false,false
V005964,C00066,2025-11-25,organic_search,P022,Active Mat 22,false,false
V005965,C00629,2025-05-24,organic_search,P029,Bright Organizer 29,false,false
V005966,C00260,2025-11-13,email,P005,Bright Organizer 05,false,false
V005967,C00098,2025-03-16,organic_search,P013,Bright Organizer 13,true,true
V005968,C00563,2025-05-20,organic_search,P002,Pure Band 02,false,false
V005969,C00343,2025-08-12,email,P010,Pure Band 10,false,false
V005970,C00802,2025-01-19,email,P019,Urban Bottle 19,false,false
V005971,C00864,2025-08-08,direct,P005,Bright Organizer 05,false,false
V005972,C00663,2025-06-30,direct,P011,Urban Bottle 11,false,false
V005973,C00940,2025-01-14,organic_search,P001,Daily Lamp 01,false,false
V005974,C00812,2025-09-16,paid_search,P002,Pure Band 02,false,false
V005975,C00389,2025-06-03,social,P027,Urban Bottle 27,false,false
V005976,C00035,2025-10-06,organic_search,P008,Modern Serum 08,false,false
V005977,C00793,2025-03-24,organic_search,P003,Urban Bottle 03,false,false
V005978,C00932,2025-06-09,organic_search,P015,Calm Cream 15,false,false
V005979,C00267,2025-05-30,email,P004,Essential Bag 04,false,true
V005980,C00031,2025-12-06,social,P012,Essential Bag 12,false,false
V005981,C00072,2025-04-14,email,P023,Calm Cream 23,true,false
V005982,C00608,2025-03-21,social,P021,Bright Organizer 21,false,false
V005983,C00439,2025-08-25,referral,P016,Modern Serum 16,false,false
V005984,C00335,2025-01-26,social,P017,Daily Lamp 17,false,false
V005985,C00790,2025-04-04,direct,P005,Bright Organizer 05,false,false
V005986,C00714,2025-05-26,organic_search,P020,Essential Bag 20,false,false
V005987,C00628,2025-01-07,organic_search,P019,Urban Bottle 19,false,false
V005988,C00543,2025-07-13,paid_search,P027,Urban Bottle 27,true,false
V005989,C00368,2025-08-09,organic_search,P023,Calm Cream 23,false,false
V005990,C00583,2025-11-08,organic_search,P001,Daily Lamp 01,false,false
V005991,C00980,2025-05-08,paid_search,P006,Active Mat 06,false,false
V005992,C00538,2025-12-12,organic_search,P007,Calm Cream 07,false,false
V005993,C00788,2025-02-18,direct,P013,Bright Organizer 13,false,false
V005994,C00001,2025-08-26,social,P025,Daily Lamp 25,false,false
V005995,C00402,2025-11-30,paid_search,P027,Urban Bottle 27,false,false
V005996,C00700,2025-12-09,email,P009,Daily Lamp 09,false,false
V005997,C00445,2025-08-09,social,P027,Urban Bottle 27,false,false
V005998,C00576,2025-10-25,organic_search,P022,Active Mat 22,false,false
V005999,C00786,2025-10-05,paid_search,P010,Pure Band 10,false,false
V006000,C00298,2025-05-12,email,P013,Bright Organizer 13,true,false
V006001,C00035,2025-05-04,organic_search,P022,Active Mat 22,false,true
V006002,C00265,2025-07-13,organic_search,P009,Daily Lamp 09,false,false
V006003,C00786,2025-04-06,organic_search,P019,Urban Bottle 19,false,false
V006004,C00807,2025-03-09,organic_search,P027,Urban Bottle 27,false,true
V006005,C00483,2025-12-21,referral,P007,Calm Cream 07,true,false
V006006,C00943,2025-11-05,email,P024,Modern Serum 24,false,false
V006007,C00755,2025-09-13,organic_search,P017,Daily Lamp 17,false,false
V006008,C00601,2025-12-09,direct,P017,Daily Lamp 17,false,false
V006009,C00129,2025-12-10,paid_search,P027,Urban Bottle 27,false,false
V006010,C00163,2025-12-01,direct,P006,Active Mat 06,false,false
V006011,C00637,2025-01-23,organic_search,P018,Pure Band 18,false,false
V006012,C00355,2025-03-08,paid_search,P009,Daily Lamp 09,true,false
V006013,C00859,2025-07-01,paid_search,P004,Essential Bag 04,false,false
V006014,C00654,2025-04-04,social,P009,Daily Lamp 09,false,false
V006015,C00751,2025-08-08,email,P023,Calm Cream 23,false,false
V006016,C00087,2025-10-24,paid_search,P021,Bright Organizer 21,false,false
V006017,C00177,2025-03-04,paid_search,P001,Daily Lamp 01,false,false
V006018,C00022,2025-02-03,paid_search,P015,Calm Cream 15,false,false
V006019,C00898,2025-03-18,organic_search,P004,Essential Bag 04,false,false
V006020,C00026,2025-04-20,paid_search,P006,Active Mat 06,false,false
V006021,C00552,2025-03-01,direct,P026,Pure Band 26,false,false
V006022,C00621,2025-11-19,social,P003,Urban Bottle 03,false,false
V006023,C00556,2025-10-02,organic_search,P026,Pure Band 26,true,false
V006024,C00983,2025-10-27,direct,P022,Active Mat 22,false,false
V006025,C00173,2025-09-13,organic_search,P007,Calm Cream 07,false,false
V006026,C00711,2025-03-03,paid_search,P004,Essential Bag 04,false,false
V006027,C00301,2025-04-15,paid_search,P024,Modern Serum 24,false,false
V006028,C00502,2025-09-03,email,P016,Modern Serum 16,false,false
V006029,C00892,2025-09-14,paid_search,P020,Essential Bag 20,false,true
V006030,C00891,2025-10-25,organic_search,P001,Daily Lamp 01,false,false
V006031,C00561,2025-06-19,organic_search,P004,Essential Bag 04,true,false
V006032,C00416,2025-09-27,email,P012,Essential Bag 12,true,false
V006033,C00483,2025-01-29,referral,P003,Urban Bottle 03,true,false
V006034,C00172,2025-10-05,email,P023,Calm Cream 23,false,false
V006035,C00122,2025-09-11,organic_search,P024,Modern Serum 24,false,false
V006036,C00558,2025-09-25,organic_search,P009,Daily Lamp 09,false,false
V006037,C00674,2025-01-15,organic_search,P001,Daily Lamp 01,false,false
V006038,C00852,2025-02-16,organic_search,P014,Active Mat 14,true,false
V006039,C00348,2025-04-11,organic_search,P029,Bright Organizer 29,false,false
V006040,C00284,2025-12-08,social,P015,Calm Cream 15,false,true
V006041,C00950,2025-07-01,paid_search,P009,Daily Lamp 09,false,false
V006042,C00904,2025-09-16,email,P008,Modern Serum 08,false,true
V006043,C00648,2025-03-03,paid_search,P002,Pure Band 02,false,false
V006044,C00564,2025-08-13,email,P029,Bright Organizer 29,true,false
V006045,C00018,2025-04-20,direct,P028,Essential Bag 28,false,false
V006046,C00696,2025-12-18,social,P012,Essential Bag 12,true,false
V006047,C00995,2025-07-01,email,P023,Calm Cream 23,false,false
V006048,C00666,2025-04-05,organic_search,P029,Bright Organizer 29,false,false
V006049,C00708,2025-12-28,organic_search,P024,Modern Serum 24,false,false
V006050,C00086,2025-03-06,social,P011,Urban Bottle 11,false,false
V006051,C00337,2025-10-09,organic_search,P011,Urban Bottle 11,false,false
V006052,C00976,2025-03-23,social,P005,Bright Organizer 05,false,false
V006053,C00201,2025-05-27,organic_search,P005,Bright Organizer 05,true,true
V006054,C00977,2025-05-08,social,P023,Calm Cream 23,false,false
V006055,C00184,2025-02-20,email,P028,Essential Bag 28,false,false
V006056,C00599,2025-12-20,direct,P012,Essential Bag 12,true,false
V006057,C00002,2025-03-21,social,P014,Active Mat 14,false,false
V006058,C00280,2025-09-25,paid_search,P010,Pure Band 10,true,false
V006059,C00533,2025-08-21,paid_search,P028,Essential Bag 28,false,false
V006060,C00708,2025-04-28,social,P012,Essential Bag 12,false,false
V006061,C00402,2025-08-28,referral,P030,Active Mat 30,true,true
V006062,C00697,2025-08-31,organic_search,P018,Pure Band 18,false,false
V006063,C00403,2025-09-07,paid_search,P004,Essential Bag 04,false,false
V006064,C00352,2025-07-27,direct,P005,Bright Organizer 05,false,false
V006065,C00549,2025-12-08,referral,P004,Essential Bag 04,false,false
V006066,C00357,2025-01-21,referral,P010,Pure Band 10,false,false
V006067,C00557,2025-08-13,social,P008,Modern Serum 08,true,false
V006068,C00545,2025-12-28,organic_search,P007,Calm Cream 07,false,false
V006069,C00199,2025-09-21,direct,P010,Pure Band 10,false,false
V006070,C00695,2025-08-09,direct,P027,Urban Bottle 27,false,false
V006071,C00014,2025-03-12,organic_search,P010,Pure Band 10,false,false
V006072,C00394,2025-01-30,paid_search,P007,Calm Cream 07,false,false
V006073,C00245,2025-12-23,direct,P017,Daily Lamp 17,false,false
V006074,C00889,2025-03-23,email,P027,Urban Bottle 27,false,false
V006075,C00531,2025-07-19,paid_search,P027,Urban Bottle 27,false,true
V006076,C00167,2025-12-28,email,P003,Urban Bottle 03,false,false
V006077,C00751,2025-11-19,social,P003,Urban Bottle 03,false,false
V006078,C00605,2025-09-14,direct,P013,Bright Organizer 13,false,false
V006079,C00450,2025-07-18,organic_search,P012,Essential Bag 12,true,false
V006080,C00112,2025-06-30,social,P006,Active Mat 06,false,false
V006081,C00399,2025-07-12,organic_search,P013,Bright Organizer 13,false,false
V006082,C00249,2025-11-13,direct,P026,Pure Band 26,false,true
V006083,C00285,2025-10-08,email,P004,Essential Bag 04,false,false
V006084,C00093,2025-12-28,direct,P027,Urban Bottle 27,true,true
V006085,C00754,2025-06-08,organic_search,P014,Active Mat 14,false,false
V006086,C00609,2025-08-01,paid_search,P004,Essential Bag 04,true,false
V006087,C00384,2025-07-28,organic_search,P012,Essential Bag 12,false,false
V006088,C00751,2025-02-07,email,P020,Essential Bag 20,false,false
V006089,C00316,2025-07-24,organic_search,P014,Active Mat 14,true,false
V006090,C00171,2025-12-19,social,P003,Urban Bottle 03,false,false
V006091,C00630,2025-06-05,social,P008,Modern Serum 08,false,false
V006092,C00284,2025-03-18,referral,P029,Bright Organizer 29,false,false
V006093,C00452,2025-04-06,paid_search,P027,Urban Bottle 27,false,false
V006094,C00733,2025-12-22,organic_search,P008,Modern Serum 08,true,false
V006095,C00462,2025-04-06,direct,P025,Daily Lamp 25,true,false
V006096,C00423,2025-03-29,paid_search,P025,Daily Lamp 25,false,false
V006097,C00234,2025-05-22,email,P026,Pure Band 26,false,false
V006098,C00230,2025-11-15,direct,P006,Active Mat 06,false,false
V006099,C00054,2025-11-27,direct,P003,Urban Bottle 03,false,false
V006100,C00959,2025-12-15,organic_search,P024,Modern Serum 24,true,false
V006101,C00197,2025-06-07,social,P021,Bright Organizer 21,false,false
V006102,C00644,2025-06-22,paid_search,P003,Urban Bottle 03,false,false
V006103,C00411,2025-01-29,email,P021,Bright Organizer 21,false,false
V006104,C00185,2025-12-02,direct,P023,Calm Cream 23,true,true
V006105,C00630,2025-04-23,paid_search,P020,Essential Bag 20,false,false
V006106,C00819,2025-11-23,organic_search,P012,Essential Bag 12,true,false
V006107,C00039,2025-12-10,direct,P018,Pure Band 18,false,false
V006108,C00280,2025-09-23,direct,P026,Pure Band 26,false,false
V006109,C00184,2025-03-08,direct,P006,Active Mat 06,false,false
V006110,C00263,2025-07-21,direct,P024,Modern Serum 24,false,false
V006111,C00424,2025-10-30,email,P006,Active Mat 06,false,true
V006112,C00678,2025-12-25,organic_search,P022,Active Mat 22,false,false
V006113,C00142,2025-10-23,social,P012,Essential Bag 12,false,false
V006114,C00378,2025-01-09,paid_search,P028,Essential Bag 28,false,false
V006115,C00416,2025-03-03,paid_search,P014,Active Mat 14,true,true
V006116,C00550,2025-07-28,email,P005,Bright Organizer 05,false,false
V006117,C00022,2025-09-09,paid_search,P020,Essential Bag 20,false,false
V006118,C00315,2025-10-21,direct,P018,Pure Band 18,false,false
V006119,C00978,2025-02-03,direct,P010,Pure Band 10,false,false
V006120,C00148,2025-11-03,email,P025,Daily Lamp 25,false,false
V006121,C00691,2025-06-27,paid_search,P014,Active Mat 14,false,false
V006122,C00524,2025-04-12,direct,P004,Essential Bag 04,true,false
V006123,C00788,2025-10-13,social,P012,Essential Bag 12,false,false
V006124,C00981,2025-07-28,social,P009,Daily Lamp 09,false,false
V006125,C00760,2025-12-27,organic_search,P023,Calm Cream 23,false,false
V006126,C00867,2025-08-07,referral,P002,Pure Band 02,false,true
V006127,C00577,2025-09-05,social,P017,Daily Lamp 17,false,false
V006128,C00946,2025-10-24,paid_search,P011,Urban Bottle 11,true,false
V006129,C00240,2025-07-03,paid_search,P008,Modern Serum 08,false,false
V006130,C00995,2025-01-08,social,P024,Modern Serum 24,false,false
V006131,C00931,2025-04-08,social,P018,Pure Band 18,false,false
V006132,C00336,2025-04-29,organic_search,P015,Calm Cream 15,false,false
V006133,C00422,2025-01-19,social,P022,Active Mat 22,true,false
V006134,C00227,2025-02-27,organic_search,P004,Essential Bag 04,false,false
V006135,C00629,2025-01-10,referral,P029,Bright Organizer 29,false,false
V006136,C00104,2025-11-10,organic_search,P009,Daily Lamp 09,false,false
V006137,C00586,2025-05-30,organic_search,P016,Modern Serum 16,false,false
V006138,C00176,2025-12-11,direct,P017,Daily Lamp 17,false,false
V006139,C00463,2025-10-15,paid_search,P010,Pure Band 10,true,false
V006140,C00295,2025-11-26,referral,P026,Pure Band 26,false,false
V006141,C00470,2025-10-20,paid_search,P005,Bright Organizer 05,false,false
V006142,C00999,2025-11-06,paid_search,P025,Daily Lamp 25,false,false
V006143,C00161,2025-08-12,direct,P010,Pure Band 10,false,false
V006144,C00164,2025-02-05,paid_search,P008,Modern Serum 08,false,false
V006145,C00815,2025-12-20,email,P027,Urban Bottle 27,false,true
V006146,C00379,2025-02-13,referral,P028,Essential Bag 28,false,false
V006147,C00210,2025-04-25,organic_search,P010,Pure Band 10,false,false
V006148,C00920,2025-01-13,referral,P020,Essential Bag 20,false,false
V006149,C00496,2025-02-18,paid_search,P003,Urban Bottle 03,false,false
V006150,C00407,2025-11-21,organic_search,P001,Daily Lamp 01,false,false
V006151,C00354,2025-07-30,social,P019,Urban Bottle 19,false,false
V006152,C00611,2025-08-29,paid_search,P005,Bright Organizer 05,false,false
V006153,C00288,2025-02-16,organic_search,P003,Urban Bottle 03,false,false
V006154,C00647,2025-09-02,organic_search,P026,Pure Band 26,false,false
V006155,C00130,2025-10-21,email,P012,Essential Bag 12,false,false
V006156,C00866,2025-06-20,email,P028,Essential Bag 28,false,false
V006157,C00482,2025-03-07,direct,P015,Calm Cream 15,true,false
V006158,C00871,2025-07-18,direct,P012,Essential Bag 12,true,false
V006159,C00087,2025-07-29,organic_search,P016,Modern Serum 16,false,false
V006160,C00799,2025-10-28,paid_search,P003,Urban Bottle 03,false,false
V006161,C00080,2025-05-21,direct,P009,Daily Lamp 09,true,false
V006162,C00238,2025-08-28,organic_search,P021,Bright Organizer 21,false,false
V006163,C00393,2025-09-16,direct,P027,Urban Bottle 27,false,false
V006164,C00916,2025-10-24,social,P020,Essential Bag 20,true,true
V006165,C00430,2025-08-12,organic_search,P002,Pure Band 02,false,false
V006166,C00921,2025-11-16,direct,P009,Daily Lamp 09,true,false
V006167,C00091,2025-09-12,organic_search,P005,Bright Organizer 05,false,false
V006168,C00009,2025-02-25,direct,P016,Modern Serum 16,false,false
V006169,C00820,2025-08-28,paid_search,P029,Bright Organizer 29,false,true
V006170,C00830,2025-03-30,organic_search,P016,Modern Serum 16,true,false
V006171,C00678,2025-05-01,social,P014,Active Mat 14,true,true
V006172,C00183,2025-04-24,paid_search,P017,Daily Lamp 17,false,false
V006173,C00299,2025-11-16,social,P018,Pure Band 18,false,false
V006174,C00976,2025-03-27,paid_search,P005,Bright Organizer 05,false,false
V006175,C00704,2025-05-27,direct,P001,Daily Lamp 01,false,false
V006176,C00540,2025-05-04,organic_search,P009,Daily Lamp 09,false,false
V006177,C00692,2025-06-10,organic_search,P020,Essential Bag 20,false,false
V006178,C00554,2025-06-16,social,P015,Calm Cream 15,false,false
V006179,C00812,2025-08-20,email,P024,Modern Serum 24,false,false
V006180,C00031,2025-02-24,direct,P017,Daily Lamp 17,false,false
V006181,C00707,2025-08-26,email,P023,Calm Cream 23,false,false
V006182,C00335,2025-04-03,social,P025,Daily Lamp 25,false,false
V006183,C00165,2025-08-14,direct,P006,Active Mat 06,true,true
V006184,C00926,2025-10-20,paid_search,P002,Pure Band 02,false,false
V006185,C00630,2025-08-19,email,P002,Pure Band 02,false,false
V006186,C00264,2025-04-02,email,P009,Daily Lamp 09,false,false
V006187,C00879,2025-04-04,direct,P028,Essential Bag 28,false,false
V006188,C00794,2025-12-25,paid_search,P019,Urban Bottle 19,true,false
V006189,C00495,2025-12-23,direct,P002,Pure Band 02,false,false
V006190,C00576,2025-10-08,social,P022,Active Mat 22,false,false
V006191,C00936,2025-11-11,referral,P010,Pure Band 10,false,true
V006192,C00279,2025-07-02,email,P005,Bright Organizer 05,false,false
V006193,C00975,2025-01-17,social,P014,Active Mat 14,false,false
V006194,C00849,2025-12-08,social,P016,Modern Serum 16,false,false
V006195,C00216,2025-04-01,referral,P019,Urban Bottle 19,false,false
V006196,C00923,2025-11-21,direct,P022,Active Mat 22,false,false
V006197,C00861,2025-02-21,organic_search,P014,Active Mat 14,false,false
V006198,C00646,2025-07-24,email,P011,Urban Bottle 11,false,false
V006199,C00265,2025-02-08,social,P028,Essential Bag 28,true,false
V006200,C00425,2025-01-22,email,P030,Active Mat 30,false,false
V006201,C00889,2025-06-16,referral,P026,Pure Band 26,false,false
V006202,C00892,2025-11-04,paid_search,P023,Calm Cream 23,false,false
V006203,C00935,2025-05-15,referral,P007,Calm Cream 07,false,false
V006204,C00395,2025-06-19,email,P011,Urban Bottle 11,false,false
V006205,C00398,2025-10-09,referral,P001,Daily Lamp 01,false,false
V006206,C00641,2025-12-30,social,P025,Daily Lamp 25,false,false
V006207,C00403,2025-12-13,organic_search,P023,Calm Cream 23,false,false
V006208,C00940,2025-01-03,social,P005,Bright Organizer 05,true,true
V006209,C00245,2025-10-25,social,P004,Essential Bag 04,false,false
V006210,C00168,2025-02-01,email,P012,Essential Bag 12,false,false
V006211,C00645,2025-02-21,referral,P011,Urban Bottle 11,true,false
V006212,C00106,2025-06-23,paid_search,P009,Daily Lamp 09,false,false
V006213,C00962,2025-06-24,direct,P020,Essential Bag 20,false,false
V006214,C00109,2025-11-25,organic_search,P003,Urban Bottle 03,true,true
V006215,C00706,2025-01-29,organic_search,P008,Modern Serum 08,false,false
V006216,C00776,2025-05-17,organic_search,P002,Pure Band 02,false,true
V006217,C00671,2025-10-27,paid_search,P012,Essential Bag 12,false,false
V006218,C00867,2025-01-03,paid_search,P013,Bright Organizer 13,false,true
V006219,C00204,2025-11-18,organic_search,P021,Bright Organizer 21,false,false
V006220,C00809,2025-10-21,organic_search,P022,Active Mat 22,false,false
V006221,C00316,2025-11-25,social,P011,Urban Bottle 11,false,false
V006222,C00477,2025-10-11,direct,P009,Daily Lamp 09,false,false
V006223,C00179,2025-11-14,referral,P027,Urban Bottle 27,true,false
V006224,C00555,2025-05-28,organic_search,P010,Pure Band 10,false,false
V006225,C00897,2025-07-08,direct,P018,Pure Band 18,false,false
V006226,C00326,2025-12-11,email,P003,Urban Bottle 03,true,false
V006227,C00825,2025-05-04,referral,P018,Pure Band 18,false,false
V006228,C00847,2025-11-02,organic_search,P027,Urban Bottle 27,false,false
V006229,C00514,2025-09-21,paid_search,P014,Active Mat 14,false,false
V006230,C00570,2025-08-10,paid_search,P027,Urban Bottle 27,false,false
V006231,C00863,2025-10-15,direct,P018,Pure Band 18,false,true
V006232,C00199,2025-07-10,paid_search,P017,Daily Lamp 17,true,false
V006233,C00494,2025-08-12,social,P014,Active Mat 14,false,false
V006234,C00993,2025-05-01,direct,P011,Urban Bottle 11,false,false
V006235,C00453,2025-08-12,social,P012,Essential Bag 12,false,false
V006236,C00081,2025-10-30,organic_search,P022,Active Mat 22,false,false
V006237,C00194,2025-07-24,direct,P028,Essential Bag 28,false,false
V006238,C00716,2025-02-08,paid_search,P010,Pure Band 10,false,false
V006239,C00105,2025-01-28,direct,P014,Active Mat 14,false,false
V006240,C00227,2025-12-26,paid_search,P027,Urban Bottle 27,false,false
V006241,C00840,2025-04-01,email,P014,Active Mat 14,false,false
V006242,C00477,2025-08-17,paid_search,P018,Pure Band 18,false,false
V006243,C00574,2025-05-30,email,P016,Modern Serum 16,false,false
V006244,C00907,2025-09-20,paid_search,P005,Bright Organizer 05,false,false
V006245,C00314,2025-07-26,paid_search,P025,Daily Lamp 25,true,false
V006246,C00956,2025-05-17,organic_search,P020,Essential Bag 20,false,false
V006247,C00625,2025-09-22,email,P028,Essential Bag 28,false,false
V006248,C00424,2025-10-14,organic_search,P013,Bright Organizer 13,false,false
V006249,C00502,2025-03-06,paid_search,P027,Urban Bottle 27,true,false
V006250,C00360,2025-02-23,social,P003,Urban Bottle 03,false,false
V006251,C00912,2025-08-10,referral,P027,Urban Bottle 27,true,false
V006252,C00976,2025-01-13,direct,P005,Bright Organizer 05,false,false
V006253,C00329,2025-08-26,paid_search,P001,Daily Lamp 01,false,false
V006254,C00166,2025-07-25,email,P017,Daily Lamp 17,true,false
V006255,C00576,2025-08-24,social,P016,Modern Serum 16,false,false
V006256,C00254,2025-07-17,direct,P005,Bright Organizer 05,false,true
V006257,C00928,2025-05-23,organic_search,P026,Pure Band 26,false,false
V006258,C00626,2025-06-03,email,P024,Modern Serum 24,false,false
V006259,C00264,2025-11-26,direct,P023,Calm Cream 23,false,false
V006260,C00265,2025-11-24,social,P028,Essential Bag 28,false,false
V006261,C00343,2025-11-10,social,P013,Bright Organizer 13,false,false
V006262,C00902,2025-10-08,email,P010,Pure Band 10,false,false
V006263,C00603,2025-06-27,paid_search,P028,Essential Bag 28,false,false
V006264,C00037,2025-04-06,organic_search,P020,Essential Bag 20,false,true
V006265,C00584,2025-10-05,paid_search,P010,Pure Band 10,true,false
V006266,C00369,2025-05-01,paid_search,P029,Bright Organizer 29,false,false
V006267,C00518,2025-11-29,direct,P001,Daily Lamp 01,false,false
V006268,C00713,2025-04-13,social,P004,Essential Bag 04,false,false
V006269,C00110,2025-04-18,organic_search,P027,Urban Bottle 27,false,false
V006270,C00346,2025-05-22,organic_search,P020,Essential Bag 20,false,false
V006271,C00781,2025-11-23,paid_search,P002,Pure Band 02,false,false
V006272,C00361,2025-06-15,direct,P016,Modern Serum 16,false,false
V006273,C00322,2025-07-08,email,P023,Calm Cream 23,false,false
V006274,C00408,2025-09-29,organic_search,P002,Pure Band 02,false,false
V006275,C00666,2025-10-18,paid_search,P006,Active Mat 06,false,false
V006276,C00604,2025-12-06,email,P019,Urban Bottle 19,false,false
V006277,C00574,2025-02-03,paid_search,P028,Essential Bag 28,false,true
V006278,C00008,2025-06-07,direct,P007,Calm Cream 07,true,false
V006279,C00527,2025-12-15,paid_search,P023,Calm Cream 23,false,false
V006280,C00037,2025-03-15,organic_search,P026,Pure Band 26,false,false
V006281,C00754,2025-08-22,direct,P018,Pure Band 18,false,false
V006282,C00721,2025-11-13,paid_search,P029,Bright Organizer 29,false,false
V006283,C00728,2025-02-22,direct,P027,Urban Bottle 27,false,true
V006284,C00403,2025-06-28,organic_search,P028,Essential Bag 28,false,false
V006285,C00889,2025-09-24,email,P013,Bright Organizer 13,false,false
V006286,C00644,2025-07-29,organic_search,P005,Bright Organizer 05,false,false
V006287,C00245,2025-03-24,social,P002,Pure Band 02,false,false
V006288,C00054,2025-07-14,email,P019,Urban Bottle 19,false,false
V006289,C00352,2025-04-02,social,P027,Urban Bottle 27,false,false
V006290,C00029,2025-03-27,organic_search,P014,Active Mat 14,true,true
V006291,C00863,2025-11-18,organic_search,P025,Daily Lamp 25,false,false
V006292,C00608,2025-01-05,email,P003,Urban Bottle 03,false,false
V006293,C00791,2025-09-06,organic_search,P005,Bright Organizer 05,true,false
V006294,C00573,2025-03-19,direct,P006,Active Mat 06,false,false
V006295,C00522,2025-10-16,direct,P017,Daily Lamp 17,false,false
V006296,C00344,2025-06-15,email,P020,Essential Bag 20,false,false
V006297,C00747,2025-05-25,organic_search,P019,Urban Bottle 19,false,false
V006298,C00701,2025-04-17,organic_search,P007,Calm Cream 07,false,false
V006299,C00248,2025-09-22,email,P027,Urban Bottle 27,false,false
V006300,C00751,2025-07-21,social,P028,Essential Bag 28,true,false
V006301,C00717,2025-11-25,referral,P013,Bright Organizer 13,true,false
V006302,C00366,2025-05-29,email,P030,Active Mat 30,false,false
V006303,C00479,2025-10-13,social,P015,Calm Cream 15,false,false
V006304,C00483,2025-10-08,direct,P024,Modern Serum 24,false,false
V006305,C00343,2025-01-31,organic_search,P005,Bright Organizer 05,true,false
V006306,C00757,2025-03-25,social,P003,Urban Bottle 03,false,false
V006307,C00377,2025-07-01,organic_search,P010,Pure Band 10,false,false
V006308,C00773,2025-02-04,direct,P020,Essential Bag 20,false,false
V006309,C00943,2025-01-30,social,P004,Essential Bag 04,false,false
V006310,C00750,2025-02-10,direct,P007,Calm Cream 07,false,false
V006311,C00046,2025-05-03,social,P014,Active Mat 14,false,false
V006312,C00989,2025-12-08,paid_search,P018,Pure Band 18,false,false
V006313,C00361,2025-07-30,organic_search,P014,Active Mat 14,false,false
V006314,C00941,2025-07-21,paid_search,P003,Urban Bottle 03,true,false
V006315,C00519,2025-12-02,organic_search,P026,Pure Band 26,true,false
V006316,C00837,2025-10-21,social,P005,Bright Organizer 05,false,false
V006317,C00432,2025-03-12,organic_search,P001,Daily Lamp 01,false,false
V006318,C00557,2025-11-04,email,P025,Daily Lamp 25,false,true
V006319,C00704,2025-11-12,paid_search,P004,Essential Bag 04,false,false
V006320,C00749,2025-10-15,social,P024,Modern Serum 24,false,false
V006321,C00413,2025-04-04,referral,P001,Daily Lamp 01,false,false
V006322,C00503,2025-08-14,paid_search,P001,Daily Lamp 01,false,false
V006323,C00391,2025-08-16,paid_search,P006,Active Mat 06,false,false
V006324,C00062,2025-08-01,organic_search,P019,Urban Bottle 19,false,false
V006325,C00566,2025-04-08,paid_search,P024,Modern Serum 24,false,false
V006326,C00244,2025-09-04,organic_search,P019,Urban Bottle 19,false,false
V006327,C00079,2025-04-10,organic_search,P014,Active Mat 14,false,false
V006328,C00236,2025-12-08,paid_search,P025,Daily Lamp 25,false,false
V006329,C00192,2025-03-06,organic_search,P003,Urban Bottle 03,false,false
V006330,C00790,2025-08-09,email,P023,Calm Cream 23,false,false
V006331,C00294,2025-08-18,organic_search,P009,Daily Lamp 09,false,false
V006332,C00656,2025-05-17,organic_search,P004,Essential Bag 04,true,false
V006333,C00434,2025-03-18,social,P007,Calm Cream 07,false,false
V006334,C00075,2025-03-09,direct,P020,Essential Bag 20,false,false
V006335,C00547,2025-12-29,organic_search,P026,Pure Band 26,true,false
V006336,C00631,2025-11-20,referral,P008,Modern Serum 08,false,false
V006337,C00114,2025-09-11,paid_search,P017,Daily Lamp 17,false,false
V006338,C00824,2025-10-16,paid_search,P029,Bright Organizer 29,false,false
V006339,C00685,2025-09-21,social,P017,Daily Lamp 17,false,false
V006340,C00129,2025-10-28,social,P018,Pure Band 18,false,false
V006341,C00712,2025-07-07,direct,P028,Essential Bag 28,false,false
V006342,C00428,2025-02-09,paid_search,P025,Daily Lamp 25,false,false
V006343,C00752,2025-02-21,social,P005,Bright Organizer 05,false,false
V006344,C00643,2025-04-08,paid_search,P027,Urban Bottle 27,false,false
V006345,C00952,2025-02-24,social,P024,Modern Serum 24,false,false
V006346,C00989,2025-03-11,social,P021,Bright Organizer 21,false,false
V006347,C00860,2025-12-22,paid_search,P003,Urban Bottle 03,false,true
V006348,C00059,2025-06-03,direct,P018,Pure Band 18,true,false
V006349,C00115,2025-05-05,email,P019,Urban Bottle 19,false,false
V006350,C00220,2025-04-05,organic_search,P005,Bright Organizer 05,false,false
V006351,C00284,2025-09-14,paid_search,P010,Pure Band 10,false,false
V006352,C00117,2025-04-04,email,P003,Urban Bottle 03,false,false
V006353,C00543,2025-10-27,organic_search,P004,Essential Bag 04,false,false
V006354,C00735,2025-06-28,organic_search,P007,Calm Cream 07,true,true
V006355,C00171,2025-05-04,organic_search,P013,Bright Organizer 13,false,false
V006356,C00495,2025-03-27,referral,P027,Urban Bottle 27,false,true
V006357,C00462,2025-01-06,direct,P016,Modern Serum 16,false,false
V006358,C00750,2025-04-21,email,P028,Essential Bag 28,true,false
V006359,C00097,2025-08-02,social,P002,Pure Band 02,false,false
V006360,C00525,2025-12-15,organic_search,P003,Urban Bottle 03,false,false
V006361,C00894,2025-04-28,organic_search,P008,Modern Serum 08,true,false
V006362,C00038,2025-12-16,organic_search,P026,Pure Band 26,false,false
V006363,C00153,2025-08-03,organic_search,P005,Bright Organizer 05,false,false
V006364,C00533,2025-12-28,social,P020,Essential Bag 20,false,false
V006365,C00596,2025-07-31,paid_search,P023,Calm Cream 23,false,false
V006366,C00198,2025-11-17,paid_search,P022,Active Mat 22,false,false
V006367,C00782,2025-06-09,organic_search,P030,Active Mat 30,false,false
V006368,C00088,2025-04-04,social,P017,Daily Lamp 17,false,false
V006369,C00690,2025-05-25,direct,P006,Active Mat 06,false,true
V006370,C00739,2025-01-08,direct,P027,Urban Bottle 27,false,false
V006371,C00219,2025-06-18,email,P027,Urban Bottle 27,false,false
V006372,C00881,2025-10-06,email,P013,Bright Organizer 13,false,false
V006373,C00166,2025-12-12,organic_search,P003,Urban Bottle 03,true,false
V006374,C00434,2025-04-10,referral,P017,Daily Lamp 17,true,true
V006375,C00032,2025-06-29,organic_search,P006,Active Mat 06,false,false
V006376,C00913,2025-09-11,social,P026,Pure Band 26,false,false
V006377,C00867,2025-11-12,paid_search,P012,Essential Bag 12,false,false
V006378,C00610,2025-05-11,social,P015,Calm Cream 15,false,false
V006379,C00362,2025-02-05,paid_search,P026,Pure Band 26,true,false
V006380,C00615,2025-10-31,social,P026,Pure Band 26,false,false
V006381,C00984,2025-02-16,email,P011,Urban Bottle 11,true,false
V006382,C00861,2025-09-18,direct,P012,Essential Bag 12,false,false
V006383,C00272,2025-04-24,organic_search,P019,Urban Bottle 19,false,false
V006384,C00865,2025-08-05,email,P018,Pure Band 18,false,false
V006385,C00402,2025-12-03,email,P005,Bright Organizer 05,false,false
V006386,C00949,2025-12-17,organic_search,P029,Bright Organizer 29,false,false
V006387,C00605,2025-02-23,organic_search,P022,Active Mat 22,false,false
V006388,C00306,2025-04-06,organic_search,P023,Calm Cream 23,true,false
V006389,C00234,2025-08-28,social,P003,Urban Bottle 03,false,false
V006390,C00328,2025-07-28,organic_search,P007,Calm Cream 07,false,false
V006391,C00069,2025-12-11,organic_search,P005,Bright Organizer 05,true,false
V006392,C00198,2025-05-10,referral,P006,Active Mat 06,false,false
V006393,C00375,2025-08-24,organic_search,P012,Essential Bag 12,true,false
V006394,C00777,2025-02-26,social,P001,Daily Lamp 01,false,false
V006395,C00756,2025-01-13,organic_search,P020,Essential Bag 20,true,false
V006396,C00722,2025-03-06,direct,P011,Urban Bottle 11,false,false
V006397,C00733,2025-08-05,paid_search,P017,Daily Lamp 17,true,false
V006398,C00056,2025-12-07,paid_search,P023,Calm Cream 23,false,false
V006399,C00438,2025-04-05,organic_search,P018,Pure Band 18,false,false
V006400,C00534,2025-02-13,social,P009,Daily Lamp 09,false,false
V006401,C00095,2025-10-06,direct,P028,Essential Bag 28,false,false
V006402,C00060,2025-12-19,direct,P018,Pure Band 18,false,false
V006403,C00175,2025-10-08,paid_search,P018,Pure Band 18,false,false
V006404,C00309,2025-08-30,organic_search,P027,Urban Bottle 27,true,false
V006405,C00873,2025-09-21,social,P020,Essential Bag 20,true,false
V006406,C00330,2025-12-05,referral,P001,Daily Lamp 01,false,false
V006407,C00985,2025-06-10,organic_search,P016,Modern Serum 16,true,true
V006408,C00713,2025-12-16,paid_search,P011,Urban Bottle 11,false,false
V006409,C00343,2025-06-29,organic_search,P001,Daily Lamp 01,false,false
V006410,C00471,2025-12-08,organic_search,P014,Active Mat 14,false,false
V006411,C00366,2025-11-04,paid_search,P014,Active Mat 14,false,false
V006412,C00773,2025-05-10,paid_search,P016,Modern Serum 16,false,false
V006413,C00499,2025-04-25,direct,P001,Daily Lamp 01,false,true
V006414,C00681,2025-12-27,organic_search,P022,Active Mat 22,false,false
V006415,C00296,2025-03-09,social,P030,Active Mat 30,false,false
V006416,C00829,2025-06-27,social,P023,Calm Cream 23,false,false
V006417,C00336,2025-03-03,email,P002,Pure Band 02,false,false
V006418,C00340,2025-06-30,organic_search,P005,Bright Organizer 05,false,false
V006419,C00072,2025-06-25,paid_search,P028,Essential Bag 28,false,false
V006420,C00473,2025-04-11,email,P004,Essential Bag 04,false,false
V006421,C00165,2025-09-04,email,P023,Calm Cream 23,false,false
V006422,C00779,2025-09-27,organic_search,P006,Active Mat 06,false,false
V006423,C00139,2025-11-27,organic_search,P014,Active Mat 14,false,true
V006424,C00977,2025-09-18,paid_search,P018,Pure Band 18,false,false
V006425,C00136,2025-05-05,social,P020,Essential Bag 20,false,false
V006426,C00909,2025-05-06,email,P014,Active Mat 14,false,false
V006427,C00600,2025-01-11,organic_search,P007,Calm Cream 07,true,false
V006428,C00171,2025-04-02,direct,P013,Bright Organizer 13,false,false
V006429,C00760,2025-09-08,paid_search,P004,Essential Bag 04,false,false
V006430,C00933,2025-01-04,social,P006,Active Mat 06,true,false
V006431,C00493,2025-10-13,email,P029,Bright Organizer 29,false,false
V006432,C00102,2025-03-11,organic_search,P019,Urban Bottle 19,false,false
V006433,C00410,2025-09-22,organic_search,P014,Active Mat 14,false,false
V006434,C00147,2025-11-10,social,P028,Essential Bag 28,false,false
V006435,C00979,2025-01-09,organic_search,P014,Active Mat 14,false,false
V006436,C00382,2025-05-23,paid_search,P003,Urban Bottle 03,false,true
V006437,C00620,2025-04-23,organic_search,P015,Calm Cream 15,false,true
V006438,C00601,2025-01-09,paid_search,P009,Daily Lamp 09,false,false
V006439,C00566,2025-09-28,referral,P019,Urban Bottle 19,false,true
V006440,C00080,2025-09-08,paid_search,P029,Bright Organizer 29,false,false
V006441,C00922,2025-11-27,paid_search,P025,Daily Lamp 25,false,false
V006442,C00805,2025-09-18,social,P020,Essential Bag 20,false,false
V006443,C00679,2025-01-05,social,P024,Modern Serum 24,false,false
V006444,C00475,2025-07-25,organic_search,P028,Essential Bag 28,false,false
V006445,C00408,2025-05-25,email,P009,Daily Lamp 09,false,false
V006446,C00191,2025-01-25,organic_search,P029,Bright Organizer 29,false,false
V006447,C00123,2025-08-27,organic_search,P027,Urban Bottle 27,true,false
V006448,C00012,2025-01-20,email,P029,Bright Organizer 29,false,false
V006449,C00482,2025-01-15,social,P007,Calm Cream 07,true,true
V006450,C00430,2025-02-11,direct,P005,Bright Organizer 05,true,false
V006451,C00132,2025-01-26,social,P012,Essential Bag 12,false,false
V006452,C00872,2025-03-14,organic_search,P020,Essential Bag 20,false,false
V006453,C00536,2025-02-03,direct,P019,Urban Bottle 19,false,false
V006454,C00893,2025-11-11,organic_search,P026,Pure Band 26,true,false
V006455,C00471,2025-04-02,paid_search,P017,Daily Lamp 17,false,false
V006456,C00424,2025-09-27,social,P007,Calm Cream 07,false,false
V006457,C00879,2025-04-21,organic_search,P008,Modern Serum 08,false,false
V006458,C00253,2025-11-02,direct,P016,Modern Serum 16,false,false
V006459,C00522,2025-04-07,organic_search,P021,Bright Organizer 21,false,false
V006460,C00516,2025-06-27,direct,P001,Daily Lamp 01,false,false
V006461,C00003,2025-10-23,organic_search,P030,Active Mat 30,false,false
V006462,C00994,2025-01-27,direct,P017,Daily Lamp 17,false,false
V006463,C00437,2025-04-22,social,P006,Active Mat 06,false,false
V006464,C00584,2025-02-28,referral,P024,Modern Serum 24,false,false
V006465,C00212,2025-01-17,direct,P028,Essential Bag 28,false,false
V006466,C00958,2025-11-03,organic_search,P024,Modern Serum 24,false,false
V006467,C00484,2025-08-16,organic_search,P028,Essential Bag 28,false,false
V006468,C00053,2025-11-17,organic_search,P014,Active Mat 14,true,true
V006469,C00823,2025-04-22,direct,P004,Essential Bag 04,true,true
V006470,C00251,2025-08-18,paid_search,P027,Urban Bottle 27,false,false
V006471,C00711,2025-04-24,organic_search,P026,Pure Band 26,false,true
V006472,C00073,2025-12-16,organic_search,P016,Modern Serum 16,false,false
V006473,C00271,2025-09-03,organic_search,P014,Active Mat 14,false,false
V006474,C00837,2025-06-09,organic_search,P024,Modern Serum 24,true,true
V006475,C00172,2025-08-28,email,P026,Pure Band 26,false,false
V006476,C00955,2025-08-01,email,P029,Bright Organizer 29,false,false
V006477,C00334,2025-05-08,email,P024,Modern Serum 24,false,false
V006478,C00926,2025-11-08,direct,P028,Essential Bag 28,false,false
V006479,C00478,2025-08-05,direct,P027,Urban Bottle 27,false,false
V006480,C00028,2025-09-29,organic_search,P001,Daily Lamp 01,false,false
V006481,C00981,2025-04-06,organic_search,P023,Calm Cream 23,true,true
V006482,C00896,2025-10-12,social,P013,Bright Organizer 13,false,false
V006483,C00801,2025-04-28,paid_search,P028,Essential Bag 28,false,false
V006484,C00621,2025-05-01,email,P006,Active Mat 06,false,false
V006485,C00681,2025-10-23,organic_search,P007,Calm Cream 07,true,false
V006486,C00353,2025-07-03,social,P010,Pure Band 10,true,false
V006487,C00722,2025-06-02,social,P019,Urban Bottle 19,false,false
V006488,C00735,2025-07-09,email,P013,Bright Organizer 13,false,false
V006489,C00774,2025-10-25,organic_search,P028,Essential Bag 28,false,false
V006490,C00901,2025-03-14,email,P007,Calm Cream 07,false,false
V006491,C00978,2025-06-09,social,P029,Bright Organizer 29,false,false
V006492,C00163,2025-10-19,social,P014,Active Mat 14,false,false
V006493,C00376,2025-09-18,paid_search,P010,Pure Band 10,false,false
V006494,C00730,2025-12-06,paid_search,P003,Urban Bottle 03,false,false
V006495,C00018,2025-02-20,organic_search,P026,Pure Band 26,true,false
V006496,C00309,2025-06-10,direct,P001,Daily Lamp 01,false,false
V006497,C00381,2025-11-10,direct,P007,Calm Cream 07,false,false
V006498,C00865,2025-12-31,organic_search,P024,Modern Serum 24,false,true
V006499,C00529,2025-01-02,organic_search,P021,Bright Organizer 21,false,false
V006500,C00018,2025-11-25,paid_search,P023,Calm Cream 23,false,false
V006501,C00400,2025-08-05,direct,P029,Bright Organizer 29,false,false
V006502,C00575,2025-04-02,organic_search,P008,Modern Serum 08,true,false
V006503,C00355,2025-04-27,organic_search,P026,Pure Band 26,false,false
V006504,C00825,2025-04-16,organic_search,P004,Essential Bag 04,true,false
V006505,C00718,2025-05-09,organic_search,P018,Pure Band 18,false,false
V006506,C00149,2025-10-23,email,P004,Essential Bag 04,false,false
V006507,C00229,2025-11-27,direct,P026,Pure Band 26,false,false
V006508,C00583,2025-11-27,direct,P001,Daily Lamp 01,false,false
V006509,C00083,2025-07-19,email,P024,Modern Serum 24,true,false
V006510,C00082,2025-06-15,email,P004,Essential Bag 04,false,false
V006511,C00122,2025-10-02,email,P003,Urban Bottle 03,false,false
V006512,C00029,2025-12-17,organic_search,P015,Calm Cream 15,false,false
V006513,C00387,2025-11-15,paid_search,P005,Bright Organizer 05,false,false
V006514,C00862,2025-02-27,organic_search,P005,Bright Organizer 05,false,false
V006515,C00952,2025-10-07,organic_search,P002,Pure Band 02,true,true
V006516,C00576,2025-09-29,social,P023,Calm Cream 23,false,false
V006517,C00395,2025-03-18,email,P020,Essential Bag 20,false,false
V006518,C00572,2025-07-10,paid_search,P009,Daily Lamp 09,true,false
V006519,C00449,2025-05-28,direct,P023,Calm Cream 23,false,false
V006520,C00909,2025-09-29,direct,P018,Pure Band 18,false,false
V006521,C00077,2025-09-17,direct,P009,Daily Lamp 09,false,false
V006522,C00724,2025-09-24,social,P026,Pure Band 26,false,false
V006523,C00414,2025-07-31,email,P022,Active Mat 22,false,false
V006524,C01000,2025-08-11,paid_search,P015,Calm Cream 15,false,false
V006525,C00927,2025-08-15,social,P027,Urban Bottle 27,false,false
V006526,C00832,2025-05-31,email,P022,Active Mat 22,false,false
V006527,C00785,2025-11-16,direct,P008,Modern Serum 08,false,false
V006528,C00202,2025-01-05,paid_search,P023,Calm Cream 23,false,false
V006529,C00913,2025-04-12,paid_search,P014,Active Mat 14,false,false
V006530,C00232,2025-12-12,social,P029,Bright Organizer 29,true,false
V006531,C00355,2025-07-07,organic_search,P019,Urban Bottle 19,false,false
V006532,C00863,2025-04-11,direct,P015,Calm Cream 15,false,false
V006533,C00992,2025-04-07,social,P024,Modern Serum 24,false,true
V006534,C00190,2025-05-02,paid_search,P027,Urban Bottle 27,false,false
V006535,C00907,2025-09-10,email,P005,Bright Organizer 05,true,false
V006536,C00408,2025-03-13,social,P027,Urban Bottle 27,false,false
V006537,C00520,2025-07-30,email,P009,Daily Lamp 09,false,false
V006538,C00497,2025-04-16,organic_search,P015,Calm Cream 15,false,false
V006539,C00517,2025-02-10,organic_search,P009,Daily Lamp 09,false,false
V006540,C00683,2025-11-26,organic_search,P028,Essential Bag 28,false,false
V006541,C00472,2025-12-23,organic_search,P021,Bright Organizer 21,false,false
V006542,C00674,2025-01-18,email,P006,Active Mat 06,false,false
V006543,C00612,2025-06-03,direct,P017,Daily Lamp 17,false,false
V006544,C00189,2025-02-07,paid_search,P026,Pure Band 26,false,false
V006545,C00518,2025-03-10,direct,P013,Bright Organizer 13,false,false
V006546,C00896,2025-06-18,organic_search,P004,Essential Bag 04,false,false
V006547,C00676,2025-02-22,organic_search,P001,Daily Lamp 01,false,false
V006548,C00840,2025-06-08,paid_search,P017,Daily Lamp 17,true,false
V006549,C00062,2025-06-09,social,P021,Bright Organizer 21,false,false
V006550,C00297,2025-05-19,paid_search,P024,Modern Serum 24,false,false
V006551,C00955,2025-10-05,organic_search,P025,Daily Lamp 25,false,false
V006552,C00145,2025-03-21,social,P003,Urban Bottle 03,false,false
V006553,C00281,2025-04-27,organic_search,P005,Bright Organizer 05,false,false
V006554,C00624,2025-08-13,social,P003,Urban Bottle 03,false,false
V006555,C00042,2025-03-09,email,P003,Urban Bottle 03,false,false
V006556,C00490,2025-10-26,paid_search,P016,Modern Serum 16,true,false
V006557,C00436,2025-07-20,direct,P006,Active Mat 06,false,false
V006558,C00862,2025-11-21,email,P011,Urban Bottle 11,false,false
V006559,C00672,2025-01-01,organic_search,P013,Bright Organizer 13,true,true
V006560,C00405,2025-11-26,organic_search,P029,Bright Organizer 29,false,false
V006561,C00610,2025-06-12,direct,P014,Active Mat 14,false,false
V006562,C00748,2025-12-11,direct,P029,Bright Organizer 29,true,false
V006563,C00185,2025-01-13,social,P012,Essential Bag 12,true,false
V006564,C00059,2025-07-15,organic_search,P014,Active Mat 14,false,false
V006565,C00922,2025-09-03,direct,P009,Daily Lamp 09,false,false
V006566,C00479,2025-11-18,direct,P022,Active Mat 22,false,false
V006567,C00573,2025-10-02,paid_search,P004,Essential Bag 04,false,false
V006568,C00241,2025-01-05,social,P009,Daily Lamp 09,false,false
V006569,C00893,2025-07-02,social,P028,Essential Bag 28,false,false
V006570,C00276,2025-10-27,direct,P019,Urban Bottle 19,false,false
V006571,C00462,2025-11-24,organic_search,P016,Modern Serum 16,false,false
V006572,C00971,2025-10-31,paid_search,P004,Essential Bag 04,false,true
V006573,C00756,2025-09-27,direct,P005,Bright Organizer 05,true,true
V006574,C00642,2025-05-07,direct,P022,Active Mat 22,false,false
V006575,C00855,2025-06-16,direct,P029,Bright Organizer 29,false,false
V006576,C00272,2025-04-29,paid_search,P014,Active Mat 14,false,false
V006577,C00600,2025-05-23,social,P004,Essential Bag 04,false,false
V006578,C00882,2025-03-02,paid_search,P011,Urban Bottle 11,false,false
V006579,C00461,2025-09-09,paid_search,P019,Urban Bottle 19,false,false
V006580,C00729,2025-04-28,organic_search,P027,Urban Bottle 27,false,false
V006581,C00653,2025-11-01,paid_search,P013,Bright Organizer 13,false,false
V006582,C00043,2025-06-25,direct,P003,Urban Bottle 03,false,false
V006583,C00917,2025-03-06,organic_search,P024,Modern Serum 24,false,false
V006584,C00506,2025-07-09,organic_search,P008,Modern Serum 08,false,false
V006585,C00984,2025-03-15,direct,P011,Urban Bottle 11,false,false
V006586,C00062,2025-05-17,social,P019,Urban Bottle 19,false,false
V006587,C00919,2025-06-15,social,P023,Calm Cream 23,false,false
V006588,C00135,2025-03-18,paid_search,P024,Modern Serum 24,false,false
V006589,C00438,2025-06-28,email,P004,Essential Bag 04,false,false
V006590,C00483,2025-06-29,paid_search,P026,Pure Band 26,false,false
V006591,C00041,2025-03-08,referral,P012,Essential Bag 12,false,false
V006592,C00068,2025-06-09,organic_search,P025,Daily Lamp 25,false,false
V006593,C00026,2025-07-28,organic_search,P029,Bright Organizer 29,false,false
V006594,C00809,2025-02-27,organic_search,P010,Pure Band 10,false,false
V006595,C00933,2025-09-28,organic_search,P028,Essential Bag 28,false,false
V006596,C00479,2025-05-27,direct,P010,Pure Band 10,false,false
V006597,C00710,2025-08-06,organic_search,P028,Essential Bag 28,true,false
V006598,C00490,2025-10-01,direct,P020,Essential Bag 20,false,false
V006599,C00414,2025-01-10,email,P005,Bright Organizer 05,false,false
V006600,C00311,2025-09-18,direct,P005,Bright Organizer 05,false,false
V006601,C00780,2025-11-26,organic_search,P027,Urban Bottle 27,false,false
V006602,C00622,2025-04-26,social,P001,Daily Lamp 01,false,false
V006603,C00387,2025-11-08,paid_search,P028,Essential Bag 28,false,false
V006604,C00023,2025-05-16,organic_search,P028,Essential Bag 28,false,false
V006605,C00990,2025-11-20,organic_search,P028,Essential Bag 28,false,false
V006606,C00247,2025-05-24,referral,P003,Urban Bottle 03,false,false
V006607,C00865,2025-12-17,organic_search,P004,Essential Bag 04,false,false
V006608,C00042,2025-11-26,referral,P009,Daily Lamp 09,false,false
V006609,C00783,2025-09-10,direct,P005,Bright Organizer 05,false,false
V006610,C00500,2025-05-27,organic_search,P013,Bright Organizer 13,false,false
V006611,C00290,2025-10-12,organic_search,P005,Bright Organizer 05,false,false
V006612,C00311,2025-08-29,paid_search,P001,Daily Lamp 01,false,false
V006613,C00185,2025-06-25,social,P003,Urban Bottle 03,true,false
V006614,C00795,2025-03-21,organic_search,P009,Daily Lamp 09,false,false
V006615,C00250,2025-05-16,referral,P023,Calm Cream 23,false,false
V006616,C00983,2025-08-11,email,P005,Bright Organizer 05,true,false
V006617,C00887,2025-07-24,organic_search,P001,Daily Lamp 01,false,false
V006618,C00318,2025-03-17,direct,P020,Essential Bag 20,false,false
V006619,C00284,2025-04-09,social,P023,Calm Cream 23,false,true
V006620,C00809,2025-05-02,social,P006,Active Mat 06,false,false
V006621,C00147,2025-06-14,email,P019,Urban Bottle 19,false,false
V006622,C00917,2025-07-29,paid_search,P010,Pure Band 10,false,false
V006623,C00244,2025-01-22,direct,P027,Urban Bottle 27,false,true
V006624,C00660,2025-12-23,email,P021,Bright Organizer 21,false,false
V006625,C00546,2025-03-10,referral,P007,Calm Cream 07,false,false
V006626,C00503,2025-11-07,paid_search,P015,Calm Cream 15,false,false
V006627,C00629,2025-10-18,email,P007,Calm Cream 07,false,false
V006628,C00270,2025-12-16,paid_search,P006,Active Mat 06,false,true
V006629,C00233,2025-04-18,organic_search,P006,Active Mat 06,false,false
V006630,C00801,2025-01-06,direct,P027,Urban Bottle 27,true,false
V006631,C00147,2025-03-25,organic_search,P010,Pure Band 10,true,true
V006632,C00380,2025-07-06,social,P013,Bright Organizer 13,true,false
V006633,C00042,2025-06-02,email,P005,Bright Organizer 05,true,true
V006634,C00596,2025-03-24,social,P001,Daily Lamp 01,false,false
V006635,C00951,2025-04-25,direct,P027,Urban Bottle 27,false,false
V006636,C00097,2025-10-05,organic_search,P018,Pure Band 18,false,false
V006637,C00103,2025-12-14,organic_search,P027,Urban Bottle 27,false,true
V006638,C00445,2025-03-11,paid_search,P027,Urban Bottle 27,false,false
V006639,C00627,2025-09-20,social,P015,Calm Cream 15,false,false
V006640,C00292,2025-03-25,paid_search,P008,Modern Serum 08,false,false
V006641,C00588,2025-09-23,referral,P016,Modern Serum 16,false,false
V006642,C00295,2025-12-17,direct,P011,Urban Bottle 11,false,false
V006643,C00012,2025-02-01,direct,P025,Daily Lamp 25,true,false
V006644,C00629,2025-01-02,organic_search,P026,Pure Band 26,false,false
V006645,C00192,2025-06-21,direct,P020,Essential Bag 20,true,false
V006646,C00968,2025-06-06,referral,P017,Daily Lamp 17,false,false
V006647,C00367,2025-11-12,email,P007,Calm Cream 07,false,false
V006648,C00334,2025-03-27,organic_search,P001,Daily Lamp 01,false,false
V006649,C00251,2025-10-18,paid_search,P012,Essential Bag 12,false,false
V006650,C00775,2025-09-15,direct,P005,Bright Organizer 05,false,false
V006651,C00114,2025-08-21,organic_search,P018,Pure Band 18,false,true
V006652,C00349,2025-06-01,organic_search,P026,Pure Band 26,false,false
V006653,C00781,2025-07-20,social,P023,Calm Cream 23,false,false
V006654,C00215,2025-09-08,social,P004,Essential Bag 04,false,false
V006655,C00760,2025-04-18,direct,P011,Urban Bottle 11,true,true
V006656,C00661,2025-07-06,organic_search,P027,Urban Bottle 27,false,false
V006657,C00388,2025-05-24,direct,P019,Urban Bottle 19,true,false
V006658,C00720,2025-04-28,paid_search,P010,Pure Band 10,true,true
V006659,C00164,2025-05-28,paid_search,P016,Modern Serum 16,false,false
V006660,C00741,2025-09-01,direct,P003,Urban Bottle 03,true,false
V006661,C00353,2025-08-19,paid_search,P006,Active Mat 06,true,false
V006662,C00625,2025-09-18,paid_search,P015,Calm Cream 15,false,false
V006663,C00822,2025-09-08,social,P027,Urban Bottle 27,false,false
V006664,C00813,2025-01-07,social,P030,Active Mat 30,false,false
V006665,C00942,2025-10-03,organic_search,P016,Modern Serum 16,false,false
V006666,C00551,2025-02-11,email,P020,Essential Bag 20,false,false
V006667,C00465,2025-05-19,organic_search,P022,Active Mat 22,false,false
V006668,C00184,2025-07-21,organic_search,P005,Bright Organizer 05,false,false
V006669,C00843,2025-11-25,social,P003,Urban Bottle 03,false,false
V006670,C00546,2025-11-15,organic_search,P012,Essential Bag 12,true,false
V006671,C00976,2025-04-07,direct,P005,Bright Organizer 05,false,false
V006672,C00910,2025-06-23,direct,P017,Daily Lamp 17,false,false
V006673,C00229,2025-03-15,organic_search,P029,Bright Organizer 29,false,false
V006674,C00004,2025-07-28,social,P002,Pure Band 02,false,false
V006675,C00545,2025-12-24,organic_search,P029,Bright Organizer 29,false,false
V006676,C00789,2025-04-27,social,P028,Essential Bag 28,false,false
V006677,C00158,2025-02-03,email,P022,Active Mat 22,false,false
V006678,C00580,2025-05-25,email,P008,Modern Serum 08,false,false
V006679,C00746,2025-04-15,email,P022,Active Mat 22,true,false
V006680,C00717,2025-01-28,email,P011,Urban Bottle 11,false,false
V006681,C00081,2025-12-18,paid_search,P013,Bright Organizer 13,false,false
V006682,C00473,2025-10-01,email,P022,Active Mat 22,false,false
V006683,C00462,2025-01-28,paid_search,P007,Calm Cream 07,false,false
V006684,C00979,2025-11-26,referral,P016,Modern Serum 16,false,false
V006685,C00944,2025-07-12,direct,P009,Daily Lamp 09,false,false
V006686,C00463,2025-03-24,email,P002,Pure Band 02,true,false
V006687,C00057,2025-11-21,paid_search,P014,Active Mat 14,true,false
V006688,C00652,2025-01-29,referral,P018,Pure Band 18,false,true
V006689,C00848,2025-06-14,direct,P020,Essential Bag 20,false,false
V006690,C00864,2025-03-20,direct,P030,Active Mat 30,false,false
V006691,C00220,2025-05-16,paid_search,P027,Urban Bottle 27,false,false
V006692,C00528,2025-12-10,direct,P006,Active Mat 06,false,false
V006693,C00858,2025-01-14,email,P015,Calm Cream 15,false,false
V006694,C00139,2025-04-27,organic_search,P003,Urban Bottle 03,true,false
V006695,C00506,2025-10-13,email,P013,Bright Organizer 13,false,false
V006696,C00954,2025-01-04,organic_search,P027,Urban Bottle 27,false,false
V006697,C00262,2025-03-29,email,P012,Essential Bag 12,false,false
V006698,C00354,2025-08-25,direct,P022,Active Mat 22,false,false
V006699,C00318,2025-12-11,email,P001,Daily Lamp 01,false,false
V006700,C00125,2025-01-03,referral,P020,Essential Bag 20,false,false
V006701,C00945,2025-06-23,paid_search,P003,Urban Bottle 03,true,false
V006702,C00931,2025-08-21,paid_search,P022,Active Mat 22,true,true
V006703,C00623,2025-09-25,social,P013,Bright Organizer 13,false,false
V006704,C00893,2025-05-09,direct,P012,Essential Bag 12,false,false
V006705,C00657,2025-01-18,social,P005,Bright Organizer 05,false,false
V006706,C00759,2025-01-31,email,P017,Daily Lamp 17,false,false
V006707,C00349,2025-10-09,paid_search,P026,Pure Band 26,false,false
V006708,C00747,2025-01-29,organic_search,P016,Modern Serum 16,false,true
V006709,C00611,2025-10-19,paid_search,P014,Active Mat 14,false,false
V006710,C00537,2025-08-29,email,P002,Pure Band 02,false,false
V006711,C00148,2025-11-12,organic_search,P019,Urban Bottle 19,false,false
V006712,C00148,2025-05-26,paid_search,P019,Urban Bottle 19,false,false
V006713,C00414,2025-06-11,paid_search,P009,Daily Lamp 09,false,false
V006714,C00049,2025-01-10,social,P028,Essential Bag 28,false,false
V006715,C00740,2025-03-03,referral,P006,Active Mat 06,false,false
V006716,C00670,2025-04-14,referral,P012,Essential Bag 12,true,true
V006717,C00528,2025-04-03,email,P024,Modern Serum 24,false,false
V006718,C00917,2025-06-14,paid_search,P013,Bright Organizer 13,false,true
V006719,C00349,2025-07-24,paid_search,P003,Urban Bottle 03,false,false
V006720,C00491,2025-09-30,social,P007,Calm Cream 07,false,false
V006721,C00796,2025-12-30,organic_search,P004,Essential Bag 04,false,false
V006722,C00604,2025-02-16,social,P018,Pure Band 18,false,false
V006723,C00586,2025-10-16,organic_search,P001,Daily Lamp 01,false,false
V006724,C00132,2025-11-18,social,P029,Bright Organizer 29,false,false
V006725,C00847,2025-01-31,organic_search,P001,Daily Lamp 01,false,false
V006726,C00855,2025-03-26,email,P021,Bright Organizer 21,false,false
V006727,C00786,2025-02-20,organic_search,P003,Urban Bottle 03,false,false
V006728,C00769,2025-09-28,social,P017,Daily Lamp 17,false,false
V006729,C00254,2025-10-12,paid_search,P006,Active Mat 06,false,false
V006730,C00116,2025-12-10,referral,P008,Modern Serum 08,false,false
V006731,C00453,2025-02-20,paid_search,P003,Urban Bottle 03,false,true
V006732,C00571,2025-09-23,social,P020,Essential Bag 20,false,false
V006733,C00353,2025-01-05,direct,P010,Pure Band 10,false,false
V006734,C00715,2025-07-30,direct,P018,Pure Band 18,false,false
V006735,C00430,2025-06-19,referral,P021,Bright Organizer 21,false,false
V006736,C00682,2025-08-28,organic_search,P013,Bright Organizer 13,false,false
V006737,C00293,2025-06-29,email,P015,Calm Cream 15,false,true
V006738,C00403,2025-11-16,email,P021,Bright Organizer 21,false,false
V006739,C00512,2025-12-12,paid_search,P030,Active Mat 30,false,false
V006740,C00220,2025-08-26,organic_search,P027,Urban Bottle 27,false,true
V006741,C00947,2025-01-02,organic_search,P014,Active Mat 14,false,false
V006742,C00644,2025-04-10,social,P022,Active Mat 22,true,true
V006743,C00912,2025-09-05,direct,P027,Urban Bottle 27,false,false
V006744,C00096,2025-03-01,paid_search,P028,Essential Bag 28,false,false
V006745,C00358,2025-02-21,social,P007,Calm Cream 07,false,false
V006746,C00061,2025-08-07,referral,P023,Calm Cream 23,false,false
V006747,C00092,2025-09-08,social,P009,Daily Lamp 09,false,false
V006748,C00454,2025-02-13,paid_search,P010,Pure Band 10,false,false
V006749,C00121,2025-02-24,social,P014,Active Mat 14,false,false
V006750,C00117,2025-11-20,social,P007,Calm Cream 07,false,false
V006751,C00251,2025-07-11,direct,P011,Urban Bottle 11,false,false
V006752,C00569,2025-08-24,organic_search,P013,Bright Organizer 13,false,false
V006753,C00548,2025-05-24,email,P024,Modern Serum 24,false,false
V006754,C00074,2025-04-24,paid_search,P007,Calm Cream 07,false,false
V006755,C00651,2025-01-01,paid_search,P017,Daily Lamp 17,false,false
V006756,C00358,2025-03-01,referral,P018,Pure Band 18,true,false
V006757,C00320,2025-10-01,organic_search,P012,Essential Bag 12,false,false
V006758,C00135,2025-10-15,social,P004,Essential Bag 04,true,false
V006759,C00771,2025-06-22,organic_search,P026,Pure Band 26,true,false
V006760,C00265,2025-05-01,paid_search,P022,Active Mat 22,false,false
V006761,C00840,2025-07-10,direct,P029,Bright Organizer 29,false,false
V006762,C00878,2025-08-19,social,P001,Daily Lamp 01,false,false
V006763,C00804,2025-11-05,paid_search,P011,Urban Bottle 11,true,false
V006764,C00655,2025-05-31,paid_search,P022,Active Mat 22,false,false
V006765,C00064,2025-12-14,paid_search,P001,Daily Lamp 01,false,false
V006766,C00127,2025-07-14,paid_search,P026,Pure Band 26,false,false
V006767,C00274,2025-09-28,email,P013,Bright Organizer 13,true,false
V006768,C00167,2025-06-16,email,P022,Active Mat 22,false,false
V006769,C00273,2025-08-26,organic_search,P012,Essential Bag 12,false,false
V006770,C00667,2025-06-29,direct,P026,Pure Band 26,false,false
V006771,C00689,2025-01-15,direct,P028,Essential Bag 28,false,false
V006772,C00439,2025-12-03,paid_search,P015,Calm Cream 15,false,false
V006773,C00029,2025-04-24,social,P023,Calm Cream 23,false,false
V006774,C00416,2025-05-05,email,P016,Modern Serum 16,true,false
V006775,C00896,2025-08-09,paid_search,P003,Urban Bottle 03,false,false
V006776,C00790,2025-04-28,direct,P024,Modern Serum 24,false,false
V006777,C00505,2025-07-19,paid_search,P015,Calm Cream 15,false,false
V006778,C00229,2025-12-04,organic_search,P028,Essential Bag 28,false,false
V006779,C00777,2025-07-21,email,P005,Bright Organizer 05,false,false
V006780,C00442,2025-01-27,direct,P009,Daily Lamp 09,false,true
V006781,C00316,2025-06-18,paid_search,P018,Pure Band 18,false,false
V006782,C00205,2025-03-18,paid_search,P020,Essential Bag 20,false,false
V006783,C00383,2025-09-26,paid_search,P006,Active Mat 06,true,true
V006784,C00872,2025-01-25,paid_search,P016,Modern Serum 16,false,true
V006785,C00414,2025-02-21,paid_search,P013,Bright Organizer 13,false,false
V006786,C00197,2025-07-10,organic_search,P020,Essential Bag 20,false,false
V006787,C00383,2025-12-21,organic_search,P019,Urban Bottle 19,false,false
V006788,C00950,2025-06-21,paid_search,P030,Active Mat 30,false,false
V006789,C00793,2025-06-15,organic_search,P013,Bright Organizer 13,false,false
V006790,C00721,2025-08-01,social,P012,Essential Bag 12,false,false
V006791,C00396,2025-04-27,direct,P012,Essential Bag 12,false,false
V006792,C00268,2025-04-01,direct,P010,Pure Band 10,false,false
V006793,C00315,2025-10-16,paid_search,P016,Modern Serum 16,false,false
V006794,C00093,2025-05-08,organic_search,P013,Bright Organizer 13,false,false
V006795,C00061,2025-09-14,organic_search,P023,Calm Cream 23,false,false
V006796,C00753,2025-03-07,organic_search,P025,Daily Lamp 25,false,false
V006797,C00556,2025-04-01,direct,P015,Calm Cream 15,false,false
V006798,C00820,2025-01-11,paid_search,P019,Urban Bottle 19,false,false
V006799,C00377,2025-08-23,organic_search,P012,Essential Bag 12,false,false
V006800,C00878,2025-01-06,social,P011,Urban Bottle 11,false,false
V006801,C00082,2025-09-02,social,P015,Calm Cream 15,false,false
V006802,C00301,2025-03-13,social,P030,Active Mat 30,false,false
V006803,C00305,2025-02-18,organic_search,P012,Essential Bag 12,false,false
V006804,C00795,2025-03-04,organic_search,P018,Pure Band 18,false,false
V006805,C00475,2025-08-10,email,P023,Calm Cream 23,false,false
V006806,C00136,2025-01-04,organic_search,P012,Essential Bag 12,false,false
V006807,C00728,2025-03-17,organic_search,P008,Modern Serum 08,true,false
V006808,C00680,2025-02-01,direct,P026,Pure Band 26,false,false
V006809,C00812,2025-04-17,organic_search,P026,Pure Band 26,false,false
V006810,C00950,2025-12-19,direct,P022,Active Mat 22,false,false
V006811,C00641,2025-08-09,direct,P028,Essential Bag 28,false,false
V006812,C00751,2025-12-01,email,P024,Modern Serum 24,false,false
V006813,C00681,2025-09-05,organic_search,P023,Calm Cream 23,true,false
V006814,C00708,2025-09-03,organic_search,P027,Urban Bottle 27,true,false
V006815,C00150,2025-10-08,direct,P009,Daily Lamp 09,true,false
V006816,C00903,2025-03-27,paid_search,P002,Pure Band 02,true,false
V006817,C00105,2025-12-04,direct,P017,Daily Lamp 17,false,false
V006818,C00722,2025-01-21,organic_search,P015,Calm Cream 15,false,false
V006819,C00880,2025-11-01,direct,P010,Pure Band 10,false,false
V006820,C00867,2025-05-29,direct,P026,Pure Band 26,false,true
V006821,C00838,2025-10-21,paid_search,P024,Modern Serum 24,false,false
V006822,C00200,2025-05-11,paid_search,P011,Urban Bottle 11,false,false
V006823,C00368,2025-03-01,paid_search,P023,Calm Cream 23,false,false
V006824,C00720,2025-07-31,paid_search,P010,Pure Band 10,false,false
V006825,C00634,2025-06-14,email,P024,Modern Serum 24,false,false
V006826,C00094,2025-09-13,organic_search,P023,Calm Cream 23,false,true
V006827,C00549,2025-08-28,email,P006,Active Mat 06,true,false
V006828,C00061,2025-01-27,paid_search,P027,Urban Bottle 27,true,false
V006829,C00245,2025-07-31,organic_search,P024,Modern Serum 24,false,false
V006830,C00630,2025-03-05,email,P017,Daily Lamp 17,true,false
V006831,C00251,2025-01-22,paid_search,P004,Essential Bag 04,false,false
V006832,C00164,2025-10-20,organic_search,P010,Pure Band 10,true,false
V006833,C00037,2025-06-10,social,P002,Pure Band 02,false,false
V006834,C00275,2025-03-21,direct,P017,Daily Lamp 17,false,false
V006835,C00782,2025-10-18,email,P003,Urban Bottle 03,false,false
V006836,C00693,2025-04-04,social,P008,Modern Serum 08,false,false
V006837,C00618,2025-02-04,paid_search,P017,Daily Lamp 17,false,false
V006838,C00683,2025-06-30,paid_search,P001,Daily Lamp 01,false,false
V006839,C00408,2025-06-20,social,P007,Calm Cream 07,false,false
V006840,C00096,2025-02-01,paid_search,P008,Modern Serum 08,false,false
V006841,C00023,2025-03-20,organic_search,P010,Pure Band 10,false,false
V006842,C00438,2025-01-21,organic_search,P017,Daily Lamp 17,false,false
V006843,C00100,2025-09-10,organic_search,P009,Daily Lamp 09,false,false
V006844,C00935,2025-07-21,direct,P030,Active Mat 30,false,false
V006845,C00322,2025-06-23,direct,P011,Urban Bottle 11,true,false
V006846,C00081,2025-06-29,social,P023,Calm Cream 23,false,false
V006847,C00631,2025-08-06,paid_search,P020,Essential Bag 20,false,false
V006848,C00034,2025-11-01,organic_search,P010,Pure Band 10,false,false
V006849,C00461,2025-04-04,paid_search,P012,Essential Bag 12,false,false
V006850,C00340,2025-10-11,social,P027,Urban Bottle 27,false,false
V006851,C00540,2025-12-27,social,P003,Urban Bottle 03,false,false
V006852,C00265,2025-11-22,direct,P016,Modern Serum 16,false,false
V006853,C00866,2025-12-13,email,P028,Essential Bag 28,false,false
V006854,C00624,2025-07-12,organic_search,P006,Active Mat 06,false,false
V006855,C00728,2025-08-04,paid_search,P005,Bright Organizer 05,false,false
V006856,C00993,2025-08-25,direct,P005,Bright Organizer 05,false,false
V006857,C00536,2025-05-24,email,P007,Calm Cream 07,true,true
V006858,C00115,2025-05-07,direct,P026,Pure Band 26,false,false
V006859,C00311,2025-05-25,social,P029,Bright Organizer 29,false,false
V006860,C00934,2025-08-16,email,P027,Urban Bottle 27,false,false
V006861,C00086,2025-01-21,direct,P004,Essential Bag 04,false,false
V006862,C00625,2025-04-18,paid_search,P011,Urban Bottle 11,false,false
V006863,C00954,2025-06-04,organic_search,P023,Calm Cream 23,false,false
V006864,C00011,2025-04-15,organic_search,P027,Urban Bottle 27,false,false
V006865,C00944,2025-11-30,paid_search,P007,Calm Cream 07,false,false
V006866,C00435,2025-07-24,email,P010,Pure Band 10,false,false
V006867,C00331,2025-08-07,email,P015,Calm Cream 15,false,false
V006868,C00016,2025-02-24,paid_search,P010,Pure Band 10,false,false
V006869,C00032,2025-01-11,organic_search,P016,Modern Serum 16,false,false
V006870,C00470,2025-06-08,direct,P020,Essential Bag 20,true,false
V006871,C00695,2025-05-13,email,P021,Bright Organizer 21,false,false
V006872,C00470,2025-09-24,direct,P028,Essential Bag 28,false,false
V006873,C00877,2025-09-02,paid_search,P024,Modern Serum 24,false,false
V006874,C00762,2025-07-07,social,P010,Pure Band 10,false,false
V006875,C00130,2025-10-26,direct,P001,Daily Lamp 01,false,false
V006876,C00804,2025-09-03,paid_search,P019,Urban Bottle 19,false,false
V006877,C00888,2025-09-09,direct,P010,Pure Band 10,false,false
V006878,C00647,2025-11-09,paid_search,P019,Urban Bottle 19,false,false
V006879,C00095,2025-09-21,social,P020,Essential Bag 20,false,false
V006880,C00897,2025-02-18,organic_search,P019,Urban Bottle 19,false,false
V006881,C00193,2025-09-03,social,P022,Active Mat 22,false,false
V006882,C00210,2025-01-10,paid_search,P025,Daily Lamp 25,true,false
V006883,C00061,2025-01-07,direct,P014,Active Mat 14,false,false
V006884,C00364,2025-02-13,organic_search,P021,Bright Organizer 21,false,false
V006885,C00788,2025-11-21,referral,P004,Essential Bag 04,false,false
V006886,C00152,2025-09-20,direct,P014,Active Mat 14,false,false
V006887,C00673,2025-01-16,social,P007,Calm Cream 07,false,false
V006888,C00337,2025-06-22,social,P029,Bright Organizer 29,false,false
V006889,C00823,2025-05-14,direct,P030,Active Mat 30,false,false
V006890,C00530,2025-01-18,paid_search,P028,Essential Bag 28,false,false
V006891,C00872,2025-09-27,organic_search,P029,Bright Organizer 29,false,false
V006892,C00803,2025-08-12,referral,P007,Calm Cream 07,false,false
V006893,C00675,2025-12-04,social,P019,Urban Bottle 19,false,false
V006894,C00825,2025-09-28,organic_search,P018,Pure Band 18,false,false
V006895,C00826,2025-07-15,paid_search,P028,Essential Bag 28,false,false
V006896,C00416,2025-04-25,referral,P003,Urban Bottle 03,false,false
V006897,C00462,2025-08-09,social,P020,Essential Bag 20,false,false
V006898,C00272,2025-01-04,referral,P014,Active Mat 14,false,false
V006899,C00737,2025-05-20,social,P028,Essential Bag 28,true,false
V006900,C00692,2025-01-02,email,P025,Daily Lamp 25,false,false
V006901,C00370,2025-06-01,organic_search,P027,Urban Bottle 27,false,false
V006902,C00222,2025-10-14,organic_search,P017,Daily Lamp 17,false,false
V006903,C00402,2025-02-06,social,P030,Active Mat 30,false,false
V006904,C00343,2025-09-17,direct,P017,Daily Lamp 17,true,false
V006905,C00546,2025-12-14,referral,P013,Bright Organizer 13,true,false
V006906,C00300,2025-10-13,organic_search,P016,Modern Serum 16,false,false
V006907,C00935,2025-04-19,social,P018,Pure Band 18,false,false
V006908,C00825,2025-10-20,social,P014,Active Mat 14,false,false
V006909,C00044,2025-10-22,direct,P007,Calm Cream 07,false,false
V006910,C00860,2025-03-20,organic_search,P003,Urban Bottle 03,false,false
V006911,C00070,2025-01-15,organic_search,P010,Pure Band 10,false,false
V006912,C00496,2025-08-14,direct,P011,Urban Bottle 11,true,false
V006913,C00700,2025-12-03,social,P007,Calm Cream 07,false,false
V006914,C00927,2025-08-16,social,P005,Bright Organizer 05,false,false
V006915,C00906,2025-01-06,social,P015,Calm Cream 15,false,false
V006916,C00989,2025-10-12,direct,P019,Urban Bottle 19,false,false
V006917,C00434,2025-03-20,organic_search,P028,Essential Bag 28,false,false
V006918,C00986,2025-12-03,paid_search,P012,Essential Bag 12,false,false
V006919,C00248,2025-07-11,social,P029,Bright Organizer 29,false,false
V006920,C00504,2025-02-18,direct,P001,Daily Lamp 01,false,false
V006921,C00719,2025-05-18,organic_search,P004,Essential Bag 04,false,false
V006922,C00966,2025-04-24,direct,P010,Pure Band 10,false,false
V006923,C00415,2025-12-31,paid_search,P028,Essential Bag 28,false,false
V006924,C00459,2025-07-14,organic_search,P029,Bright Organizer 29,true,false
V006925,C00677,2025-08-19,social,P010,Pure Band 10,false,true
V006926,C00664,2025-11-25,social,P006,Active Mat 06,false,false
V006927,C00762,2025-08-22,paid_search,P009,Daily Lamp 09,false,false
V006928,C00035,2025-07-16,referral,P028,Essential Bag 28,false,true
V006929,C00133,2025-07-23,organic_search,P025,Daily Lamp 25,false,false
V006930,C00627,2025-01-25,referral,P029,Bright Organizer 29,true,false
V006931,C00958,2025-04-26,organic_search,P002,Pure Band 02,true,true
V006932,C00022,2025-12-20,social,P002,Pure Band 02,false,false
V006933,C00105,2025-12-14,email,P025,Daily Lamp 25,false,false
V006934,C00781,2025-06-08,organic_search,P026,Pure Band 26,true,false
V006935,C00925,2025-09-10,organic_search,P024,Modern Serum 24,true,false
V006936,C00717,2025-09-09,organic_search,P009,Daily Lamp 09,false,false
V006937,C00044,2025-04-28,email,P016,Modern Serum 16,false,false
V006938,C00506,2025-04-14,referral,P005,Bright Organizer 05,false,false
V006939,C00587,2025-04-23,organic_search,P024,Modern Serum 24,false,false
V006940,C00787,2025-06-21,organic_search,P013,Bright Organizer 13,false,false
V006941,C00977,2025-04-06,direct,P023,Calm Cream 23,false,false
V006942,C00575,2025-04-26,social,P003,Urban Bottle 03,false,false
V006943,C00335,2025-07-18,email,P014,Active Mat 14,false,false
V006944,C00082,2025-02-14,organic_search,P023,Calm Cream 23,false,false
V006945,C00753,2025-07-18,paid_search,P022,Active Mat 22,false,false
V006946,C00880,2025-07-27,organic_search,P011,Urban Bottle 11,true,false
V006947,C00317,2025-09-09,email,P002,Pure Band 02,false,false
V006948,C00921,2025-10-17,direct,P001,Daily Lamp 01,false,false
V006949,C00749,2025-10-17,direct,P017,Daily Lamp 17,false,false
V006950,C00859,2025-07-14,direct,P002,Pure Band 02,false,false
V006951,C00470,2025-01-23,paid_search,P002,Pure Band 02,false,false
V006952,C00611,2025-11-01,organic_search,P021,Bright Organizer 21,false,false
V006953,C00950,2025-04-07,social,P017,Daily Lamp 17,true,false
V006954,C00194,2025-10-24,organic_search,P014,Active Mat 14,false,false
V006955,C00533,2025-04-05,social,P004,Essential Bag 04,false,false
V006956,C00881,2025-06-13,organic_search,P026,Pure Band 26,false,false
V006957,C00145,2025-12-04,social,P030,Active Mat 30,false,false
V006958,C00860,2025-01-30,social,P016,Modern Serum 16,false,false
V006959,C00325,2025-04-25,organic_search,P026,Pure Band 26,false,true
V006960,C00517,2025-06-20,email,P027,Urban Bottle 27,false,false
V006961,C00738,2025-05-18,direct,P018,Pure Band 18,false,false
V006962,C00847,2025-11-03,organic_search,P010,Pure Band 10,true,false
V006963,C00505,2025-06-29,social,P011,Urban Bottle 11,false,false
V006964,C00202,2025-06-14,direct,P010,Pure Band 10,false,false
V006965,C00909,2025-09-26,social,P018,Pure Band 18,false,false
V006966,C00865,2025-06-22,direct,P006,Active Mat 06,false,false
V006967,C00760,2025-08-17,direct,P017,Daily Lamp 17,false,false
V006968,C00022,2025-05-11,referral,P030,Active Mat 30,true,true
V006969,C00923,2025-12-25,organic_search,P001,Daily Lamp 01,false,false
V006970,C00709,2025-11-22,organic_search,P015,Calm Cream 15,false,true
V006971,C00873,2025-01-09,email,P007,Calm Cream 07,false,false
V006972,C00516,2025-05-31,referral,P027,Urban Bottle 27,false,true
V006973,C00732,2025-06-13,direct,P012,Essential Bag 12,false,false
V006974,C00139,2025-06-25,email,P030,Active Mat 30,false,false
V006975,C00716,2025-03-04,social,P016,Modern Serum 16,false,false
V006976,C00917,2025-05-27,referral,P026,Pure Band 26,false,false
V006977,C00015,2025-01-08,email,P003,Urban Bottle 03,false,false
V006978,C00622,2025-10-04,social,P020,Essential Bag 20,false,false
V006979,C00975,2025-10-02,social,P021,Bright Organizer 21,false,false
V006980,C00320,2025-08-22,social,P025,Daily Lamp 25,false,false
V006981,C00004,2025-01-16,email,P019,Urban Bottle 19,false,false
V006982,C00842,2025-06-06,organic_search,P008,Modern Serum 08,false,false
V006983,C00924,2025-01-16,email,P015,Calm Cream 15,false,false
V006984,C00125,2025-08-04,organic_search,P001,Daily Lamp 01,true,false
V006985,C00287,2025-02-26,direct,P008,Modern Serum 08,false,false
V006986,C00401,2025-11-28,organic_search,P008,Modern Serum 08,true,false
V006987,C00130,2025-07-18,social,P007,Calm Cream 07,false,false
V006988,C00636,2025-04-09,direct,P002,Pure Band 02,false,false
V006989,C00853,2025-08-24,organic_search,P030,Active Mat 30,false,false
V006990,C00956,2025-05-06,email,P019,Urban Bottle 19,false,false
V006991,C00110,2025-02-18,direct,P024,Modern Serum 24,true,true
V006992,C00954,2025-09-20,email,P004,Essential Bag 04,false,false
V006993,C00185,2025-05-26,social,P019,Urban Bottle 19,false,false
V006994,C00950,2025-10-28,organic_search,P025,Daily Lamp 25,true,false
V006995,C00810,2025-02-18,paid_search,P003,Urban Bottle 03,false,false
V006996,C00572,2025-05-03,organic_search,P024,Modern Serum 24,false,false
V006997,C00204,2025-03-16,organic_search,P012,Essential Bag 12,false,false
V006998,C00751,2025-06-01,email,P010,Pure Band 10,true,false
V006999,C00358,2025-06-03,organic_search,P027,Urban Bottle 27,false,false
V007000,C00708,2025-12-17,organic_search,P014,Active Mat 14,false,false
V007001,C00504,2025-03-22,email,P005,Bright Organizer 05,false,false
V007002,C00715,2025-01-10,organic_search,P008,Modern Serum 08,true,false
V007003,C00114,2025-11-23,social,P005,Bright Organizer 05,true,true
V007004,C00004,2025-05-05,email,P025,Daily Lamp 25,false,false
V007005,C00849,2025-11-04,email,P022,Active Mat 22,true,false
V007006,C00068,2025-10-01,organic_search,P022,Active Mat 22,false,false
V007007,C00460,2025-03-02,social,P004,Essential Bag 04,false,false
V007008,C00075,2025-06-29,organic_search,P018,Pure Band 18,false,false
V007009,C00555,2025-06-06,organic_search,P007,Calm Cream 07,false,false
V007010,C00208,2025-04-24,social,P016,Modern Serum 16,true,false
V007011,C00922,2025-12-17,direct,P025,Daily Lamp 25,false,false
V007012,C00560,2025-09-09,organic_search,P010,Pure Band 10,false,false
V007013,C00459,2025-12-24,social,P019,Urban Bottle 19,false,false
V007014,C00053,2025-11-09,organic_search,P021,Bright Organizer 21,false,false
V007015,C00002,2025-05-06,paid_search,P014,Active Mat 14,false,false
V007016,C00573,2025-03-04,paid_search,P028,Essential Bag 28,false,false
V007017,C00417,2025-04-25,email,P005,Bright Organizer 05,false,true
V007018,C00001,2025-05-07,referral,P027,Urban Bottle 27,false,false
V007019,C00768,2025-10-07,organic_search,P004,Essential Bag 04,true,true
V007020,C00574,2025-05-23,direct,P004,Essential Bag 04,true,false
V007021,C00532,2025-12-11,organic_search,P029,Bright Organizer 29,false,false
V007022,C00654,2025-04-09,social,P030,Active Mat 30,false,false
V007023,C00401,2025-02-02,direct,P029,Bright Organizer 29,true,false
V007024,C00565,2025-02-15,email,P024,Modern Serum 24,false,false
V007025,C00866,2025-03-17,referral,P003,Urban Bottle 03,false,false
V007026,C00992,2025-09-17,direct,P009,Daily Lamp 09,false,true
V007027,C00796,2025-03-20,email,P026,Pure Band 26,false,false
V007028,C00426,2025-09-24,social,P020,Essential Bag 20,true,false
V007029,C00282,2025-02-07,social,P024,Modern Serum 24,false,false
V007030,C00598,2025-11-06,referral,P018,Pure Band 18,false,false
V007031,C00752,2025-01-24,organic_search,P027,Urban Bottle 27,false,false
V007032,C00072,2025-11-05,organic_search,P009,Daily Lamp 09,false,false
V007033,C00573,2025-09-19,organic_search,P001,Daily Lamp 01,true,false
V007034,C00476,2025-05-27,referral,P016,Modern Serum 16,false,false
V007035,C00845,2025-03-31,organic_search,P022,Active Mat 22,false,false
V007036,C00159,2025-10-02,organic_search,P006,Active Mat 06,false,false
V007037,C00577,2025-12-07,direct,P013,Bright Organizer 13,false,false
V007038,C00031,2025-10-16,organic_search,P009,Daily Lamp 09,false,false
V007039,C00433,2025-07-10,paid_search,P011,Urban Bottle 11,false,false
V007040,C00332,2025-05-19,organic_search,P025,Daily Lamp 25,true,true
V007041,C00181,2025-02-23,paid_search,P026,Pure Band 26,false,false
V007042,C00730,2025-08-21,paid_search,P006,Active Mat 06,false,false
V007043,C00075,2025-05-31,direct,P009,Daily Lamp 09,true,true
V007044,C00780,2025-05-27,paid_search,P027,Urban Bottle 27,false,true
V007045,C00310,2025-08-11,direct,P026,Pure Band 26,true,true
V007046,C00386,2025-10-08,referral,P011,Urban Bottle 11,false,false
V007047,C00099,2025-04-29,email,P016,Modern Serum 16,true,false
V007048,C00053,2025-01-04,email,P012,Essential Bag 12,false,false
V007049,C00411,2025-08-12,referral,P003,Urban Bottle 03,false,false
V007050,C00477,2025-04-19,email,P013,Bright Organizer 13,false,false
V007051,C00768,2025-05-09,direct,P022,Active Mat 22,false,true
V007052,C00890,2025-04-13,paid_search,P025,Daily Lamp 25,false,false
V007053,C00528,2025-04-17,social,P014,Active Mat 14,false,false
V007054,C00816,2025-04-05,direct,P014,Active Mat 14,false,false
V007055,C00977,2025-03-18,organic_search,P013,Bright Organizer 13,true,false
V007056,C00136,2025-01-11,paid_search,P028,Essential Bag 28,false,false
V007057,C00641,2025-05-27,organic_search,P017,Daily Lamp 17,false,false
V007058,C00170,2025-11-28,organic_search,P003,Urban Bottle 03,true,false
V007059,C00251,2025-09-04,paid_search,P005,Bright Organizer 05,false,false
V007060,C00543,2025-05-29,paid_search,P005,Bright Organizer 05,false,false
V007061,C00293,2025-05-13,paid_search,P028,Essential Bag 28,false,false
V007062,C00399,2025-01-07,direct,P012,Essential Bag 12,false,false
V007063,C00834,2025-03-28,organic_search,P017,Daily Lamp 17,true,true
V007064,C00112,2025-04-04,paid_search,P023,Calm Cream 23,false,false
V007065,C00744,2025-11-21,direct,P008,Modern Serum 08,false,false
V007066,C00651,2025-04-11,email,P001,Daily Lamp 01,false,false
V007067,C00279,2025-11-27,email,P018,Pure Band 18,false,false
V007068,C00526,2025-09-27,social,P017,Daily Lamp 17,true,false
V007069,C00629,2025-12-21,direct,P021,Bright Organizer 21,false,false
V007070,C00795,2025-10-17,social,P003,Urban Bottle 03,false,false
V007071,C00969,2025-10-03,direct,P023,Calm Cream 23,false,false
V007072,C00431,2025-09-23,social,P027,Urban Bottle 27,false,false
V007073,C00190,2025-08-23,email,P030,Active Mat 30,false,false
V007074,C00468,2025-12-30,organic_search,P030,Active Mat 30,false,false
V007075,C00847,2025-06-19,social,P003,Urban Bottle 03,false,false
V007076,C00076,2025-04-14,referral,P013,Bright Organizer 13,false,false
V007077,C00266,2025-06-01,social,P025,Daily Lamp 25,false,false
V007078,C00442,2025-03-02,organic_search,P024,Modern Serum 24,false,false
V007079,C00509,2025-02-19,organic_search,P016,Modern Serum 16,false,false
V007080,C00825,2025-05-29,organic_search,P003,Urban Bottle 03,false,false
V007081,C00199,2025-01-13,organic_search,P005,Bright Organizer 05,false,false
V007082,C00437,2025-04-12,referral,P017,Daily Lamp 17,false,false
V007083,C00578,2025-05-07,social,P029,Bright Organizer 29,false,false
V007084,C00395,2025-06-23,referral,P010,Pure Band 10,false,false
V007085,C00171,2025-07-05,social,P002,Pure Band 02,false,false
V007086,C00422,2025-09-03,paid_search,P029,Bright Organizer 29,true,false
V007087,C00174,2025-07-12,paid_search,P024,Modern Serum 24,false,false
V007088,C00783,2025-09-13,organic_search,P002,Pure Band 02,false,false
V007089,C00886,2025-09-26,organic_search,P017,Daily Lamp 17,false,false
V007090,C00269,2025-11-24,organic_search,P026,Pure Band 26,false,false
V007091,C00306,2025-12-18,social,P010,Pure Band 10,false,false
V007092,C00579,2025-09-26,paid_search,P016,Modern Serum 16,false,false
V007093,C00954,2025-03-13,organic_search,P022,Active Mat 22,false,false
V007094,C00926,2025-10-03,paid_search,P019,Urban Bottle 19,false,false
V007095,C00147,2025-03-27,paid_search,P012,Essential Bag 12,true,false
V007096,C00106,2025-01-13,organic_search,P010,Pure Band 10,false,false
V007097,C00025,2025-02-01,social,P028,Essential Bag 28,false,false
V007098,C00673,2025-09-27,social,P013,Bright Organizer 13,false,false
V007099,C00731,2025-04-27,social,P006,Active Mat 06,false,true
V007100,C00730,2025-10-03,organic_search,P015,Calm Cream 15,true,false
V007101,C00384,2025-10-31,email,P022,Active Mat 22,false,true
V007102,C00431,2025-02-02,email,P023,Calm Cream 23,false,false
V007103,C00017,2025-01-12,social,P023,Calm Cream 23,false,false
V007104,C00620,2025-07-27,direct,P017,Daily Lamp 17,false,false
V007105,C00289,2025-01-19,paid_search,P008,Modern Serum 08,true,false
V007106,C00366,2025-04-10,direct,P026,Pure Band 26,false,false
V007107,C00085,2025-05-28,paid_search,P007,Calm Cream 07,true,false
V007108,C00461,2025-10-05,organic_search,P014,Active Mat 14,false,false
V007109,C00611,2025-01-05,paid_search,P011,Urban Bottle 11,false,false
V007110,C00988,2025-01-28,organic_search,P027,Urban Bottle 27,false,false
V007111,C00575,2025-05-03,social,P024,Modern Serum 24,true,false
V007112,C00463,2025-02-20,referral,P010,Pure Band 10,false,false
V007113,C00045,2025-09-21,paid_search,P020,Essential Bag 20,true,false
V007114,C00072,2025-10-20,direct,P005,Bright Organizer 05,false,true
V007115,C00456,2025-03-18,organic_search,P002,Pure Band 02,false,true
V007116,C00302,2025-02-21,organic_search,P013,Bright Organizer 13,false,false
V007117,C00827,2025-05-18,paid_search,P019,Urban Bottle 19,false,true
V007118,C00572,2025-09-15,direct,P028,Essential Bag 28,true,false
V007119,C00584,2025-06-10,organic_search,P015,Calm Cream 15,false,false
V007120,C00943,2025-06-02,paid_search,P019,Urban Bottle 19,true,false
V007121,C00290,2025-04-02,paid_search,P021,Bright Organizer 21,false,false
V007122,C00694,2025-08-19,organic_search,P025,Daily Lamp 25,false,false
V007123,C00103,2025-03-15,email,P007,Calm Cream 07,true,true
V007124,C00557,2025-07-24,paid_search,P010,Pure Band 10,false,false
V007125,C00426,2025-02-27,email,P024,Modern Serum 24,false,false
V007126,C00516,2025-11-29,organic_search,P011,Urban Bottle 11,false,false
V007127,C00430,2025-07-11,direct,P007,Calm Cream 07,false,false
V007128,C00378,2025-05-21,organic_search,P020,Essential Bag 20,false,false
V007129,C00446,2025-10-07,paid_search,P002,Pure Band 02,false,false
V007130,C00551,2025-08-04,organic_search,P016,Modern Serum 16,false,false
V007131,C00345,2025-02-14,email,P024,Modern Serum 24,false,false
V007132,C00269,2025-11-01,organic_search,P015,Calm Cream 15,false,false
V007133,C00961,2025-02-01,direct,P024,Modern Serum 24,false,false
V007134,C00978,2025-10-17,organic_search,P014,Active Mat 14,false,false
V007135,C00279,2025-05-07,organic_search,P010,Pure Band 10,false,true
V007136,C00776,2025-02-25,paid_search,P021,Bright Organizer 21,false,false
V007137,C00739,2025-09-20,paid_search,P012,Essential Bag 12,false,false
V007138,C00563,2025-01-01,direct,P023,Calm Cream 23,false,false
V007139,C00049,2025-01-21,direct,P016,Modern Serum 16,false,true
V007140,C00360,2025-11-01,referral,P019,Urban Bottle 19,false,false
V007141,C00474,2025-09-15,email,P010,Pure Band 10,true,false
V007142,C00150,2025-04-03,paid_search,P012,Essential Bag 12,true,false
V007143,C00104,2025-01-15,email,P026,Pure Band 26,true,false
V007144,C00783,2025-07-25,organic_search,P030,Active Mat 30,true,false
V007145,C00470,2025-06-19,social,P009,Daily Lamp 09,false,false
V007146,C00384,2025-06-11,direct,P004,Essential Bag 04,false,false
V007147,C00447,2025-12-21,social,P022,Active Mat 22,false,false
V007148,C00560,2025-09-11,organic_search,P014,Active Mat 14,false,true
V007149,C00567,2025-12-14,paid_search,P016,Modern Serum 16,false,true
V007150,C00377,2025-02-19,social,P011,Urban Bottle 11,false,false
V007151,C00060,2025-10-18,email,P005,Bright Organizer 05,true,false
V007152,C00635,2025-09-06,direct,P028,Essential Bag 28,true,true
V007153,C00277,2025-10-24,paid_search,P020,Essential Bag 20,false,false
V007154,C00811,2025-06-19,direct,P014,Active Mat 14,false,false
V007155,C00155,2025-11-30,paid_search,P013,Bright Organizer 13,false,false
V007156,C00414,2025-03-22,paid_search,P016,Modern Serum 16,false,false
V007157,C00594,2025-07-17,direct,P029,Bright Organizer 29,false,false
V007158,C00876,2025-07-31,organic_search,P012,Essential Bag 12,false,false
V007159,C00869,2025-12-08,direct,P018,Pure Band 18,false,false
V007160,C00016,2025-01-07,social,P018,Pure Band 18,false,false
V007161,C00104,2025-06-21,email,P005,Bright Organizer 05,false,false
V007162,C00020,2025-12-31,email,P009,Daily Lamp 09,false,false
V007163,C00065,2025-04-12,organic_search,P022,Active Mat 22,false,false
V007164,C00334,2025-10-25,organic_search,P024,Modern Serum 24,false,false
V007165,C00780,2025-07-28,email,P016,Modern Serum 16,false,false
V007166,C00973,2025-09-27,direct,P006,Active Mat 06,false,false
V007167,C00155,2025-08-05,direct,P023,Calm Cream 23,true,false
V007168,C00380,2025-10-20,direct,P025,Daily Lamp 25,false,false
V007169,C00551,2025-03-09,email,P007,Calm Cream 07,false,true
V007170,C00819,2025-10-21,direct,P007,Calm Cream 07,false,false
V007171,C00776,2025-06-23,social,P006,Active Mat 06,false,false
V007172,C00249,2025-01-09,social,P019,Urban Bottle 19,false,false
V007173,C00504,2025-06-11,organic_search,P001,Daily Lamp 01,false,false
V007174,C00152,2025-03-30,email,P013,Bright Organizer 13,false,false
V007175,C00586,2025-09-08,social,P006,Active Mat 06,false,false
V007176,C00721,2025-09-11,email,P027,Urban Bottle 27,false,false
V007177,C00830,2025-09-15,email,P018,Pure Band 18,false,false
V007178,C00931,2025-09-08,organic_search,P020,Essential Bag 20,false,false
V007179,C00887,2025-06-24,direct,P001,Daily Lamp 01,true,false
V007180,C00481,2025-10-06,social,P023,Calm Cream 23,false,false
V007181,C00510,2025-09-27,organic_search,P011,Urban Bottle 11,false,false
V007182,C00695,2025-05-17,social,P002,Pure Band 02,false,false
V007183,C00112,2025-07-30,social,P029,Bright Organizer 29,false,false
V007184,C00603,2025-04-01,social,P018,Pure Band 18,false,false
V007185,C00274,2025-06-14,paid_search,P024,Modern Serum 24,false,false
V007186,C00739,2025-10-30,email,P017,Daily Lamp 17,true,false
V007187,C00850,2025-04-01,social,P028,Essential Bag 28,true,false
V007188,C00408,2025-10-11,organic_search,P020,Essential Bag 20,false,false
V007189,C00530,2025-06-08,organic_search,P008,Modern Serum 08,false,false
V007190,C00458,2025-05-25,direct,P019,Urban Bottle 19,false,false
V007191,C00345,2025-09-04,direct,P026,Pure Band 26,false,false
V007192,C00416,2025-02-22,organic_search,P007,Calm Cream 07,false,false
V007193,C00539,2025-02-28,email,P007,Calm Cream 07,false,false
V007194,C00749,2025-07-27,paid_search,P010,Pure Band 10,false,false
V007195,C00979,2025-12-02,paid_search,P028,Essential Bag 28,true,false
V007196,C00890,2025-08-03,direct,P023,Calm Cream 23,true,false
V007197,C00674,2025-11-17,referral,P004,Essential Bag 04,false,false
V007198,C00686,2025-07-09,direct,P022,Active Mat 22,false,true
V007199,C00483,2025-02-25,social,P004,Essential Bag 04,false,false
V007200,C00674,2025-03-22,paid_search,P028,Essential Bag 28,false,false
V007201,C00817,2025-12-24,paid_search,P029,Bright Organizer 29,false,false
V007202,C00755,2025-11-20,email,P018,Pure Band 18,false,false
V007203,C00114,2025-01-03,organic_search,P014,Active Mat 14,false,false
V007204,C00751,2025-01-10,email,P029,Bright Organizer 29,false,false
V007205,C00746,2025-01-15,email,P029,Bright Organizer 29,false,false
V007206,C00184,2025-08-10,direct,P013,Bright Organizer 13,false,false
V007207,C00707,2025-10-11,email,P029,Bright Organizer 29,false,false
V007208,C00312,2025-09-02,paid_search,P018,Pure Band 18,false,false
V007209,C00668,2025-09-03,social,P003,Urban Bottle 03,false,false
V007210,C00086,2025-12-12,email,P007,Calm Cream 07,false,false
V007211,C00233,2025-01-22,social,P009,Daily Lamp 09,true,false
V007212,C00613,2025-06-28,organic_search,P003,Urban Bottle 03,false,false
V007213,C00540,2025-07-22,email,P015,Calm Cream 15,false,true
V007214,C00304,2025-04-13,social,P002,Pure Band 02,true,false
V007215,C00314,2025-06-14,social,P008,Modern Serum 08,false,false
V007216,C00320,2025-09-19,paid_search,P009,Daily Lamp 09,false,false
V007217,C00226,2025-04-24,social,P014,Active Mat 14,true,false
V007218,C00926,2025-05-19,paid_search,P017,Daily Lamp 17,false,true
V007219,C00336,2025-12-02,email,P007,Calm Cream 07,false,true
V007220,C00822,2025-12-20,social,P028,Essential Bag 28,false,false
V007221,C00319,2025-11-11,organic_search,P023,Calm Cream 23,false,false
V007222,C00413,2025-01-10,direct,P015,Calm Cream 15,false,false
V007223,C00013,2025-11-27,organic_search,P027,Urban Bottle 27,false,false
V007224,C00156,2025-02-09,organic_search,P016,Modern Serum 16,false,false
V007225,C00624,2025-10-28,paid_search,P012,Essential Bag 12,false,false
V007226,C00792,2025-01-29,organic_search,P017,Daily Lamp 17,false,false
V007227,C00460,2025-08-18,organic_search,P017,Daily Lamp 17,true,false
V007228,C00802,2025-12-30,referral,P017,Daily Lamp 17,false,true
V007229,C00036,2025-09-22,referral,P030,Active Mat 30,false,false
V007230,C00529,2025-06-15,referral,P002,Pure Band 02,false,false
V007231,C00792,2025-02-23,email,P017,Daily Lamp 17,false,false
V007232,C00264,2025-10-17,paid_search,P026,Pure Band 26,true,false
V007233,C00932,2025-03-31,direct,P005,Bright Organizer 05,false,false
V007234,C00790,2025-03-07,paid_search,P014,Active Mat 14,false,false
V007235,C00268,2025-11-03,paid_search,P029,Bright Organizer 29,true,false
V007236,C00141,2025-05-13,direct,P021,Bright Organizer 21,false,false
V007237,C00359,2025-11-07,direct,P016,Modern Serum 16,false,false
V007238,C00871,2025-01-14,paid_search,P002,Pure Band 02,false,false
V007239,C00614,2025-07-30,referral,P011,Urban Bottle 11,true,false
V007240,C00408,2025-08-01,organic_search,P015,Calm Cream 15,true,false
V007241,C00316,2025-09-14,paid_search,P005,Bright Organizer 05,false,false
V007242,C00343,2025-08-08,organic_search,P001,Daily Lamp 01,true,false
V007243,C00433,2025-06-05,organic_search,P013,Bright Organizer 13,false,false
V007244,C00310,2025-02-07,direct,P013,Bright Organizer 13,false,false
V007245,C00486,2025-05-25,direct,P023,Calm Cream 23,false,false
V007246,C00980,2025-08-24,organic_search,P004,Essential Bag 04,false,false
V007247,C00890,2025-06-17,social,P002,Pure Band 02,false,false
V007248,C00779,2025-03-26,social,P016,Modern Serum 16,false,false
V007249,C00207,2025-03-09,organic_search,P029,Bright Organizer 29,false,false
V007250,C00548,2025-11-14,paid_search,P013,Bright Organizer 13,false,false
V007251,C00299,2025-07-12,social,P021,Bright Organizer 21,false,false
V007252,C00967,2025-05-24,email,P019,Urban Bottle 19,false,false
V007253,C00110,2025-02-28,organic_search,P018,Pure Band 18,true,false
V007254,C00460,2025-01-25,referral,P025,Daily Lamp 25,false,false
V007255,C00020,2025-02-23,organic_search,P019,Urban Bottle 19,false,false
V007256,C00188,2025-03-25,email,P012,Essential Bag 12,true,true
V007257,C00218,2025-06-09,organic_search,P027,Urban Bottle 27,false,true
V007258,C00559,2025-11-09,organic_search,P005,Bright Organizer 05,true,false
V007259,C00057,2025-06-25,social,P025,Daily Lamp 25,false,false
V007260,C00969,2025-06-21,organic_search,P007,Calm Cream 07,false,false
V007261,C00372,2025-12-07,email,P005,Bright Organizer 05,true,false
V007262,C00670,2025-12-16,social,P003,Urban Bottle 03,false,false
V007263,C00195,2025-03-21,email,P024,Modern Serum 24,false,false
V007264,C00663,2025-10-31,organic_search,P008,Modern Serum 08,false,false
V007265,C00319,2025-03-07,direct,P020,Essential Bag 20,true,true
V007266,C00114,2025-05-19,organic_search,P007,Calm Cream 07,false,true
V007267,C00975,2025-10-21,email,P013,Bright Organizer 13,false,false
V007268,C00265,2025-07-30,direct,P004,Essential Bag 04,false,false
V007269,C00660,2025-08-13,organic_search,P018,Pure Band 18,false,false
V007270,C00397,2025-02-24,paid_search,P013,Bright Organizer 13,false,false
V007271,C00554,2025-01-30,organic_search,P007,Calm Cream 07,false,false
V007272,C00165,2025-02-01,direct,P024,Modern Serum 24,false,false
V007273,C00690,2025-09-28,organic_search,P029,Bright Organizer 29,false,false
V007274,C00514,2025-04-25,direct,P028,Essential Bag 28,false,false
V007275,C00624,2025-11-06,direct,P005,Bright Organizer 05,false,false
V007276,C00143,2025-02-24,social,P028,Essential Bag 28,false,false
V007277,C00916,2025-09-16,organic_search,P026,Pure Band 26,false,false
V007278,C00517,2025-12-14,organic_search,P010,Pure Band 10,false,false
V007279,C00312,2025-03-05,organic_search,P018,Pure Band 18,false,false
V007280,C00486,2025-01-16,organic_search,P027,Urban Bottle 27,false,false
V007281,C00656,2025-01-29,organic_search,P022,Active Mat 22,false,false
V007282,C00090,2025-07-20,paid_search,P009,Daily Lamp 09,false,false
V007283,C00596,2025-04-15,paid_search,P027,Urban Bottle 27,true,false
V007284,C00379,2025-03-13,organic_search,P023,Calm Cream 23,false,false
V007285,C00397,2025-02-24,organic_search,P020,Essential Bag 20,false,false
V007286,C00968,2025-08-20,paid_search,P007,Calm Cream 07,false,false
V007287,C00084,2025-09-14,email,P030,Active Mat 30,false,false
V007288,C00138,2025-05-19,paid_search,P008,Modern Serum 08,false,true
V007289,C00903,2025-06-09,social,P012,Essential Bag 12,false,false
V007290,C00339,2025-09-22,direct,P002,Pure Band 02,false,false
V007291,C00920,2025-06-17,direct,P022,Active Mat 22,false,false
V007292,C00049,2025-11-29,direct,P011,Urban Bottle 11,false,false
V007293,C00995,2025-02-22,paid_search,P028,Essential Bag 28,false,false
V007294,C00491,2025-12-16,direct,P020,Essential Bag 20,false,false
V007295,C00035,2025-09-26,organic_search,P011,Urban Bottle 11,false,false
V007296,C00004,2025-11-22,paid_search,P020,Essential Bag 20,false,false
V007297,C00385,2025-09-13,organic_search,P028,Essential Bag 28,false,false
V007298,C00086,2025-05-22,social,P016,Modern Serum 16,true,true
V007299,C00244,2025-11-16,email,P004,Essential Bag 04,false,false
V007300,C00902,2025-04-03,organic_search,P016,Modern Serum 16,false,false
V007301,C00483,2025-11-28,paid_search,P030,Active Mat 30,false,true
V007302,C00338,2025-05-20,organic_search,P002,Pure Band 02,true,false
V007303,C00891,2025-10-13,organic_search,P017,Daily Lamp 17,false,false
V007304,C00470,2025-04-17,social,P021,Bright Organizer 21,false,false
V007305,C00470,2025-10-29,direct,P018,Pure Band 18,false,false
V007306,C00343,2025-06-07,organic_search,P002,Pure Band 02,false,false
V007307,C00348,2025-07-10,direct,P009,Daily Lamp 09,false,false
V007308,C00183,2025-04-30,social,P014,Active Mat 14,false,false
V007309,C00821,2025-11-01,paid_search,P024,Modern Serum 24,true,false
V007310,C00353,2025-08-13,organic_search,P024,Modern Serum 24,true,false
V007311,C00297,2025-10-04,organic_search,P009,Daily Lamp 09,false,false
V007312,C00874,2025-03-21,paid_search,P001,Daily Lamp 01,false,false
V007313,C00180,2025-02-01,email,P026,Pure Band 26,false,false
V007314,C00730,2025-03-30,direct,P013,Bright Organizer 13,false,false
V007315,C00167,2025-05-21,email,P018,Pure Band 18,true,false
V007316,C00589,2025-05-29,social,P015,Calm Cream 15,false,false
V007317,C00869,2025-01-07,organic_search,P007,Calm Cream 07,false,false
V007318,C00492,2025-12-19,paid_search,P022,Active Mat 22,false,false
V007319,C00363,2025-09-20,direct,P023,Calm Cream 23,false,false
V007320,C00805,2025-07-10,social,P024,Modern Serum 24,false,false
V007321,C00649,2025-11-27,paid_search,P024,Modern Serum 24,true,false
V007322,C00542,2025-10-27,direct,P028,Essential Bag 28,false,false
V007323,C00503,2025-01-18,organic_search,P011,Urban Bottle 11,false,true
V007324,C00609,2025-07-13,paid_search,P017,Daily Lamp 17,true,true
V007325,C00013,2025-09-29,organic_search,P025,Daily Lamp 25,false,false
V007326,C00462,2025-11-25,direct,P027,Urban Bottle 27,false,false
V007327,C00275,2025-04-20,social,P029,Bright Organizer 29,false,false
V007328,C00011,2025-11-28,social,P014,Active Mat 14,false,false
V007329,C00592,2025-10-26,social,P004,Essential Bag 04,false,false
V007330,C00338,2025-11-26,direct,P021,Bright Organizer 21,false,false
V007331,C00341,2025-10-16,social,P022,Active Mat 22,false,false
V007332,C00287,2025-06-25,organic_search,P021,Bright Organizer 21,false,false
V007333,C00985,2025-10-11,paid_search,P001,Daily Lamp 01,false,false
V007334,C00733,2025-09-28,paid_search,P016,Modern Serum 16,false,false
V007335,C00716,2025-10-05,paid_search,P013,Bright Organizer 13,false,false
V007336,C00102,2025-02-21,social,P015,Calm Cream 15,false,false
V007337,C00679,2025-12-08,paid_search,P013,Bright Organizer 13,true,false
V007338,C00917,2025-10-27,organic_search,P024,Modern Serum 24,false,false
V007339,C00842,2025-06-17,referral,P009,Daily Lamp 09,false,false
V007340,C00740,2025-09-20,direct,P005,Bright Organizer 05,false,false
V007341,C00465,2025-12-25,organic_search,P003,Urban Bottle 03,false,false
V007342,C00450,2025-07-15,organic_search,P019,Urban Bottle 19,false,false
V007343,C00201,2025-10-07,direct,P030,Active Mat 30,false,false
V007344,C00228,2025-01-04,social,P019,Urban Bottle 19,false,false
V007345,C00280,2025-12-21,email,P012,Essential Bag 12,false,false
V007346,C00019,2025-02-10,email,P021,Bright Organizer 21,false,true
V007347,C00681,2025-01-09,direct,P014,Active Mat 14,false,true
V007348,C00788,2025-07-01,email,P017,Daily Lamp 17,false,true
V007349,C00241,2025-01-14,organic_search,P027,Urban Bottle 27,false,false
V007350,C00538,2025-03-25,email,P029,Bright Organizer 29,false,false
V007351,C00686,2025-03-09,organic_search,P009,Daily Lamp 09,false,false
V007352,C00048,2025-03-23,organic_search,P030,Active Mat 30,true,false
V007353,C00096,2025-06-24,paid_search,P012,Essential Bag 12,false,false
V007354,C00397,2025-09-23,paid_search,P010,Pure Band 10,false,false
V007355,C00331,2025-11-06,organic_search,P006,Active Mat 06,false,false
V007356,C00820,2025-11-21,paid_search,P003,Urban Bottle 03,false,true
V007357,C00442,2025-05-21,email,P027,Urban Bottle 27,false,false
V007358,C00757,2025-04-14,paid_search,P005,Bright Organizer 05,false,false
V007359,C00200,2025-01-24,social,P027,Urban Bottle 27,false,false
V007360,C00900,2025-01-11,direct,P014,Active Mat 14,false,false
V007361,C00661,2025-03-17,email,P008,Modern Serum 08,false,true
V007362,C00135,2025-06-26,social,P023,Calm Cream 23,true,false
V007363,C00340,2025-05-07,paid_search,P026,Pure Band 26,true,true
V007364,C00120,2025-12-23,organic_search,P027,Urban Bottle 27,false,false
V007365,C00120,2025-10-01,organic_search,P023,Calm Cream 23,false,false
V007366,C00707,2025-05-18,email,P005,Bright Organizer 05,true,true
V007367,C00752,2025-03-06,paid_search,P002,Pure Band 02,false,false
V007368,C00826,2025-08-19,social,P028,Essential Bag 28,false,false
V007369,C00124,2025-04-29,paid_search,P025,Daily Lamp 25,false,false
V007370,C00504,2025-02-25,organic_search,P008,Modern Serum 08,false,false
V007371,C00832,2025-05-28,social,P010,Pure Band 10,false,false
V007372,C00456,2025-09-20,organic_search,P007,Calm Cream 07,true,false
V007373,C00922,2025-09-21,direct,P024,Modern Serum 24,false,false
V007374,C00171,2025-02-11,social,P001,Daily Lamp 01,false,false
V007375,C00058,2025-01-27,social,P023,Calm Cream 23,false,false
V007376,C00094,2025-11-24,organic_search,P006,Active Mat 06,false,false
V007377,C00736,2025-05-23,direct,P014,Active Mat 14,false,false
V007378,C00117,2025-07-10,social,P001,Daily Lamp 01,false,false
V007379,C00145,2025-10-16,direct,P015,Calm Cream 15,false,false
V007380,C00960,2025-05-06,social,P001,Daily Lamp 01,true,false
V007381,C00223,2025-11-26,direct,P018,Pure Band 18,false,false
V007382,C00756,2025-04-16,direct,P018,Pure Band 18,false,false
V007383,C00043,2025-02-10,email,P015,Calm Cream 15,false,true
V007384,C00874,2025-05-18,paid_search,P006,Active Mat 06,true,false
V007385,C00518,2025-08-03,direct,P030,Active Mat 30,false,false
V007386,C00428,2025-09-27,direct,P002,Pure Band 02,false,false
V007387,C00641,2025-03-01,direct,P012,Essential Bag 12,false,false
V007388,C00531,2025-12-19,social,P002,Pure Band 02,false,false
V007389,C00586,2025-10-12,email,P007,Calm Cream 07,false,false
V007390,C00792,2025-01-03,email,P030,Active Mat 30,false,false
V007391,C00970,2025-05-31,organic_search,P011,Urban Bottle 11,false,false
V007392,C00709,2025-10-10,direct,P003,Urban Bottle 03,false,false
V007393,C00373,2025-07-04,direct,P011,Urban Bottle 11,false,false
V007394,C00185,2025-04-05,email,P019,Urban Bottle 19,true,false
V007395,C00214,2025-06-18,organic_search,P023,Calm Cream 23,false,false
V007396,C00769,2025-06-07,direct,P006,Active Mat 06,false,false
V007397,C00912,2025-07-19,organic_search,P023,Calm Cream 23,false,false
V007398,C00911,2025-05-11,paid_search,P005,Bright Organizer 05,false,false
V007399,C00320,2025-02-19,email,P007,Calm Cream 07,false,false
V007400,C00924,2025-09-29,direct,P022,Active Mat 22,false,false
V007401,C00791,2025-06-01,social,P013,Bright Organizer 13,false,false
V007402,C00832,2025-07-03,social,P008,Modern Serum 08,false,false
V007403,C00720,2025-04-27,social,P030,Active Mat 30,false,false
V007404,C00281,2025-12-28,social,P023,Calm Cream 23,false,false
V007405,C00975,2025-12-11,paid_search,P021,Bright Organizer 21,false,false
V007406,C00222,2025-11-18,organic_search,P018,Pure Band 18,false,false
V007407,C00933,2025-04-27,organic_search,P016,Modern Serum 16,false,false
V007408,C00826,2025-09-19,direct,P001,Daily Lamp 01,false,false
V007409,C00504,2025-06-09,paid_search,P004,Essential Bag 04,false,false
V007410,C00508,2025-02-12,organic_search,P012,Essential Bag 12,true,false
V007411,C00646,2025-02-14,referral,P026,Pure Band 26,true,false
V007412,C00423,2025-10-08,organic_search,P022,Active Mat 22,false,false
V007413,C00364,2025-03-28,paid_search,P016,Modern Serum 16,true,true
V007414,C00952,2025-03-12,paid_search,P009,Daily Lamp 09,false,false
V007415,C00247,2025-03-28,direct,P007,Calm Cream 07,false,false
V007416,C00190,2025-08-18,social,P003,Urban Bottle 03,false,false
V007417,C00296,2025-02-16,paid_search,P023,Calm Cream 23,false,false
V007418,C00403,2025-03-07,direct,P008,Modern Serum 08,true,false
V007419,C00024,2025-04-08,email,P008,Modern Serum 08,false,false
V007420,C00933,2025-03-11,referral,P029,Bright Organizer 29,false,false
V007421,C00906,2025-01-22,direct,P007,Calm Cream 07,false,false
V007422,C00408,2025-08-06,social,P028,Essential Bag 28,false,true
V007423,C00782,2025-01-11,referral,P014,Active Mat 14,false,false
V007424,C00841,2025-02-09,paid_search,P025,Daily Lamp 25,false,false
V007425,C00388,2025-01-12,email,P003,Urban Bottle 03,false,false
V007426,C00584,2025-05-07,social,P006,Active Mat 06,false,false
V007427,C00234,2025-06-06,organic_search,P023,Calm Cream 23,false,true
V007428,C00461,2025-07-09,social,P003,Urban Bottle 03,false,false
V007429,C00175,2025-10-12,email,P014,Active Mat 14,false,false
V007430,C00742,2025-12-08,email,P028,Essential Bag 28,false,false
V007431,C00833,2025-07-03,email,P024,Modern Serum 24,false,false
V007432,C00347,2025-06-08,email,P027,Urban Bottle 27,false,false
V007433,C00707,2025-03-02,paid_search,P019,Urban Bottle 19,false,false
V007434,C00519,2025-06-24,organic_search,P028,Essential Bag 28,false,false
V007435,C00055,2025-10-29,referral,P007,Calm Cream 07,false,false
V007436,C00486,2025-05-02,social,P004,Essential Bag 04,false,false
V007437,C00643,2025-03-02,direct,P003,Urban Bottle 03,false,false
V007438,C00453,2025-06-07,referral,P016,Modern Serum 16,true,false
V007439,C00459,2025-09-08,referral,P013,Bright Organizer 13,false,false
V007440,C00460,2025-09-02,organic_search,P014,Active Mat 14,true,false
V007441,C00776,2025-08-30,direct,P029,Bright Organizer 29,false,false
V007442,C00244,2025-01-22,direct,P023,Calm Cream 23,false,false
V007443,C00764,2025-08-01,email,P018,Pure Band 18,false,false
V007444,C00210,2025-01-10,organic_search,P004,Essential Bag 04,true,false
V007445,C00205,2025-02-04,organic_search,P001,Daily Lamp 01,true,false
V007446,C00489,2025-12-01,paid_search,P010,Pure Band 10,false,false
V007447,C00674,2025-09-06,email,P003,Urban Bottle 03,true,false
V007448,C00359,2025-11-20,paid_search,P013,Bright Organizer 13,true,true
V007449,C00948,2025-07-15,paid_search,P021,Bright Organizer 21,false,false
V007450,C00576,2025-01-16,social,P027,Urban Bottle 27,true,false
V007451,C00717,2025-02-06,direct,P030,Active Mat 30,false,false
V007452,C00682,2025-03-27,paid_search,P024,Modern Serum 24,false,false
V007453,C00737,2025-09-13,social,P030,Active Mat 30,false,false
V007454,C00944,2025-03-26,organic_search,P004,Essential Bag 04,false,false
V007455,C00187,2025-03-06,direct,P003,Urban Bottle 03,false,false
V007456,C00494,2025-06-17,paid_search,P018,Pure Band 18,false,false
V007457,C00512,2025-07-11,email,P010,Pure Band 10,false,false
V007458,C00686,2025-05-11,direct,P029,Bright Organizer 29,false,false
V007459,C00993,2025-11-19,direct,P013,Bright Organizer 13,false,false
V007460,C00830,2025-10-03,email,P003,Urban Bottle 03,false,false
V007461,C00942,2025-11-02,email,P030,Active Mat 30,false,false
V007462,C00271,2025-08-29,direct,P012,Essential Bag 12,false,false
V007463,C00293,2025-02-15,email,P028,Essential Bag 28,false,false
V007464,C00201,2025-09-23,paid_search,P011,Urban Bottle 11,false,false
V007465,C00768,2025-12-17,organic_search,P006,Active Mat 06,false,false
V007466,C00185,2025-08-02,social,P026,Pure Band 26,false,true
V007467,C00044,2025-08-24,organic_search,P005,Bright Organizer 05,false,false
V007468,C00358,2025-07-18,organic_search,P007,Calm Cream 07,false,false
V007469,C00643,2025-02-05,paid_search,P008,Modern Serum 08,false,false
V007470,C00836,2025-09-05,social,P027,Urban Bottle 27,false,false
V007471,C00340,2025-05-16,direct,P020,Essential Bag 20,true,false
V007472,C00534,2025-09-13,social,P005,Bright Organizer 05,false,false
V007473,C00416,2025-01-01,social,P025,Daily Lamp 25,false,false
V007474,C00291,2025-09-09,email,P025,Daily Lamp 25,true,true
V007475,C00784,2025-08-05,organic_search,P023,Calm Cream 23,false,false
V007476,C00242,2025-04-13,organic_search,P021,Bright Organizer 21,false,false
V007477,C00671,2025-05-21,social,P007,Calm Cream 07,false,false
V007478,C00877,2025-03-09,social,P023,Calm Cream 23,false,false
V007479,C00924,2025-09-01,social,P002,Pure Band 02,false,false
V007480,C00169,2025-07-01,organic_search,P027,Urban Bottle 27,true,false
V007481,C00130,2025-08-09,organic_search,P020,Essential Bag 20,true,false
V007482,C00795,2025-12-09,email,P013,Bright Organizer 13,false,false
V007483,C00656,2025-03-05,email,P023,Calm Cream 23,false,false
V007484,C00361,2025-05-03,email,P028,Essential Bag 28,false,false
V007485,C00015,2025-11-06,organic_search,P017,Daily Lamp 17,false,false
V007486,C00963,2025-09-07,paid_search,P018,Pure Band 18,false,false
V007487,C00495,2025-01-14,organic_search,P029,Bright Organizer 29,true,false
V007488,C00078,2025-01-28,social,P026,Pure Band 26,false,false
V007489,C00715,2025-09-11,direct,P015,Calm Cream 15,false,false
V007490,C00165,2025-03-11,organic_search,P011,Urban Bottle 11,false,false
V007491,C00180,2025-12-05,social,P002,Pure Band 02,true,false
V007492,C00786,2025-09-26,organic_search,P022,Active Mat 22,false,false
V007493,C00449,2025-03-27,email,P007,Calm Cream 07,false,false
V007494,C00974,2025-07-11,email,P011,Urban Bottle 11,false,false
V007495,C00780,2025-07-17,organic_search,P004,Essential Bag 04,false,false
V007496,C00391,2025-07-19,email,P017,Daily Lamp 17,false,false
V007497,C00714,2025-02-26,organic_search,P014,Active Mat 14,false,false
V007498,C00978,2025-01-20,direct,P023,Calm Cream 23,false,false
V007499,C00435,2025-03-24,paid_search,P001,Daily Lamp 01,true,false
V007500,C00061,2025-01-13,social,P003,Urban Bottle 03,false,false
V007501,C00142,2025-07-26,direct,P013,Bright Organizer 13,false,false
V007502,C00236,2025-12-12,paid_search,P029,Bright Organizer 29,false,false
V007503,C00994,2025-09-11,organic_search,P006,Active Mat 06,false,false
V007504,C00820,2025-12-16,social,P010,Pure Band 10,false,false
V007505,C00820,2025-10-27,social,P004,Essential Bag 04,false,false
V007506,C00601,2025-03-12,direct,P004,Essential Bag 04,false,false
V007507,C00934,2025-04-06,social,P017,Daily Lamp 17,false,false
V007508,C00986,2025-06-07,organic_search,P003,Urban Bottle 03,false,false
V007509,C00245,2025-03-30,organic_search,P021,Bright Organizer 21,false,false
V007510,C00817,2025-02-14,organic_search,P015,Calm Cream 15,true,false
V007511,C00743,2025-05-08,email,P027,Urban Bottle 27,false,false
V007512,C00196,2025-08-24,organic_search,P001,Daily Lamp 01,false,false
V007513,C00496,2025-11-16,email,P016,Modern Serum 16,false,false
V007514,C00942,2025-03-08,organic_search,P027,Urban Bottle 27,false,false
V007515,C00202,2025-12-23,paid_search,P023,Calm Cream 23,false,false
V007516,C00330,2025-04-11,email,P012,Essential Bag 12,false,false
V007517,C00123,2025-09-10,paid_search,P028,Essential Bag 28,true,false
V007518,C00996,2025-05-07,referral,P022,Active Mat 22,false,false
V007519,C00298,2025-08-07,organic_search,P010,Pure Band 10,false,false
V007520,C00154,2025-07-03,direct,P016,Modern Serum 16,true,false
V007521,C00656,2025-01-17,social,P025,Daily Lamp 25,false,false
V007522,C00334,2025-12-22,paid_search,P015,Calm Cream 15,true,false
V007523,C00826,2025-04-10,direct,P023,Calm Cream 23,false,false
V007524,C00669,2025-05-18,paid_search,P001,Daily Lamp 01,false,false
V007525,C00382,2025-05-15,direct,P010,Pure Band 10,false,false
V007526,C00666,2025-02-19,organic_search,P018,Pure Band 18,false,false
V007527,C00770,2025-10-19,social,P024,Modern Serum 24,true,false
V007528,C00538,2025-07-28,paid_search,P007,Calm Cream 07,false,false
V007529,C00727,2025-11-11,email,P021,Bright Organizer 21,false,false
V007530,C00857,2025-01-12,paid_search,P028,Essential Bag 28,true,true
V007531,C00971,2025-02-10,email,P025,Daily Lamp 25,true,false
V007532,C00052,2025-05-25,social,P030,Active Mat 30,false,false
V007533,C00323,2025-11-25,email,P023,Calm Cream 23,false,false
V007534,C00244,2025-05-05,paid_search,P027,Urban Bottle 27,true,true
V007535,C00746,2025-02-06,paid_search,P024,Modern Serum 24,false,false
V007536,C00693,2025-02-12,social,P023,Calm Cream 23,false,false
V007537,C00030,2025-03-14,social,P024,Modern Serum 24,false,false
V007538,C00164,2025-02-16,paid_search,P019,Urban Bottle 19,true,false
V007539,C00313,2025-12-16,social,P009,Daily Lamp 09,false,false
V007540,C00765,2025-07-27,paid_search,P004,Essential Bag 04,false,false
V007541,C00409,2025-09-02,organic_search,P016,Modern Serum 16,false,false
V007542,C00910,2025-10-13,paid_search,P002,Pure Band 02,false,true
V007543,C00411,2025-08-29,social,P023,Calm Cream 23,false,false
V007544,C00325,2025-12-03,direct,P011,Urban Bottle 11,true,false
V007545,C00103,2025-02-11,social,P019,Urban Bottle 19,true,false
V007546,C00974,2025-03-17,social,P009,Daily Lamp 09,false,false
V007547,C00115,2025-06-19,organic_search,P023,Calm Cream 23,false,false
V007548,C00114,2025-03-24,direct,P027,Urban Bottle 27,false,false
V007549,C00513,2025-02-18,paid_search,P006,Active Mat 06,false,false
V007550,C00622,2025-03-16,referral,P004,Essential Bag 04,false,false
V007551,C00891,2025-04-28,organic_search,P005,Bright Organizer 05,false,false
V007552,C00934,2025-06-03,referral,P015,Calm Cream 15,false,false
V007553,C00386,2025-03-01,paid_search,P005,Bright Organizer 05,false,false
V007554,C00645,2025-11-13,organic_search,P002,Pure Band 02,false,false
V007555,C00951,2025-02-13,referral,P022,Active Mat 22,true,false
V007556,C00272,2025-09-20,organic_search,P026,Pure Band 26,false,false
V007557,C00822,2025-03-30,social,P028,Essential Bag 28,true,true
V007558,C00520,2025-09-10,direct,P007,Calm Cream 07,false,false
V007559,C00165,2025-02-27,referral,P027,Urban Bottle 27,false,false
V007560,C00060,2025-09-05,email,P001,Daily Lamp 01,true,false
V007561,C00939,2025-05-06,paid_search,P022,Active Mat 22,false,false
V007562,C00468,2025-09-28,paid_search,P023,Calm Cream 23,false,false
V007563,C00565,2025-12-10,email,P008,Modern Serum 08,true,false
V007564,C00232,2025-03-22,organic_search,P006,Active Mat 06,false,false
V007565,C00729,2025-01-13,direct,P024,Modern Serum 24,false,false
V007566,C00111,2025-03-06,social,P002,Pure Band 02,false,false
V007567,C00393,2025-07-10,referral,P016,Modern Serum 16,false,false
V007568,C00538,2025-01-10,social,P004,Essential Bag 04,true,false
V007569,C00647,2025-10-17,organic_search,P022,Active Mat 22,false,false
V007570,C00078,2025-02-08,organic_search,P009,Daily Lamp 09,false,false
V007571,C00642,2025-12-27,organic_search,P004,Essential Bag 04,false,false
V007572,C00711,2025-11-19,direct,P010,Pure Band 10,false,false
V007573,C00577,2025-02-15,organic_search,P017,Daily Lamp 17,false,false
V007574,C00686,2025-10-07,organic_search,P020,Essential Bag 20,false,true
V007575,C00937,2025-12-04,social,P013,Bright Organizer 13,false,false
V007576,C00002,2025-08-18,paid_search,P003,Urban Bottle 03,false,false
V007577,C00259,2025-02-10,paid_search,P002,Pure Band 02,false,false
V007578,C00512,2025-05-09,paid_search,P014,Active Mat 14,true,false
V007579,C00320,2025-04-30,organic_search,P014,Active Mat 14,false,false
V007580,C00588,2025-03-16,direct,P029,Bright Organizer 29,true,false
V007581,C00166,2025-07-12,social,P030,Active Mat 30,false,false
V007582,C00576,2025-05-25,organic_search,P027,Urban Bottle 27,true,true
V007583,C00886,2025-02-09,direct,P028,Essential Bag 28,false,false
V007584,C00236,2025-08-09,organic_search,P010,Pure Band 10,false,false
V007585,C00542,2025-04-04,organic_search,P001,Daily Lamp 01,false,false
V007586,C00171,2025-05-21,social,P027,Urban Bottle 27,false,false
V007587,C00533,2025-11-24,email,P004,Essential Bag 04,false,false
V007588,C00029,2025-07-30,referral,P028,Essential Bag 28,true,false
V007589,C00200,2025-01-03,paid_search,P013,Bright Organizer 13,false,false
V007590,C00514,2025-11-07,paid_search,P005,Bright Organizer 05,true,false
V007591,C00611,2025-02-19,social,P010,Pure Band 10,false,false
V007592,C00588,2025-05-15,paid_search,P009,Daily Lamp 09,false,false
V007593,C00481,2025-06-20,email,P026,Pure Band 26,false,false
V007594,C00483,2025-06-09,direct,P007,Calm Cream 07,false,false
V007595,C00611,2025-09-16,organic_search,P029,Bright Organizer 29,false,false
V007596,C00087,2025-08-23,paid_search,P004,Essential Bag 04,false,false
V007597,C00823,2025-10-03,paid_search,P005,Bright Organizer 05,false,false
V007598,C00541,2025-02-17,email,P028,Essential Bag 28,true,false
V007599,C00410,2025-07-22,paid_search,P028,Essential Bag 28,false,false
V007600,C00936,2025-12-31,email,P017,Daily Lamp 17,true,false
V007601,C00842,2025-02-24,organic_search,P018,Pure Band 18,false,false
V007602,C00533,2025-09-13,paid_search,P024,Modern Serum 24,false,false
V007603,C00661,2025-10-03,social,P026,Pure Band 26,false,false
V007604,C00266,2025-12-05,organic_search,P017,Daily Lamp 17,false,false
V007605,C00212,2025-09-11,paid_search,P006,Active Mat 06,false,false
V007606,C00944,2025-11-23,social,P023,Calm Cream 23,false,false
V007607,C00836,2025-09-29,paid_search,P010,Pure Band 10,false,false
V007608,C00449,2025-08-25,social,P023,Calm Cream 23,false,false
V007609,C00730,2025-07-17,organic_search,P004,Essential Bag 04,true,true
V007610,C00722,2025-12-02,direct,P029,Bright Organizer 29,false,false
V007611,C00163,2025-06-16,organic_search,P028,Essential Bag 28,false,false
V007612,C00422,2025-12-05,social,P012,Essential Bag 12,false,false
V007613,C00788,2025-12-27,social,P011,Urban Bottle 11,true,false
V007614,C00018,2025-05-09,direct,P019,Urban Bottle 19,true,true
V007615,C00263,2025-12-10,paid_search,P030,Active Mat 30,false,false
V007616,C00355,2025-01-01,email,P005,Bright Organizer 05,false,false
V007617,C00596,2025-04-06,paid_search,P015,Calm Cream 15,true,false
V007618,C00889,2025-07-31,social,P013,Bright Organizer 13,false,false
V007619,C00809,2025-09-25,organic_search,P025,Daily Lamp 25,false,false
V007620,C00650,2025-06-29,email,P018,Pure Band 18,false,false
V007621,C00061,2025-04-28,paid_search,P018,Pure Band 18,false,false
V007622,C00019,2025-04-08,paid_search,P001,Daily Lamp 01,false,true
V007623,C00678,2025-01-21,referral,P013,Bright Organizer 13,false,false
V007624,C00013,2025-10-20,paid_search,P009,Daily Lamp 09,false,false
V007625,C00603,2025-01-09,paid_search,P018,Pure Band 18,true,true
V007626,C00040,2025-04-07,referral,P019,Urban Bottle 19,false,true
V007627,C00117,2025-06-11,direct,P023,Calm Cream 23,true,false
V007628,C00127,2025-04-12,paid_search,P014,Active Mat 14,false,false
V007629,C00635,2025-09-27,social,P015,Calm Cream 15,false,false
V007630,C00381,2025-12-24,direct,P030,Active Mat 30,false,false
V007631,C00550,2025-12-02,direct,P019,Urban Bottle 19,true,false
V007632,C00064,2025-01-06,paid_search,P017,Daily Lamp 17,true,false
V007633,C00786,2025-05-04,paid_search,P030,Active Mat 30,false,false
V007634,C00663,2025-11-23,paid_search,P025,Daily Lamp 25,false,true
V007635,C00988,2025-05-29,paid_search,P027,Urban Bottle 27,false,false
V007636,C00780,2025-01-05,organic_search,P024,Modern Serum 24,false,false
V007637,C00065,2025-07-26,social,P022,Active Mat 22,true,true
V007638,C00360,2025-04-30,social,P020,Essential Bag 20,false,false
V007639,C00874,2025-07-18,email,P013,Bright Organizer 13,true,false
V007640,C00537,2025-09-18,organic_search,P007,Calm Cream 07,false,false
V007641,C00250,2025-07-19,direct,P014,Active Mat 14,false,false
V007642,C00616,2025-10-22,paid_search,P014,Active Mat 14,false,false
V007643,C00285,2025-05-05,social,P004,Essential Bag 04,false,true
V007644,C00935,2025-07-08,paid_search,P028,Essential Bag 28,true,false
V007645,C00277,2025-10-22,email,P007,Calm Cream 07,false,false
V007646,C00191,2025-10-01,social,P019,Urban Bottle 19,false,false
V007647,C00178,2025-11-30,social,P007,Calm Cream 07,false,false
V007648,C00910,2025-04-28,social,P004,Essential Bag 04,true,true
V007649,C00748,2025-04-18,social,P004,Essential Bag 04,false,false
V007650,C00123,2025-12-18,organic_search,P015,Calm Cream 15,false,false
V007651,C00830,2025-08-18,organic_search,P002,Pure Band 02,false,false
V007652,C00480,2025-10-03,social,P001,Daily Lamp 01,false,false
V007653,C00295,2025-05-29,organic_search,P007,Calm Cream 07,false,false
V007654,C00765,2025-01-30,direct,P028,Essential Bag 28,false,false
V007655,C00218,2025-11-01,paid_search,P026,Pure Band 26,true,true
V007656,C00728,2025-03-11,referral,P028,Essential Bag 28,false,true
V007657,C00909,2025-04-11,social,P011,Urban Bottle 11,false,false
V007658,C00910,2025-06-25,direct,P005,Bright Organizer 05,true,true
V007659,C00557,2025-11-26,social,P007,Calm Cream 07,false,false
V007660,C00698,2025-09-09,social,P014,Active Mat 14,false,false
V007661,C00017,2025-09-24,organic_search,P003,Urban Bottle 03,true,false
V007662,C01000,2025-06-20,organic_search,P021,Bright Organizer 21,false,false
V007663,C00410,2025-08-06,social,P012,Essential Bag 12,true,false
V007664,C00627,2025-10-15,paid_search,P001,Daily Lamp 01,false,false
V007665,C00496,2025-07-15,organic_search,P004,Essential Bag 04,false,false
V007666,C00658,2025-01-11,paid_search,P004,Essential Bag 04,true,false
V007667,C00432,2025-12-14,paid_search,P003,Urban Bottle 03,false,false
V007668,C00046,2025-11-16,organic_search,P024,Modern Serum 24,false,false
V007669,C00498,2025-09-13,social,P008,Modern Serum 08,true,false
V007670,C00003,2025-04-10,email,P021,Bright Organizer 21,false,false
V007671,C00846,2025-03-09,social,P022,Active Mat 22,false,false
V007672,C00549,2025-01-16,paid_search,P006,Active Mat 06,false,false
V007673,C00597,2025-05-21,direct,P012,Essential Bag 12,false,false
V007674,C00099,2025-02-18,email,P023,Calm Cream 23,false,false
V007675,C00653,2025-07-30,direct,P018,Pure Band 18,false,false
V007676,C00441,2025-01-01,direct,P026,Pure Band 26,false,false
V007677,C00635,2025-07-18,social,P003,Urban Bottle 03,false,false
V007678,C00487,2025-08-17,organic_search,P015,Calm Cream 15,false,false
V007679,C00399,2025-05-15,email,P003,Urban Bottle 03,false,false
V007680,C00999,2025-08-28,email,P008,Modern Serum 08,false,false
V007681,C00727,2025-02-05,email,P014,Active Mat 14,false,false
V007682,C00933,2025-04-10,direct,P007,Calm Cream 07,false,false
V007683,C00854,2025-03-09,organic_search,P016,Modern Serum 16,false,false
V007684,C00146,2025-04-16,social,P005,Bright Organizer 05,true,false
V007685,C00706,2025-10-09,organic_search,P027,Urban Bottle 27,false,false
V007686,C00459,2025-08-15,paid_search,P007,Calm Cream 07,false,false
V007687,C00036,2025-05-29,email,P025,Daily Lamp 25,false,true
V007688,C00803,2025-08-05,direct,P012,Essential Bag 12,false,false
V007689,C00415,2025-11-18,organic_search,P015,Calm Cream 15,false,false
V007690,C00027,2025-03-07,email,P006,Active Mat 06,false,true
V007691,C00654,2025-05-19,direct,P018,Pure Band 18,false,false
V007692,C00194,2025-02-01,direct,P001,Daily Lamp 01,false,false
V007693,C00269,2025-08-21,organic_search,P016,Modern Serum 16,true,true
V007694,C00901,2025-02-26,paid_search,P003,Urban Bottle 03,false,false
V007695,C01000,2025-12-11,direct,P014,Active Mat 14,false,false
V007696,C00645,2025-02-22,referral,P026,Pure Band 26,false,false
V007697,C00066,2025-05-19,paid_search,P003,Urban Bottle 03,false,false
V007698,C00662,2025-11-27,organic_search,P014,Active Mat 14,false,false
V007699,C00125,2025-06-25,direct,P005,Bright Organizer 05,false,false
V007700,C00515,2025-10-23,email,P016,Modern Serum 16,false,false
V007701,C00431,2025-08-28,social,P028,Essential Bag 28,true,false
V007702,C00503,2025-11-17,email,P013,Bright Organizer 13,false,true
V007703,C00060,2025-03-18,organic_search,P020,Essential Bag 20,true,false
V007704,C00235,2025-07-17,organic_search,P004,Essential Bag 04,false,false
V007705,C00081,2025-08-29,direct,P015,Calm Cream 15,false,false
V007706,C00382,2025-03-03,email,P001,Daily Lamp 01,false,false
V007707,C00572,2025-05-04,social,P003,Urban Bottle 03,false,false
V007708,C00568,2025-07-11,organic_search,P013,Bright Organizer 13,false,false
V007709,C00740,2025-07-13,email,P028,Essential Bag 28,false,false
V007710,C00003,2025-08-29,email,P024,Modern Serum 24,false,false
V007711,C00108,2025-02-21,organic_search,P012,Essential Bag 12,true,false
V007712,C00663,2025-08-13,paid_search,P004,Essential Bag 04,false,false
V007713,C00891,2025-06-07,referral,P023,Calm Cream 23,false,false
V007714,C00809,2025-02-11,paid_search,P017,Daily Lamp 17,false,false
V007715,C00203,2025-11-10,email,P014,Active Mat 14,true,false
V007716,C00051,2025-03-04,social,P010,Pure Band 10,false,false
V007717,C00509,2025-03-07,organic_search,P012,Essential Bag 12,false,false
V007718,C00324,2025-07-16,email,P009,Daily Lamp 09,false,false
V007719,C00596,2025-09-26,organic_search,P014,Active Mat 14,false,false
V007720,C00381,2025-06-14,social,P016,Modern Serum 16,false,false
V007721,C00791,2025-07-16,paid_search,P003,Urban Bottle 03,false,false
V007722,C00085,2025-11-30,direct,P007,Calm Cream 07,true,true
V007723,C00053,2025-01-17,social,P023,Calm Cream 23,true,false
V007724,C00343,2025-12-29,social,P029,Bright Organizer 29,false,false
V007725,C00293,2025-04-13,paid_search,P008,Modern Serum 08,false,false
V007726,C00680,2025-08-03,social,P010,Pure Band 10,false,false
V007727,C00682,2025-10-17,email,P001,Daily Lamp 01,false,false
V007728,C00189,2025-06-18,organic_search,P005,Bright Organizer 05,false,false
V007729,C00888,2025-01-03,referral,P002,Pure Band 02,false,false
V007730,C00865,2025-04-01,direct,P002,Pure Band 02,false,false
V007731,C00500,2025-12-08,email,P003,Urban Bottle 03,true,true
V007732,C00257,2025-04-03,referral,P019,Urban Bottle 19,false,true
V007733,C00825,2025-01-28,social,P024,Modern Serum 24,false,false
V007734,C00158,2025-06-23,organic_search,P023,Calm Cream 23,false,false
V007735,C00581,2025-07-29,direct,P012,Essential Bag 12,false,false
V007736,C00170,2025-11-12,paid_search,P003,Urban Bottle 03,false,false
V007737,C00878,2025-03-06,email,P010,Pure Band 10,false,false
V007738,C00614,2025-02-27,email,P001,Daily Lamp 01,false,false
V007739,C00846,2025-06-04,organic_search,P004,Essential Bag 04,false,false
V007740,C00187,2025-05-25,direct,P022,Active Mat 22,false,false
V007741,C00596,2025-08-02,email,P001,Daily Lamp 01,false,false
V007742,C00559,2025-01-15,social,P007,Calm Cream 07,false,false
V007743,C00635,2025-06-04,direct,P003,Urban Bottle 03,false,false
V007744,C00182,2025-09-18,direct,P029,Bright Organizer 29,false,false
V007745,C00113,2025-09-24,paid_search,P012,Essential Bag 12,false,false
V007746,C00492,2025-09-04,paid_search,P028,Essential Bag 28,false,false
V007747,C00419,2025-05-26,email,P008,Modern Serum 08,false,false
V007748,C00460,2025-01-14,direct,P017,Daily Lamp 17,true,false
V007749,C00363,2025-11-05,direct,P027,Urban Bottle 27,false,false
V007750,C00654,2025-04-26,paid_search,P015,Calm Cream 15,false,false
V007751,C00110,2025-12-02,organic_search,P030,Active Mat 30,false,false
V007752,C00177,2025-11-17,referral,P008,Modern Serum 08,false,false
V007753,C00641,2025-11-27,direct,P021,Bright Organizer 21,false,false
V007754,C00035,2025-02-26,organic_search,P020,Essential Bag 20,false,false
V007755,C00435,2025-03-16,direct,P010,Pure Band 10,true,false
V007756,C00647,2025-10-28,organic_search,P012,Essential Bag 12,false,false
V007757,C00619,2025-06-10,social,P029,Bright Organizer 29,false,false
V007758,C00595,2025-04-09,organic_search,P021,Bright Organizer 21,true,false
V007759,C00325,2025-02-27,organic_search,P005,Bright Organizer 05,false,false
V007760,C00174,2025-11-14,organic_search,P001,Daily Lamp 01,false,false
V007761,C00226,2025-02-25,paid_search,P007,Calm Cream 07,false,false
V007762,C00297,2025-05-18,referral,P014,Active Mat 14,false,false
V007763,C00136,2025-10-06,email,P013,Bright Organizer 13,false,false
V007764,C00881,2025-06-24,social,P016,Modern Serum 16,false,false
V007765,C00020,2025-10-11,organic_search,P028,Essential Bag 28,false,false
V007766,C00478,2025-04-21,social,P024,Modern Serum 24,false,false
V007767,C00063,2025-01-12,social,P024,Modern Serum 24,false,false
V007768,C00426,2025-09-30,paid_search,P023,Calm Cream 23,false,false
V007769,C00914,2025-11-03,direct,P030,Active Mat 30,false,false
V007770,C00869,2025-11-01,direct,P014,Active Mat 14,false,false
V007771,C00186,2025-09-04,organic_search,P014,Active Mat 14,false,false
V007772,C00603,2025-07-06,referral,P004,Essential Bag 04,false,false
V007773,C00842,2025-12-20,paid_search,P010,Pure Band 10,true,false
V007774,C00855,2025-07-28,organic_search,P015,Calm Cream 15,true,false
V007775,C00921,2025-05-13,paid_search,P005,Bright Organizer 05,false,true
V007776,C00074,2025-01-31,email,P005,Bright Organizer 05,false,false
V007777,C00569,2025-09-09,direct,P023,Calm Cream 23,true,true
V007778,C00891,2025-12-22,direct,P024,Modern Serum 24,false,false
V007779,C00266,2025-06-18,email,P023,Calm Cream 23,false,false
V007780,C00099,2025-02-14,paid_search,P029,Bright Organizer 29,false,false
V007781,C00560,2025-09-08,paid_search,P004,Essential Bag 04,false,false
V007782,C00868,2025-08-03,organic_search,P002,Pure Band 02,false,false
V007783,C00663,2025-02-27,paid_search,P020,Essential Bag 20,false,false
V007784,C00019,2025-06-24,organic_search,P010,Pure Band 10,false,true
V007785,C00939,2025-03-04,email,P015,Calm Cream 15,false,true
V007786,C00288,2025-06-14,email,P025,Daily Lamp 25,false,false
V007787,C00151,2025-08-13,organic_search,P028,Essential Bag 28,false,false
V007788,C00169,2025-12-02,email,P010,Pure Band 10,false,false
V007789,C00785,2025-06-02,email,P022,Active Mat 22,true,false
V007790,C00329,2025-01-31,social,P024,Modern Serum 24,false,false
V007791,C00224,2025-01-01,direct,P017,Daily Lamp 17,false,false
V007792,C00289,2025-03-02,direct,P030,Active Mat 30,true,false
V007793,C00006,2025-11-10,direct,P012,Essential Bag 12,false,false
V007794,C00865,2025-08-22,social,P028,Essential Bag 28,true,false
V007795,C00497,2025-03-21,social,P001,Daily Lamp 01,false,false
V007796,C00351,2025-11-26,organic_search,P006,Active Mat 06,false,false
V007797,C00688,2025-04-12,paid_search,P002,Pure Band 02,false,false
V007798,C00761,2025-08-24,social,P014,Active Mat 14,false,false
V007799,C00501,2025-04-26,organic_search,P004,Essential Bag 04,true,false
V007800,C00212,2025-02-17,organic_search,P027,Urban Bottle 27,false,false
V007801,C00632,2025-07-06,paid_search,P011,Urban Bottle 11,false,false
V007802,C00009,2025-10-29,organic_search,P007,Calm Cream 07,false,false
V007803,C00181,2025-02-24,organic_search,P013,Bright Organizer 13,false,false
V007804,C00005,2025-03-02,direct,P007,Calm Cream 07,false,false
V007805,C00786,2025-09-21,social,P011,Urban Bottle 11,false,false
V007806,C00068,2025-12-16,direct,P025,Daily Lamp 25,false,false
V007807,C00414,2025-12-25,direct,P018,Pure Band 18,false,false
V007808,C00973,2025-05-02,paid_search,P004,Essential Bag 04,false,false
V007809,C00537,2025-05-06,paid_search,P016,Modern Serum 16,true,false
V007810,C00433,2025-12-19,direct,P004,Essential Bag 04,true,false
V007811,C00976,2025-07-08,social,P002,Pure Band 02,false,false
V007812,C00209,2025-11-08,paid_search,P023,Calm Cream 23,false,false
V007813,C00721,2025-04-02,direct,P003,Urban Bottle 03,true,false
V007814,C00819,2025-01-11,paid_search,P013,Bright Organizer 13,false,false
V007815,C00504,2025-04-14,paid_search,P017,Daily Lamp 17,false,false
V007816,C00296,2025-03-10,referral,P019,Urban Bottle 19,false,false
V007817,C00078,2025-09-27,direct,P028,Essential Bag 28,true,false
V007818,C00782,2025-09-07,social,P020,Essential Bag 20,false,false
V007819,C00376,2025-08-29,paid_search,P016,Modern Serum 16,true,true
V007820,C00170,2025-04-07,paid_search,P010,Pure Band 10,false,false
V007821,C00281,2025-10-13,paid_search,P020,Essential Bag 20,false,false
V007822,C00567,2025-12-30,referral,P002,Pure Band 02,false,false
V007823,C00622,2025-10-17,direct,P003,Urban Bottle 03,false,false
V007824,C00413,2025-09-26,social,P002,Pure Band 02,false,false
V007825,C00742,2025-02-23,social,P029,Bright Organizer 29,false,false
V007826,C00044,2025-04-01,paid_search,P028,Essential Bag 28,false,false
V007827,C00224,2025-12-01,paid_search,P001,Daily Lamp 01,false,false
V007828,C00807,2025-02-27,paid_search,P004,Essential Bag 04,false,true
V007829,C00267,2025-12-15,organic_search,P021,Bright Organizer 21,false,false
V007830,C00118,2025-02-09,organic_search,P007,Calm Cream 07,false,false
V007831,C00080,2025-07-17,organic_search,P019,Urban Bottle 19,false,false
V007832,C00118,2025-10-19,direct,P006,Active Mat 06,true,true
V007833,C00763,2025-10-13,organic_search,P015,Calm Cream 15,false,false
V007834,C00380,2025-12-21,social,P028,Essential Bag 28,false,false
V007835,C00169,2025-12-10,social,P008,Modern Serum 08,false,false
V007836,C00161,2025-08-16,social,P008,Modern Serum 08,false,false
V007837,C00477,2025-09-05,email,P003,Urban Bottle 03,false,false
V007838,C00716,2025-11-07,paid_search,P021,Bright Organizer 21,false,false
V007839,C00037,2025-03-30,email,P025,Daily Lamp 25,false,false
V007840,C00726,2025-06-16,email,P002,Pure Band 02,false,false
V007841,C00463,2025-04-05,email,P020,Essential Bag 20,false,false
V007842,C00617,2025-05-03,direct,P024,Modern Serum 24,false,false
V007843,C00992,2025-04-28,referral,P003,Urban Bottle 03,false,false
V007844,C00597,2025-09-20,paid_search,P003,Urban Bottle 03,true,true
V007845,C00384,2025-05-07,organic_search,P002,Pure Band 02,false,false
V007846,C00444,2025-07-06,organic_search,P016,Modern Serum 16,false,false
V007847,C00982,2025-08-23,organic_search,P013,Bright Organizer 13,false,false
V007848,C00739,2025-07-08,organic_search,P008,Modern Serum 08,false,true
V007849,C00040,2025-03-12,social,P021,Bright Organizer 21,true,false
V007850,C00711,2025-09-08,social,P017,Daily Lamp 17,false,false
V007851,C00517,2025-05-25,paid_search,P029,Bright Organizer 29,false,false
V007852,C00776,2025-02-06,direct,P002,Pure Band 02,false,false
V007853,C00275,2025-10-28,paid_search,P023,Calm Cream 23,true,false
V007854,C00791,2025-09-10,direct,P024,Modern Serum 24,false,false
V007855,C00542,2025-07-03,direct,P027,Urban Bottle 27,false,false
V007856,C00447,2025-10-17,direct,P018,Pure Band 18,false,false
V007857,C00962,2025-03-14,social,P016,Modern Serum 16,true,false
V007858,C00042,2025-07-01,social,P005,Bright Organizer 05,true,false
V007859,C00305,2025-02-24,direct,P006,Active Mat 06,true,false
V007860,C00382,2025-01-16,organic_search,P027,Urban Bottle 27,false,false
V007861,C00387,2025-01-23,email,P008,Modern Serum 08,true,false
V007862,C00691,2025-02-09,organic_search,P013,Bright Organizer 13,false,false
V007863,C00623,2025-11-06,direct,P011,Urban Bottle 11,false,false
V007864,C00504,2025-04-19,social,P022,Active Mat 22,false,false
V007865,C00636,2025-09-27,organic_search,P029,Bright Organizer 29,false,false
V007866,C00538,2025-12-01,organic_search,P023,Calm Cream 23,true,false
V007867,C00307,2025-03-27,organic_search,P025,Daily Lamp 25,false,false
V007868,C00472,2025-11-15,email,P023,Calm Cream 23,false,false
V007869,C00719,2025-08-30,direct,P009,Daily Lamp 09,false,false
V007870,C00718,2025-04-02,social,P024,Modern Serum 24,false,false
V007871,C00101,2025-04-22,organic_search,P026,Pure Band 26,false,false
V007872,C00614,2025-08-08,social,P003,Urban Bottle 03,false,false
V007873,C00232,2025-07-06,organic_search,P027,Urban Bottle 27,false,false
V007874,C00555,2025-01-09,referral,P024,Modern Serum 24,false,false
V007875,C00237,2025-03-20,email,P028,Essential Bag 28,false,false
V007876,C00096,2025-07-31,social,P029,Bright Organizer 29,false,false
V007877,C00825,2025-02-24,social,P009,Daily Lamp 09,false,false
V007878,C00742,2025-09-11,email,P001,Daily Lamp 01,false,false
V007879,C00953,2025-10-24,email,P016,Modern Serum 16,false,false
V007880,C00573,2025-07-31,email,P021,Bright Organizer 21,true,true
V007881,C00748,2025-10-17,organic_search,P018,Pure Band 18,false,false
V007882,C00357,2025-08-12,direct,P017,Daily Lamp 17,false,false
V007883,C00349,2025-08-13,email,P013,Bright Organizer 13,false,false
V007884,C00874,2025-08-17,paid_search,P023,Calm Cream 23,false,false
V007885,C00134,2025-12-11,social,P022,Active Mat 22,false,false
V007886,C00095,2025-08-10,referral,P016,Modern Serum 16,true,false
V007887,C00446,2025-01-21,organic_search,P017,Daily Lamp 17,false,false
V007888,C00588,2025-07-06,social,P005,Bright Organizer 05,false,false
V007889,C00339,2025-09-12,email,P009,Daily Lamp 09,false,false
V007890,C00026,2025-06-24,organic_search,P014,Active Mat 14,false,false
V007891,C00808,2025-03-15,paid_search,P019,Urban Bottle 19,false,false
V007892,C00754,2025-05-05,organic_search,P018,Pure Band 18,false,false
V007893,C00472,2025-10-30,paid_search,P026,Pure Band 26,false,false
V007894,C00001,2025-06-13,paid_search,P018,Pure Band 18,false,false
V007895,C00063,2025-11-09,paid_search,P026,Pure Band 26,false,false
V007896,C00216,2025-10-23,referral,P013,Bright Organizer 13,true,false
V007897,C00854,2025-06-20,referral,P012,Essential Bag 12,false,false
V007898,C00738,2025-01-05,organic_search,P001,Daily Lamp 01,true,false
V007899,C00842,2025-07-08,organic_search,P023,Calm Cream 23,false,false
V007900,C00287,2025-09-10,organic_search,P010,Pure Band 10,false,false
V007901,C00805,2025-06-29,direct,P024,Modern Serum 24,true,true
V007902,C00330,2025-06-18,referral,P005,Bright Organizer 05,false,false
V007903,C00271,2025-10-25,organic_search,P024,Modern Serum 24,false,false
V007904,C00878,2025-04-14,direct,P025,Daily Lamp 25,false,false
V007905,C00303,2025-10-07,direct,P012,Essential Bag 12,false,false
V007906,C00051,2025-12-27,organic_search,P009,Daily Lamp 09,false,false
V007907,C00046,2025-01-18,social,P010,Pure Band 10,false,false
V007908,C00891,2025-03-31,organic_search,P004,Essential Bag 04,false,false
V007909,C00244,2025-05-28,direct,P003,Urban Bottle 03,false,false
V007910,C00087,2025-08-11,organic_search,P013,Bright Organizer 13,false,false
V007911,C00311,2025-06-05,referral,P019,Urban Bottle 19,true,false
V007912,C00107,2025-06-20,email,P007,Calm Cream 07,false,false
V007913,C00041,2025-09-03,direct,P009,Daily Lamp 09,false,false
V007914,C00299,2025-04-26,paid_search,P003,Urban Bottle 03,false,false
V007915,C00434,2025-02-16,direct,P001,Daily Lamp 01,false,false
V007916,C00989,2025-01-07,referral,P024,Modern Serum 24,true,false
V007917,C00273,2025-04-15,organic_search,P004,Essential Bag 04,false,false
V007918,C00717,2025-11-21,organic_search,P015,Calm Cream 15,false,false
V007919,C00233,2025-08-29,social,P013,Bright Organizer 13,false,false
V007920,C00316,2025-08-25,referral,P023,Calm Cream 23,true,false
V007921,C00741,2025-11-04,organic_search,P027,Urban Bottle 27,false,false
V007922,C00894,2025-10-22,organic_search,P028,Essential Bag 28,false,false
V007923,C00161,2025-11-08,organic_search,P008,Modern Serum 08,false,false
V007924,C00543,2025-12-25,organic_search,P012,Essential Bag 12,false,false
V007925,C00467,2025-05-02,direct,P023,Calm Cream 23,false,false
V007926,C00352,2025-03-07,organic_search,P021,Bright Organizer 21,false,false
V007927,C00539,2025-06-13,social,P007,Calm Cream 07,false,false
V007928,C00609,2025-09-20,organic_search,P007,Calm Cream 07,false,false
V007929,C00626,2025-02-11,direct,P014,Active Mat 14,false,false
V007930,C00172,2025-10-13,referral,P005,Bright Organizer 05,false,false
V007931,C00185,2025-12-01,paid_search,P009,Daily Lamp 09,false,false
V007932,C00279,2025-10-21,social,P022,Active Mat 22,false,false
V007933,C00077,2025-06-02,organic_search,P025,Daily Lamp 25,false,false
V007934,C00054,2025-12-13,social,P016,Modern Serum 16,true,true
V007935,C00028,2025-11-23,paid_search,P004,Essential Bag 04,false,false
V007936,C00665,2025-02-25,social,P014,Active Mat 14,false,false
V007937,C00280,2025-10-26,paid_search,P012,Essential Bag 12,true,false
V007938,C00932,2025-01-08,organic_search,P028,Essential Bag 28,false,false
V007939,C00339,2025-03-09,organic_search,P028,Essential Bag 28,false,false
V007940,C00794,2025-04-11,referral,P004,Essential Bag 04,false,false
V007941,C00306,2025-08-03,paid_search,P003,Urban Bottle 03,false,false
V007942,C00507,2025-11-20,organic_search,P030,Active Mat 30,false,false
V007943,C00165,2025-05-26,social,P019,Urban Bottle 19,false,false
V007944,C00289,2025-01-08,social,P030,Active Mat 30,false,false
V007945,C00765,2025-01-03,referral,P005,Bright Organizer 05,false,false
V007946,C00611,2025-10-06,direct,P014,Active Mat 14,false,false
V007947,C00754,2025-01-03,social,P026,Pure Band 26,false,false
V007948,C00376,2025-02-02,email,P012,Essential Bag 12,false,false
V007949,C00514,2025-12-13,paid_search,P020,Essential Bag 20,false,false
V007950,C00738,2025-05-13,direct,P025,Daily Lamp 25,true,true
V007951,C00032,2025-04-15,referral,P015,Calm Cream 15,false,false
V007952,C00547,2025-02-26,organic_search,P012,Essential Bag 12,false,false
V007953,C00563,2025-01-29,direct,P011,Urban Bottle 11,false,false
V007954,C00150,2025-01-23,organic_search,P019,Urban Bottle 19,false,true
V007955,C00838,2025-12-14,referral,P028,Essential Bag 28,false,true
V007956,C00731,2025-06-30,social,P006,Active Mat 06,false,false
V007957,C00216,2025-08-31,organic_search,P013,Bright Organizer 13,false,false
V007958,C00279,2025-11-15,organic_search,P003,Urban Bottle 03,false,false
V007959,C00821,2025-02-08,referral,P001,Daily Lamp 01,false,false
V007960,C00435,2025-04-15,organic_search,P016,Modern Serum 16,false,false
V007961,C00237,2025-04-06,direct,P030,Active Mat 30,false,false
V007962,C00757,2025-12-22,organic_search,P002,Pure Band 02,false,false
V007963,C00480,2025-09-17,social,P003,Urban Bottle 03,true,true
V007964,C00070,2025-02-01,organic_search,P025,Daily Lamp 25,false,false
V007965,C00411,2025-11-23,social,P027,Urban Bottle 27,false,false
V007966,C00635,2025-06-29,email,P006,Active Mat 06,false,false
V007967,C00114,2025-02-03,organic_search,P001,Daily Lamp 01,false,false
V007968,C00789,2025-12-15,social,P015,Calm Cream 15,false,true
V007969,C00228,2025-03-10,organic_search,P013,Bright Organizer 13,false,false
V007970,C00734,2025-04-27,social,P027,Urban Bottle 27,false,false
V007971,C00821,2025-11-12,organic_search,P017,Daily Lamp 17,false,false
V007972,C00666,2025-11-06,paid_search,P028,Essential Bag 28,false,false
V007973,C00911,2025-02-22,social,P015,Calm Cream 15,true,false
V007974,C00678,2025-04-26,social,P024,Modern Serum 24,false,false
V007975,C00445,2025-06-29,direct,P023,Calm Cream 23,true,false
V007976,C00117,2025-11-30,paid_search,P021,Bright Organizer 21,false,false
V007977,C00623,2025-12-25,direct,P006,Active Mat 06,false,false
V007978,C00567,2025-01-11,referral,P025,Daily Lamp 25,false,false
V007979,C00226,2025-02-10,email,P011,Urban Bottle 11,true,false
V007980,C00480,2025-12-02,organic_search,P028,Essential Bag 28,false,false
V007981,C00086,2025-12-23,direct,P020,Essential Bag 20,false,false
V007982,C00720,2025-03-13,social,P003,Urban Bottle 03,false,false
V007983,C00885,2025-12-27,paid_search,P018,Pure Band 18,true,false
V007984,C00197,2025-03-26,organic_search,P017,Daily Lamp 17,false,true
V007985,C00959,2025-07-28,organic_search,P019,Urban Bottle 19,false,false
V007986,C00794,2025-12-15,organic_search,P014,Active Mat 14,false,false
V007987,C00851,2025-08-24,organic_search,P029,Bright Organizer 29,true,true
V007988,C00834,2025-05-04,direct,P025,Daily Lamp 25,false,false
V007989,C00970,2025-03-25,referral,P008,Modern Serum 08,false,false
V007990,C00865,2025-05-12,social,P019,Urban Bottle 19,false,false
V007991,C00500,2025-05-26,direct,P005,Bright Organizer 05,false,false
V007992,C00928,2025-04-09,referral,P025,Daily Lamp 25,false,false
V007993,C00573,2025-01-22,direct,P024,Modern Serum 24,false,false
V007994,C00800,2025-10-03,social,P006,Active Mat 06,false,false
V007995,C00636,2025-02-04,paid_search,P019,Urban Bottle 19,false,false
V007996,C00243,2025-07-16,organic_search,P029,Bright Organizer 29,false,false
V007997,C00114,2025-10-10,social,P030,Active Mat 30,true,false
V007998,C00066,2025-12-12,paid_search,P011,Urban Bottle 11,false,false
V007999,C00157,2025-03-26,direct,P011,Urban Bottle 11,true,false
V008000,C00640,2025-11-27,organic_search,P025,Daily Lamp 25,false,false
V008001,C00930,2025-03-22,paid_search,P007,Calm Cream 07,false,false
V008002,C00708,2025-05-19,social,P021,Bright Organizer 21,false,false
V008003,C00117,2025-11-25,social,P005,Bright Organizer 05,false,false
V008004,C00296,2025-08-14,email,P029,Bright Organizer 29,false,false
V008005,C00711,2025-01-26,email,P027,Urban Bottle 27,false,false
V008006,C00202,2025-04-28,email,P021,Bright Organizer 21,false,false
V008007,C00840,2025-09-09,referral,P008,Modern Serum 08,true,false
V008008,C00008,2025-11-29,organic_search,P008,Modern Serum 08,false,false
V008009,C00525,2025-06-30,organic_search,P028,Essential Bag 28,false,false
V008010,C00240,2025-06-06,organic_search,P030,Active Mat 30,false,false
V008011,C00572,2025-04-22,social,P022,Active Mat 22,false,false
V008012,C00153,2025-12-28,organic_search,P021,Bright Organizer 21,false,false
V008013,C00662,2025-08-05,social,P017,Daily Lamp 17,false,false
V008014,C00857,2025-03-20,email,P028,Essential Bag 28,false,false
V008015,C00691,2025-12-29,organic_search,P011,Urban Bottle 11,false,false
V008016,C00395,2025-01-21,direct,P029,Bright Organizer 29,false,false
V008017,C00326,2025-09-10,social,P014,Active Mat 14,false,false
V008018,C00033,2025-09-25,paid_search,P011,Urban Bottle 11,false,false
V008019,C00882,2025-12-27,direct,P016,Modern Serum 16,false,false
V008020,C00045,2025-01-22,email,P027,Urban Bottle 27,false,false
V008021,C00596,2025-07-03,email,P018,Pure Band 18,false,false
V008022,C00977,2025-05-04,paid_search,P006,Active Mat 06,true,false
V008023,C00047,2025-01-17,organic_search,P017,Daily Lamp 17,false,true
V008024,C00420,2025-08-11,direct,P024,Modern Serum 24,false,false
V008025,C00027,2025-10-28,email,P007,Calm Cream 07,false,false
V008026,C00012,2025-11-14,paid_search,P028,Essential Bag 28,false,false
V008027,C00166,2025-12-20,email,P024,Modern Serum 24,false,true
V008028,C00549,2025-08-27,organic_search,P029,Bright Organizer 29,false,false
V008029,C00947,2025-02-09,email,P024,Modern Serum 24,false,false
V008030,C00227,2025-07-28,organic_search,P013,Bright Organizer 13,false,false
V008031,C00483,2025-05-09,social,P026,Pure Band 26,false,false
V008032,C00660,2025-07-18,email,P007,Calm Cream 07,false,false
V008033,C00446,2025-02-04,referral,P026,Pure Band 26,false,false
V008034,C00380,2025-11-18,direct,P027,Urban Bottle 27,false,false
V008035,C00973,2025-02-14,social,P022,Active Mat 22,false,false
V008036,C00584,2025-06-01,organic_search,P028,Essential Bag 28,true,false
V008037,C00913,2025-05-21,social,P017,Daily Lamp 17,false,false
V008038,C00719,2025-08-27,direct,P027,Urban Bottle 27,false,true
V008039,C00395,2025-03-13,direct,P005,Bright Organizer 05,true,false
V008040,C00799,2025-06-28,social,P005,Bright Organizer 05,false,false
V008041,C00569,2025-05-05,direct,P020,Essential Bag 20,false,true
V008042,C00811,2025-07-18,paid_search,P027,Urban Bottle 27,false,false
V008043,C00174,2025-10-27,direct,P008,Modern Serum 08,false,false
V008044,C00797,2025-05-11,paid_search,P015,Calm Cream 15,false,false
V008045,C00893,2025-09-20,referral,P020,Essential Bag 20,false,false
V008046,C00768,2025-08-08,referral,P003,Urban Bottle 03,true,false
V008047,C00161,2025-11-25,social,P015,Calm Cream 15,false,false
V008048,C00229,2025-08-03,social,P024,Modern Serum 24,false,false
V008049,C00035,2025-02-22,paid_search,P006,Active Mat 06,true,false
V008050,C00336,2025-03-05,organic_search,P024,Modern Serum 24,false,false
V008051,C00963,2025-04-06,paid_search,P025,Daily Lamp 25,false,false
V008052,C00535,2025-09-07,social,P017,Daily Lamp 17,false,false
V008053,C00505,2025-12-24,social,P016,Modern Serum 16,false,true
V008054,C00015,2025-08-21,email,P008,Modern Serum 08,true,false
V008055,C00148,2025-02-07,organic_search,P012,Essential Bag 12,false,false
V008056,C00768,2025-03-31,paid_search,P023,Calm Cream 23,false,false
V008057,C00926,2025-12-05,paid_search,P008,Modern Serum 08,false,true
V008058,C00711,2025-06-24,paid_search,P007,Calm Cream 07,false,false
V008059,C00681,2025-02-28,social,P030,Active Mat 30,false,false
V008060,C00300,2025-05-01,organic_search,P011,Urban Bottle 11,false,false
V008061,C00351,2025-01-26,social,P011,Urban Bottle 11,false,false
V008062,C00951,2025-07-14,organic_search,P002,Pure Band 02,false,false
V008063,C00109,2025-01-20,organic_search,P016,Modern Serum 16,false,false
V008064,C00640,2025-05-07,email,P003,Urban Bottle 03,false,false
V008065,C00477,2025-06-19,direct,P026,Pure Band 26,false,false
V008066,C00805,2025-02-02,organic_search,P027,Urban Bottle 27,false,false
V008067,C00247,2025-07-28,social,P013,Bright Organizer 13,false,false
V008068,C00764,2025-01-20,email,P005,Bright Organizer 05,false,true
V008069,C00899,2025-12-31,paid_search,P014,Active Mat 14,true,false
V008070,C00720,2025-04-10,social,P005,Bright Organizer 05,false,false
V008071,C00582,2025-09-05,social,P009,Daily Lamp 09,true,false
V008072,C00731,2025-02-15,direct,P029,Bright Organizer 29,false,false
V008073,C00581,2025-01-17,organic_search,P017,Daily Lamp 17,true,false
V008074,C00628,2025-12-06,organic_search,P006,Active Mat 06,true,false
V008075,C00741,2025-07-13,organic_search,P027,Urban Bottle 27,false,false
V008076,C00060,2025-12-30,organic_search,P009,Daily Lamp 09,false,false
V008077,C00943,2025-06-09,organic_search,P004,Essential Bag 04,false,false
V008078,C00401,2025-02-25,organic_search,P007,Calm Cream 07,true,true
V008079,C00110,2025-05-16,direct,P002,Pure Band 02,false,false
V008080,C00492,2025-05-13,direct,P003,Urban Bottle 03,false,false
V008081,C00814,2025-10-11,email,P006,Active Mat 06,false,false
V008082,C00626,2025-05-24,organic_search,P016,Modern Serum 16,false,true
V008083,C00976,2025-11-08,organic_search,P030,Active Mat 30,false,false
V008084,C00442,2025-10-10,direct,P004,Essential Bag 04,false,false
V008085,C00553,2025-06-14,paid_search,P014,Active Mat 14,false,false
V008086,C00678,2025-01-16,paid_search,P007,Calm Cream 07,false,false
V008087,C00576,2025-11-04,paid_search,P025,Daily Lamp 25,false,true
V008088,C00384,2025-03-26,paid_search,P016,Modern Serum 16,false,false
V008089,C00750,2025-03-06,social,P004,Essential Bag 04,false,false
V008090,C00608,2025-08-28,direct,P006,Active Mat 06,false,false
V008091,C00956,2025-05-04,email,P010,Pure Band 10,false,false
V008092,C00944,2025-11-20,social,P013,Bright Organizer 13,false,false
V008093,C00180,2025-02-22,organic_search,P013,Bright Organizer 13,false,false
V008094,C00846,2025-11-29,direct,P027,Urban Bottle 27,false,false
V008095,C00332,2025-01-20,paid_search,P027,Urban Bottle 27,false,false
V008096,C00237,2025-02-27,email,P007,Calm Cream 07,false,false
V008097,C00775,2025-08-31,organic_search,P007,Calm Cream 07,true,false
V008098,C00632,2025-09-23,email,P005,Bright Organizer 05,true,true
V008099,C00497,2025-02-13,paid_search,P001,Daily Lamp 01,false,false
V008100,C00263,2025-10-23,social,P018,Pure Band 18,false,false
V008101,C00999,2025-08-11,direct,P029,Bright Organizer 29,false,false
V008102,C00385,2025-09-12,email,P013,Bright Organizer 13,false,false
V008103,C00576,2025-08-22,paid_search,P026,Pure Band 26,false,false
V008104,C00720,2025-05-27,social,P028,Essential Bag 28,false,false
V008105,C00484,2025-12-27,social,P007,Calm Cream 07,false,false
V008106,C00655,2025-08-26,organic_search,P025,Daily Lamp 25,false,false
V008107,C00012,2025-02-21,direct,P009,Daily Lamp 09,false,false
V008108,C00945,2025-03-06,social,P004,Essential Bag 04,false,false
V008109,C00831,2025-02-25,organic_search,P023,Calm Cream 23,false,false
V008110,C00622,2025-12-24,social,P007,Calm Cream 07,false,false
V008111,C00965,2025-11-20,organic_search,P017,Daily Lamp 17,false,false
V008112,C00525,2025-12-06,email,P016,Modern Serum 16,true,false
V008113,C00267,2025-01-29,social,P018,Pure Band 18,false,false
V008114,C00751,2025-12-02,social,P027,Urban Bottle 27,false,false
V008115,C00372,2025-09-13,direct,P017,Daily Lamp 17,false,false
V008116,C00783,2025-06-27,social,P022,Active Mat 22,false,false
V008117,C00146,2025-04-21,email,P026,Pure Band 26,false,false
V008118,C00807,2025-07-11,direct,P020,Essential Bag 20,false,false
V008119,C00688,2025-03-18,organic_search,P001,Daily Lamp 01,false,false
V008120,C00872,2025-02-26,direct,P025,Daily Lamp 25,false,false
V008121,C00400,2025-07-14,direct,P027,Urban Bottle 27,false,false
V008122,C00401,2025-12-21,paid_search,P023,Calm Cream 23,false,false
V008123,C00900,2025-03-08,social,P007,Calm Cream 07,false,false
V008124,C00009,2025-03-27,paid_search,P002,Pure Band 02,false,true
V008125,C00096,2025-02-27,email,P024,Modern Serum 24,false,false
V008126,C00728,2025-04-05,social,P002,Pure Band 02,false,true
V008127,C00638,2025-02-21,email,P026,Pure Band 26,false,false
V008128,C00664,2025-12-10,organic_search,P003,Urban Bottle 03,false,false
V008129,C00233,2025-05-04,direct,P001,Daily Lamp 01,false,false
V008130,C00120,2025-05-28,paid_search,P024,Modern Serum 24,false,false
V008131,C00803,2025-11-17,social,P006,Active Mat 06,false,false
V008132,C00194,2025-08-30,organic_search,P023,Calm Cream 23,false,true
V008133,C00463,2025-08-16,direct,P005,Bright Organizer 05,true,false
V008134,C00677,2025-09-19,paid_search,P018,Pure Band 18,false,false
V008135,C00674,2025-05-25,organic_search,P003,Urban Bottle 03,false,false
V008136,C00451,2025-02-21,organic_search,P012,Essential Bag 12,true,false
V008137,C00949,2025-05-30,email,P008,Modern Serum 08,false,false
V008138,C00706,2025-06-05,direct,P028,Essential Bag 28,false,false
V008139,C00081,2025-01-29,social,P003,Urban Bottle 03,false,false
V008140,C00957,2025-10-11,paid_search,P015,Calm Cream 15,true,false
V008141,C00381,2025-09-11,paid_search,P026,Pure Band 26,true,false
V008142,C00694,2025-05-17,email,P005,Bright Organizer 05,false,false
V008143,C00425,2025-11-24,social,P016,Modern Serum 16,false,false
V008144,C00873,2025-03-14,paid_search,P022,Active Mat 22,false,false
V008145,C00939,2025-11-19,email,P013,Bright Organizer 13,false,false
V008146,C00826,2025-03-05,organic_search,P028,Essential Bag 28,true,false
V008147,C00081,2025-11-11,email,P014,Active Mat 14,false,false
V008148,C00861,2025-07-24,organic_search,P005,Bright Organizer 05,false,false
V008149,C00841,2025-04-06,paid_search,P012,Essential Bag 12,false,false
V008150,C00343,2025-04-15,paid_search,P018,Pure Band 18,false,false
V008151,C00470,2025-10-17,social,P018,Pure Band 18,false,false
V008152,C00195,2025-05-08,social,P006,Active Mat 06,false,false
V008153,C00393,2025-08-09,email,P014,Active Mat 14,false,false
V008154,C00611,2025-11-11,email,P025,Daily Lamp 25,true,false
V008155,C00350,2025-07-27,organic_search,P010,Pure Band 10,true,true
V008156,C00733,2025-08-11,social,P010,Pure Band 10,false,false
V008157,C00941,2025-02-10,organic_search,P027,Urban Bottle 27,false,false
V008158,C00809,2025-04-04,organic_search,P007,Calm Cream 07,false,false
V008159,C00270,2025-11-10,email,P015,Calm Cream 15,false,false
V008160,C00140,2025-05-27,social,P005,Bright Organizer 05,false,false
V008161,C00937,2025-12-23,social,P026,Pure Band 26,false,false
V008162,C00951,2025-03-11,direct,P009,Daily Lamp 09,false,false
V008163,C00765,2025-03-02,paid_search,P010,Pure Band 10,true,true
V008164,C00112,2025-10-16,organic_search,P012,Essential Bag 12,true,false
V008165,C00435,2025-10-07,direct,P028,Essential Bag 28,false,false
V008166,C00861,2025-01-17,organic_search,P025,Daily Lamp 25,true,false
V008167,C00273,2025-11-27,social,P028,Essential Bag 28,false,false
V008168,C00534,2025-10-03,email,P019,Urban Bottle 19,true,false
V008169,C00482,2025-07-11,paid_search,P016,Modern Serum 16,true,false
V008170,C00888,2025-07-14,organic_search,P008,Modern Serum 08,false,false
V008171,C00054,2025-06-14,social,P026,Pure Band 26,false,false
V008172,C00714,2025-11-27,direct,P021,Bright Organizer 21,false,false
V008173,C00353,2025-10-07,email,P011,Urban Bottle 11,false,true
V008174,C00413,2025-03-18,direct,P010,Pure Band 10,false,false
V008175,C00262,2025-09-19,social,P017,Daily Lamp 17,false,false
V008176,C00568,2025-05-27,paid_search,P026,Pure Band 26,false,false
V008177,C00889,2025-04-28,paid_search,P028,Essential Bag 28,false,false
V008178,C00946,2025-06-03,social,P017,Daily Lamp 17,true,false
V008179,C00186,2025-08-07,email,P001,Daily Lamp 01,true,true
V008180,C00693,2025-10-05,paid_search,P019,Urban Bottle 19,false,false
V008181,C00082,2025-01-17,email,P010,Pure Band 10,false,false
V008182,C00502,2025-08-22,paid_search,P017,Daily Lamp 17,false,false
V008183,C00030,2025-11-14,social,P020,Essential Bag 20,false,false
V008184,C00273,2025-12-12,paid_search,P003,Urban Bottle 03,false,false
V008185,C00159,2025-07-02,email,P002,Pure Band 02,false,false
V008186,C00895,2025-06-08,referral,P001,Daily Lamp 01,false,false
V008187,C00364,2025-11-17,organic_search,P008,Modern Serum 08,false,false
V008188,C00013,2025-05-08,organic_search,P023,Calm Cream 23,false,false
V008189,C00244,2025-06-22,paid_search,P013,Bright Organizer 13,false,false
V008190,C00256,2025-11-28,paid_search,P026,Pure Band 26,false,false
V008191,C00765,2025-12-03,paid_search,P030,Active Mat 30,false,false
V008192,C00358,2025-06-05,organic_search,P020,Essential Bag 20,false,false
V008193,C00495,2025-08-15,direct,P025,Daily Lamp 25,false,false
V008194,C00176,2025-08-27,paid_search,P002,Pure Band 02,false,false
V008195,C00851,2025-04-16,organic_search,P015,Calm Cream 15,false,false
V008196,C00133,2025-07-20,direct,P016,Modern Serum 16,false,false
V008197,C00636,2025-10-21,organic_search,P023,Calm Cream 23,false,false
V008198,C00553,2025-07-12,organic_search,P030,Active Mat 30,false,false
V008199,C00468,2025-03-09,email,P005,Bright Organizer 05,true,false
V008200,C00841,2025-03-13,social,P020,Essential Bag 20,false,false
V008201,C00679,2025-03-29,direct,P022,Active Mat 22,false,false
V008202,C00504,2025-05-28,organic_search,P025,Daily Lamp 25,true,false
V008203,C00780,2025-05-04,organic_search,P006,Active Mat 06,true,true
V008204,C00932,2025-07-26,organic_search,P014,Active Mat 14,false,false
V008205,C00693,2025-09-03,social,P016,Modern Serum 16,false,false
V008206,C00854,2025-09-14,paid_search,P015,Calm Cream 15,false,false
V008207,C00787,2025-06-10,direct,P003,Urban Bottle 03,false,false
V008208,C00595,2025-10-28,organic_search,P016,Modern Serum 16,false,false
V008209,C00228,2025-05-30,paid_search,P002,Pure Band 02,false,true
V008210,C00152,2025-09-01,direct,P027,Urban Bottle 27,false,false
V008211,C00337,2025-01-02,paid_search,P019,Urban Bottle 19,false,false
V008212,C00401,2025-03-04,direct,P006,Active Mat 06,false,false
V008213,C00451,2025-05-26,organic_search,P023,Calm Cream 23,false,false
V008214,C00121,2025-07-29,organic_search,P007,Calm Cream 07,false,false
V008215,C00366,2025-12-03,referral,P029,Bright Organizer 29,false,false
V008216,C00558,2025-01-29,paid_search,P014,Active Mat 14,false,false
V008217,C00561,2025-11-27,direct,P026,Pure Band 26,false,false
V008218,C00969,2025-07-03,organic_search,P002,Pure Band 02,true,false
V008219,C00531,2025-01-15,organic_search,P025,Daily Lamp 25,true,false
V008220,C00464,2025-05-07,direct,P003,Urban Bottle 03,false,false
V008221,C00902,2025-09-28,organic_search,P030,Active Mat 30,false,false
V008222,C00240,2025-03-05,paid_search,P005,Bright Organizer 05,false,false
V008223,C00817,2025-01-14,social,P020,Essential Bag 20,false,true
V008224,C00398,2025-12-01,email,P012,Essential Bag 12,true,false
V008225,C00495,2025-07-03,social,P003,Urban Bottle 03,false,false
V008226,C00899,2025-06-30,paid_search,P008,Modern Serum 08,false,false
V008227,C00139,2025-07-14,email,P025,Daily Lamp 25,true,false
V008228,C00913,2025-03-13,referral,P012,Essential Bag 12,false,false
V008229,C00088,2025-07-27,direct,P023,Calm Cream 23,false,false
V008230,C00925,2025-03-26,email,P001,Daily Lamp 01,true,false
V008231,C00075,2025-04-05,organic_search,P007,Calm Cream 07,false,false
V008232,C00644,2025-07-11,direct,P005,Bright Organizer 05,false,false
V008233,C00980,2025-10-02,organic_search,P007,Calm Cream 07,false,true
V008234,C00774,2025-10-15,direct,P006,Active Mat 06,false,false
V008235,C00060,2025-12-13,organic_search,P013,Bright Organizer 13,false,false
V008236,C00847,2025-05-19,paid_search,P003,Urban Bottle 03,false,false
V008237,C00030,2025-09-14,referral,P023,Calm Cream 23,true,false
V008238,C00329,2025-09-03,social,P024,Modern Serum 24,false,false
V008239,C00046,2025-06-16,paid_search,P030,Active Mat 30,false,false
V008240,C00668,2025-03-03,social,P026,Pure Band 26,false,false
V008241,C00844,2025-04-28,referral,P025,Daily Lamp 25,false,false
V008242,C00759,2025-03-17,direct,P022,Active Mat 22,false,false
V008243,C00652,2025-04-18,social,P022,Active Mat 22,false,false
V008244,C00864,2025-08-14,paid_search,P010,Pure Band 10,false,false
V008245,C00780,2025-12-26,referral,P026,Pure Band 26,false,true
V008246,C00392,2025-11-28,organic_search,P022,Active Mat 22,false,false
V008247,C00747,2025-01-31,social,P008,Modern Serum 08,false,false
V008248,C00749,2025-09-14,organic_search,P010,Pure Band 10,false,false
V008249,C00060,2025-06-28,direct,P007,Calm Cream 07,false,true
V008250,C00027,2025-05-11,referral,P003,Urban Bottle 03,false,false
V008251,C00344,2025-01-04,email,P025,Daily Lamp 25,true,false
V008252,C00409,2025-07-07,direct,P017,Daily Lamp 17,false,false
V008253,C00955,2025-05-12,social,P010,Pure Band 10,false,false
V008254,C00816,2025-04-26,organic_search,P014,Active Mat 14,false,false
V008255,C00003,2025-06-17,paid_search,P018,Pure Band 18,false,false
V008256,C00392,2025-08-14,paid_search,P010,Pure Band 10,false,false
V008257,C00342,2025-07-02,referral,P009,Daily Lamp 09,false,false
V008258,C00472,2025-12-08,social,P009,Daily Lamp 09,false,false
V008259,C00757,2025-11-10,social,P003,Urban Bottle 03,false,false
V008260,C00027,2025-09-04,paid_search,P026,Pure Band 26,false,false
V008261,C00895,2025-07-14,paid_search,P027,Urban Bottle 27,false,false
V008262,C00589,2025-11-08,referral,P007,Calm Cream 07,false,true
V008263,C00521,2025-07-03,email,P021,Bright Organizer 21,false,false
V008264,C00928,2025-12-23,email,P024,Modern Serum 24,false,false
V008265,C00217,2025-11-08,paid_search,P002,Pure Band 02,true,false
V008266,C00100,2025-09-11,paid_search,P014,Active Mat 14,false,false
V008267,C00611,2025-01-01,social,P003,Urban Bottle 03,false,false
V008268,C00818,2025-07-27,social,P004,Essential Bag 04,false,false
V008269,C00333,2025-06-07,social,P007,Calm Cream 07,false,false
V008270,C00184,2025-11-28,paid_search,P027,Urban Bottle 27,false,false
V008271,C00107,2025-06-28,referral,P017,Daily Lamp 17,false,false
V008272,C00687,2025-01-29,email,P015,Calm Cream 15,false,false
V008273,C00622,2025-03-10,paid_search,P025,Daily Lamp 25,false,false
V008274,C00679,2025-01-17,social,P010,Pure Band 10,false,false
V008275,C00174,2025-01-15,organic_search,P020,Essential Bag 20,true,false
V008276,C00337,2025-05-31,organic_search,P026,Pure Band 26,false,false
V008277,C00535,2025-12-08,email,P012,Essential Bag 12,false,false
V008278,C00069,2025-06-04,direct,P028,Essential Bag 28,false,false
V008279,C00689,2025-03-25,email,P023,Calm Cream 23,false,false
V008280,C00456,2025-07-23,organic_search,P001,Daily Lamp 01,false,false
V008281,C00844,2025-12-20,direct,P001,Daily Lamp 01,true,true
V008282,C00761,2025-12-09,paid_search,P022,Active Mat 22,false,false
V008283,C00273,2025-04-19,social,P012,Essential Bag 12,false,false
V008284,C00524,2025-12-08,organic_search,P016,Modern Serum 16,true,false
V008285,C00540,2025-12-12,paid_search,P021,Bright Organizer 21,false,false
V008286,C00894,2025-06-09,organic_search,P015,Calm Cream 15,false,false
V008287,C00952,2025-06-07,organic_search,P027,Urban Bottle 27,false,false
V008288,C00475,2025-07-02,organic_search,P005,Bright Organizer 05,false,false
V008289,C00803,2025-11-05,organic_search,P001,Daily Lamp 01,false,false
V008290,C00550,2025-06-28,organic_search,P007,Calm Cream 07,false,false
V008291,C00757,2025-09-30,email,P010,Pure Band 10,true,false
V008292,C00983,2025-12-04,organic_search,P002,Pure Band 02,true,false
V008293,C00857,2025-12-23,social,P006,Active Mat 06,false,false
V008294,C00047,2025-03-14,organic_search,P015,Calm Cream 15,false,false
V008295,C00084,2025-12-29,social,P011,Urban Bottle 11,false,false
V008296,C00698,2025-10-10,referral,P003,Urban Bottle 03,true,false
V008297,C00146,2025-09-01,social,P019,Urban Bottle 19,false,false
V008298,C00934,2025-07-31,email,P005,Bright Organizer 05,true,false
V008299,C00533,2025-04-15,organic_search,P001,Daily Lamp 01,false,false
V008300,C00698,2025-12-20,paid_search,P020,Essential Bag 20,true,true
V008301,C00474,2025-10-07,social,P016,Modern Serum 16,false,false
V008302,C00093,2025-04-01,email,P019,Urban Bottle 19,false,false
V008303,C00084,2025-01-12,organic_search,P028,Essential Bag 28,false,false
V008304,C00003,2025-08-20,paid_search,P005,Bright Organizer 05,false,false
V008305,C00015,2025-10-03,direct,P003,Urban Bottle 03,true,false
V008306,C00100,2025-08-31,organic_search,P002,Pure Band 02,true,false
V008307,C00544,2025-08-17,direct,P003,Urban Bottle 03,false,false
V008308,C00234,2025-11-14,paid_search,P004,Essential Bag 04,false,false
V008309,C00574,2025-08-13,organic_search,P001,Daily Lamp 01,false,false
V008310,C00617,2025-08-17,organic_search,P001,Daily Lamp 01,false,false
V008311,C00856,2025-08-30,social,P021,Bright Organizer 21,false,false
V008312,C00248,2025-05-22,organic_search,P007,Calm Cream 07,false,false
V008313,C00581,2025-05-22,social,P019,Urban Bottle 19,false,false
V008314,C00207,2025-09-09,organic_search,P007,Calm Cream 07,false,false
V008315,C00576,2025-03-09,referral,P013,Bright Organizer 13,false,false
V008316,C00571,2025-01-04,organic_search,P013,Bright Organizer 13,true,false
V008317,C00373,2025-07-28,referral,P011,Urban Bottle 11,true,false
V008318,C00902,2025-01-05,direct,P006,Active Mat 06,false,true
V008319,C00883,2025-11-14,organic_search,P023,Calm Cream 23,false,false
V008320,C00247,2025-11-06,paid_search,P030,Active Mat 30,true,false
V008321,C00090,2025-02-27,social,P011,Urban Bottle 11,false,false
V008322,C00462,2025-09-25,email,P004,Essential Bag 04,false,false
V008323,C00361,2025-07-18,paid_search,P005,Bright Organizer 05,true,true
V008324,C00643,2025-10-05,direct,P017,Daily Lamp 17,false,false
V008325,C00378,2025-11-08,paid_search,P014,Active Mat 14,false,true
V008326,C00051,2025-05-05,direct,P007,Calm Cream 07,false,false
V008327,C00227,2025-03-01,direct,P024,Modern Serum 24,false,false
V008328,C00121,2025-01-28,direct,P027,Urban Bottle 27,false,true
V008329,C00948,2025-02-13,organic_search,P025,Daily Lamp 25,false,true
V008330,C00012,2025-03-16,social,P003,Urban Bottle 03,false,false
V008331,C00061,2025-09-11,email,P011,Urban Bottle 11,false,false
V008332,C00332,2025-01-11,paid_search,P028,Essential Bag 28,false,false
V008333,C00251,2025-01-26,direct,P027,Urban Bottle 27,false,false
V008334,C00754,2025-05-01,organic_search,P001,Daily Lamp 01,false,false
V008335,C00757,2025-12-19,organic_search,P020,Essential Bag 20,false,false
V008336,C00259,2025-11-29,paid_search,P026,Pure Band 26,false,false
V008337,C00734,2025-05-16,direct,P022,Active Mat 22,false,true
V008338,C00345,2025-07-12,social,P019,Urban Bottle 19,false,false
V008339,C00954,2025-11-19,organic_search,P007,Calm Cream 07,false,false
V008340,C00126,2025-03-06,social,P013,Bright Organizer 13,false,false
V008341,C00505,2025-10-03,organic_search,P004,Essential Bag 04,false,false
V008342,C00092,2025-08-09,direct,P004,Essential Bag 04,false,false
V008343,C00232,2025-06-15,organic_search,P025,Daily Lamp 25,false,true
V008344,C00912,2025-04-23,organic_search,P025,Daily Lamp 25,false,false
V008345,C00658,2025-04-08,referral,P030,Active Mat 30,false,false
V008346,C00014,2025-02-18,direct,P005,Bright Organizer 05,false,false
V008347,C00715,2025-11-29,referral,P020,Essential Bag 20,false,false
V008348,C00456,2025-10-13,email,P002,Pure Band 02,false,false
V008349,C00930,2025-12-22,email,P011,Urban Bottle 11,false,false
V008350,C00962,2025-07-16,email,P028,Essential Bag 28,false,true
V008351,C00499,2025-10-28,organic_search,P015,Calm Cream 15,false,false
V008352,C00893,2025-05-30,paid_search,P003,Urban Bottle 03,true,false
V008353,C00490,2025-03-20,paid_search,P028,Essential Bag 28,false,false
V008354,C00248,2025-10-12,paid_search,P025,Daily Lamp 25,true,true
V008355,C00979,2025-09-07,organic_search,P005,Bright Organizer 05,true,false
V008356,C00857,2025-09-29,email,P013,Bright Organizer 13,false,false
V008357,C00238,2025-02-16,paid_search,P002,Pure Band 02,false,false
V008358,C00814,2025-02-06,organic_search,P022,Active Mat 22,false,false
V008359,C00321,2025-07-06,paid_search,P019,Urban Bottle 19,false,false
V008360,C00115,2025-05-12,paid_search,P026,Pure Band 26,false,false
V008361,C00161,2025-10-07,social,P024,Modern Serum 24,false,false
V008362,C00678,2025-12-09,email,P022,Active Mat 22,false,false
V008363,C00732,2025-05-12,paid_search,P029,Bright Organizer 29,false,false
V008364,C00833,2025-10-29,paid_search,P024,Modern Serum 24,false,false
V008365,C00313,2025-01-22,email,P011,Urban Bottle 11,false,false
V008366,C00078,2025-05-19,email,P012,Essential Bag 12,false,false
V008367,C00967,2025-03-06,paid_search,P026,Pure Band 26,true,false
V008368,C00268,2025-07-22,referral,P011,Urban Bottle 11,false,true
V008369,C00363,2025-08-05,social,P029,Bright Organizer 29,true,true
V008370,C00648,2025-02-20,organic_search,P025,Daily Lamp 25,false,false
V008371,C00356,2025-06-12,organic_search,P023,Calm Cream 23,false,false
V008372,C00341,2025-06-06,direct,P007,Calm Cream 07,false,false
V008373,C00516,2025-06-28,paid_search,P016,Modern Serum 16,false,false
V008374,C00006,2025-08-23,paid_search,P008,Modern Serum 08,false,false
V008375,C00552,2025-01-25,email,P011,Urban Bottle 11,true,true
V008376,C00429,2025-09-10,email,P027,Urban Bottle 27,false,false
V008377,C00750,2025-07-13,organic_search,P026,Pure Band 26,false,false
V008378,C00498,2025-03-22,email,P003,Urban Bottle 03,false,false
V008379,C00259,2025-08-06,organic_search,P021,Bright Organizer 21,false,false
V008380,C00194,2025-01-02,social,P006,Active Mat 06,true,false
V008381,C00351,2025-11-30,paid_search,P023,Calm Cream 23,false,false
V008382,C00625,2025-12-25,direct,P021,Bright Organizer 21,false,false
V008383,C00920,2025-08-26,email,P014,Active Mat 14,true,false
V008384,C00404,2025-07-27,email,P010,Pure Band 10,false,false
V008385,C00900,2025-04-28,paid_search,P003,Urban Bottle 03,false,false
V008386,C00740,2025-01-13,paid_search,P019,Urban Bottle 19,false,false
V008387,C00031,2025-12-10,paid_search,P007,Calm Cream 07,true,true
V008388,C00295,2025-01-14,paid_search,P023,Calm Cream 23,true,false
V008389,C00881,2025-05-11,organic_search,P008,Modern Serum 08,false,false
V008390,C00340,2025-07-17,direct,P012,Essential Bag 12,false,false
V008391,C00568,2025-09-24,organic_search,P027,Urban Bottle 27,true,false
V008392,C00682,2025-08-23,email,P013,Bright Organizer 13,false,false
V008393,C00101,2025-02-02,email,P003,Urban Bottle 03,false,false
V008394,C00204,2025-05-30,paid_search,P009,Daily Lamp 09,false,true
V008395,C00386,2025-11-01,organic_search,P007,Calm Cream 07,false,false
V008396,C00175,2025-02-07,organic_search,P013,Bright Organizer 13,true,false
V008397,C00113,2025-03-29,organic_search,P003,Urban Bottle 03,false,false
V008398,C00988,2025-07-12,social,P027,Urban Bottle 27,false,false
V008399,C00655,2025-05-11,referral,P026,Pure Band 26,false,false
V008400,C00444,2025-05-23,paid_search,P027,Urban Bottle 27,false,false
V008401,C00224,2025-09-16,paid_search,P007,Calm Cream 07,false,false
V008402,C00652,2025-10-31,organic_search,P002,Pure Band 02,false,false
V008403,C00929,2025-10-13,paid_search,P012,Essential Bag 12,false,true
V008404,C00253,2025-01-24,social,P007,Calm Cream 07,false,false
V008405,C00898,2025-10-02,organic_search,P013,Bright Organizer 13,false,false
V008406,C00845,2025-09-15,organic_search,P024,Modern Serum 24,false,false
V008407,C00039,2025-02-20,organic_search,P003,Urban Bottle 03,false,false
V008408,C00381,2025-01-26,referral,P024,Modern Serum 24,false,false
V008409,C00357,2025-07-17,social,P004,Essential Bag 04,true,true
V008410,C00668,2025-04-25,paid_search,P027,Urban Bottle 27,false,false
V008411,C00451,2025-11-02,direct,P020,Essential Bag 20,false,false
V008412,C00777,2025-08-24,paid_search,P001,Daily Lamp 01,false,false
V008413,C00803,2025-12-22,paid_search,P007,Calm Cream 07,false,false
V008414,C00820,2025-05-01,referral,P027,Urban Bottle 27,false,false
V008415,C00426,2025-01-12,organic_search,P017,Daily Lamp 17,false,false
V008416,C00640,2025-08-08,direct,P006,Active Mat 06,false,true
V008417,C00027,2025-07-20,social,P012,Essential Bag 12,true,false
V008418,C00236,2025-12-03,direct,P018,Pure Band 18,false,false
V008419,C00691,2025-06-12,organic_search,P027,Urban Bottle 27,false,true
V008420,C00856,2025-12-29,email,P016,Modern Serum 16,false,false
V008421,C00618,2025-03-01,social,P022,Active Mat 22,false,false
V008422,C00147,2025-05-09,direct,P023,Calm Cream 23,false,false
V008423,C00830,2025-02-05,social,P014,Active Mat 14,false,false
V008424,C00082,2025-02-04,email,P016,Modern Serum 16,false,false
V008425,C00801,2025-01-26,paid_search,P016,Modern Serum 16,false,false
V008426,C00273,2025-06-10,paid_search,P024,Modern Serum 24,true,false
V008427,C00379,2025-08-28,paid_search,P026,Pure Band 26,false,false
V008428,C00156,2025-07-26,organic_search,P011,Urban Bottle 11,false,false
V008429,C00818,2025-10-08,email,P026,Pure Band 26,true,false
V008430,C00292,2025-09-11,social,P027,Urban Bottle 27,true,false
V008431,C00947,2025-12-24,organic_search,P027,Urban Bottle 27,false,false
V008432,C00082,2025-10-01,social,P012,Essential Bag 12,false,false
V008433,C00908,2025-03-18,direct,P018,Pure Band 18,false,false
V008434,C00577,2025-12-13,referral,P001,Daily Lamp 01,false,false
V008435,C00675,2025-11-16,paid_search,P025,Daily Lamp 25,false,false
V008436,C00079,2025-11-07,email,P005,Bright Organizer 05,false,false
V008437,C00865,2025-04-13,direct,P006,Active Mat 06,false,false
V008438,C00760,2025-03-26,organic_search,P001,Daily Lamp 01,false,false
V008439,C00970,2025-04-21,organic_search,P009,Daily Lamp 09,true,false
V008440,C00731,2025-05-06,organic_search,P030,Active Mat 30,false,false
V008441,C00619,2025-05-18,paid_search,P019,Urban Bottle 19,true,false
V008442,C00492,2025-12-02,direct,P008,Modern Serum 08,false,false
V008443,C00239,2025-03-08,email,P004,Essential Bag 04,false,false
V008444,C00110,2025-04-12,organic_search,P018,Pure Band 18,false,false
V008445,C00025,2025-09-29,direct,P012,Essential Bag 12,false,false
V008446,C00275,2025-11-06,organic_search,P021,Bright Organizer 21,false,false
V008447,C00403,2025-10-23,email,P028,Essential Bag 28,false,false
V008448,C00784,2025-08-22,paid_search,P030,Active Mat 30,false,false
V008449,C00619,2025-11-02,social,P013,Bright Organizer 13,false,false
V008450,C00409,2025-11-20,direct,P028,Essential Bag 28,true,false
V008451,C00850,2025-12-18,organic_search,P003,Urban Bottle 03,false,false
V008452,C00215,2025-05-25,paid_search,P010,Pure Band 10,false,true
V008453,C00253,2025-02-02,referral,P030,Active Mat 30,false,false
V008454,C00224,2025-02-19,organic_search,P010,Pure Band 10,false,false
V008455,C00287,2025-12-06,organic_search,P021,Bright Organizer 21,false,false
V008456,C00739,2025-05-30,social,P024,Modern Serum 24,false,false
V008457,C00975,2025-07-14,social,P006,Active Mat 06,false,true
V008458,C00011,2025-11-01,social,P006,Active Mat 06,false,false
V008459,C00763,2025-12-21,social,P026,Pure Band 26,false,false
V008460,C00412,2025-12-31,social,P021,Bright Organizer 21,false,false
V008461,C00803,2025-11-08,referral,P029,Bright Organizer 29,false,false
V008462,C00653,2025-08-04,direct,P008,Modern Serum 08,false,false
V008463,C00328,2025-06-19,organic_search,P009,Daily Lamp 09,true,true
V008464,C00736,2025-09-24,direct,P015,Calm Cream 15,false,false
V008465,C00746,2025-10-04,organic_search,P017,Daily Lamp 17,false,false
V008466,C00765,2025-06-26,social,P026,Pure Band 26,true,false
V008467,C00832,2025-07-02,referral,P020,Essential Bag 20,false,false
V008468,C00754,2025-06-16,organic_search,P028,Essential Bag 28,false,false
V008469,C00274,2025-03-16,direct,P028,Essential Bag 28,true,true
V008470,C00270,2025-03-10,paid_search,P005,Bright Organizer 05,true,true
V008471,C00566,2025-05-28,organic_search,P003,Urban Bottle 03,true,false
V008472,C00077,2025-03-02,paid_search,P012,Essential Bag 12,false,false
V008473,C00649,2025-12-13,email,P021,Bright Organizer 21,false,false
V008474,C00320,2025-06-17,email,P023,Calm Cream 23,false,false
V008475,C00339,2025-04-25,organic_search,P017,Daily Lamp 17,false,false
V008476,C00544,2025-03-03,referral,P011,Urban Bottle 11,true,false
V008477,C00299,2025-06-05,email,P023,Calm Cream 23,false,true
V008478,C00634,2025-07-03,organic_search,P025,Daily Lamp 25,false,false
V008479,C00137,2025-06-05,referral,P005,Bright Organizer 05,false,false
V008480,C00528,2025-05-03,organic_search,P024,Modern Serum 24,false,true
V008481,C00881,2025-11-18,direct,P020,Essential Bag 20,false,false
V008482,C00694,2025-01-22,organic_search,P027,Urban Bottle 27,false,false
V008483,C00036,2025-08-31,organic_search,P002,Pure Band 02,false,false
V008484,C00854,2025-05-23,referral,P025,Daily Lamp 25,true,false
V008485,C00177,2025-05-05,social,P008,Modern Serum 08,true,false
V008486,C00393,2025-07-13,social,P018,Pure Band 18,false,false
V008487,C00833,2025-04-03,email,P011,Urban Bottle 11,false,false
V008488,C00602,2025-08-10,referral,P001,Daily Lamp 01,true,false
V008489,C00002,2025-02-28,direct,P006,Active Mat 06,false,false
V008490,C00431,2025-04-06,organic_search,P026,Pure Band 26,false,false
V008491,C00342,2025-06-10,direct,P025,Daily Lamp 25,true,false
V008492,C00468,2025-07-09,referral,P007,Calm Cream 07,false,false
V008493,C00876,2025-02-11,paid_search,P007,Calm Cream 07,true,false
V008494,C00978,2025-09-23,email,P025,Daily Lamp 25,true,false
V008495,C00940,2025-09-12,paid_search,P007,Calm Cream 07,false,false
V008496,C00644,2025-05-29,email,P014,Active Mat 14,false,false
V008497,C00461,2025-06-20,paid_search,P025,Daily Lamp 25,false,false
V008498,C00479,2025-04-21,social,P002,Pure Band 02,true,false
V008499,C00372,2025-08-11,organic_search,P013,Bright Organizer 13,false,false
V008500,C00630,2025-12-04,email,P004,Essential Bag 04,true,false
V008501,C00800,2025-08-09,social,P015,Calm Cream 15,false,false
V008502,C00265,2025-01-12,social,P029,Bright Organizer 29,false,false
V008503,C00335,2025-07-29,organic_search,P008,Modern Serum 08,false,false
V008504,C00501,2025-05-03,referral,P012,Essential Bag 12,false,false
V008505,C00293,2025-04-16,email,P014,Active Mat 14,true,true
V008506,C00842,2025-06-05,organic_search,P027,Urban Bottle 27,false,false
V008507,C00575,2025-07-04,social,P007,Calm Cream 07,false,false
V008508,C00530,2025-09-12,direct,P025,Daily Lamp 25,false,false
V008509,C00184,2025-05-24,referral,P008,Modern Serum 08,false,false
V008510,C00720,2025-07-19,organic_search,P023,Calm Cream 23,false,false
V008511,C00665,2025-06-21,paid_search,P028,Essential Bag 28,false,false
V008512,C00338,2025-01-23,organic_search,P019,Urban Bottle 19,false,true
V008513,C00351,2025-07-28,social,P001,Daily Lamp 01,false,false
V008514,C00877,2025-09-01,paid_search,P024,Modern Serum 24,true,false
V008515,C00516,2025-11-14,paid_search,P025,Daily Lamp 25,false,false
V008516,C00382,2025-10-07,email,P006,Active Mat 06,false,false
V008517,C00652,2025-03-04,organic_search,P022,Active Mat 22,true,false
V008518,C00117,2025-09-10,paid_search,P025,Daily Lamp 25,true,true
V008519,C00931,2025-06-08,paid_search,P026,Pure Band 26,false,false
V008520,C00160,2025-04-19,email,P026,Pure Band 26,true,true
V008521,C00675,2025-05-18,social,P006,Active Mat 06,false,false
V008522,C00685,2025-01-15,direct,P028,Essential Bag 28,false,false
V008523,C00946,2025-12-14,paid_search,P018,Pure Band 18,false,false
V008524,C00386,2025-01-31,social,P001,Daily Lamp 01,false,false
V008525,C00831,2025-01-04,email,P020,Essential Bag 20,false,true
V008526,C00217,2025-04-13,organic_search,P004,Essential Bag 04,true,false
V008527,C00463,2025-09-02,social,P027,Urban Bottle 27,false,false
V008528,C00722,2025-08-19,direct,P027,Urban Bottle 27,false,false
V008529,C00015,2025-03-31,direct,P007,Calm Cream 07,false,false
V008530,C00002,2025-11-08,social,P010,Pure Band 10,false,false
V008531,C00123,2025-03-25,social,P009,Daily Lamp 09,true,true
V008532,C00237,2025-05-29,direct,P002,Pure Band 02,true,false
V008533,C00469,2025-06-07,organic_search,P009,Daily Lamp 09,false,false
V008534,C00234,2025-06-14,paid_search,P018,Pure Band 18,true,false
V008535,C00703,2025-06-14,direct,P025,Daily Lamp 25,false,false
V008536,C00803,2025-03-06,paid_search,P011,Urban Bottle 11,false,false
V008537,C00744,2025-12-02,organic_search,P011,Urban Bottle 11,false,false
V008538,C00906,2025-07-01,organic_search,P017,Daily Lamp 17,false,false
V008539,C00821,2025-12-12,social,P024,Modern Serum 24,true,false
V008540,C00455,2025-07-23,referral,P007,Calm Cream 07,false,false
V008541,C00571,2025-05-24,direct,P010,Pure Band 10,false,false
V008542,C00959,2025-03-15,organic_search,P021,Bright Organizer 21,true,false
V008543,C00947,2025-06-05,direct,P030,Active Mat 30,false,false
V008544,C00551,2025-04-05,direct,P005,Bright Organizer 05,false,false
V008545,C00267,2025-04-30,social,P001,Daily Lamp 01,false,false
V008546,C00308,2025-06-06,organic_search,P003,Urban Bottle 03,true,false
V008547,C00893,2025-06-17,direct,P001,Daily Lamp 01,false,false
V008548,C00879,2025-03-15,social,P022,Active Mat 22,false,false
V008549,C00139,2025-11-04,organic_search,P025,Daily Lamp 25,false,false
V008550,C00884,2025-03-25,social,P003,Urban Bottle 03,false,false
V008551,C00378,2025-10-01,email,P004,Essential Bag 04,false,false
V008552,C00379,2025-03-12,social,P020,Essential Bag 20,false,false
V008553,C00288,2025-01-23,direct,P026,Pure Band 26,true,false
V008554,C00798,2025-04-14,organic_search,P007,Calm Cream 07,false,false
V008555,C00846,2025-02-05,social,P009,Daily Lamp 09,false,false
V008556,C00767,2025-12-05,email,P028,Essential Bag 28,true,false
V008557,C00936,2025-08-27,social,P024,Modern Serum 24,false,true
V008558,C00806,2025-07-20,direct,P025,Daily Lamp 25,false,false
V008559,C00786,2025-06-25,social,P014,Active Mat 14,false,false
V008560,C00118,2025-09-16,organic_search,P027,Urban Bottle 27,true,false
V008561,C00514,2025-05-02,direct,P007,Calm Cream 07,false,false
V008562,C00081,2025-08-13,organic_search,P029,Bright Organizer 29,false,false
V008563,C00872,2025-06-11,direct,P001,Daily Lamp 01,false,false
V008564,C00201,2025-11-17,email,P024,Modern Serum 24,true,true
V008565,C00757,2025-08-18,email,P003,Urban Bottle 03,false,false
V008566,C00803,2025-10-25,organic_search,P006,Active Mat 06,false,false
V008567,C00160,2025-03-28,paid_search,P018,Pure Band 18,false,false
V008568,C00145,2025-09-04,direct,P010,Pure Band 10,false,false
V008569,C00891,2025-06-28,direct,P015,Calm Cream 15,false,false
V008570,C00156,2025-01-13,paid_search,P029,Bright Organizer 29,false,false
V008571,C00420,2025-05-18,organic_search,P017,Daily Lamp 17,false,false
V008572,C00956,2025-11-22,social,P028,Essential Bag 28,false,false
V008573,C00980,2025-06-15,email,P028,Essential Bag 28,false,false
V008574,C00483,2025-02-10,email,P021,Bright Organizer 21,false,false
V008575,C00209,2025-02-27,social,P021,Bright Organizer 21,false,false
V008576,C00493,2025-04-02,paid_search,P023,Calm Cream 23,true,true
V008577,C00002,2025-06-19,paid_search,P015,Calm Cream 15,false,false
V008578,C00193,2025-12-11,referral,P006,Active Mat 06,true,false
V008579,C00200,2025-11-04,email,P007,Calm Cream 07,false,false
V008580,C00839,2025-11-08,organic_search,P008,Modern Serum 08,false,false
V008581,C00489,2025-01-28,direct,P014,Active Mat 14,true,false
V008582,C00182,2025-04-25,email,P026,Pure Band 26,false,false
V008583,C00370,2025-07-08,email,P018,Pure Band 18,false,false
V008584,C00404,2025-10-15,direct,P012,Essential Bag 12,true,false
V008585,C00765,2025-07-28,social,P007,Calm Cream 07,false,false
V008586,C00132,2025-03-02,paid_search,P022,Active Mat 22,false,true
V008587,C00649,2025-10-14,organic_search,P008,Modern Serum 08,false,false
V008588,C00840,2025-11-02,direct,P010,Pure Band 10,false,false
V008589,C00234,2025-12-29,email,P018,Pure Band 18,false,true
V008590,C00129,2025-01-06,direct,P008,Modern Serum 08,false,true
V008591,C00500,2025-03-04,social,P027,Urban Bottle 27,false,false
V008592,C00117,2025-04-21,social,P001,Daily Lamp 01,true,false
V008593,C00425,2025-04-18,paid_search,P028,Essential Bag 28,false,false
V008594,C00560,2025-06-22,paid_search,P013,Bright Organizer 13,false,false
V008595,C00754,2025-04-09,direct,P018,Pure Band 18,true,false
V008596,C00923,2025-01-15,email,P027,Urban Bottle 27,false,false
V008597,C00119,2025-12-12,email,P009,Daily Lamp 09,false,false
V008598,C00089,2025-07-10,paid_search,P002,Pure Band 02,false,false
V008599,C00699,2025-01-03,email,P016,Modern Serum 16,true,true
V008600,C00863,2025-06-21,paid_search,P020,Essential Bag 20,false,false
V008601,C00244,2025-08-14,social,P022,Active Mat 22,false,false
V008602,C00406,2025-04-05,email,P006,Active Mat 06,false,true
V008603,C00025,2025-01-15,organic_search,P002,Pure Band 02,false,false
V008604,C00881,2025-09-27,organic_search,P006,Active Mat 06,false,false
V008605,C00062,2025-03-04,organic_search,P017,Daily Lamp 17,false,false
V008606,C00175,2025-08-09,direct,P013,Bright Organizer 13,false,false
V008607,C00743,2025-05-31,paid_search,P026,Pure Band 26,false,false
V008608,C00294,2025-10-25,direct,P013,Bright Organizer 13,false,false
V008609,C00977,2025-05-19,direct,P004,Essential Bag 04,false,false
V008610,C00529,2025-07-17,email,P019,Urban Bottle 19,false,false
V008611,C00021,2025-11-28,organic_search,P015,Calm Cream 15,false,false
V008612,C00789,2025-07-29,organic_search,P001,Daily Lamp 01,false,false
V008613,C00740,2025-12-14,organic_search,P011,Urban Bottle 11,true,true
V008614,C01000,2025-03-02,paid_search,P025,Daily Lamp 25,false,false
V008615,C00086,2025-01-14,organic_search,P024,Modern Serum 24,false,false
V008616,C00085,2025-03-13,organic_search,P017,Daily Lamp 17,true,false
V008617,C00345,2025-05-14,organic_search,P025,Daily Lamp 25,false,false
V008618,C00545,2025-11-08,direct,P003,Urban Bottle 03,false,false
V008619,C00690,2025-01-17,organic_search,P027,Urban Bottle 27,true,false
V008620,C00464,2025-09-03,direct,P020,Essential Bag 20,false,false
V008621,C00396,2025-02-14,paid_search,P014,Active Mat 14,false,false
V008622,C00450,2025-04-01,organic_search,P009,Daily Lamp 09,false,false
V008623,C00979,2025-08-03,email,P019,Urban Bottle 19,false,false
V008624,C00478,2025-10-01,direct,P004,Essential Bag 04,false,false
V008625,C00428,2025-11-16,direct,P003,Urban Bottle 03,false,false
V008626,C00465,2025-06-16,social,P002,Pure Band 02,false,false
V008627,C00428,2025-12-11,paid_search,P013,Bright Organizer 13,false,false
V008628,C00836,2025-04-07,referral,P003,Urban Bottle 03,false,false
V008629,C00470,2025-12-15,direct,P009,Daily Lamp 09,true,false
V008630,C00269,2025-01-22,social,P020,Essential Bag 20,true,false
V008631,C00230,2025-01-29,direct,P027,Urban Bottle 27,false,false
V008632,C00302,2025-02-28,paid_search,P021,Bright Organizer 21,false,false
V008633,C00604,2025-11-10,direct,P030,Active Mat 30,false,false
V008634,C00994,2025-04-25,organic_search,P003,Urban Bottle 03,false,false
V008635,C00263,2025-03-09,direct,P008,Modern Serum 08,false,false
V008636,C00520,2025-03-02,email,P023,Calm Cream 23,false,false
V008637,C00023,2025-12-08,social,P012,Essential Bag 12,false,false
V008638,C00447,2025-06-29,social,P024,Modern Serum 24,false,false
V008639,C00665,2025-02-28,paid_search,P001,Daily Lamp 01,false,false
V008640,C00864,2025-02-22,paid_search,P014,Active Mat 14,false,false
V008641,C00458,2025-12-30,paid_search,P013,Bright Organizer 13,false,false
V008642,C00809,2025-09-18,email,P009,Daily Lamp 09,true,true
V008643,C00675,2025-07-20,email,P020,Essential Bag 20,false,true
V008644,C00473,2025-11-07,referral,P005,Bright Organizer 05,false,false
V008645,C00743,2025-05-30,referral,P030,Active Mat 30,true,false
V008646,C00141,2025-09-14,social,P003,Urban Bottle 03,false,true
V008647,C00966,2025-01-29,paid_search,P004,Essential Bag 04,false,false
V008648,C00803,2025-10-14,organic_search,P006,Active Mat 06,false,false
V008649,C00011,2025-02-04,organic_search,P006,Active Mat 06,false,false
V008650,C00707,2025-11-17,direct,P024,Modern Serum 24,false,false
V008651,C00109,2025-01-29,organic_search,P014,Active Mat 14,false,false
V008652,C00203,2025-08-22,email,P027,Urban Bottle 27,false,false
V008653,C00015,2025-01-15,social,P001,Daily Lamp 01,false,false
V008654,C00732,2025-07-07,referral,P010,Pure Band 10,false,true
V008655,C00411,2025-10-04,direct,P001,Daily Lamp 01,false,false
V008656,C00118,2025-09-16,organic_search,P006,Active Mat 06,false,false
V008657,C00195,2025-03-06,organic_search,P026,Pure Band 26,false,false
V008658,C00020,2025-09-15,paid_search,P029,Bright Organizer 29,false,true
V008659,C00386,2025-07-22,paid_search,P014,Active Mat 14,true,false
V008660,C00681,2025-10-11,organic_search,P030,Active Mat 30,true,false
V008661,C00658,2025-03-29,paid_search,P017,Daily Lamp 17,true,false
V008662,C00167,2025-08-28,email,P022,Active Mat 22,false,false
V008663,C00100,2025-01-08,referral,P028,Essential Bag 28,false,false
V008664,C00980,2025-12-11,organic_search,P002,Pure Band 02,false,false
V008665,C00155,2025-11-17,direct,P011,Urban Bottle 11,false,false
V008666,C01000,2025-06-23,referral,P027,Urban Bottle 27,false,false
V008667,C00749,2025-05-20,paid_search,P029,Bright Organizer 29,false,false
V008668,C00539,2025-03-30,organic_search,P019,Urban Bottle 19,true,false
V008669,C00546,2025-05-19,social,P016,Modern Serum 16,true,false
V008670,C00979,2025-10-02,direct,P013,Bright Organizer 13,true,false
V008671,C00039,2025-07-01,direct,P028,Essential Bag 28,false,false
V008672,C00450,2025-04-16,paid_search,P009,Daily Lamp 09,false,false
V008673,C00990,2025-12-10,organic_search,P017,Daily Lamp 17,false,false
V008674,C00188,2025-06-20,social,P019,Urban Bottle 19,false,false
V008675,C00586,2025-08-23,social,P021,Bright Organizer 21,false,false
V008676,C00529,2025-02-05,email,P028,Essential Bag 28,false,false
V008677,C00072,2025-08-22,email,P005,Bright Organizer 05,true,false
V008678,C00045,2025-02-28,organic_search,P027,Urban Bottle 27,false,false
V008679,C00419,2025-02-02,social,P009,Daily Lamp 09,false,false
V008680,C00200,2025-05-17,organic_search,P014,Active Mat 14,false,false
V008681,C00743,2025-11-28,paid_search,P019,Urban Bottle 19,false,false
V008682,C00463,2025-09-21,social,P028,Essential Bag 28,false,false
V008683,C00651,2025-10-20,email,P030,Active Mat 30,false,false
V008684,C00064,2025-05-31,organic_search,P006,Active Mat 06,false,false
V008685,C00840,2025-04-01,organic_search,P028,Essential Bag 28,false,false
V008686,C00945,2025-06-25,social,P003,Urban Bottle 03,true,false
V008687,C00688,2025-08-25,social,P002,Pure Band 02,false,false
V008688,C00584,2025-05-29,direct,P001,Daily Lamp 01,false,false
V008689,C00010,2025-09-05,social,P021,Bright Organizer 21,false,false
V008690,C00401,2025-06-20,organic_search,P020,Essential Bag 20,false,false
V008691,C00971,2025-09-28,organic_search,P002,Pure Band 02,false,true
V008692,C00796,2025-08-08,organic_search,P018,Pure Band 18,false,false
V008693,C00819,2025-02-07,paid_search,P003,Urban Bottle 03,true,false
V008694,C00680,2025-03-04,organic_search,P013,Bright Organizer 13,false,false
V008695,C00810,2025-10-21,email,P017,Daily Lamp 17,true,false
V008696,C00990,2025-02-13,organic_search,P003,Urban Bottle 03,false,false
V008697,C00974,2025-02-23,social,P014,Active Mat 14,true,false
V008698,C00525,2025-02-28,organic_search,P030,Active Mat 30,false,false
V008699,C00561,2025-01-31,email,P013,Bright Organizer 13,false,false
V008700,C00836,2025-09-26,organic_search,P015,Calm Cream 15,false,false
V008701,C00144,2025-09-16,email,P016,Modern Serum 16,false,false
V008702,C00826,2025-02-14,organic_search,P012,Essential Bag 12,false,true
V008703,C00076,2025-01-19,social,P016,Modern Serum 16,false,false
V008704,C00206,2025-04-14,direct,P002,Pure Band 02,false,false
V008705,C00138,2025-12-31,organic_search,P016,Modern Serum 16,true,false
V008706,C00329,2025-05-14,organic_search,P017,Daily Lamp 17,false,false
V008707,C00460,2025-07-29,paid_search,P008,Modern Serum 08,false,false
V008708,C00891,2025-06-03,organic_search,P028,Essential Bag 28,true,false
V008709,C00051,2025-10-21,organic_search,P004,Essential Bag 04,false,false
V008710,C00543,2025-05-01,organic_search,P027,Urban Bottle 27,false,false
V008711,C00617,2025-02-26,social,P015,Calm Cream 15,false,false
V008712,C00381,2025-04-23,organic_search,P001,Daily Lamp 01,true,true
V008713,C00561,2025-03-26,paid_search,P028,Essential Bag 28,false,false
V008714,C00242,2025-09-20,organic_search,P012,Essential Bag 12,true,true
V008715,C00938,2025-04-16,referral,P012,Essential Bag 12,false,true
V008716,C00347,2025-11-28,email,P006,Active Mat 06,false,false
V008717,C00024,2025-09-07,email,P013,Bright Organizer 13,false,false
V008718,C00398,2025-02-07,organic_search,P027,Urban Bottle 27,false,false
V008719,C00684,2025-03-12,organic_search,P028,Essential Bag 28,false,false
V008720,C00922,2025-12-25,direct,P025,Daily Lamp 25,false,false
V008721,C00774,2025-07-24,paid_search,P027,Urban Bottle 27,false,false
V008722,C00046,2025-05-03,paid_search,P020,Essential Bag 20,false,false
V008723,C00014,2025-04-11,email,P019,Urban Bottle 19,true,false
V008724,C00088,2025-08-27,social,P027,Urban Bottle 27,false,false
V008725,C00766,2025-09-09,social,P025,Daily Lamp 25,false,false
V008726,C00480,2025-02-23,paid_search,P002,Pure Band 02,false,false
V008727,C00706,2025-11-02,direct,P010,Pure Band 10,false,false
V008728,C00139,2025-12-29,social,P023,Calm Cream 23,true,false
V008729,C00146,2025-08-06,direct,P008,Modern Serum 08,true,false
V008730,C00827,2025-08-04,social,P025,Daily Lamp 25,false,false
V008731,C00934,2025-05-12,organic_search,P007,Calm Cream 07,false,false
V008732,C00574,2025-12-06,email,P007,Calm Cream 07,false,false
V008733,C00640,2025-08-15,email,P013,Bright Organizer 13,true,false
V008734,C00193,2025-01-27,paid_search,P005,Bright Organizer 05,false,false
V008735,C00987,2025-04-28,organic_search,P001,Daily Lamp 01,false,false
V008736,C00073,2025-03-02,email,P002,Pure Band 02,false,false
V008737,C00025,2025-08-08,organic_search,P030,Active Mat 30,false,false
V008738,C00890,2025-08-06,direct,P020,Essential Bag 20,false,false
V008739,C00983,2025-01-15,organic_search,P010,Pure Band 10,false,false
V008740,C00580,2025-03-05,referral,P005,Bright Organizer 05,false,false
V008741,C00037,2025-07-08,social,P012,Essential Bag 12,false,true
V008742,C00753,2025-02-07,social,P001,Daily Lamp 01,false,false
V008743,C00395,2025-11-12,email,P011,Urban Bottle 11,false,false
V008744,C00405,2025-02-05,paid_search,P006,Active Mat 06,false,false
V008745,C00118,2025-01-16,direct,P018,Pure Band 18,false,false
V008746,C00772,2025-04-13,organic_search,P023,Calm Cream 23,false,false
V008747,C00182,2025-05-19,organic_search,P027,Urban Bottle 27,true,true
V008748,C00455,2025-02-09,paid_search,P030,Active Mat 30,false,false
V008749,C00247,2025-11-23,paid_search,P001,Daily Lamp 01,false,false
V008750,C00616,2025-06-02,organic_search,P002,Pure Band 02,true,false
V008751,C00864,2025-01-26,paid_search,P011,Urban Bottle 11,false,false
V008752,C00504,2025-06-30,paid_search,P007,Calm Cream 07,true,true
V008753,C00469,2025-02-01,social,P017,Daily Lamp 17,true,false
V008754,C00550,2025-09-16,social,P018,Pure Band 18,false,false
V008755,C00780,2025-09-05,social,P025,Daily Lamp 25,true,true
V008756,C00011,2025-01-08,direct,P010,Pure Band 10,false,false
V008757,C00622,2025-08-08,paid_search,P026,Pure Band 26,false,false
V008758,C00446,2025-06-11,organic_search,P028,Essential Bag 28,false,false
V008759,C00443,2025-05-14,organic_search,P015,Calm Cream 15,false,false
V008760,C00648,2025-05-02,direct,P029,Bright Organizer 29,false,false
V008761,C00497,2025-07-17,organic_search,P029,Bright Organizer 29,false,false
V008762,C00596,2025-03-03,email,P001,Daily Lamp 01,true,false
V008763,C00711,2025-02-20,direct,P009,Daily Lamp 09,false,false
V008764,C00403,2025-08-21,social,P029,Bright Organizer 29,false,false
V008765,C00278,2025-04-12,social,P027,Urban Bottle 27,false,false
V008766,C00166,2025-10-30,referral,P019,Urban Bottle 19,false,false
V008767,C00180,2025-11-28,direct,P018,Pure Band 18,true,false
V008768,C00971,2025-09-07,paid_search,P026,Pure Band 26,false,false
V008769,C00324,2025-12-20,organic_search,P007,Calm Cream 07,false,false
V008770,C00005,2025-03-10,email,P023,Calm Cream 23,true,false
V008771,C00692,2025-06-22,organic_search,P025,Daily Lamp 25,false,false
V008772,C00900,2025-03-06,organic_search,P020,Essential Bag 20,false,false
V008773,C00391,2025-04-27,paid_search,P018,Pure Band 18,false,false
V008774,C00354,2025-03-06,organic_search,P029,Bright Organizer 29,true,false
V008775,C00393,2025-05-05,organic_search,P023,Calm Cream 23,false,false
V008776,C00649,2025-04-22,social,P021,Bright Organizer 21,true,true
V008777,C00379,2025-10-29,referral,P015,Calm Cream 15,false,false
V008778,C00284,2025-01-06,paid_search,P017,Daily Lamp 17,false,false
V008779,C00728,2025-09-08,organic_search,P007,Calm Cream 07,false,false
V008780,C00602,2025-05-05,social,P018,Pure Band 18,false,false
V008781,C00485,2025-04-05,organic_search,P004,Essential Bag 04,false,false
V008782,C00615,2025-12-06,organic_search,P009,Daily Lamp 09,false,false
V008783,C00975,2025-04-05,social,P014,Active Mat 14,false,false
V008784,C00577,2025-05-23,paid_search,P027,Urban Bottle 27,true,false
V008785,C00234,2025-10-21,organic_search,P030,Active Mat 30,false,false
V008786,C00952,2025-11-06,organic_search,P024,Modern Serum 24,false,false
V008787,C00462,2025-05-06,social,P010,Pure Band 10,true,false
V008788,C00406,2025-08-03,organic_search,P008,Modern Serum 08,false,false
V008789,C00158,2025-03-25,social,P017,Daily Lamp 17,false,false
V008790,C00248,2025-03-04,organic_search,P020,Essential Bag 20,false,false
V008791,C00314,2025-06-11,organic_search,P026,Pure Band 26,false,false
V008792,C00619,2025-01-15,paid_search,P028,Essential Bag 28,false,false
V008793,C00068,2025-12-14,social,P025,Daily Lamp 25,true,false
V008794,C00330,2025-12-19,email,P006,Active Mat 06,false,false
V008795,C00289,2025-04-01,organic_search,P025,Daily Lamp 25,true,false
V008796,C00909,2025-09-26,social,P002,Pure Band 02,false,false
V008797,C00471,2025-10-18,social,P026,Pure Band 26,true,true
V008798,C00822,2025-09-17,paid_search,P011,Urban Bottle 11,false,false
V008799,C00533,2025-12-06,email,P029,Bright Organizer 29,true,true
V008800,C00738,2025-08-02,direct,P015,Calm Cream 15,false,false
V008801,C00123,2025-02-21,social,P009,Daily Lamp 09,false,false
V008802,C00846,2025-12-21,email,P028,Essential Bag 28,false,false
V008803,C00002,2025-01-09,paid_search,P019,Urban Bottle 19,false,false
V008804,C00500,2025-04-05,paid_search,P001,Daily Lamp 01,true,true
V008805,C00888,2025-04-17,social,P010,Pure Band 10,false,false
V008806,C00355,2025-05-02,organic_search,P015,Calm Cream 15,false,false
V008807,C00588,2025-04-08,organic_search,P004,Essential Bag 04,false,false
V008808,C00781,2025-01-04,organic_search,P009,Daily Lamp 09,false,false
V008809,C01000,2025-06-18,organic_search,P026,Pure Band 26,false,false
V008810,C00283,2025-07-22,paid_search,P014,Active Mat 14,false,false
V008811,C00646,2025-04-08,social,P028,Essential Bag 28,false,false
V008812,C00686,2025-10-10,social,P026,Pure Band 26,false,false
V008813,C00882,2025-11-27,organic_search,P005,Bright Organizer 05,false,false
V008814,C00168,2025-07-01,direct,P004,Essential Bag 04,false,false
V008815,C00044,2025-07-21,email,P005,Bright Organizer 05,false,false
V008816,C00636,2025-09-04,email,P017,Daily Lamp 17,false,false
V008817,C00165,2025-09-18,social,P003,Urban Bottle 03,false,false
V008818,C00599,2025-04-18,direct,P018,Pure Band 18,false,true
V008819,C00054,2025-07-25,paid_search,P004,Essential Bag 04,false,false
V008820,C00573,2025-09-12,social,P008,Modern Serum 08,false,false
V008821,C00277,2025-08-04,organic_search,P001,Daily Lamp 01,false,false
V008822,C00261,2025-06-25,social,P028,Essential Bag 28,false,false
V008823,C00466,2025-10-10,organic_search,P022,Active Mat 22,true,true
V008824,C00826,2025-08-19,paid_search,P005,Bright Organizer 05,true,false
V008825,C00518,2025-11-04,direct,P027,Urban Bottle 27,false,true
V008826,C00955,2025-06-08,paid_search,P016,Modern Serum 16,false,false
V008827,C00313,2025-08-18,social,P012,Essential Bag 12,false,true
V008828,C00572,2025-04-13,direct,P010,Pure Band 10,false,false
V008829,C00164,2025-08-07,paid_search,P006,Active Mat 06,false,false
V008830,C00215,2025-03-12,direct,P003,Urban Bottle 03,false,false
V008831,C00779,2025-12-02,direct,P003,Urban Bottle 03,false,false
V008832,C00202,2025-01-03,referral,P026,Pure Band 26,false,false
V008833,C00597,2025-03-09,organic_search,P027,Urban Bottle 27,false,false
V008834,C00726,2025-11-07,paid_search,P017,Daily Lamp 17,false,false
V008835,C00446,2025-10-22,referral,P002,Pure Band 02,true,true
V008836,C00322,2025-12-24,social,P008,Modern Serum 08,false,false
V008837,C00859,2025-07-10,direct,P002,Pure Band 02,false,false
V008838,C00970,2025-06-19,organic_search,P016,Modern Serum 16,false,false
V008839,C00730,2025-10-28,organic_search,P005,Bright Organizer 05,true,true
V008840,C00987,2025-10-04,email,P012,Essential Bag 12,false,true
V008841,C00989,2025-09-04,organic_search,P030,Active Mat 30,false,false
V008842,C00204,2025-10-16,email,P012,Essential Bag 12,false,false
V008843,C00429,2025-01-31,social,P006,Active Mat 06,true,false
V008844,C00548,2025-12-27,social,P016,Modern Serum 16,false,false
V008845,C00500,2025-04-09,organic_search,P020,Essential Bag 20,false,false
V008846,C00121,2025-05-07,organic_search,P001,Daily Lamp 01,false,false
V008847,C00021,2025-05-27,referral,P005,Bright Organizer 05,true,false
V008848,C00934,2025-11-28,paid_search,P025,Daily Lamp 25,false,false
V008849,C00187,2025-04-08,social,P017,Daily Lamp 17,false,false
V008850,C00381,2025-12-24,direct,P010,Pure Band 10,false,false
V008851,C00905,2025-05-14,email,P006,Active Mat 06,false,false
V008852,C00484,2025-10-29,email,P016,Modern Serum 16,false,false
V008853,C00560,2025-03-14,organic_search,P021,Bright Organizer 21,false,false
V008854,C00866,2025-01-27,direct,P005,Bright Organizer 05,false,false
V008855,C00293,2025-12-01,paid_search,P008,Modern Serum 08,true,false
V008856,C00125,2025-04-20,referral,P024,Modern Serum 24,false,false
V008857,C00394,2025-06-11,organic_search,P017,Daily Lamp 17,false,false
V008858,C00089,2025-08-30,organic_search,P002,Pure Band 02,false,false
V008859,C00770,2025-06-24,organic_search,P024,Modern Serum 24,false,false
V008860,C00675,2025-07-31,organic_search,P009,Daily Lamp 09,false,false
V008861,C00499,2025-08-28,social,P029,Bright Organizer 29,false,false
V008862,C00316,2025-04-07,email,P017,Daily Lamp 17,true,false
V008863,C00524,2025-12-31,referral,P028,Essential Bag 28,false,false
V008864,C00941,2025-11-13,email,P020,Essential Bag 20,true,false
V008865,C00754,2025-05-14,direct,P011,Urban Bottle 11,false,false
V008866,C00122,2025-01-29,paid_search,P001,Daily Lamp 01,false,false
V008867,C00685,2025-11-12,organic_search,P016,Modern Serum 16,false,false
V008868,C00395,2025-05-01,paid_search,P029,Bright Organizer 29,false,false
V008869,C00846,2025-06-19,direct,P006,Active Mat 06,false,false
V008870,C00034,2025-06-01,organic_search,P028,Essential Bag 28,false,false
V008871,C00951,2025-09-26,referral,P020,Essential Bag 20,true,false
V008872,C00453,2025-12-06,organic_search,P025,Daily Lamp 25,false,false
V008873,C00893,2025-10-13,organic_search,P001,Daily Lamp 01,true,true
V008874,C00492,2025-06-01,paid_search,P011,Urban Bottle 11,false,false
V008875,C00513,2025-02-17,paid_search,P006,Active Mat 06,false,false
V008876,C00500,2025-03-02,direct,P005,Bright Organizer 05,true,false
V008877,C00713,2025-12-08,social,P017,Daily Lamp 17,false,false
V008878,C00901,2025-11-09,direct,P010,Pure Band 10,false,false
V008879,C00832,2025-06-12,direct,P007,Calm Cream 07,false,false
V008880,C00905,2025-01-30,referral,P001,Daily Lamp 01,false,false
V008881,C00146,2025-11-26,paid_search,P002,Pure Band 02,false,false
V008882,C00567,2025-01-18,direct,P012,Essential Bag 12,true,true
V008883,C00150,2025-01-20,email,P029,Bright Organizer 29,false,true
V008884,C00260,2025-05-02,email,P001,Daily Lamp 01,false,false
V008885,C00625,2025-04-15,organic_search,P005,Bright Organizer 05,false,false
V008886,C00683,2025-10-23,email,P008,Modern Serum 08,false,false
V008887,C00057,2025-12-01,organic_search,P027,Urban Bottle 27,true,true
V008888,C00753,2025-08-08,paid_search,P015,Calm Cream 15,false,false
V008889,C00172,2025-12-06,paid_search,P012,Essential Bag 12,false,false
V008890,C00148,2025-09-17,social,P005,Bright Organizer 05,false,false
V008891,C00864,2025-07-04,organic_search,P012,Essential Bag 12,false,false
V008892,C00117,2025-08-24,direct,P005,Bright Organizer 05,false,false
V008893,C00841,2025-08-06,email,P008,Modern Serum 08,true,true
V008894,C00054,2025-03-04,organic_search,P024,Modern Serum 24,false,true
V008895,C00262,2025-01-10,email,P003,Urban Bottle 03,false,false
V008896,C00552,2025-11-29,social,P005,Bright Organizer 05,false,false
V008897,C00574,2025-08-10,organic_search,P009,Daily Lamp 09,false,false
V008898,C00462,2025-07-26,direct,P005,Bright Organizer 05,false,false
V008899,C00440,2025-11-09,social,P006,Active Mat 06,false,false
V008900,C00468,2025-10-03,paid_search,P019,Urban Bottle 19,false,false
V008901,C00363,2025-09-19,organic_search,P011,Urban Bottle 11,false,true
V008902,C00527,2025-06-25,organic_search,P024,Modern Serum 24,true,true
V008903,C00828,2025-08-03,referral,P013,Bright Organizer 13,false,false
V008904,C00973,2025-03-04,organic_search,P005,Bright Organizer 05,false,false
V008905,C00029,2025-04-04,paid_search,P012,Essential Bag 12,true,false
V008906,C00141,2025-09-15,organic_search,P010,Pure Band 10,false,false
V008907,C00173,2025-05-01,organic_search,P018,Pure Band 18,false,true
V008908,C00428,2025-07-21,referral,P005,Bright Organizer 05,false,false
V008909,C00344,2025-06-16,paid_search,P006,Active Mat 06,false,false
V008910,C00591,2025-10-14,email,P016,Modern Serum 16,true,true
V008911,C00315,2025-04-04,direct,P026,Pure Band 26,true,false
V008912,C00989,2025-08-29,organic_search,P012,Essential Bag 12,true,false
V008913,C00576,2025-11-06,direct,P029,Bright Organizer 29,true,false
V008914,C00733,2025-04-05,paid_search,P001,Daily Lamp 01,false,false
V008915,C00843,2025-10-02,organic_search,P023,Calm Cream 23,false,false
V008916,C00293,2025-03-29,paid_search,P024,Modern Serum 24,false,false
V008917,C00657,2025-04-04,paid_search,P017,Daily Lamp 17,true,true
V008918,C00553,2025-07-28,paid_search,P018,Pure Band 18,false,false
V008919,C00834,2025-11-03,organic_search,P021,Bright Organizer 21,true,false
V008920,C00789,2025-11-19,direct,P009,Daily Lamp 09,true,false
V008921,C00100,2025-10-06,direct,P016,Modern Serum 16,false,false
V008922,C00008,2025-03-28,social,P021,Bright Organizer 21,true,false
V008923,C00774,2025-11-28,email,P007,Calm Cream 07,true,true
V008924,C00560,2025-05-03,direct,P029,Bright Organizer 29,false,false
V008925,C00829,2025-12-09,organic_search,P006,Active Mat 06,false,true
V008926,C00944,2025-12-24,paid_search,P024,Modern Serum 24,false,false
V008927,C00791,2025-06-11,social,P020,Essential Bag 20,true,false
V008928,C00778,2025-11-04,direct,P029,Bright Organizer 29,false,false
V008929,C00616,2025-07-03,organic_search,P022,Active Mat 22,true,false
V008930,C00930,2025-09-03,organic_search,P029,Bright Organizer 29,false,false
V008931,C00863,2025-08-24,social,P007,Calm Cream 07,false,false
V008932,C00943,2025-12-01,referral,P010,Pure Band 10,false,false
V008933,C00232,2025-12-13,paid_search,P002,Pure Band 02,false,false
V008934,C00719,2025-07-29,paid_search,P021,Bright Organizer 21,false,false
V008935,C00753,2025-11-04,direct,P005,Bright Organizer 05,false,false
V008936,C00707,2025-07-08,referral,P017,Daily Lamp 17,false,false
V008937,C00827,2025-10-20,referral,P016,Modern Serum 16,false,false
V008938,C00121,2025-02-27,social,P003,Urban Bottle 03,false,false
V008939,C00625,2025-02-17,social,P017,Daily Lamp 17,true,false
V008940,C00847,2025-04-29,social,P005,Bright Organizer 05,false,true
V008941,C00897,2025-06-09,organic_search,P029,Bright Organizer 29,false,false
V008942,C00898,2025-10-22,organic_search,P003,Urban Bottle 03,false,false
V008943,C00266,2025-08-23,social,P016,Modern Serum 16,false,false
V008944,C00520,2025-07-22,email,P021,Bright Organizer 21,false,false
V008945,C00350,2025-02-03,organic_search,P018,Pure Band 18,false,false
V008946,C00849,2025-10-09,direct,P001,Daily Lamp 01,false,true
V008947,C00720,2025-07-27,paid_search,P018,Pure Band 18,false,false
V008948,C00993,2025-09-07,social,P006,Active Mat 06,true,false
V008949,C00876,2025-02-22,referral,P027,Urban Bottle 27,false,false
V008950,C00594,2025-12-14,organic_search,P020,Essential Bag 20,false,false
V008951,C00071,2025-01-10,organic_search,P026,Pure Band 26,false,false
V008952,C00827,2025-03-16,direct,P027,Urban Bottle 27,true,false
V008953,C00346,2025-05-11,email,P026,Pure Band 26,false,false
V008954,C00605,2025-12-17,organic_search,P020,Essential Bag 20,false,false
V008955,C00157,2025-02-03,email,P007,Calm Cream 07,false,false
V008956,C00930,2025-08-11,direct,P015,Calm Cream 15,false,false
V008957,C00136,2025-01-11,paid_search,P027,Urban Bottle 27,false,false
V008958,C00143,2025-09-09,organic_search,P014,Active Mat 14,false,false
V008959,C00725,2025-03-11,organic_search,P015,Calm Cream 15,true,false
V008960,C00090,2025-06-12,referral,P017,Daily Lamp 17,false,false
V008961,C00248,2025-04-10,referral,P024,Modern Serum 24,false,false
V008962,C00415,2025-02-01,paid_search,P017,Daily Lamp 17,false,false
V008963,C00918,2025-01-07,direct,P001,Daily Lamp 01,false,false
V008964,C00863,2025-11-21,organic_search,P011,Urban Bottle 11,false,false
V008965,C00515,2025-06-07,email,P001,Daily Lamp 01,true,true
V008966,C00370,2025-03-21,direct,P023,Calm Cream 23,false,false
V008967,C00353,2025-12-12,referral,P014,Active Mat 14,false,false
V008968,C00048,2025-10-24,organic_search,P012,Essential Bag 12,false,false
V008969,C00652,2025-03-24,organic_search,P023,Calm Cream 23,false,false
V008970,C00711,2025-05-11,social,P019,Urban Bottle 19,false,false
V008971,C00107,2025-11-12,organic_search,P014,Active Mat 14,false,false
V008972,C00889,2025-11-09,organic_search,P006,Active Mat 06,true,false
V008973,C00053,2025-12-15,email,P020,Essential Bag 20,false,false
V008974,C00349,2025-02-27,email,P027,Urban Bottle 27,false,false
V008975,C00263,2025-07-30,paid_search,P007,Calm Cream 07,false,false
V008976,C00775,2025-02-13,paid_search,P001,Daily Lamp 01,false,false
V008977,C00423,2025-06-20,email,P005,Bright Organizer 05,true,true
V008978,C00376,2025-07-07,direct,P022,Active Mat 22,false,false
V008979,C00840,2025-08-08,direct,P003,Urban Bottle 03,true,false
V008980,C00429,2025-04-16,paid_search,P017,Daily Lamp 17,false,false
V008981,C00167,2025-06-22,paid_search,P022,Active Mat 22,false,false
V008982,C00942,2025-10-16,organic_search,P002,Pure Band 02,false,false
V008983,C00328,2025-02-19,direct,P013,Bright Organizer 13,true,false
V008984,C00588,2025-01-22,social,P010,Pure Band 10,false,false
V008985,C00645,2025-11-13,organic_search,P010,Pure Band 10,false,false
V008986,C00730,2025-12-28,email,P017,Daily Lamp 17,false,false
V008987,C00263,2025-07-19,organic_search,P026,Pure Band 26,false,false
V008988,C00229,2025-05-24,paid_search,P013,Bright Organizer 13,false,false
V008989,C00554,2025-05-15,organic_search,P012,Essential Bag 12,false,false
V008990,C00562,2025-07-17,paid_search,P015,Calm Cream 15,false,false
V008991,C00121,2025-08-24,referral,P001,Daily Lamp 01,false,false
V008992,C00466,2025-10-17,direct,P007,Calm Cream 07,false,false
V008993,C00889,2025-01-25,paid_search,P026,Pure Band 26,false,false
V008994,C00058,2025-04-15,social,P026,Pure Band 26,false,false
V008995,C00149,2025-03-27,paid_search,P005,Bright Organizer 05,false,false
V008996,C00478,2025-12-18,social,P028,Essential Bag 28,false,false
V008997,C00136,2025-06-28,referral,P016,Modern Serum 16,false,false
V008998,C00517,2025-10-30,email,P004,Essential Bag 04,false,false
V008999,C00408,2025-06-06,organic_search,P026,Pure Band 26,false,false
V009000,C00515,2025-07-24,paid_search,P004,Essential Bag 04,false,false
V009001,C00175,2025-01-21,direct,P030,Active Mat 30,false,false
V009002,C00284,2025-03-02,paid_search,P013,Bright Organizer 13,false,false
V009003,C00989,2025-03-13,organic_search,P022,Active Mat 22,false,false
V009004,C00993,2025-06-25,paid_search,P006,Active Mat 06,false,false
V009005,C00337,2025-02-05,organic_search,P022,Active Mat 22,true,true
V009006,C00602,2025-12-06,direct,P004,Essential Bag 04,false,false
V009007,C00031,2025-08-07,referral,P003,Urban Bottle 03,false,false
V009008,C00345,2025-02-03,direct,P022,Active Mat 22,false,false
V009009,C00836,2025-04-14,email,P010,Pure Band 10,true,false
V009010,C00048,2025-05-02,organic_search,P022,Active Mat 22,true,false
V009011,C00054,2025-09-01,direct,P030,Active Mat 30,false,false
V009012,C00246,2025-03-09,organic_search,P001,Daily Lamp 01,false,false
V009013,C00295,2025-03-27,direct,P019,Urban Bottle 19,false,false
V009014,C00253,2025-10-10,paid_search,P015,Calm Cream 15,false,false
V009015,C00359,2025-08-27,organic_search,P017,Daily Lamp 17,false,false
V009016,C00478,2025-06-27,email,P013,Bright Organizer 13,false,false
V009017,C00430,2025-07-29,social,P020,Essential Bag 20,false,false
V009018,C00690,2025-11-22,paid_search,P011,Urban Bottle 11,false,false
V009019,C00261,2025-07-11,paid_search,P017,Daily Lamp 17,true,true
V009020,C00485,2025-06-14,direct,P010,Pure Band 10,true,true
V009021,C00337,2025-05-30,referral,P005,Bright Organizer 05,false,false
V009022,C00516,2025-05-28,paid_search,P004,Essential Bag 04,false,true
V009023,C00854,2025-04-15,paid_search,P029,Bright Organizer 29,true,true
V009024,C00873,2025-04-30,direct,P028,Essential Bag 28,false,false
V009025,C00070,2025-11-21,paid_search,P021,Bright Organizer 21,false,false
V009026,C00645,2025-09-03,direct,P009,Daily Lamp 09,true,false
V009027,C00123,2025-02-19,paid_search,P003,Urban Bottle 03,false,false
V009028,C00417,2025-06-21,social,P027,Urban Bottle 27,false,false
V009029,C00170,2025-04-30,social,P001,Daily Lamp 01,false,false
V009030,C00481,2025-12-19,email,P003,Urban Bottle 03,true,true
V009031,C00549,2025-11-03,paid_search,P004,Essential Bag 04,false,false
V009032,C00204,2025-08-07,email,P004,Essential Bag 04,true,false
V009033,C00858,2025-01-06,organic_search,P004,Essential Bag 04,false,true
V009034,C00594,2025-09-06,organic_search,P003,Urban Bottle 03,false,false
V009035,C00920,2025-09-17,referral,P016,Modern Serum 16,false,false
V009036,C00112,2025-08-27,paid_search,P028,Essential Bag 28,false,false
V009037,C00726,2025-02-20,organic_search,P012,Essential Bag 12,false,true
V009038,C00407,2025-02-12,organic_search,P020,Essential Bag 20,true,false
V009039,C00746,2025-06-26,direct,P018,Pure Band 18,false,false
V009040,C00322,2025-11-27,email,P022,Active Mat 22,false,false
V009041,C00799,2025-03-16,organic_search,P005,Bright Organizer 05,false,false
V009042,C00712,2025-12-14,paid_search,P007,Calm Cream 07,false,false
V009043,C00265,2025-06-04,paid_search,P030,Active Mat 30,false,false
V009044,C00197,2025-09-24,social,P007,Calm Cream 07,false,false
V009045,C00352,2025-12-26,social,P013,Bright Organizer 13,false,false
V009046,C00512,2025-10-23,organic_search,P021,Bright Organizer 21,false,false
V009047,C00663,2025-05-15,direct,P009,Daily Lamp 09,false,false
V009048,C00585,2025-12-11,paid_search,P029,Bright Organizer 29,false,false
V009049,C00719,2025-07-27,paid_search,P005,Bright Organizer 05,false,true
V009050,C00260,2025-03-21,social,P005,Bright Organizer 05,false,false
V009051,C00236,2025-02-05,paid_search,P016,Modern Serum 16,false,false
V009052,C00481,2025-04-10,organic_search,P008,Modern Serum 08,true,false
V009053,C00434,2025-09-06,paid_search,P007,Calm Cream 07,false,false
V009054,C00062,2025-11-13,referral,P012,Essential Bag 12,false,false
V009055,C00277,2025-05-04,organic_search,P022,Active Mat 22,false,false
V009056,C00451,2025-09-25,organic_search,P014,Active Mat 14,false,false
V009057,C00420,2025-08-20,email,P026,Pure Band 26,false,false
V009058,C00527,2025-12-08,social,P022,Active Mat 22,true,false
V009059,C00007,2025-06-14,social,P014,Active Mat 14,false,false
V009060,C00210,2025-03-07,organic_search,P003,Urban Bottle 03,false,false
V009061,C00540,2025-02-18,organic_search,P002,Pure Band 02,false,false
V009062,C00812,2025-07-23,social,P001,Daily Lamp 01,false,false
V009063,C00311,2025-03-11,paid_search,P001,Daily Lamp 01,false,false
V009064,C00226,2025-04-01,paid_search,P024,Modern Serum 24,true,false
V009065,C00599,2025-04-03,direct,P028,Essential Bag 28,false,false
V009066,C00079,2025-10-16,paid_search,P029,Bright Organizer 29,false,false
V009067,C00709,2025-09-15,email,P021,Bright Organizer 21,false,true
V009068,C00493,2025-10-26,direct,P019,Urban Bottle 19,false,false
V009069,C00911,2025-08-21,email,P017,Daily Lamp 17,false,false
V009070,C00140,2025-02-22,direct,P030,Active Mat 30,false,false
V009071,C00266,2025-08-21,direct,P027,Urban Bottle 27,true,false
V009072,C00982,2025-02-09,direct,P030,Active Mat 30,false,false
V009073,C00005,2025-05-02,organic_search,P021,Bright Organizer 21,false,false
V009074,C00977,2025-02-27,organic_search,P025,Daily Lamp 25,false,false
V009075,C00411,2025-07-29,email,P007,Calm Cream 07,false,false
V009076,C00735,2025-11-13,social,P025,Daily Lamp 25,true,false
V009077,C00107,2025-07-19,social,P026,Pure Band 26,false,false
V009078,C00916,2025-02-24,organic_search,P022,Active Mat 22,true,false
V009079,C00537,2025-11-30,social,P022,Active Mat 22,false,false
V009080,C00785,2025-05-16,organic_search,P015,Calm Cream 15,false,false
V009081,C00774,2025-09-14,paid_search,P008,Modern Serum 08,false,false
V009082,C00871,2025-06-28,email,P029,Bright Organizer 29,false,false
V009083,C00302,2025-01-16,direct,P025,Daily Lamp 25,false,false
V009084,C00374,2025-08-05,organic_search,P014,Active Mat 14,false,false
V009085,C00851,2025-03-11,referral,P019,Urban Bottle 19,false,false
V009086,C00190,2025-04-14,direct,P007,Calm Cream 07,false,false
V009087,C00268,2025-02-09,email,P029,Bright Organizer 29,true,false
V009088,C00859,2025-10-24,paid_search,P002,Pure Band 02,false,true
V009089,C00334,2025-09-26,organic_search,P027,Urban Bottle 27,false,false
V009090,C00163,2025-05-27,organic_search,P020,Essential Bag 20,false,false
V009091,C00944,2025-04-17,organic_search,P027,Urban Bottle 27,false,false
V009092,C00755,2025-01-05,social,P017,Daily Lamp 17,true,false
V009093,C00337,2025-04-15,social,P015,Calm Cream 15,false,false
V009094,C00203,2025-07-18,organic_search,P028,Essential Bag 28,true,false
V009095,C00975,2025-02-04,organic_search,P028,Essential Bag 28,false,false
V009096,C00320,2025-07-12,organic_search,P005,Bright Organizer 05,false,true
V009097,C00939,2025-12-16,social,P017,Daily Lamp 17,false,false
V009098,C00746,2025-01-11,paid_search,P024,Modern Serum 24,false,false
V009099,C00386,2025-12-22,email,P020,Essential Bag 20,true,true
V009100,C00199,2025-09-26,paid_search,P026,Pure Band 26,false,false
V009101,C00550,2025-09-22,paid_search,P027,Urban Bottle 27,false,false
V009102,C00058,2025-03-01,organic_search,P004,Essential Bag 04,false,false
V009103,C00578,2025-04-14,paid_search,P019,Urban Bottle 19,false,false
V009104,C00158,2025-11-04,social,P013,Bright Organizer 13,false,false
V009105,C00189,2025-01-11,paid_search,P027,Urban Bottle 27,true,true
V009106,C00667,2025-07-12,paid_search,P008,Modern Serum 08,false,false
V009107,C00113,2025-07-23,direct,P003,Urban Bottle 03,true,false
V009108,C00888,2025-02-03,social,P003,Urban Bottle 03,false,false
V009109,C00921,2025-02-22,direct,P030,Active Mat 30,true,false
V009110,C00469,2025-11-06,direct,P026,Pure Band 26,false,false
V009111,C00854,2025-02-01,email,P027,Urban Bottle 27,false,false
V009112,C00707,2025-06-27,email,P002,Pure Band 02,false,false
V009113,C00979,2025-04-28,organic_search,P008,Modern Serum 08,true,true
V009114,C00069,2025-10-23,social,P025,Daily Lamp 25,true,false
V009115,C00144,2025-04-26,direct,P010,Pure Band 10,false,false
V009116,C00269,2025-04-17,referral,P012,Essential Bag 12,false,false
V009117,C00360,2025-08-02,organic_search,P012,Essential Bag 12,true,false
V009118,C00017,2025-11-06,paid_search,P017,Daily Lamp 17,true,true
V009119,C00549,2025-03-14,direct,P027,Urban Bottle 27,false,false
V009120,C00301,2025-01-24,organic_search,P027,Urban Bottle 27,false,false
V009121,C00787,2025-07-30,email,P018,Pure Band 18,false,false
V009122,C00713,2025-03-02,referral,P022,Active Mat 22,true,false
V009123,C00181,2025-04-15,referral,P013,Bright Organizer 13,true,true
V009124,C00779,2025-09-12,email,P003,Urban Bottle 03,false,false
V009125,C00743,2025-07-23,paid_search,P019,Urban Bottle 19,false,true
V009126,C00307,2025-02-28,social,P028,Essential Bag 28,false,false
V009127,C00021,2025-08-13,referral,P022,Active Mat 22,false,false
V009128,C00652,2025-05-27,organic_search,P027,Urban Bottle 27,true,false
V009129,C00797,2025-05-11,direct,P026,Pure Band 26,false,false
V009130,C00127,2025-09-26,organic_search,P026,Pure Band 26,false,false
V009131,C00291,2025-11-22,social,P015,Calm Cream 15,false,false
V009132,C00250,2025-05-22,organic_search,P028,Essential Bag 28,false,false
V009133,C00133,2025-12-07,organic_search,P017,Daily Lamp 17,false,false
V009134,C00650,2025-07-05,organic_search,P009,Daily Lamp 09,false,false
V009135,C00510,2025-11-09,organic_search,P029,Bright Organizer 29,false,false
V009136,C00762,2025-08-21,referral,P027,Urban Bottle 27,false,false
V009137,C00147,2025-07-16,direct,P030,Active Mat 30,false,false
V009138,C00502,2025-01-10,paid_search,P002,Pure Band 02,false,false
V009139,C00373,2025-02-22,direct,P005,Bright Organizer 05,false,false
V009140,C00396,2025-01-01,organic_search,P018,Pure Band 18,true,false
V009141,C00600,2025-11-20,referral,P016,Modern Serum 16,false,false
V009142,C00310,2025-11-06,direct,P019,Urban Bottle 19,true,true
V009143,C00679,2025-04-11,email,P016,Modern Serum 16,false,false
V009144,C00400,2025-05-19,direct,P025,Daily Lamp 25,false,false
V009145,C00650,2025-11-29,social,P007,Calm Cream 07,true,true
V009146,C00657,2025-05-25,direct,P012,Essential Bag 12,false,false
V009147,C00454,2025-12-26,email,P026,Pure Band 26,false,false
V009148,C00621,2025-06-27,paid_search,P005,Bright Organizer 05,false,false
V009149,C00750,2025-11-27,organic_search,P025,Daily Lamp 25,false,false
V009150,C00643,2025-02-26,referral,P010,Pure Band 10,false,false
V009151,C00470,2025-02-26,referral,P006,Active Mat 06,false,false
V009152,C00307,2025-12-25,paid_search,P027,Urban Bottle 27,false,false
V009153,C00262,2025-09-21,organic_search,P011,Urban Bottle 11,false,false
V009154,C00411,2025-10-28,direct,P028,Essential Bag 28,false,false
V009155,C00291,2025-02-07,paid_search,P026,Pure Band 26,false,false
V009156,C00793,2025-10-27,social,P020,Essential Bag 20,false,false
V009157,C00419,2025-04-21,direct,P029,Bright Organizer 29,false,false
V009158,C00379,2025-03-12,social,P003,Urban Bottle 03,false,false
V009159,C00399,2025-06-13,organic_search,P016,Modern Serum 16,false,true
V009160,C00276,2025-11-14,paid_search,P012,Essential Bag 12,false,true
V009161,C00920,2025-05-17,email,P017,Daily Lamp 17,false,false
V009162,C00944,2025-07-04,paid_search,P022,Active Mat 22,false,false
V009163,C00556,2025-01-14,organic_search,P001,Daily Lamp 01,false,false
V009164,C00990,2025-11-04,email,P014,Active Mat 14,false,false
V009165,C00448,2025-05-19,direct,P006,Active Mat 06,false,false
V009166,C00875,2025-11-27,paid_search,P016,Modern Serum 16,false,false
V009167,C00580,2025-12-12,email,P012,Essential Bag 12,false,false
V009168,C00106,2025-10-04,direct,P014,Active Mat 14,false,false
V009169,C00135,2025-09-03,organic_search,P013,Bright Organizer 13,false,false
V009170,C00039,2025-01-31,social,P015,Calm Cream 15,true,false
V009171,C00407,2025-02-20,direct,P010,Pure Band 10,false,false
V009172,C00760,2025-06-20,paid_search,P014,Active Mat 14,true,false
V009173,C00161,2025-11-21,direct,P023,Calm Cream 23,false,false
V009174,C00737,2025-12-30,organic_search,P018,Pure Band 18,false,false
V009175,C00728,2025-01-30,organic_search,P027,Urban Bottle 27,false,false
V009176,C00570,2025-02-26,direct,P013,Bright Organizer 13,false,false
V009177,C00619,2025-01-28,paid_search,P009,Daily Lamp 09,false,false
V009178,C00079,2025-12-18,paid_search,P028,Essential Bag 28,true,false
V009179,C00584,2025-08-25,organic_search,P012,Essential Bag 12,false,false
V009180,C00222,2025-09-11,paid_search,P013,Bright Organizer 13,false,false
V009181,C00513,2025-01-06,organic_search,P008,Modern Serum 08,false,false
V009182,C00106,2025-03-07,organic_search,P010,Pure Band 10,false,false
V009183,C00080,2025-07-26,social,P008,Modern Serum 08,false,false
V009184,C00565,2025-02-17,direct,P016,Modern Serum 16,false,false
V009185,C00321,2025-03-24,paid_search,P005,Bright Organizer 05,false,false
V009186,C00201,2025-06-09,organic_search,P028,Essential Bag 28,false,false
V009187,C00522,2025-08-07,direct,P025,Daily Lamp 25,true,false
V009188,C00947,2025-06-19,paid_search,P018,Pure Band 18,false,false
V009189,C00189,2025-02-20,email,P018,Pure Band 18,false,false
V009190,C00582,2025-07-13,organic_search,P016,Modern Serum 16,false,false
V009191,C00026,2025-01-14,organic_search,P027,Urban Bottle 27,false,false
V009192,C00286,2025-12-06,paid_search,P028,Essential Bag 28,false,false
V009193,C00165,2025-08-15,paid_search,P027,Urban Bottle 27,false,false
V009194,C00858,2025-06-01,organic_search,P005,Bright Organizer 05,false,false
V009195,C00169,2025-11-22,organic_search,P003,Urban Bottle 03,false,false
V009196,C00422,2025-04-30,organic_search,P008,Modern Serum 08,true,true
V009197,C00470,2025-02-05,paid_search,P014,Active Mat 14,false,false
V009198,C00956,2025-03-08,social,P027,Urban Bottle 27,false,false
V009199,C00055,2025-11-26,direct,P017,Daily Lamp 17,false,false
V009200,C00634,2025-05-28,organic_search,P010,Pure Band 10,false,false
V009201,C00817,2025-10-15,social,P026,Pure Band 26,true,true
V009202,C00346,2025-01-20,organic_search,P010,Pure Band 10,false,true
V009203,C00461,2025-10-21,direct,P004,Essential Bag 04,true,false
V009204,C00125,2025-06-10,paid_search,P027,Urban Bottle 27,false,false
V009205,C00322,2025-01-18,organic_search,P003,Urban Bottle 03,false,false
V009206,C00264,2025-10-21,paid_search,P014,Active Mat 14,true,false
V009207,C00794,2025-09-01,organic_search,P019,Urban Bottle 19,true,true
V009208,C00191,2025-03-25,paid_search,P021,Bright Organizer 21,false,false
V009209,C00635,2025-07-17,organic_search,P010,Pure Band 10,false,false
V009210,C00406,2025-02-07,organic_search,P016,Modern Serum 16,true,false
V009211,C00928,2025-07-13,social,P014,Active Mat 14,false,false
V009212,C00780,2025-10-11,paid_search,P029,Bright Organizer 29,false,false
V009213,C00179,2025-05-14,paid_search,P028,Essential Bag 28,false,true
V009214,C00425,2025-11-04,social,P003,Urban Bottle 03,false,false
V009215,C00520,2025-09-07,social,P028,Essential Bag 28,false,false
V009216,C00916,2025-01-10,social,P020,Essential Bag 20,false,false
V009217,C00406,2025-02-18,direct,P010,Pure Band 10,false,false
V009218,C00554,2025-02-27,email,P001,Daily Lamp 01,true,false
V009219,C00215,2025-08-18,organic_search,P019,Urban Bottle 19,false,false
V009220,C00665,2025-05-09,social,P003,Urban Bottle 03,false,false
V009221,C00882,2025-01-05,paid_search,P014,Active Mat 14,false,false
V009222,C00258,2025-11-07,social,P005,Bright Organizer 05,false,false
V009223,C00577,2025-01-12,paid_search,P006,Active Mat 06,false,false
V009224,C00303,2025-07-30,paid_search,P004,Essential Bag 04,false,false
V009225,C00531,2025-01-10,social,P019,Urban Bottle 19,false,false
V009226,C00510,2025-07-14,organic_search,P020,Essential Bag 20,false,false
V009227,C00115,2025-03-13,email,P013,Bright Organizer 13,false,false
V009228,C00724,2025-11-27,social,P003,Urban Bottle 03,true,false
V009229,C00893,2025-06-05,paid_search,P027,Urban Bottle 27,true,true
V009230,C00014,2025-05-19,social,P027,Urban Bottle 27,false,false
V009231,C00307,2025-07-18,paid_search,P001,Daily Lamp 01,false,false
V009232,C00927,2025-09-30,email,P017,Daily Lamp 17,false,false
V009233,C00233,2025-07-27,paid_search,P025,Daily Lamp 25,false,false
V009234,C00076,2025-08-26,social,P010,Pure Band 10,false,false
V009235,C00115,2025-06-12,organic_search,P023,Calm Cream 23,false,false
V009236,C00052,2025-03-17,email,P015,Calm Cream 15,false,false
V009237,C00462,2025-04-16,paid_search,P020,Essential Bag 20,false,false
V009238,C00720,2025-10-01,organic_search,P024,Modern Serum 24,false,false
V009239,C00474,2025-04-07,direct,P009,Daily Lamp 09,false,false
V009240,C00558,2025-09-11,direct,P023,Calm Cream 23,false,false
V009241,C00524,2025-12-11,paid_search,P029,Bright Organizer 29,false,false
V009242,C00529,2025-09-24,social,P011,Urban Bottle 11,false,false
V009243,C00234,2025-06-09,organic_search,P019,Urban Bottle 19,false,false
V009244,C00385,2025-09-20,paid_search,P008,Modern Serum 08,true,false
V009245,C00541,2025-07-08,direct,P009,Daily Lamp 09,false,true
V009246,C00542,2025-07-03,referral,P024,Modern Serum 24,false,false
V009247,C00044,2025-01-27,paid_search,P005,Bright Organizer 05,false,false
V009248,C00516,2025-10-28,paid_search,P029,Bright Organizer 29,false,false
V009249,C00250,2025-09-06,email,P024,Modern Serum 24,false,false
V009250,C00444,2025-02-15,paid_search,P026,Pure Band 26,false,false
V009251,C00775,2025-01-18,organic_search,P022,Active Mat 22,false,false
V009252,C00792,2025-08-31,social,P005,Bright Organizer 05,false,true
V009253,C00848,2025-08-09,email,P003,Urban Bottle 03,false,false
V009254,C00682,2025-05-03,paid_search,P025,Daily Lamp 25,false,false
V009255,C00379,2025-08-23,social,P018,Pure Band 18,true,false
V009256,C00096,2025-08-07,paid_search,P013,Bright Organizer 13,false,false
V009257,C00362,2025-12-11,social,P018,Pure Band 18,true,false
V009258,C00171,2025-07-22,social,P024,Modern Serum 24,false,false
V009259,C00978,2025-12-29,social,P023,Calm Cream 23,false,false
V009260,C00584,2025-01-30,paid_search,P027,Urban Bottle 27,false,true
V009261,C00344,2025-04-20,organic_search,P003,Urban Bottle 03,false,false
V009262,C00619,2025-08-03,social,P010,Pure Band 10,false,false
V009263,C00408,2025-07-06,email,P028,Essential Bag 28,false,false
V009264,C00545,2025-09-26,email,P030,Active Mat 30,false,true
V009265,C00719,2025-02-03,organic_search,P004,Essential Bag 04,false,false
V009266,C00794,2025-05-24,social,P006,Active Mat 06,false,false
V009267,C00093,2025-07-22,organic_search,P011,Urban Bottle 11,false,false
V009268,C00938,2025-10-10,paid_search,P027,Urban Bottle 27,true,true
V009269,C00786,2025-03-25,direct,P028,Essential Bag 28,false,false
V009270,C00834,2025-09-19,paid_search,P022,Active Mat 22,false,false
V009271,C00586,2025-04-01,social,P008,Modern Serum 08,false,false
V009272,C00110,2025-07-10,paid_search,P013,Bright Organizer 13,true,false
V009273,C00153,2025-08-14,organic_search,P002,Pure Band 02,false,false
V009274,C00436,2025-01-02,email,P016,Modern Serum 16,true,true
V009275,C00758,2025-04-03,social,P027,Urban Bottle 27,false,false
V009276,C00072,2025-05-13,organic_search,P016,Modern Serum 16,true,false
V009277,C00071,2025-05-02,organic_search,P013,Bright Organizer 13,true,false
V009278,C00961,2025-08-08,email,P023,Calm Cream 23,false,false
V009279,C00965,2025-04-24,organic_search,P010,Pure Band 10,false,false
V009280,C00057,2025-06-25,social,P022,Active Mat 22,false,false
V009281,C00340,2025-11-24,paid_search,P019,Urban Bottle 19,false,true
V009282,C00883,2025-12-22,social,P003,Urban Bottle 03,false,false
V009283,C00034,2025-07-01,social,P024,Modern Serum 24,false,false
V009284,C00656,2025-09-12,social,P005,Bright Organizer 05,true,false
V009285,C00100,2025-03-03,email,P011,Urban Bottle 11,true,false
V009286,C00469,2025-04-11,organic_search,P009,Daily Lamp 09,false,false
V009287,C00678,2025-06-18,organic_search,P002,Pure Band 02,false,false
V009288,C00105,2025-09-04,organic_search,P003,Urban Bottle 03,true,false
V009289,C00559,2025-07-06,referral,P028,Essential Bag 28,false,false
V009290,C00395,2025-07-10,direct,P013,Bright Organizer 13,true,false
V009291,C00081,2025-01-17,organic_search,P007,Calm Cream 07,false,false
V009292,C00146,2025-09-20,social,P001,Daily Lamp 01,false,false
V009293,C00615,2025-03-20,paid_search,P017,Daily Lamp 17,false,false
V009294,C00710,2025-11-14,paid_search,P001,Daily Lamp 01,false,false
V009295,C00877,2025-10-22,organic_search,P001,Daily Lamp 01,false,false
V009296,C00270,2025-09-29,organic_search,P020,Essential Bag 20,true,false
V009297,C00356,2025-04-13,email,P029,Bright Organizer 29,false,false
V009298,C00799,2025-10-03,social,P029,Bright Organizer 29,false,false
V009299,C00150,2025-06-01,organic_search,P014,Active Mat 14,false,false
V009300,C00253,2025-02-08,social,P027,Urban Bottle 27,false,false
V009301,C00257,2025-11-14,organic_search,P014,Active Mat 14,true,false
V009302,C00938,2025-07-14,organic_search,P010,Pure Band 10,false,false
V009303,C00876,2025-05-25,paid_search,P022,Active Mat 22,false,false
V009304,C00367,2025-08-23,organic_search,P029,Bright Organizer 29,false,false
V009305,C00437,2025-12-24,paid_search,P019,Urban Bottle 19,false,false
V009306,C00654,2025-05-14,social,P026,Pure Band 26,false,false
V009307,C00105,2025-06-07,social,P022,Active Mat 22,false,false
V009308,C00600,2025-01-24,paid_search,P018,Pure Band 18,false,false
V009309,C00188,2025-01-01,email,P013,Bright Organizer 13,false,false
V009310,C00498,2025-01-19,social,P013,Bright Organizer 13,false,false
V009311,C00634,2025-10-08,social,P026,Pure Band 26,false,false
V009312,C00671,2025-06-20,direct,P028,Essential Bag 28,true,false
V009313,C00580,2025-11-08,social,P027,Urban Bottle 27,false,false
V009314,C00140,2025-01-21,social,P019,Urban Bottle 19,true,true
V009315,C00797,2025-10-19,referral,P020,Essential Bag 20,false,false
V009316,C00094,2025-02-27,direct,P025,Daily Lamp 25,true,false
V009317,C00953,2025-01-18,paid_search,P022,Active Mat 22,false,false
V009318,C00192,2025-12-02,paid_search,P006,Active Mat 06,true,false
V009319,C00958,2025-01-29,social,P001,Daily Lamp 01,false,false
V009320,C00146,2025-06-24,organic_search,P005,Bright Organizer 05,false,false
V009321,C00849,2025-04-21,organic_search,P005,Bright Organizer 05,false,false
V009322,C00125,2025-11-18,social,P017,Daily Lamp 17,false,true
V009323,C00678,2025-02-01,paid_search,P003,Urban Bottle 03,false,false
V009324,C00956,2025-11-07,email,P019,Urban Bottle 19,false,false
V009325,C00887,2025-04-11,social,P022,Active Mat 22,false,false
V009326,C00716,2025-01-13,paid_search,P004,Essential Bag 04,false,false
V009327,C00594,2025-02-14,organic_search,P028,Essential Bag 28,false,false
V009328,C00601,2025-10-17,direct,P029,Bright Organizer 29,false,false
V009329,C00943,2025-10-23,organic_search,P023,Calm Cream 23,false,false
V009330,C00515,2025-03-02,direct,P018,Pure Band 18,false,false
V009331,C00324,2025-02-26,organic_search,P022,Active Mat 22,false,false
V009332,C00072,2025-03-17,direct,P015,Calm Cream 15,false,false
V009333,C00005,2025-12-28,email,P004,Essential Bag 04,false,false
V009334,C00108,2025-11-26,email,P028,Essential Bag 28,true,false
V009335,C00726,2025-03-01,organic_search,P011,Urban Bottle 11,false,false
V009336,C00647,2025-09-23,organic_search,P008,Modern Serum 08,false,false
V009337,C00199,2025-06-05,organic_search,P022,Active Mat 22,false,false
V009338,C00747,2025-05-17,social,P018,Pure Band 18,false,false
V009339,C00861,2025-08-14,email,P005,Bright Organizer 05,true,false
V009340,C00808,2025-12-01,email,P008,Modern Serum 08,false,true
V009341,C00653,2025-03-12,email,P017,Daily Lamp 17,true,false
V009342,C00719,2025-07-26,direct,P030,Active Mat 30,false,false
V009343,C00133,2025-10-22,organic_search,P004,Essential Bag 04,false,false
V009344,C00911,2025-06-16,social,P012,Essential Bag 12,false,false
V009345,C00075,2025-11-26,direct,P009,Daily Lamp 09,false,false
V009346,C00101,2025-04-06,paid_search,P002,Pure Band 02,false,true
V009347,C00685,2025-11-15,referral,P004,Essential Bag 04,false,false
V009348,C00740,2025-02-08,email,P003,Urban Bottle 03,false,false
V009349,C00572,2025-02-13,social,P007,Calm Cream 07,false,false
V009350,C00034,2025-07-24,direct,P028,Essential Bag 28,false,false
V009351,C00734,2025-02-18,paid_search,P024,Modern Serum 24,false,false
V009352,C00458,2025-11-17,email,P022,Active Mat 22,false,false
V009353,C00494,2025-04-11,organic_search,P029,Bright Organizer 29,false,false
V009354,C00992,2025-11-11,email,P014,Active Mat 14,false,false
V009355,C00811,2025-01-10,paid_search,P015,Calm Cream 15,false,true
V009356,C00040,2025-09-05,organic_search,P027,Urban Bottle 27,false,false
V009357,C00802,2025-05-04,direct,P019,Urban Bottle 19,false,true
V009358,C00346,2025-12-27,social,P006,Active Mat 06,false,false
V009359,C00614,2025-04-25,social,P010,Pure Band 10,false,false
V009360,C00189,2025-06-12,organic_search,P017,Daily Lamp 17,false,false
V009361,C00940,2025-07-10,organic_search,P021,Bright Organizer 21,false,false
V009362,C00370,2025-12-16,paid_search,P016,Modern Serum 16,false,false
V009363,C00323,2025-08-02,organic_search,P016,Modern Serum 16,false,false
V009364,C00838,2025-05-19,paid_search,P013,Bright Organizer 13,false,false
V009365,C00506,2025-03-09,referral,P017,Daily Lamp 17,false,true
V009366,C00887,2025-08-18,paid_search,P024,Modern Serum 24,false,false
V009367,C00884,2025-12-22,social,P026,Pure Band 26,false,false
V009368,C00058,2025-11-18,direct,P012,Essential Bag 12,false,false
V009369,C00163,2025-03-22,direct,P023,Calm Cream 23,false,false
V009370,C00485,2025-10-22,direct,P013,Bright Organizer 13,true,false
V009371,C00525,2025-04-27,paid_search,P003,Urban Bottle 03,false,false
V009372,C00676,2025-06-06,direct,P029,Bright Organizer 29,true,true
V009373,C00973,2025-11-27,organic_search,P024,Modern Serum 24,false,false
V009374,C00562,2025-10-20,paid_search,P002,Pure Band 02,false,false
V009375,C00512,2025-02-24,direct,P027,Urban Bottle 27,false,false
V009376,C00093,2025-11-06,organic_search,P016,Modern Serum 16,false,false
V009377,C00401,2025-07-25,organic_search,P024,Modern Serum 24,true,false
V009378,C00103,2025-09-22,paid_search,P015,Calm Cream 15,false,false
V009379,C00266,2025-07-15,paid_search,P028,Essential Bag 28,false,false
V009380,C00058,2025-12-27,social,P029,Bright Organizer 29,false,false
V009381,C00774,2025-04-16,social,P018,Pure Band 18,false,true
V009382,C00806,2025-04-11,email,P001,Daily Lamp 01,false,false
V009383,C00618,2025-03-05,direct,P014,Active Mat 14,false,false
V009384,C00539,2025-06-18,referral,P029,Bright Organizer 29,false,false
V009385,C00681,2025-04-18,social,P003,Urban Bottle 03,false,false
V009386,C00844,2025-12-26,organic_search,P029,Bright Organizer 29,false,false
V009387,C00720,2025-03-02,referral,P006,Active Mat 06,false,false
V009388,C00653,2025-12-02,email,P010,Pure Band 10,false,false
V009389,C00856,2025-08-23,organic_search,P010,Pure Band 10,false,false
V009390,C00596,2025-03-15,paid_search,P029,Bright Organizer 29,false,true
V009391,C00819,2025-09-18,social,P001,Daily Lamp 01,false,false
V009392,C00154,2025-05-06,organic_search,P014,Active Mat 14,false,false
V009393,C00480,2025-11-26,email,P015,Calm Cream 15,false,true
V009394,C00185,2025-06-06,social,P023,Calm Cream 23,false,false
V009395,C00485,2025-01-01,organic_search,P015,Calm Cream 15,false,false
V009396,C00383,2025-09-19,organic_search,P023,Calm Cream 23,true,false
V009397,C00656,2025-07-16,organic_search,P007,Calm Cream 07,false,true
V009398,C00710,2025-02-23,organic_search,P010,Pure Band 10,false,false
V009399,C00564,2025-10-01,social,P005,Bright Organizer 05,true,false
V009400,C00963,2025-05-04,direct,P019,Urban Bottle 19,false,false
V009401,C00910,2025-08-19,social,P029,Bright Organizer 29,false,false
V009402,C00075,2025-04-03,social,P002,Pure Band 02,false,false
V009403,C00802,2025-10-11,organic_search,P015,Calm Cream 15,true,false
V009404,C00195,2025-09-11,paid_search,P019,Urban Bottle 19,true,false
V009405,C00722,2025-05-06,organic_search,P027,Urban Bottle 27,false,false
V009406,C00398,2025-06-29,organic_search,P026,Pure Band 26,false,true
V009407,C00347,2025-02-14,email,P014,Active Mat 14,false,false
V009408,C00991,2025-09-24,referral,P006,Active Mat 06,false,false
V009409,C00359,2025-06-28,social,P017,Daily Lamp 17,false,false
V009410,C00836,2025-06-02,paid_search,P025,Daily Lamp 25,false,false
V009411,C00440,2025-11-21,email,P029,Bright Organizer 29,true,false
V009412,C00681,2025-07-14,email,P013,Bright Organizer 13,false,false
V009413,C00311,2025-06-10,social,P025,Daily Lamp 25,true,false
V009414,C00873,2025-09-18,email,P016,Modern Serum 16,false,false
V009415,C00067,2025-11-05,paid_search,P018,Pure Band 18,true,false
V009416,C00916,2025-07-28,email,P007,Calm Cream 07,true,false
V009417,C00082,2025-07-29,paid_search,P028,Essential Bag 28,false,false
V009418,C00802,2025-12-19,organic_search,P030,Active Mat 30,false,false
V009419,C00039,2025-10-17,social,P007,Calm Cream 07,false,false
V009420,C00991,2025-04-06,organic_search,P029,Bright Organizer 29,true,false
V009421,C00347,2025-03-15,paid_search,P003,Urban Bottle 03,false,false
V009422,C00343,2025-01-10,organic_search,P003,Urban Bottle 03,true,false
V009423,C00302,2025-01-25,direct,P009,Daily Lamp 09,false,false
V009424,C00408,2025-09-06,paid_search,P016,Modern Serum 16,false,false
V009425,C00889,2025-08-12,social,P028,Essential Bag 28,true,false
V009426,C00979,2025-09-16,organic_search,P005,Bright Organizer 05,true,true
V009427,C00710,2025-04-12,paid_search,P020,Essential Bag 20,false,false
V009428,C00766,2025-09-04,direct,P011,Urban Bottle 11,true,false
V009429,C00850,2025-01-29,direct,P022,Active Mat 22,false,true
V009430,C00446,2025-08-07,direct,P017,Daily Lamp 17,false,false
V009431,C00882,2025-07-14,organic_search,P017,Daily Lamp 17,true,false
V009432,C00985,2025-11-03,email,P026,Pure Band 26,false,false
V009433,C00826,2025-08-15,social,P025,Daily Lamp 25,false,true
V009434,C00323,2025-07-25,email,P018,Pure Band 18,false,false
V009435,C00199,2025-12-17,direct,P002,Pure Band 02,false,false
V009436,C00556,2025-02-04,direct,P005,Bright Organizer 05,false,false
V009437,C00803,2025-09-22,email,P018,Pure Band 18,false,true
V009438,C00592,2025-06-28,social,P015,Calm Cream 15,false,false
V009439,C00854,2025-08-13,social,P012,Essential Bag 12,false,false
V009440,C00386,2025-11-02,referral,P014,Active Mat 14,false,false
V009441,C00386,2025-04-06,direct,P017,Daily Lamp 17,false,false
V009442,C00204,2025-07-22,organic_search,P027,Urban Bottle 27,false,false
V009443,C00481,2025-12-05,paid_search,P023,Calm Cream 23,false,false
V009444,C00355,2025-08-12,email,P013,Bright Organizer 13,false,false
V009445,C00990,2025-03-18,organic_search,P002,Pure Band 02,false,false
V009446,C00695,2025-12-12,paid_search,P001,Daily Lamp 01,false,false
V009447,C00772,2025-09-22,organic_search,P020,Essential Bag 20,false,false
V009448,C00240,2025-11-08,email,P025,Daily Lamp 25,true,false
V009449,C00366,2025-10-04,organic_search,P011,Urban Bottle 11,false,false
V009450,C00087,2025-05-22,direct,P001,Daily Lamp 01,false,false
V009451,C00829,2025-09-30,social,P026,Pure Band 26,true,false
V009452,C00831,2025-11-25,email,P011,Urban Bottle 11,false,false
V009453,C00172,2025-01-20,organic_search,P005,Bright Organizer 05,false,false
V009454,C00458,2025-06-05,social,P001,Daily Lamp 01,false,false
V009455,C00552,2025-05-28,social,P010,Pure Band 10,false,true
V009456,C00777,2025-03-21,paid_search,P015,Calm Cream 15,false,false
V009457,C00550,2025-04-01,social,P023,Calm Cream 23,false,false
V009458,C00072,2025-04-08,email,P003,Urban Bottle 03,true,false
V009459,C00908,2025-01-29,paid_search,P004,Essential Bag 04,true,true
V009460,C00575,2025-05-25,direct,P014,Active Mat 14,false,false
V009461,C00545,2025-03-17,paid_search,P014,Active Mat 14,true,false
V009462,C00326,2025-11-09,direct,P023,Calm Cream 23,false,false
V009463,C00776,2025-12-15,organic_search,P021,Bright Organizer 21,false,false
V009464,C00131,2025-04-01,social,P010,Pure Band 10,false,false
V009465,C00133,2025-11-11,organic_search,P015,Calm Cream 15,false,false
V009466,C00182,2025-03-27,organic_search,P030,Active Mat 30,false,false
V009467,C00594,2025-05-15,referral,P007,Calm Cream 07,true,false
V009468,C00882,2025-04-03,organic_search,P025,Daily Lamp 25,false,false
V009469,C00284,2025-09-26,organic_search,P010,Pure Band 10,false,false
V009470,C00057,2025-09-05,direct,P027,Urban Bottle 27,true,false
V009471,C00980,2025-09-06,organic_search,P006,Active Mat 06,false,false
V009472,C00638,2025-03-10,social,P014,Active Mat 14,false,false
V009473,C00276,2025-01-30,social,P018,Pure Band 18,false,true
V009474,C00916,2025-12-25,organic_search,P002,Pure Band 02,false,false
V009475,C00818,2025-11-29,organic_search,P025,Daily Lamp 25,false,false
V009476,C00685,2025-11-23,organic_search,P005,Bright Organizer 05,false,false
V009477,C00787,2025-06-16,social,P015,Calm Cream 15,false,false
V009478,C00139,2025-08-15,organic_search,P007,Calm Cream 07,false,false
V009479,C00016,2025-05-17,social,P008,Modern Serum 08,false,false
V009480,C00159,2025-04-18,social,P029,Bright Organizer 29,false,false
V009481,C00129,2025-03-12,organic_search,P005,Bright Organizer 05,false,false
V009482,C00991,2025-02-14,paid_search,P002,Pure Band 02,false,true
V009483,C00093,2025-05-30,email,P022,Active Mat 22,true,false
V009484,C00948,2025-04-04,social,P029,Bright Organizer 29,false,false
V009485,C00860,2025-11-16,organic_search,P030,Active Mat 30,true,false
V009486,C00443,2025-01-10,social,P024,Modern Serum 24,false,false
V009487,C00941,2025-02-08,social,P015,Calm Cream 15,false,false
V009488,C00792,2025-02-19,email,P024,Modern Serum 24,false,false
V009489,C00091,2025-01-04,paid_search,P019,Urban Bottle 19,true,false
V009490,C00780,2025-04-06,paid_search,P005,Bright Organizer 05,false,false
V009491,C00787,2025-08-05,paid_search,P003,Urban Bottle 03,true,false
V009492,C00558,2025-09-17,email,P027,Urban Bottle 27,false,false
V009493,C00084,2025-10-11,paid_search,P005,Bright Organizer 05,false,false
V009494,C00243,2025-04-16,social,P029,Bright Organizer 29,false,false
V009495,C00423,2025-02-06,direct,P025,Daily Lamp 25,true,true
V009496,C00593,2025-05-17,organic_search,P011,Urban Bottle 11,true,false
V009497,C00024,2025-08-18,organic_search,P030,Active Mat 30,false,true
V009498,C00937,2025-08-29,email,P018,Pure Band 18,false,true
V009499,C00223,2025-05-28,organic_search,P017,Daily Lamp 17,false,false
V009500,C00048,2025-06-27,organic_search,P006,Active Mat 06,false,false
V009501,C00372,2025-01-21,direct,P026,Pure Band 26,true,true
V009502,C00393,2025-06-02,social,P024,Modern Serum 24,false,false
V009503,C00756,2025-03-08,social,P005,Bright Organizer 05,false,false
V009504,C00002,2025-05-20,paid_search,P019,Urban Bottle 19,true,false
V009505,C00793,2025-03-13,organic_search,P015,Calm Cream 15,true,false
V009506,C00890,2025-03-29,direct,P009,Daily Lamp 09,false,false
V009507,C00908,2025-09-17,social,P023,Calm Cream 23,false,false
V009508,C00015,2025-11-26,social,P017,Daily Lamp 17,false,false
V009509,C00335,2025-06-30,direct,P024,Modern Serum 24,false,false
V009510,C00989,2025-10-09,organic_search,P011,Urban Bottle 11,false,true
V009511,C00439,2025-08-29,organic_search,P025,Daily Lamp 25,false,false
V009512,C00997,2025-03-26,organic_search,P003,Urban Bottle 03,false,false
V009513,C00326,2025-11-07,organic_search,P029,Bright Organizer 29,false,false
V009514,C00306,2025-01-10,direct,P012,Essential Bag 12,false,false
V009515,C00920,2025-09-20,paid_search,P003,Urban Bottle 03,false,true
V009516,C00765,2025-03-22,direct,P018,Pure Band 18,false,false
V009517,C00578,2025-10-13,paid_search,P006,Active Mat 06,false,false
V009518,C00204,2025-05-25,direct,P027,Urban Bottle 27,false,false
V009519,C00931,2025-08-14,email,P011,Urban Bottle 11,true,false
V009520,C00154,2025-03-15,paid_search,P027,Urban Bottle 27,false,false
V009521,C00458,2025-07-20,organic_search,P014,Active Mat 14,true,false
V009522,C00135,2025-02-06,organic_search,P023,Calm Cream 23,true,false
V009523,C00029,2025-05-10,organic_search,P005,Bright Organizer 05,false,false
V009524,C00335,2025-04-09,direct,P007,Calm Cream 07,false,false
V009525,C00669,2025-12-06,paid_search,P023,Calm Cream 23,false,false
V009526,C00140,2025-09-11,social,P021,Bright Organizer 21,true,false
V009527,C00871,2025-11-25,email,P026,Pure Band 26,false,false
V009528,C00816,2025-05-02,organic_search,P003,Urban Bottle 03,false,false
V009529,C00083,2025-08-28,organic_search,P029,Bright Organizer 29,false,false
V009530,C00167,2025-07-17,direct,P016,Modern Serum 16,false,false
V009531,C00610,2025-05-07,direct,P008,Modern Serum 08,false,true
V009532,C00327,2025-02-27,organic_search,P015,Calm Cream 15,true,false
V009533,C00075,2025-10-26,social,P006,Active Mat 06,false,false
V009534,C00164,2025-05-12,paid_search,P007,Calm Cream 07,false,false
V009535,C00634,2025-03-13,email,P028,Essential Bag 28,false,false
V009536,C00716,2025-08-07,paid_search,P027,Urban Bottle 27,false,false
V009537,C00191,2025-01-07,direct,P007,Calm Cream 07,true,false
V009538,C00197,2025-11-17,email,P004,Essential Bag 04,true,false
V009539,C00648,2025-08-22,organic_search,P013,Bright Organizer 13,false,false
V009540,C00978,2025-01-31,referral,P029,Bright Organizer 29,false,false
V009541,C00787,2025-09-23,organic_search,P013,Bright Organizer 13,false,false
V009542,C00668,2025-04-08,social,P027,Urban Bottle 27,false,false
V009543,C00926,2025-03-01,paid_search,P028,Essential Bag 28,false,false
V009544,C00156,2025-12-31,paid_search,P016,Modern Serum 16,false,false
V009545,C00812,2025-08-30,paid_search,P017,Daily Lamp 17,false,true
V009546,C00823,2025-04-04,organic_search,P003,Urban Bottle 03,false,false
V009547,C00403,2025-05-17,organic_search,P014,Active Mat 14,false,false
V009548,C00785,2025-01-06,organic_search,P012,Essential Bag 12,false,false
V009549,C00509,2025-02-08,organic_search,P016,Modern Serum 16,true,false
V009550,C00790,2025-07-21,social,P026,Pure Band 26,false,false
V009551,C00728,2025-12-13,paid_search,P014,Active Mat 14,false,false
V009552,C00620,2025-10-08,social,P002,Pure Band 02,false,false
V009553,C00393,2025-10-02,email,P023,Calm Cream 23,false,false
V009554,C00792,2025-09-13,email,P021,Bright Organizer 21,false,false
V009555,C00485,2025-02-26,direct,P013,Bright Organizer 13,false,true
V009556,C00385,2025-06-15,paid_search,P023,Calm Cream 23,false,false
V009557,C00732,2025-10-17,social,P025,Daily Lamp 25,false,false
V009558,C00127,2025-08-20,direct,P029,Bright Organizer 29,false,false
V009559,C00418,2025-03-10,social,P014,Active Mat 14,false,false
V009560,C00911,2025-01-10,direct,P018,Pure Band 18,false,false
V009561,C00560,2025-05-26,direct,P013,Bright Organizer 13,false,false
V009562,C00383,2025-10-09,paid_search,P003,Urban Bottle 03,false,true
V009563,C00802,2025-12-29,email,P027,Urban Bottle 27,true,false
V009564,C00422,2025-12-04,direct,P012,Essential Bag 12,false,false
V009565,C00122,2025-12-28,organic_search,P019,Urban Bottle 19,true,false
V009566,C00180,2025-01-13,direct,P022,Active Mat 22,true,true
V009567,C00521,2025-06-26,referral,P027,Urban Bottle 27,false,false
V009568,C00149,2025-11-26,organic_search,P021,Bright Organizer 21,false,false
V009569,C00023,2025-07-24,organic_search,P026,Pure Band 26,false,false
V009570,C00980,2025-07-10,email,P028,Essential Bag 28,true,false
V009571,C00754,2025-12-20,organic_search,P025,Daily Lamp 25,false,false
V009572,C00425,2025-06-22,paid_search,P010,Pure Band 10,false,false
V009573,C00887,2025-12-15,social,P004,Essential Bag 04,false,false
V009574,C00923,2025-04-20,organic_search,P002,Pure Band 02,false,false
V009575,C00871,2025-08-11,social,P002,Pure Band 02,true,false
V009576,C00848,2025-01-25,social,P026,Pure Band 26,false,false
V009577,C00926,2025-05-16,organic_search,P001,Daily Lamp 01,false,false
V009578,C00910,2025-04-01,organic_search,P001,Daily Lamp 01,false,false
V009579,C00507,2025-06-28,email,P018,Pure Band 18,false,false
V009580,C00034,2025-08-06,paid_search,P024,Modern Serum 24,false,false
V009581,C00877,2025-07-02,social,P014,Active Mat 14,false,false
V009582,C00361,2025-05-17,referral,P021,Bright Organizer 21,false,false
V009583,C00119,2025-02-17,paid_search,P029,Bright Organizer 29,false,false
V009584,C00471,2025-08-08,organic_search,P020,Essential Bag 20,false,false
V009585,C00015,2025-07-30,direct,P012,Essential Bag 12,false,false
V009586,C00618,2025-01-11,paid_search,P024,Modern Serum 24,false,false
V009587,C00427,2025-05-13,social,P010,Pure Band 10,false,false
V009588,C00153,2025-12-11,email,P023,Calm Cream 23,true,true
V009589,C00737,2025-09-04,organic_search,P027,Urban Bottle 27,false,false
V009590,C00050,2025-02-24,paid_search,P003,Urban Bottle 03,false,false
V009591,C00858,2025-11-30,direct,P005,Bright Organizer 05,true,false
V009592,C00129,2025-08-29,organic_search,P028,Essential Bag 28,false,false
V009593,C00661,2025-10-23,email,P011,Urban Bottle 11,false,false
V009594,C00841,2025-04-01,social,P025,Daily Lamp 25,true,true
V009595,C00984,2025-07-17,direct,P020,Essential Bag 20,false,false
V009596,C00810,2025-06-15,paid_search,P019,Urban Bottle 19,false,false
V009597,C00475,2025-11-27,direct,P030,Active Mat 30,false,true
V009598,C00808,2025-12-05,social,P008,Modern Serum 08,false,false
V009599,C00971,2025-10-06,social,P030,Active Mat 30,true,false
V009600,C00139,2025-01-15,email,P017,Daily Lamp 17,false,false
V009601,C00763,2025-08-02,organic_search,P003,Urban Bottle 03,false,false
V009602,C00543,2025-10-28,email,P024,Modern Serum 24,true,false
V009603,C00481,2025-04-14,organic_search,P027,Urban Bottle 27,false,false
V009604,C00904,2025-04-15,paid_search,P008,Modern Serum 08,false,false
V009605,C00299,2025-07-28,paid_search,P015,Calm Cream 15,false,false
V009606,C00978,2025-09-25,direct,P027,Urban Bottle 27,false,false
V009607,C00134,2025-12-08,organic_search,P025,Daily Lamp 25,false,false
V009608,C00854,2025-07-07,social,P016,Modern Serum 16,true,false
V009609,C00792,2025-03-10,organic_search,P023,Calm Cream 23,false,false
V009610,C00848,2025-07-07,email,P005,Bright Organizer 05,false,false
V009611,C00718,2025-07-28,email,P030,Active Mat 30,false,false
V009612,C00770,2025-07-15,social,P009,Daily Lamp 09,false,true
V009613,C00754,2025-02-20,email,P008,Modern Serum 08,false,false
V009614,C00966,2025-04-28,organic_search,P018,Pure Band 18,false,false
V009615,C00208,2025-01-31,direct,P022,Active Mat 22,false,false
V009616,C00329,2025-04-20,paid_search,P029,Bright Organizer 29,false,false
V009617,C00226,2025-07-11,social,P018,Pure Band 18,false,false
V009618,C00189,2025-03-18,paid_search,P028,Essential Bag 28,false,false
V009619,C00737,2025-08-12,referral,P027,Urban Bottle 27,false,false
V009620,C00557,2025-05-04,email,P013,Bright Organizer 13,true,true
V009621,C00243,2025-02-21,email,P025,Daily Lamp 25,true,false
V009622,C00037,2025-09-25,paid_search,P024,Modern Serum 24,false,false
V009623,C00605,2025-06-22,email,P028,Essential Bag 28,false,false
V009624,C00573,2025-07-26,paid_search,P014,Active Mat 14,false,false
V009625,C00920,2025-02-02,social,P024,Modern Serum 24,true,false
V009626,C00902,2025-10-07,organic_search,P018,Pure Band 18,false,false
V009627,C00661,2025-02-21,paid_search,P016,Modern Serum 16,false,false
V009628,C00529,2025-07-11,social,P011,Urban Bottle 11,false,false
V009629,C00025,2025-11-09,social,P015,Calm Cream 15,false,false
V009630,C00423,2025-01-07,organic_search,P030,Active Mat 30,false,false
V009631,C00146,2025-11-30,paid_search,P019,Urban Bottle 19,true,false
V009632,C00311,2025-11-26,organic_search,P010,Pure Band 10,false,false
V009633,C00102,2025-10-09,paid_search,P013,Bright Organizer 13,false,false
V009634,C00303,2025-10-01,direct,P024,Modern Serum 24,false,false
V009635,C00902,2025-10-23,direct,P009,Daily Lamp 09,false,false
V009636,C00895,2025-01-01,paid_search,P026,Pure Band 26,true,false
V009637,C00200,2025-03-20,social,P009,Daily Lamp 09,false,false
V009638,C00092,2025-11-01,direct,P007,Calm Cream 07,false,false
V009639,C00489,2025-12-23,organic_search,P005,Bright Organizer 05,false,false
V009640,C00083,2025-01-17,social,P025,Daily Lamp 25,false,false
V009641,C00403,2025-05-10,organic_search,P012,Essential Bag 12,false,false
V009642,C00243,2025-03-25,direct,P026,Pure Band 26,false,false
V009643,C00337,2025-05-06,email,P006,Active Mat 06,false,false
V009644,C00484,2025-04-30,paid_search,P023,Calm Cream 23,false,false
V009645,C00847,2025-03-12,paid_search,P008,Modern Serum 08,false,false
V009646,C00332,2025-03-03,referral,P019,Urban Bottle 19,false,false
V009647,C00834,2025-03-26,organic_search,P027,Urban Bottle 27,false,false
V009648,C00876,2025-01-22,paid_search,P002,Pure Band 02,true,false
V009649,C00316,2025-12-19,email,P030,Active Mat 30,false,false
V009650,C00588,2025-09-29,organic_search,P029,Bright Organizer 29,false,false
V009651,C00939,2025-11-14,email,P024,Modern Serum 24,true,false
V009652,C00376,2025-06-06,organic_search,P021,Bright Organizer 21,false,false
V009653,C00848,2025-04-24,referral,P013,Bright Organizer 13,true,false
V009654,C00362,2025-03-16,paid_search,P017,Daily Lamp 17,false,false
V009655,C00496,2025-11-05,social,P001,Daily Lamp 01,true,false
V009656,C00803,2025-06-10,organic_search,P006,Active Mat 06,false,false
V009657,C00137,2025-03-24,organic_search,P001,Daily Lamp 01,false,false
V009658,C00960,2025-01-30,social,P002,Pure Band 02,false,false
V009659,C00183,2025-03-14,organic_search,P028,Essential Bag 28,false,false
V009660,C00368,2025-05-10,referral,P013,Bright Organizer 13,false,false
V009661,C00175,2025-10-16,paid_search,P018,Pure Band 18,false,false
V009662,C00664,2025-05-31,email,P002,Pure Band 02,false,false
V009663,C00196,2025-01-23,email,P027,Urban Bottle 27,true,false
V009664,C00591,2025-10-20,paid_search,P028,Essential Bag 28,false,false
V009665,C00585,2025-03-19,paid_search,P006,Active Mat 06,true,false
V009666,C00197,2025-09-14,social,P010,Pure Band 10,false,false
V009667,C00593,2025-09-18,organic_search,P017,Daily Lamp 17,false,false
V009668,C00932,2025-06-24,direct,P019,Urban Bottle 19,true,false
V009669,C00349,2025-09-10,organic_search,P016,Modern Serum 16,true,false
V009670,C00162,2025-03-25,paid_search,P010,Pure Band 10,false,false
V009671,C00421,2025-09-25,email,P007,Calm Cream 07,false,false
V009672,C00746,2025-07-15,referral,P028,Essential Bag 28,false,true
V009673,C00622,2025-01-07,referral,P024,Modern Serum 24,false,false
V009674,C00687,2025-10-15,social,P011,Urban Bottle 11,false,false
V009675,C00026,2025-04-26,social,P003,Urban Bottle 03,false,false
V009676,C00981,2025-12-29,organic_search,P004,Essential Bag 04,false,false
V009677,C00745,2025-12-28,organic_search,P023,Calm Cream 23,false,false
V009678,C00410,2025-04-19,paid_search,P004,Essential Bag 04,false,false
V009679,C00065,2025-02-27,email,P003,Urban Bottle 03,false,false
V009680,C00824,2025-05-19,social,P027,Urban Bottle 27,false,false
V009681,C00939,2025-09-10,direct,P030,Active Mat 30,false,false
V009682,C00771,2025-02-11,email,P005,Bright Organizer 05,false,false
V009683,C00452,2025-11-21,paid_search,P015,Calm Cream 15,false,false
V009684,C00527,2025-05-29,email,P028,Essential Bag 28,false,true
V009685,C00647,2025-05-26,paid_search,P027,Urban Bottle 27,false,false
V009686,C00627,2025-07-11,paid_search,P022,Active Mat 22,false,true
V009687,C00077,2025-10-11,paid_search,P023,Calm Cream 23,false,false
V009688,C00014,2025-04-04,social,P017,Daily Lamp 17,false,false
V009689,C00100,2025-02-25,organic_search,P008,Modern Serum 08,true,false
V009690,C00975,2025-10-30,social,P024,Modern Serum 24,false,false
V009691,C00461,2025-08-20,organic_search,P022,Active Mat 22,false,false
V009692,C00683,2025-02-23,paid_search,P030,Active Mat 30,false,false
V009693,C00201,2025-03-24,paid_search,P002,Pure Band 02,false,false
V009694,C00422,2025-05-04,social,P009,Daily Lamp 09,false,false
V009695,C00219,2025-07-21,organic_search,P006,Active Mat 06,false,false
V009696,C00485,2025-08-14,email,P001,Daily Lamp 01,false,false
V009697,C00903,2025-12-03,referral,P029,Bright Organizer 29,false,false
V009698,C00824,2025-01-01,social,P021,Bright Organizer 21,true,false
V009699,C00418,2025-06-02,organic_search,P008,Modern Serum 08,false,false
V009700,C00576,2025-09-14,paid_search,P010,Pure Band 10,false,true
V009701,C00551,2025-09-07,paid_search,P028,Essential Bag 28,false,false
V009702,C00858,2025-07-22,organic_search,P024,Modern Serum 24,false,false
V009703,C00807,2025-07-29,referral,P010,Pure Band 10,false,false
V009704,C00640,2025-05-27,email,P016,Modern Serum 16,false,false
V009705,C00851,2025-02-18,paid_search,P028,Essential Bag 28,false,false
V009706,C00180,2025-12-16,organic_search,P003,Urban Bottle 03,false,false
V009707,C00962,2025-08-04,organic_search,P010,Pure Band 10,false,false
V009708,C00025,2025-10-26,direct,P022,Active Mat 22,false,false
V009709,C00220,2025-04-04,organic_search,P009,Daily Lamp 09,false,false
V009710,C00866,2025-03-06,direct,P016,Modern Serum 16,false,false
V009711,C00008,2025-03-14,referral,P019,Urban Bottle 19,false,false
V009712,C00835,2025-04-19,referral,P002,Pure Band 02,false,false
V009713,C00210,2025-07-25,social,P020,Essential Bag 20,false,false
V009714,C00201,2025-11-02,social,P002,Pure Band 02,false,false
V009715,C00436,2025-08-04,organic_search,P026,Pure Band 26,false,false
V009716,C00523,2025-06-24,organic_search,P022,Active Mat 22,false,false
V009717,C00073,2025-05-23,social,P006,Active Mat 06,true,false
V009718,C00773,2025-02-15,organic_search,P008,Modern Serum 08,false,false
V009719,C00010,2025-09-15,organic_search,P008,Modern Serum 08,false,false
V009720,C00780,2025-10-08,referral,P014,Active Mat 14,false,false
V009721,C00666,2025-01-25,social,P027,Urban Bottle 27,false,false
V009722,C00412,2025-10-29,organic_search,P026,Pure Band 26,false,false
V009723,C00754,2025-11-29,social,P006,Active Mat 06,false,false
V009724,C00782,2025-08-15,organic_search,P012,Essential Bag 12,false,false
V009725,C00712,2025-08-14,organic_search,P011,Urban Bottle 11,false,false
V009726,C00300,2025-05-26,email,P007,Calm Cream 07,false,false
V009727,C00970,2025-05-26,organic_search,P025,Daily Lamp 25,true,false
V009728,C00535,2025-09-19,paid_search,P003,Urban Bottle 03,false,false
V009729,C00493,2025-09-21,email,P028,Essential Bag 28,false,false
V009730,C00082,2025-12-18,referral,P011,Urban Bottle 11,false,false
V009731,C00564,2025-03-24,paid_search,P001,Daily Lamp 01,true,false
V009732,C00271,2025-04-20,direct,P016,Modern Serum 16,false,false
V009733,C00011,2025-11-26,organic_search,P016,Modern Serum 16,false,false
V009734,C00016,2025-04-03,social,P012,Essential Bag 12,false,true
V009735,C00073,2025-06-18,organic_search,P018,Pure Band 18,true,false
V009736,C00999,2025-05-14,organic_search,P012,Essential Bag 12,false,false
V009737,C00677,2025-04-23,organic_search,P029,Bright Organizer 29,false,false
V009738,C00336,2025-11-11,paid_search,P013,Bright Organizer 13,true,false
V009739,C00656,2025-07-29,direct,P004,Essential Bag 04,true,false
V009740,C00877,2025-11-13,email,P030,Active Mat 30,false,false
V009741,C00062,2025-07-10,paid_search,P010,Pure Band 10,false,false
V009742,C00489,2025-11-17,paid_search,P019,Urban Bottle 19,false,false
V009743,C00652,2025-11-10,paid_search,P005,Bright Organizer 05,false,false
V009744,C00729,2025-06-10,organic_search,P018,Pure Band 18,false,false
V009745,C00113,2025-12-12,paid_search,P008,Modern Serum 08,false,false
V009746,C00010,2025-11-03,organic_search,P003,Urban Bottle 03,false,false
V009747,C00058,2025-03-20,organic_search,P016,Modern Serum 16,false,false
V009748,C00797,2025-06-26,direct,P028,Essential Bag 28,false,false
V009749,C00591,2025-01-13,direct,P025,Daily Lamp 25,false,false
V009750,C00965,2025-07-23,direct,P016,Modern Serum 16,true,false
V009751,C00097,2025-08-17,organic_search,P012,Essential Bag 12,true,false
V009752,C00028,2025-07-19,direct,P007,Calm Cream 07,false,false
V009753,C00098,2025-10-11,social,P024,Modern Serum 24,false,false
V009754,C00243,2025-04-30,organic_search,P020,Essential Bag 20,false,false
V009755,C00452,2025-07-10,organic_search,P019,Urban Bottle 19,false,false
V009756,C00583,2025-07-02,direct,P029,Bright Organizer 29,false,false
V009757,C00659,2025-08-02,organic_search,P029,Bright Organizer 29,false,false
V009758,C00448,2025-03-07,paid_search,P013,Bright Organizer 13,true,false
V009759,C00467,2025-08-17,referral,P012,Essential Bag 12,false,false
V009760,C00843,2025-06-10,organic_search,P023,Calm Cream 23,false,false
V009761,C00313,2025-01-01,paid_search,P022,Active Mat 22,true,false
V009762,C00769,2025-04-17,paid_search,P019,Urban Bottle 19,false,false
V009763,C00278,2025-03-11,email,P004,Essential Bag 04,false,false
V009764,C00491,2025-11-09,organic_search,P029,Bright Organizer 29,true,false
V009765,C00431,2025-04-18,paid_search,P029,Bright Organizer 29,false,false
V009766,C00006,2025-03-19,paid_search,P016,Modern Serum 16,false,false
V009767,C00992,2025-06-30,email,P026,Pure Band 26,true,false
V009768,C00970,2025-03-31,paid_search,P006,Active Mat 06,false,false
V009769,C00258,2025-02-08,direct,P023,Calm Cream 23,false,false
V009770,C00347,2025-09-16,direct,P029,Bright Organizer 29,false,false
V009771,C00671,2025-05-30,organic_search,P023,Calm Cream 23,false,false
V009772,C00853,2025-06-29,social,P003,Urban Bottle 03,false,false
V009773,C00624,2025-01-05,email,P014,Active Mat 14,false,false
V009774,C00582,2025-07-25,social,P006,Active Mat 06,false,false
V009775,C00650,2025-10-23,organic_search,P024,Modern Serum 24,false,false
V009776,C00428,2025-10-11,paid_search,P028,Essential Bag 28,true,true
V009777,C00023,2025-11-12,organic_search,P007,Calm Cream 07,false,false
V009778,C00188,2025-01-15,social,P019,Urban Bottle 19,false,false
V009779,C00289,2025-08-23,paid_search,P030,Active Mat 30,false,false
V009780,C00640,2025-03-14,paid_search,P025,Daily Lamp 25,false,false
V009781,C00984,2025-08-24,email,P011,Urban Bottle 11,false,false
V009782,C00633,2025-11-24,email,P023,Calm Cream 23,false,true
V009783,C00507,2025-01-01,email,P007,Calm Cream 07,false,false
V009784,C00915,2025-11-11,organic_search,P026,Pure Band 26,false,false
V009785,C00393,2025-03-10,organic_search,P019,Urban Bottle 19,false,true
V009786,C00684,2025-11-08,direct,P028,Essential Bag 28,false,false
V009787,C00608,2025-01-18,social,P010,Pure Band 10,false,false
V009788,C00672,2025-09-26,paid_search,P023,Calm Cream 23,false,false
V009789,C00226,2025-10-08,organic_search,P024,Modern Serum 24,false,false
V009790,C00869,2025-12-29,organic_search,P008,Modern Serum 08,false,false
V009791,C00943,2025-06-30,social,P021,Bright Organizer 21,false,false
V009792,C00634,2025-03-20,referral,P028,Essential Bag 28,false,false
V009793,C00758,2025-04-17,social,P007,Calm Cream 07,false,false
V009794,C00596,2025-04-18,social,P013,Bright Organizer 13,false,false
V009795,C00539,2025-12-17,paid_search,P004,Essential Bag 04,false,false
V009796,C00276,2025-12-18,organic_search,P021,Bright Organizer 21,false,false
V009797,C00473,2025-08-28,organic_search,P002,Pure Band 02,true,false
V009798,C00338,2025-07-13,organic_search,P002,Pure Band 02,false,false
V009799,C00632,2025-02-28,social,P009,Daily Lamp 09,false,false
V009800,C00742,2025-02-09,direct,P021,Bright Organizer 21,false,false
V009801,C00169,2025-03-18,email,P012,Essential Bag 12,false,false
V009802,C00929,2025-03-12,organic_search,P022,Active Mat 22,false,false
V009803,C00110,2025-11-17,social,P030,Active Mat 30,false,false
V009804,C00602,2025-06-13,social,P006,Active Mat 06,false,false
V009805,C00570,2025-02-28,organic_search,P025,Daily Lamp 25,false,false
V009806,C00123,2025-04-30,paid_search,P022,Active Mat 22,false,false
V009807,C00505,2025-03-10,email,P018,Pure Band 18,true,false
V009808,C00832,2025-12-20,organic_search,P017,Daily Lamp 17,true,true
V009809,C00043,2025-07-18,paid_search,P021,Bright Organizer 21,false,false
V009810,C00213,2025-12-27,paid_search,P022,Active Mat 22,false,false
V009811,C00885,2025-02-15,organic_search,P018,Pure Band 18,false,false
V009812,C00842,2025-04-16,organic_search,P007,Calm Cream 07,false,false
V009813,C00692,2025-12-10,social,P025,Daily Lamp 25,false,false
V009814,C00967,2025-03-29,social,P011,Urban Bottle 11,false,false
V009815,C00532,2025-03-10,organic_search,P024,Modern Serum 24,false,false
V009816,C00098,2025-03-20,referral,P019,Urban Bottle 19,false,false
V009817,C00260,2025-05-01,organic_search,P002,Pure Band 02,false,false
V009818,C00937,2025-03-21,email,P026,Pure Band 26,false,false
V009819,C00785,2025-01-05,email,P013,Bright Organizer 13,false,false
V009820,C00753,2025-09-04,organic_search,P007,Calm Cream 07,false,false
V009821,C00938,2025-10-27,organic_search,P007,Calm Cream 07,false,false
V009822,C00270,2025-04-21,direct,P023,Calm Cream 23,false,false
V009823,C00612,2025-12-08,paid_search,P007,Calm Cream 07,false,false
V009824,C00595,2025-01-08,organic_search,P016,Modern Serum 16,true,false
V009825,C00079,2025-01-19,organic_search,P011,Urban Bottle 11,false,false
V009826,C00871,2025-06-25,organic_search,P026,Pure Band 26,true,true
V009827,C00911,2025-05-23,paid_search,P025,Daily Lamp 25,true,false
V009828,C00912,2025-05-06,organic_search,P030,Active Mat 30,true,true
V009829,C00686,2025-11-21,direct,P016,Modern Serum 16,false,true
V009830,C00391,2025-07-01,email,P013,Bright Organizer 13,false,false
V009831,C00975,2025-01-30,paid_search,P014,Active Mat 14,false,false
V009832,C00070,2025-04-18,direct,P007,Calm Cream 07,false,false
V009833,C00886,2025-03-06,social,P020,Essential Bag 20,false,false
V009834,C00192,2025-06-07,paid_search,P003,Urban Bottle 03,false,false
V009835,C00903,2025-02-03,organic_search,P010,Pure Band 10,false,false
V009836,C00337,2025-09-15,social,P021,Bright Organizer 21,false,false
V009837,C00851,2025-03-08,paid_search,P012,Essential Bag 12,true,false
V009838,C00134,2025-11-27,paid_search,P021,Bright Organizer 21,false,false
V009839,C00918,2025-08-31,paid_search,P009,Daily Lamp 09,true,false
V009840,C00565,2025-05-20,organic_search,P027,Urban Bottle 27,false,false
V009841,C00599,2025-08-31,organic_search,P024,Modern Serum 24,false,false
V009842,C00973,2025-06-23,social,P011,Urban Bottle 11,false,true
V009843,C00127,2025-09-18,direct,P007,Calm Cream 07,true,false
V009844,C00781,2025-05-30,direct,P005,Bright Organizer 05,false,false
V009845,C00141,2025-08-09,paid_search,P008,Modern Serum 08,false,false
V009846,C00277,2025-03-30,social,P023,Calm Cream 23,false,false
V009847,C00357,2025-10-13,direct,P024,Modern Serum 24,false,false
V009848,C00975,2025-01-18,organic_search,P029,Bright Organizer 29,false,false
V009849,C00407,2025-10-26,paid_search,P023,Calm Cream 23,false,false
V009850,C00909,2025-02-25,organic_search,P013,Bright Organizer 13,false,false
V009851,C00773,2025-10-04,referral,P013,Bright Organizer 13,false,false
V009852,C00527,2025-11-12,direct,P029,Bright Organizer 29,true,false
V009853,C00830,2025-07-18,organic_search,P001,Daily Lamp 01,false,false
V009854,C00664,2025-07-28,social,P013,Bright Organizer 13,true,false
V009855,C00335,2025-08-05,organic_search,P028,Essential Bag 28,true,false
V009856,C00358,2025-08-22,organic_search,P022,Active Mat 22,false,true
V009857,C00100,2025-07-16,referral,P021,Bright Organizer 21,false,false
V009858,C00138,2025-12-31,organic_search,P017,Daily Lamp 17,false,false
V009859,C01000,2025-01-20,paid_search,P024,Modern Serum 24,false,false
V009860,C00506,2025-05-17,social,P005,Bright Organizer 05,false,false
V009861,C00855,2025-02-20,organic_search,P024,Modern Serum 24,false,false
V009862,C00072,2025-06-27,social,P008,Modern Serum 08,true,true
V009863,C00925,2025-04-05,organic_search,P022,Active Mat 22,false,false
V009864,C00445,2025-11-07,paid_search,P019,Urban Bottle 19,true,false
V009865,C00621,2025-12-31,direct,P021,Bright Organizer 21,false,false
V009866,C00018,2025-07-04,direct,P003,Urban Bottle 03,true,false
V009867,C00237,2025-12-01,social,P026,Pure Band 26,false,true
V009868,C00573,2025-01-21,organic_search,P001,Daily Lamp 01,false,false
V009869,C00929,2025-01-09,paid_search,P025,Daily Lamp 25,false,true
V009870,C00395,2025-08-25,organic_search,P024,Modern Serum 24,false,false
V009871,C00055,2025-08-25,social,P030,Active Mat 30,false,false
V009872,C00014,2025-01-25,organic_search,P001,Daily Lamp 01,false,false
V009873,C00409,2025-07-08,email,P004,Essential Bag 04,true,false
V009874,C00426,2025-11-04,direct,P024,Modern Serum 24,false,false
V009875,C00890,2025-11-06,social,P001,Daily Lamp 01,false,false
V009876,C00876,2025-12-26,direct,P009,Daily Lamp 09,true,false
V009877,C00371,2025-02-01,social,P020,Essential Bag 20,false,false
V009878,C00101,2025-05-04,paid_search,P009,Daily Lamp 09,false,false
V009879,C00996,2025-01-07,organic_search,P006,Active Mat 06,false,false
V009880,C00103,2025-03-26,paid_search,P003,Urban Bottle 03,false,false
V009881,C00590,2025-09-27,direct,P029,Bright Organizer 29,true,false
V009882,C00683,2025-02-08,organic_search,P020,Essential Bag 20,true,false
V009883,C00311,2025-05-04,organic_search,P022,Active Mat 22,true,false
V009884,C00732,2025-07-03,social,P019,Urban Bottle 19,false,false
V009885,C00241,2025-11-16,direct,P002,Pure Band 02,false,false
V009886,C00404,2025-09-07,organic_search,P002,Pure Band 02,false,false
V009887,C00753,2025-09-28,email,P006,Active Mat 06,false,false
V009888,C00701,2025-04-23,paid_search,P012,Essential Bag 12,false,true
V009889,C00241,2025-06-26,direct,P026,Pure Band 26,true,false
V009890,C00381,2025-12-19,direct,P028,Essential Bag 28,false,false
V009891,C00632,2025-01-22,organic_search,P018,Pure Band 18,false,false
V009892,C00772,2025-03-15,organic_search,P011,Urban Bottle 11,false,false
V009893,C00597,2025-02-20,organic_search,P003,Urban Bottle 03,false,false
V009894,C00856,2025-10-20,social,P006,Active Mat 06,false,false
V009895,C00254,2025-12-16,direct,P024,Modern Serum 24,true,false
V009896,C00779,2025-11-10,organic_search,P030,Active Mat 30,false,false
V009897,C00685,2025-01-03,referral,P027,Urban Bottle 27,false,false
V009898,C00922,2025-08-21,social,P004,Essential Bag 04,false,false
V009899,C00174,2025-02-06,social,P003,Urban Bottle 03,false,false
V009900,C00410,2025-09-21,email,P001,Daily Lamp 01,false,false
V009901,C00025,2025-06-04,email,P017,Daily Lamp 17,true,false
V009902,C00690,2025-01-06,direct,P012,Essential Bag 12,true,false
V009903,C00315,2025-05-05,paid_search,P020,Essential Bag 20,true,true
V009904,C00230,2025-08-18,social,P022,Active Mat 22,true,false
V009905,C00204,2025-04-13,organic_search,P027,Urban Bottle 27,true,false
V009906,C00949,2025-03-14,social,P007,Calm Cream 07,true,false
V009907,C00326,2025-07-01,paid_search,P029,Bright Organizer 29,false,false
V009908,C00985,2025-11-12,social,P002,Pure Band 02,false,false
V009909,C00260,2025-02-25,email,P016,Modern Serum 16,false,false
V009910,C00146,2025-02-05,direct,P002,Pure Band 02,false,false
V009911,C00874,2025-09-12,social,P020,Essential Bag 20,false,false
V009912,C00636,2025-09-19,paid_search,P007,Calm Cream 07,false,false
V009913,C00320,2025-02-01,organic_search,P022,Active Mat 22,true,false
V009914,C00826,2025-08-06,paid_search,P006,Active Mat 06,false,false
V009915,C00827,2025-11-03,organic_search,P027,Urban Bottle 27,false,false
V009916,C00643,2025-08-08,organic_search,P004,Essential Bag 04,false,false
V009917,C00862,2025-08-04,social,P028,Essential Bag 28,true,false
V009918,C00967,2025-11-13,paid_search,P010,Pure Band 10,true,false
V009919,C00163,2025-07-04,social,P011,Urban Bottle 11,false,true
V009920,C00084,2025-07-08,social,P005,Bright Organizer 05,false,false
V009921,C00285,2025-02-05,direct,P010,Pure Band 10,false,false
V009922,C00945,2025-10-22,social,P019,Urban Bottle 19,false,false
V009923,C00338,2025-10-23,email,P014,Active Mat 14,true,true
V009924,C00184,2025-12-17,organic_search,P009,Daily Lamp 09,true,false
V009925,C00747,2025-07-09,direct,P007,Calm Cream 07,false,false
V009926,C00406,2025-06-01,paid_search,P020,Essential Bag 20,false,false
V009927,C00655,2025-08-11,email,P020,Essential Bag 20,false,false
V009928,C00820,2025-04-29,paid_search,P019,Urban Bottle 19,false,false
V009929,C00122,2025-09-04,paid_search,P025,Daily Lamp 25,false,false
V009930,C00320,2025-09-18,social,P013,Bright Organizer 13,true,true
V009931,C00825,2025-12-25,social,P018,Pure Band 18,false,false
V009932,C00174,2025-07-13,organic_search,P005,Bright Organizer 05,false,false
V009933,C00793,2025-10-15,referral,P025,Daily Lamp 25,false,false
V009934,C00027,2025-07-18,paid_search,P005,Bright Organizer 05,false,false
V009935,C00757,2025-01-17,direct,P012,Essential Bag 12,false,false
V009936,C00733,2025-01-26,organic_search,P010,Pure Band 10,false,false
V009937,C00075,2025-08-06,email,P001,Daily Lamp 01,false,false
V009938,C00028,2025-09-18,organic_search,P028,Essential Bag 28,false,false
V009939,C00612,2025-06-30,paid_search,P004,Essential Bag 04,false,false
V009940,C00142,2025-03-20,organic_search,P006,Active Mat 06,false,false
V009941,C00824,2025-12-15,organic_search,P028,Essential Bag 28,true,true
V009942,C00483,2025-07-19,social,P007,Calm Cream 07,false,false
V009943,C00544,2025-02-15,social,P025,Daily Lamp 25,false,false
V009944,C00519,2025-12-15,social,P017,Daily Lamp 17,true,false
V009945,C00928,2025-01-08,paid_search,P016,Modern Serum 16,true,false
V009946,C00333,2025-08-29,direct,P010,Pure Band 10,false,false
V009947,C00908,2025-07-15,organic_search,P026,Pure Band 26,false,false
V009948,C00722,2025-07-11,direct,P025,Daily Lamp 25,true,false
V009949,C00630,2025-09-03,direct,P003,Urban Bottle 03,true,true
V009950,C00850,2025-01-25,direct,P017,Daily Lamp 17,false,true
V009951,C00101,2025-10-17,organic_search,P026,Pure Band 26,true,false
V009952,C00346,2025-11-15,social,P009,Daily Lamp 09,false,false
V009953,C00298,2025-08-02,organic_search,P020,Essential Bag 20,false,false
V009954,C00376,2025-05-09,referral,P027,Urban Bottle 27,false,false
V009955,C00591,2025-08-16,organic_search,P003,Urban Bottle 03,false,false
V009956,C00796,2025-05-29,referral,P010,Pure Band 10,false,false
V009957,C00583,2025-02-19,paid_search,P016,Modern Serum 16,false,true
V009958,C00025,2025-03-05,organic_search,P009,Daily Lamp 09,false,false
V009959,C00586,2025-03-28,direct,P002,Pure Band 02,true,true
V009960,C00503,2025-11-24,social,P010,Pure Band 10,false,false
V009961,C00645,2025-10-01,organic_search,P001,Daily Lamp 01,false,false
V009962,C00122,2025-06-21,paid_search,P012,Essential Bag 12,false,false
V009963,C00285,2025-02-12,organic_search,P016,Modern Serum 16,false,false
V009964,C00775,2025-11-24,email,P022,Active Mat 22,false,false
V009965,C00002,2025-02-13,paid_search,P005,Bright Organizer 05,false,false
V009966,C00186,2025-02-12,paid_search,P001,Daily Lamp 01,false,false
V009967,C00676,2025-02-14,organic_search,P005,Bright Organizer 05,false,false
V009968,C00921,2025-09-10,paid_search,P022,Active Mat 22,false,false
V009969,C00501,2025-08-01,social,P002,Pure Band 02,false,false
V009970,C00535,2025-07-13,social,P022,Active Mat 22,false,false
V009971,C00255,2025-01-10,paid_search,P001,Daily Lamp 01,true,false
V009972,C00290,2025-01-02,referral,P023,Calm Cream 23,false,false
V009973,C00744,2025-04-28,direct,P020,Essential Bag 20,false,false
V009974,C00817,2025-09-13,email,P007,Calm Cream 07,false,false
V009975,C00251,2025-12-27,organic_search,P012,Essential Bag 12,false,false
V009976,C00964,2025-12-22,direct,P019,Urban Bottle 19,false,false
V009977,C00810,2025-02-18,organic_search,P010,Pure Band 10,false,false
V009978,C00980,2025-01-10,paid_search,P003,Urban Bottle 03,false,false
V009979,C00340,2025-08-19,organic_search,P026,Pure Band 26,false,false
V009980,C00840,2025-05-29,social,P020,Essential Bag 20,false,false
V009981,C00055,2025-12-30,direct,P024,Modern Serum 24,false,false
V009982,C00375,2025-06-07,social,P027,Urban Bottle 27,true,false
V009983,C00224,2025-05-16,direct,P025,Daily Lamp 25,false,false
V009984,C00170,2025-04-02,organic_search,P029,Bright Organizer 29,false,false
V009985,C00301,2025-08-07,paid_search,P012,Essential Bag 12,false,true
V009986,C00974,2025-12-14,paid_search,P024,Modern Serum 24,false,false
V009987,C00894,2025-06-09,direct,P020,Essential Bag 20,false,false
V009988,C00336,2025-12-10,social,P019,Urban Bottle 19,false,false
V009989,C00554,2025-10-27,email,P026,Pure Band 26,false,false
V009990,C00905,2025-01-14,organic_search,P012,Essential Bag 12,false,false
V009991,C00392,2025-08-16,organic_search,P009,Daily Lamp 09,true,false
V009992,C00752,2025-05-07,referral,P010,Pure Band 10,true,false
V009993,C00708,2025-05-01,social,P005,Bright Organizer 05,false,false
V009994,C00582,2025-04-26,paid_search,P001,Daily Lamp 01,false,false
V009995,C00724,2025-12-06,social,P011,Urban Bottle 11,false,false
V009996,C00454,2025-10-02,organic_search,P027,Urban Bottle 27,false,false
V009997,C00655,2025-07-07,social,P018,Pure Band 18,false,false
V009998,C00293,2025-05-08,email,P023,Calm Cream 23,false,false
V009999,C00202,2025-05-24,social,P007,Calm Cream 07,false,false
V010000,C00715,2025-08-13,social,P013,Bright Organizer 13,false,false
